Fitter report for prubaleds
Thu Nov 27 14:28:28 2025
Quartus II 64-Bit Version 13.0.1 Build 232 06/12/2013 Service Pack 1 SJ Web Edition


---------------------
; Table of Contents ;
---------------------
  1. Legal Notice
  2. Fitter Summary
  3. Fitter Settings
  4. Parallel Compilation
  5. I/O Assignment Warnings
  6. Incremental Compilation Preservation Summary
  7. Incremental Compilation Partition Settings
  8. Incremental Compilation Placement Preservation
  9. Pin-Out File
 10. Fitter Resource Usage Summary
 11. Fitter Partition Statistics
 12. Input Pins
 13. Output Pins
 14. Dual Purpose and Dedicated Pins
 15. I/O Bank Usage
 16. All Package Pins
 17. PLL Summary
 18. PLL Usage
 19. Fitter Resource Utilization by Entity
 20. Delay Chain Summary
 21. Pad To Core Delay Chain Fanout
 22. Control Signals
 23. Global & Other Fast Signals
 24. Non-Global High Fan-Out Signals
 25. Other Routing Usage Summary
 26. LAB Logic Elements
 27. LAB-wide Signals
 28. LAB Signals Sourced
 29. LAB Signals Sourced Out
 30. LAB Distinct Inputs
 31. I/O Rules Summary
 32. I/O Rules Details
 33. I/O Rules Matrix
 34. Fitter Device Options
 35. Operating Settings and Conditions
 36. Estimated Delay Added for Hold Timing Summary
 37. Estimated Delay Added for Hold Timing Details
 38. Fitter Messages
 39. Fitter Suppressed Messages



----------------
; Legal Notice ;
----------------
Copyright (C) 1991-2013 Altera Corporation
Your use of Altera Corporation's design tools, logic functions 
and other software and tools, and its AMPP partner logic 
functions, and any output files from any of the foregoing 
(including device programming or simulation files), and any 
associated documentation or information are expressly subject 
to the terms and conditions of the Altera Program License 
Subscription Agreement, Altera MegaCore Function License 
Agreement, or other applicable license agreement, including, 
without limitation, that your use is for the sole purpose of 
programming logic devices manufactured by Altera and sold by 
Altera or its authorized distributors.  Please refer to the 
applicable agreement for further details.



+--------------------------------------------------------------------------------------+
; Fitter Summary                                                                       ;
+------------------------------------+-------------------------------------------------+
; Fitter Status                      ; Successful - Thu Nov 27 14:28:28 2025           ;
; Quartus II 64-Bit Version          ; 13.0.1 Build 232 06/12/2013 SP 1 SJ Web Edition ;
; Revision Name                      ; prubaleds                                       ;
; Top-level Entity Name              ; Block1                                          ;
; Family                             ; Cyclone IV E                                    ;
; Device                             ; EP4CE22F17C6                                    ;
; Timing Models                      ; Final                                           ;
; Total logic elements               ; 405 / 22,320 ( 2 % )                            ;
;     Total combinational functions  ; 56 / 22,320 ( < 1 % )                           ;
;     Dedicated logic registers      ; 403 / 22,320 ( 2 % )                            ;
; Total registers                    ; 403                                             ;
; Total pins                         ; 5 / 154 ( 3 % )                                 ;
; Total virtual pins                 ; 0                                               ;
; Total memory bits                  ; 0 / 608,256 ( 0 % )                             ;
; Embedded Multiplier 9-bit elements ; 0 / 132 ( 0 % )                                 ;
; Total PLLs                         ; 1 / 4 ( 25 % )                                  ;
+------------------------------------+-------------------------------------------------+


+------------------------------------------------------------------------------------------------------------------------------------------------------------+
; Fitter Settings                                                                                                                                            ;
+----------------------------------------------------------------------------+---------------------------------------+---------------------------------------+
; Option                                                                     ; Setting                               ; Default Value                         ;
+----------------------------------------------------------------------------+---------------------------------------+---------------------------------------+
; Device                                                                     ; EP4CE22F17C6                          ;                                       ;
; Minimum Core Junction Temperature                                          ; 0                                     ;                                       ;
; Maximum Core Junction Temperature                                          ; 85                                    ;                                       ;
; Fit Attempts to Skip                                                       ; 0                                     ; 0.0                                   ;
; Device I/O Standard                                                        ; 2.5 V                                 ;                                       ;
; Use smart compilation                                                      ; Off                                   ; Off                                   ;
; Enable parallel Assembler and TimeQuest Timing Analyzer during compilation ; On                                    ; On                                    ;
; Enable compact report table                                                ; Off                                   ; Off                                   ;
; Auto Merge PLLs                                                            ; On                                    ; On                                    ;
; Router Timing Optimization Level                                           ; Normal                                ; Normal                                ;
; Perform Clocking Topology Analysis During Routing                          ; Off                                   ; Off                                   ;
; Placement Effort Multiplier                                                ; 1.0                                   ; 1.0                                   ;
; Router Effort Multiplier                                                   ; 1.0                                   ; 1.0                                   ;
; Optimize Hold Timing                                                       ; All Paths                             ; All Paths                             ;
; Optimize Multi-Corner Timing                                               ; On                                    ; On                                    ;
; PowerPlay Power Optimization                                               ; Normal compilation                    ; Normal compilation                    ;
; SSN Optimization                                                           ; Off                                   ; Off                                   ;
; Optimize Timing                                                            ; Normal compilation                    ; Normal compilation                    ;
; Optimize Timing for ECOs                                                   ; Off                                   ; Off                                   ;
; Regenerate full fit report during ECO compiles                             ; Off                                   ; Off                                   ;
; Optimize IOC Register Placement for Timing                                 ; Normal                                ; Normal                                ;
; Limit to One Fitting Attempt                                               ; Off                                   ; Off                                   ;
; Final Placement Optimizations                                              ; Automatically                         ; Automatically                         ;
; Fitter Aggressive Routability Optimizations                                ; Automatically                         ; Automatically                         ;
; Fitter Initial Placement Seed                                              ; 1                                     ; 1                                     ;
; PCI I/O                                                                    ; Off                                   ; Off                                   ;
; Weak Pull-Up Resistor                                                      ; Off                                   ; Off                                   ;
; Enable Bus-Hold Circuitry                                                  ; Off                                   ; Off                                   ;
; Auto Packed Registers                                                      ; Auto                                  ; Auto                                  ;
; Auto Delay Chains                                                          ; On                                    ; On                                    ;
; Auto Delay Chains for High Fanout Input Pins                               ; Off                                   ; Off                                   ;
; Allow Single-ended Buffer for Differential-XSTL Input                      ; Off                                   ; Off                                   ;
; Treat Bidirectional Pin as Output Pin                                      ; Off                                   ; Off                                   ;
; Perform Physical Synthesis for Combinational Logic for Fitting             ; Off                                   ; Off                                   ;
; Perform Physical Synthesis for Combinational Logic for Performance         ; Off                                   ; Off                                   ;
; Perform Register Duplication for Performance                               ; Off                                   ; Off                                   ;
; Perform Logic to Memory Mapping for Fitting                                ; Off                                   ; Off                                   ;
; Perform Register Retiming for Performance                                  ; Off                                   ; Off                                   ;
; Perform Asynchronous Signal Pipelining                                     ; Off                                   ; Off                                   ;
; Fitter Effort                                                              ; Auto Fit                              ; Auto Fit                              ;
; Physical Synthesis Effort Level                                            ; Normal                                ; Normal                                ;
; Logic Cell Insertion - Logic Duplication                                   ; Auto                                  ; Auto                                  ;
; Auto Register Duplication                                                  ; Auto                                  ; Auto                                  ;
; Auto Global Clock                                                          ; On                                    ; On                                    ;
; Auto Global Register Control Signals                                       ; On                                    ; On                                    ;
; Reserve all unused pins                                                    ; As input tri-stated with weak pull-up ; As input tri-stated with weak pull-up ;
; Synchronizer Identification                                                ; Off                                   ; Off                                   ;
; Enable Beneficial Skew Optimization                                        ; On                                    ; On                                    ;
; Optimize Design for Metastability                                          ; On                                    ; On                                    ;
; Force Fitter to Avoid Periphery Placement Warnings                         ; Off                                   ; Off                                   ;
; Enable input tri-state on active configuration pins in user mode           ; Off                                   ; Off                                   ;
+----------------------------------------------------------------------------+---------------------------------------+---------------------------------------+


Parallel compilation was disabled, but you have multiple processors available. Enable parallel compilation to reduce compilation time.
+-------------------------------------+
; Parallel Compilation                ;
+----------------------------+--------+
; Processors                 ; Number ;
+----------------------------+--------+
; Number detected on machine ; 2      ;
; Maximum allowed            ; 1      ;
+----------------------------+--------+


+--------------------------------------------------+
; I/O Assignment Warnings                          ;
+-----------+--------------------------------------+
; Pin Name  ; Reason                               ;
+-----------+--------------------------------------+
; locked    ; Missing drive strength and slew rate ;
; Y         ; Missing drive strength and slew rate ;
; pin_name1 ; Missing drive strength and slew rate ;
+-----------+--------------------------------------+


+----------------------------------------------+
; Incremental Compilation Preservation Summary ;
+---------------------+------------------------+
; Type                ; Value                  ;
+---------------------+------------------------+
; Placement (by node) ;                        ;
;     -- Requested    ; 0 / 483 ( 0.00 % )     ;
;     -- Achieved     ; 0 / 483 ( 0.00 % )     ;
;                     ;                        ;
; Routing (by net)    ;                        ;
;     -- Requested    ; 0 / 0 ( 0.00 % )       ;
;     -- Achieved     ; 0 / 0 ( 0.00 % )       ;
+---------------------+------------------------+


+----------------------------------------------------------------------------------------------------------------------------------------------------------------------------------------+
; Incremental Compilation Partition Settings                                                                                                                                             ;
+--------------------------------+----------------+-------------------+-------------------------+------------------------+------------------------------+--------------------------------+
; Partition Name                 ; Partition Type ; Netlist Type Used ; Preservation Level Used ; Netlist Type Requested ; Preservation Level Requested ; Contents                       ;
+--------------------------------+----------------+-------------------+-------------------------+------------------------+------------------------------+--------------------------------+
; Top                            ; User-created   ; Source File       ; N/A                     ; Source File            ; N/A                          ;                                ;
; hard_block:auto_generated_inst ; Auto-generated ; Source File       ; N/A                     ; Source File            ; N/A                          ; hard_block:auto_generated_inst ;
+--------------------------------+----------------+-------------------+-------------------------+------------------------+------------------------------+--------------------------------+


+------------------------------------------------------------------------------------------------------------+
; Incremental Compilation Placement Preservation                                                             ;
+--------------------------------+---------+-------------------+-------------------------+-------------------+
; Partition Name                 ; # Nodes ; # Preserved Nodes ; Preservation Level Used ; Netlist Type Used ;
+--------------------------------+---------+-------------------+-------------------------+-------------------+
; Top                            ; 469     ; 0                 ; N/A                     ; Source File       ;
; hard_block:auto_generated_inst ; 14      ; 0                 ; N/A                     ; Source File       ;
+--------------------------------+---------+-------------------+-------------------------+-------------------+


+--------------+
; Pin-Out File ;
+--------------+
The pin-out file can be found in C:/Users/iniak/Desktop/ipl/lab_2_leds/output_files/prubaleds.pin.


+--------------------------------------------------------------------+
; Fitter Resource Usage Summary                                      ;
+---------------------------------------------+----------------------+
; Resource                                    ; Usage                ;
+---------------------------------------------+----------------------+
; Total logic elements                        ; 405 / 22,320 ( 2 % ) ;
;     -- Combinational with no register       ; 2                    ;
;     -- Register only                        ; 349                  ;
;     -- Combinational with a register        ; 54                   ;
;                                             ;                      ;
; Logic element usage by number of LUT inputs ;                      ;
;     -- 4 input functions                    ; 17                   ;
;     -- 3 input functions                    ; 5                    ;
;     -- <=2 input functions                  ; 34                   ;
;     -- Register only                        ; 349                  ;
;                                             ;                      ;
; Logic elements by mode                      ;                      ;
;     -- normal mode                          ; 48                   ;
;     -- arithmetic mode                      ; 8                    ;
;                                             ;                      ;
; Total registers*                            ; 403 / 23,018 ( 2 % ) ;
;     -- Dedicated logic registers            ; 403 / 22,320 ( 2 % ) ;
;     -- I/O registers                        ; 0 / 698 ( 0 % )      ;
;                                             ;                      ;
; Total LABs:  partially or completely used   ; 39 / 1,395 ( 3 % )   ;
; Virtual pins                                ; 0                    ;
; I/O pins                                    ; 5 / 154 ( 3 % )      ;
;     -- Clock pins                           ; 1 / 7 ( 14 % )       ;
;     -- Dedicated input pins                 ; 0 / 9 ( 0 % )        ;
;                                             ;                      ;
; Global signals                              ; 4                    ;
; M9Ks                                        ; 0 / 66 ( 0 % )       ;
; Total block memory bits                     ; 0 / 608,256 ( 0 % )  ;
; Total block memory implementation bits      ; 0 / 608,256 ( 0 % )  ;
; Embedded Multiplier 9-bit elements          ; 0 / 132 ( 0 % )      ;
; PLLs                                        ; 1 / 4 ( 25 % )       ;
; Global clocks                               ; 4 / 20 ( 20 % )      ;
; JTAGs                                       ; 0 / 1 ( 0 % )        ;
; CRC blocks                                  ; 0 / 1 ( 0 % )        ;
; ASMI blocks                                 ; 0 / 1 ( 0 % )        ;
; Impedance control blocks                    ; 0 / 4 ( 0 % )        ;
; Average interconnect usage (total/H/V)      ; 0% / 0% / 0%         ;
; Peak interconnect usage (total/H/V)         ; 0% / 0% / 0%         ;
; Maximum fan-out                             ; 398                  ;
; Highest non-global fan-out                  ; 15                   ;
; Total fan-out                               ; 1629                 ;
; Average fan-out                             ; 2.21                 ;
+---------------------------------------------+----------------------+
*  Register count does not include registers inside RAM blocks or DSP blocks.



+----------------------------------------------------------------------------------------------------+
; Fitter Partition Statistics                                                                        ;
+---------------------------------------------+---------------------+--------------------------------+
; Statistic                                   ; Top                 ; hard_block:auto_generated_inst ;
+---------------------------------------------+---------------------+--------------------------------+
; Difficulty Clustering Region                ; Low                 ; Low                            ;
;                                             ;                     ;                                ;
; Total logic elements                        ; 405 / 22320 ( 2 % ) ; 0 / 22320 ( 0 % )              ;
;     -- Combinational with no register       ; 2                   ; 0                              ;
;     -- Register only                        ; 349                 ; 0                              ;
;     -- Combinational with a register        ; 54                  ; 0                              ;
;                                             ;                     ;                                ;
; Logic element usage by number of LUT inputs ;                     ;                                ;
;     -- 4 input functions                    ; 17                  ; 0                              ;
;     -- 3 input functions                    ; 5                   ; 0                              ;
;     -- <=2 input functions                  ; 34                  ; 0                              ;
;     -- Register only                        ; 349                 ; 0                              ;
;                                             ;                     ;                                ;
; Logic elements by mode                      ;                     ;                                ;
;     -- normal mode                          ; 48                  ; 0                              ;
;     -- arithmetic mode                      ; 8                   ; 0                              ;
;                                             ;                     ;                                ;
; Total registers                             ; 403                 ; 0                              ;
;     -- Dedicated logic registers            ; 403 / 22320 ( 2 % ) ; 0 / 22320 ( 0 % )              ;
;                                             ;                     ;                                ;
; Total LABs:  partially or completely used   ; 39 / 1395 ( 3 % )   ; 0 / 1395 ( 0 % )               ;
;                                             ;                     ;                                ;
; Virtual pins                                ; 0                   ; 0                              ;
; I/O pins                                    ; 5                   ; 0                              ;
; Embedded Multiplier 9-bit elements          ; 0 / 132 ( 0 % )     ; 0 / 132 ( 0 % )                ;
; Total memory bits                           ; 0                   ; 0                              ;
; Total RAM block bits                        ; 0                   ; 0                              ;
; PLL                                         ; 0 / 4 ( 0 % )       ; 1 / 4 ( 25 % )                 ;
; Clock control block                         ; 1 / 24 ( 4 % )      ; 3 / 24 ( 12 % )                ;
;                                             ;                     ;                                ;
; Connections                                 ;                     ;                                ;
;     -- Input Connections                    ; 420                 ; 1                              ;
;     -- Registered Input Connections         ; 413                 ; 0                              ;
;     -- Output Connections                   ; 1                   ; 420                            ;
;     -- Registered Output Connections        ; 0                   ; 0                              ;
;                                             ;                     ;                                ;
; Internal Connections                        ;                     ;                                ;
;     -- Total Connections                    ; 1620                ; 430                            ;
;     -- Registered Connections               ; 859                 ; 0                              ;
;                                             ;                     ;                                ;
; External Connections                        ;                     ;                                ;
;     -- Top                                  ; 0                   ; 421                            ;
;     -- hard_block:auto_generated_inst       ; 421                 ; 0                              ;
;                                             ;                     ;                                ;
; Partition Interface                         ;                     ;                                ;
;     -- Input Ports                          ; 2                   ; 1                              ;
;     -- Output Ports                         ; 3                   ; 4                              ;
;     -- Bidir Ports                          ; 0                   ; 0                              ;
;                                             ;                     ;                                ;
; Registered Ports                            ;                     ;                                ;
;     -- Registered Input Ports               ; 0                   ; 0                              ;
;     -- Registered Output Ports              ; 0                   ; 0                              ;
;                                             ;                     ;                                ;
; Port Connectivity                           ;                     ;                                ;
;     -- Input Ports driven by GND            ; 0                   ; 0                              ;
;     -- Output Ports driven by GND           ; 0                   ; 0                              ;
;     -- Input Ports driven by VCC            ; 0                   ; 0                              ;
;     -- Output Ports driven by VCC           ; 0                   ; 0                              ;
;     -- Input Ports with no Source           ; 0                   ; 0                              ;
;     -- Output Ports with no Source          ; 0                   ; 0                              ;
;     -- Input Ports with no Fanout           ; 0                   ; 0                              ;
;     -- Output Ports with no Fanout          ; 0                   ; 0                              ;
+---------------------------------------------+---------------------+--------------------------------+


+-----------------------------------------------------------------------------------------------------------------------------------------------------------------------------------------------------------------------------------------------------------------------------+
; Input Pins                                                                                                                                                                                                                                                                  ;
+--------+-------+----------+--------------+--------------+--------------+-----------------------+--------------------+--------+----------------+---------------+-----------------+----------+--------------+--------------+---------------------------+----------------------+
; Name   ; Pin # ; I/O Bank ; X coordinate ; Y coordinate ; Z coordinate ; Combinational Fan-Out ; Registered Fan-Out ; Global ; Input Register ; Power Up High ; PCI I/O Enabled ; Bus Hold ; Weak Pull Up ; I/O Standard ; Termination Control Block ; Location assigned by ;
+--------+-------+----------+--------------+--------------+--------------+-----------------------+--------------------+--------+----------------+---------------+-----------------+----------+--------------+--------------+---------------------------+----------------------+
; inclk0 ; R8    ; 3        ; 27           ; 0            ; 21           ; 1                     ; 0                  ; no     ; no             ; no            ; yes             ; no       ; Off          ; 2.5 V        ; --                        ; User                 ;
; load   ; J15   ; 5        ; 53           ; 14           ; 0            ; 0                     ; 0                  ; no     ; no             ; no            ; yes             ; no       ; Off          ; 2.5 V        ; --                        ; User                 ;
+--------+-------+----------+--------------+--------------+--------------+-----------------------+--------------------+--------+----------------+---------------+-----------------+----------+--------------+--------------+---------------------------+----------------------+


+------------------------------------------------------------------------------------------------------------------------------------------------------------------------------------------------------------------------------------------------------------------------------------------------------------------------------------------------------------------------------------------------------------------------------------------------------------+
; Output Pins                                                                                                                                                                                                                                                                                                                                                                                                                                                ;
+-----------+-------+----------+--------------+--------------+--------------+-----------------+------------------------+---------------+-----------+-----------------+------------+---------------+----------+--------------+--------------+------------------+-----------------------------------+---------------------------+----------------------------+-----------------------------+----------------------+----------------------+---------------------+
; Name      ; Pin # ; I/O Bank ; X coordinate ; Y coordinate ; Z coordinate ; Output Register ; Output Enable Register ; Power Up High ; Slew Rate ; PCI I/O Enabled ; Open Drain ; TRI Primitive ; Bus Hold ; Weak Pull Up ; I/O Standard ; Current Strength ; Termination                       ; Termination Control Block ; Output Buffer Pre-emphasis ; Voltage Output Differential ; Location assigned by ; Output Enable Source ; Output Enable Group ;
+-----------+-------+----------+--------------+--------------+--------------+-----------------+------------------------+---------------+-----------+-----------------+------------+---------------+----------+--------------+--------------+------------------+-----------------------------------+---------------------------+----------------------------+-----------------------------+----------------------+----------------------+---------------------+
; Y         ; D3    ; 8        ; 1            ; 34           ; 7            ; no              ; no                     ; no            ; 2         ; no              ; no         ; no            ; no       ; Off          ; 2.5 V        ; Default          ; Series 50 Ohm without Calibration ; --                        ; no                         ; no                          ; User                 ; -                    ; -                   ;
; locked    ; D1    ; 1        ; 0            ; 25           ; 7            ; no              ; no                     ; no            ; 2         ; no              ; no         ; no            ; no       ; Off          ; 2.5 V        ; Default          ; Series 50 Ohm without Calibration ; --                        ; no                         ; no                          ; User                 ; -                    ; -                   ;
; pin_name1 ; B1    ; 1        ; 0            ; 28           ; 7            ; no              ; no                     ; no            ; 2         ; no              ; no         ; no            ; no       ; Off          ; 2.5 V        ; Default          ; Series 50 Ohm without Calibration ; --                        ; no                         ; no                          ; User                 ; -                    ; -                   ;
+-----------+-------+----------+--------------+--------------+--------------+-----------------+------------------------+---------------+-----------+-----------------+------------+---------------+----------+--------------+--------------+------------------+-----------------------------------+---------------------------+----------------------------+-----------------------------+----------------------+----------------------+---------------------+


+-------------------------------------------------------------------------------------------------------------------------+
; Dual Purpose and Dedicated Pins                                                                                         ;
+----------+-----------------------------+--------------------------+-------------------------+---------------------------+
; Location ; Pin Name                    ; Reserved As              ; User Signal Name        ; Pin Type                  ;
+----------+-----------------------------+--------------------------+-------------------------+---------------------------+
; C1       ; DIFFIO_L3n, DATA1, ASDO     ; As input tri-stated      ; ~ALTERA_ASDO_DATA1~     ; Dual Purpose Pin          ;
; D2       ; DIFFIO_L4p, FLASH_nCE, nCSO ; As input tri-stated      ; ~ALTERA_FLASH_nCE_nCSO~ ; Dual Purpose Pin          ;
; F4       ; nSTATUS                     ; -                        ; -                       ; Dedicated Programming Pin ;
; H1       ; DCLK                        ; As output driving ground ; ~ALTERA_DCLK~           ; Dual Purpose Pin          ;
; H2       ; DATA0                       ; As input tri-stated      ; ~ALTERA_DATA0~          ; Dual Purpose Pin          ;
; H5       ; nCONFIG                     ; -                        ; -                       ; Dedicated Programming Pin ;
; J3       ; nCE                         ; -                        ; -                       ; Dedicated Programming Pin ;
; J15      ; DIFFIO_R9p, DEV_CLRn        ; Use as regular IO        ; load                    ; Dual Purpose Pin          ;
; H14      ; CONF_DONE                   ; -                        ; -                       ; Dedicated Programming Pin ;
; H13      ; MSEL0                       ; -                        ; -                       ; Dedicated Programming Pin ;
; H12      ; MSEL1                       ; -                        ; -                       ; Dedicated Programming Pin ;
; G12      ; MSEL2                       ; -                        ; -                       ; Dedicated Programming Pin ;
; G12      ; MSEL3                       ; -                        ; -                       ; Dedicated Programming Pin ;
; F16      ; DIFFIO_R4n, nCEO            ; Use as programming pin   ; ~ALTERA_nCEO~           ; Dual Purpose Pin          ;
+----------+-----------------------------+--------------------------+-------------------------+---------------------------+


+-----------------------------------------------------------+
; I/O Bank Usage                                            ;
+----------+-----------------+---------------+--------------+
; I/O Bank ; Usage           ; VCCIO Voltage ; VREF Voltage ;
+----------+-----------------+---------------+--------------+
; 1        ; 6 / 14 ( 43 % ) ; 2.5V          ; --           ;
; 2        ; 0 / 16 ( 0 % )  ; 2.5V          ; --           ;
; 3        ; 1 / 25 ( 4 % )  ; 2.5V          ; --           ;
; 4        ; 0 / 20 ( 0 % )  ; 2.5V          ; --           ;
; 5        ; 1 / 18 ( 6 % )  ; 2.5V          ; --           ;
; 6        ; 1 / 13 ( 8 % )  ; 2.5V          ; --           ;
; 7        ; 0 / 24 ( 0 % )  ; 2.5V          ; --           ;
; 8        ; 1 / 24 ( 4 % )  ; 2.5V          ; --           ;
+----------+-----------------+---------------+--------------+


+-----------------------------------------------------------------------------------------------------------------------------------------------------------------------------------------+
; All Package Pins                                                                                                                                                                        ;
+----------+------------+----------+-----------------------------------------------------------+--------+--------------+---------+------------+-----------------+----------+--------------+
; Location ; Pad Number ; I/O Bank ; Pin Name/Usage                                            ; Dir.   ; I/O Standard ; Voltage ; I/O Type   ; User Assignment ; Bus Hold ; Weak Pull Up ;
+----------+------------+----------+-----------------------------------------------------------+--------+--------------+---------+------------+-----------------+----------+--------------+
; A1       ;            ; 8        ; VCCIO8                                                    ; power  ;              ; 2.5V    ; --         ;                 ; --       ; --           ;
; A2       ; 238        ; 8        ; RESERVED_INPUT_WITH_WEAK_PULLUP                           ;        ;              ;         ; Column I/O ;                 ; no       ; On           ;
; A3       ; 239        ; 8        ; RESERVED_INPUT_WITH_WEAK_PULLUP                           ;        ;              ;         ; Column I/O ;                 ; no       ; On           ;
; A4       ; 236        ; 8        ; RESERVED_INPUT_WITH_WEAK_PULLUP                           ;        ;              ;         ; Column I/O ;                 ; no       ; On           ;
; A5       ; 232        ; 8        ; RESERVED_INPUT_WITH_WEAK_PULLUP                           ;        ;              ;         ; Column I/O ;                 ; no       ; On           ;
; A6       ; 225        ; 8        ; RESERVED_INPUT_WITH_WEAK_PULLUP                           ;        ;              ;         ; Column I/O ;                 ; no       ; On           ;
; A7       ; 220        ; 8        ; RESERVED_INPUT_WITH_WEAK_PULLUP                           ;        ;              ;         ; Column I/O ;                 ; no       ; On           ;
; A8       ; 211        ; 8        ; GND+                                                      ;        ;              ;         ; Column I/O ;                 ; --       ; --           ;
; A9       ; 209        ; 7        ; GND+                                                      ;        ;              ;         ; Column I/O ;                 ; --       ; --           ;
; A10      ; 198        ; 7        ; RESERVED_INPUT_WITH_WEAK_PULLUP                           ;        ;              ;         ; Column I/O ;                 ; no       ; On           ;
; A11      ; 188        ; 7        ; RESERVED_INPUT_WITH_WEAK_PULLUP                           ;        ;              ;         ; Column I/O ;                 ; no       ; On           ;
; A12      ; 186        ; 7        ; RESERVED_INPUT_WITH_WEAK_PULLUP                           ;        ;              ;         ; Column I/O ;                 ; no       ; On           ;
; A13      ; 179        ; 7        ; RESERVED_INPUT_WITH_WEAK_PULLUP                           ;        ;              ;         ; Column I/O ;                 ; no       ; On           ;
; A14      ; 181        ; 7        ; RESERVED_INPUT_WITH_WEAK_PULLUP                           ;        ;              ;         ; Column I/O ;                 ; no       ; On           ;
; A15      ; 191        ; 7        ; RESERVED_INPUT_WITH_WEAK_PULLUP                           ;        ;              ;         ; Column I/O ;                 ; no       ; On           ;
; A16      ;            ; 7        ; VCCIO7                                                    ; power  ;              ; 2.5V    ; --         ;                 ; --       ; --           ;
; B1       ; 5          ; 1        ; pin_name1                                                 ; output ; 2.5 V        ;         ; Row I/O    ; Y               ; no       ; Off          ;
; B2       ;            ;          ; GND                                                       ; gnd    ;              ;         ; --         ;                 ; --       ; --           ;
; B3       ; 242        ; 8        ; RESERVED_INPUT_WITH_WEAK_PULLUP                           ;        ;              ;         ; Column I/O ;                 ; no       ; On           ;
; B4       ; 237        ; 8        ; RESERVED_INPUT_WITH_WEAK_PULLUP                           ;        ;              ;         ; Column I/O ;                 ; no       ; On           ;
; B5       ; 233        ; 8        ; RESERVED_INPUT_WITH_WEAK_PULLUP                           ;        ;              ;         ; Column I/O ;                 ; no       ; On           ;
; B6       ; 226        ; 8        ; RESERVED_INPUT_WITH_WEAK_PULLUP                           ;        ;              ;         ; Column I/O ;                 ; no       ; On           ;
; B7       ; 221        ; 8        ; RESERVED_INPUT_WITH_WEAK_PULLUP                           ;        ;              ;         ; Column I/O ;                 ; no       ; On           ;
; B8       ; 212        ; 8        ; GND+                                                      ;        ;              ;         ; Column I/O ;                 ; --       ; --           ;
; B9       ; 210        ; 7        ; GND+                                                      ;        ;              ;         ; Column I/O ;                 ; --       ; --           ;
; B10      ; 199        ; 7        ; RESERVED_INPUT_WITH_WEAK_PULLUP                           ;        ;              ;         ; Column I/O ;                 ; no       ; On           ;
; B11      ; 189        ; 7        ; RESERVED_INPUT_WITH_WEAK_PULLUP                           ;        ;              ;         ; Column I/O ;                 ; no       ; On           ;
; B12      ; 187        ; 7        ; RESERVED_INPUT_WITH_WEAK_PULLUP                           ;        ;              ;         ; Column I/O ;                 ; no       ; On           ;
; B13      ; 180        ; 7        ; RESERVED_INPUT_WITH_WEAK_PULLUP                           ;        ;              ;         ; Column I/O ;                 ; no       ; On           ;
; B14      ; 182        ; 7        ; RESERVED_INPUT_WITH_WEAK_PULLUP                           ;        ;              ;         ; Column I/O ;                 ; no       ; On           ;
; B15      ;            ;          ; GND                                                       ; gnd    ;              ;         ; --         ;                 ; --       ; --           ;
; B16      ; 164        ; 6        ; RESERVED_INPUT_WITH_WEAK_PULLUP                           ;        ;              ;         ; Row I/O    ;                 ; no       ; On           ;
; C1       ; 7          ; 1        ; ~ALTERA_ASDO_DATA1~ / RESERVED_INPUT_WITH_WEAK_PULLUP     ; input  ; 2.5 V        ;         ; Row I/O    ; N               ; no       ; On           ;
; C2       ; 6          ; 1        ; RESERVED_INPUT_WITH_WEAK_PULLUP                           ;        ;              ;         ; Row I/O    ;                 ; no       ; On           ;
; C3       ; 245        ; 8        ; RESERVED_INPUT_WITH_WEAK_PULLUP                           ;        ;              ;         ; Column I/O ;                 ; no       ; On           ;
; C4       ;            ; 8        ; VCCIO8                                                    ; power  ;              ; 2.5V    ; --         ;                 ; --       ; --           ;
; C5       ;            ;          ; GND                                                       ; gnd    ;              ;         ; --         ;                 ; --       ; --           ;
; C6       ; 224        ; 8        ; RESERVED_INPUT_WITH_WEAK_PULLUP                           ;        ;              ;         ; Column I/O ;                 ; --       ; --           ;
; C7       ;            ; 8        ; VCCIO8                                                    ; power  ;              ; 2.5V    ; --         ;                 ; --       ; --           ;
; C8       ; 215        ; 8        ; RESERVED_INPUT_WITH_WEAK_PULLUP                           ;        ;              ;         ; Column I/O ;                 ; no       ; On           ;
; C9       ; 200        ; 7        ; RESERVED_INPUT_WITH_WEAK_PULLUP                           ;        ;              ;         ; Column I/O ;                 ; no       ; On           ;
; C10      ;            ; 7        ; VCCIO7                                                    ; power  ;              ; 2.5V    ; --         ;                 ; --       ; --           ;
; C11      ; 190        ; 7        ; RESERVED_INPUT_WITH_WEAK_PULLUP                           ;        ;              ;         ; Column I/O ;                 ; --       ; --           ;
; C12      ;            ;          ; GND                                                       ; gnd    ;              ;         ; --         ;                 ; --       ; --           ;
; C13      ;            ; 7        ; VCCIO7                                                    ; power  ;              ; 2.5V    ; --         ;                 ; --       ; --           ;
; C14      ; 175        ; 7        ; RESERVED_INPUT_WITH_WEAK_PULLUP                           ;        ;              ;         ; Column I/O ;                 ; no       ; On           ;
; C15      ; 174        ; 6        ; RESERVED_INPUT_WITH_WEAK_PULLUP                           ;        ;              ;         ; Row I/O    ;                 ; no       ; On           ;
; C16      ; 173        ; 6        ; RESERVED_INPUT_WITH_WEAK_PULLUP                           ;        ;              ;         ; Row I/O    ;                 ; no       ; On           ;
; D1       ; 10         ; 1        ; locked                                                    ; output ; 2.5 V        ;         ; Row I/O    ; Y               ; no       ; Off          ;
; D2       ; 9          ; 1        ; ~ALTERA_FLASH_nCE_nCSO~ / RESERVED_INPUT_WITH_WEAK_PULLUP ; input  ; 2.5 V        ;         ; Row I/O    ; N               ; no       ; On           ;
; D3       ; 246        ; 8        ; Y                                                         ; output ; 2.5 V        ;         ; Column I/O ; Y               ; no       ; Off          ;
; D4       ;            ;          ; VCCD_PLL3                                                 ; power  ;              ; 1.2V    ; --         ;                 ; --       ; --           ;
; D5       ; 241        ; 8        ; RESERVED_INPUT_WITH_WEAK_PULLUP                           ;        ;              ;         ; Column I/O ;                 ; no       ; On           ;
; D6       ; 234        ; 8        ; RESERVED_INPUT_WITH_WEAK_PULLUP                           ;        ;              ;         ; Column I/O ;                 ; no       ; On           ;
; D7       ;            ;          ; GND                                                       ; gnd    ;              ;         ; --         ;                 ; --       ; --           ;
; D8       ; 216        ; 8        ; RESERVED_INPUT_WITH_WEAK_PULLUP                           ;        ;              ;         ; Column I/O ;                 ; no       ; On           ;
; D9       ; 201        ; 7        ; RESERVED_INPUT_WITH_WEAK_PULLUP                           ;        ;              ;         ; Column I/O ;                 ; no       ; On           ;
; D10      ;            ;          ; GND                                                       ; gnd    ;              ;         ; --         ;                 ; --       ; --           ;
; D11      ; 177        ; 7        ; RESERVED_INPUT_WITH_WEAK_PULLUP                           ;        ;              ;         ; Column I/O ;                 ; no       ; On           ;
; D12      ; 178        ; 7        ; RESERVED_INPUT_WITH_WEAK_PULLUP                           ;        ;              ;         ; Column I/O ;                 ; no       ; On           ;
; D13      ;            ;          ; VCCD_PLL2                                                 ; power  ;              ; 1.2V    ; --         ;                 ; --       ; --           ;
; D14      ; 176        ; 7        ; RESERVED_INPUT_WITH_WEAK_PULLUP                           ;        ;              ;         ; Column I/O ;                 ; no       ; On           ;
; D15      ; 170        ; 6        ; RESERVED_INPUT_WITH_WEAK_PULLUP                           ;        ;              ;         ; Row I/O    ;                 ; no       ; On           ;
; D16      ; 169        ; 6        ; RESERVED_INPUT_WITH_WEAK_PULLUP                           ;        ;              ;         ; Row I/O    ;                 ; no       ; On           ;
; E1       ; 26         ; 1        ; GND+                                                      ;        ;              ;         ; Row I/O    ;                 ; --       ; --           ;
; E2       ;            ;          ; GND                                                       ; gnd    ;              ;         ; --         ;                 ; --       ; --           ;
; E3       ;            ; 1        ; VCCIO1                                                    ; power  ;              ; 2.5V    ; --         ;                 ; --       ; --           ;
; E4       ;            ;          ; GND                                                       ; gnd    ;              ;         ; --         ;                 ; --       ; --           ;
; E5       ;            ;          ; GNDA3                                                     ; gnd    ;              ;         ; --         ;                 ; --       ; --           ;
; E6       ; 231        ; 8        ; RESERVED_INPUT_WITH_WEAK_PULLUP                           ;        ;              ;         ; Column I/O ;                 ; no       ; On           ;
; E7       ; 227        ; 8        ; RESERVED_INPUT_WITH_WEAK_PULLUP                           ;        ;              ;         ; Column I/O ;                 ; no       ; On           ;
; E8       ; 218        ; 8        ; RESERVED_INPUT_WITH_WEAK_PULLUP                           ;        ;              ;         ; Column I/O ;                 ; no       ; On           ;
; E9       ; 205        ; 7        ; RESERVED_INPUT_WITH_WEAK_PULLUP                           ;        ;              ;         ; Column I/O ;                 ; no       ; On           ;
; E10      ; 184        ; 7        ; RESERVED_INPUT_WITH_WEAK_PULLUP                           ;        ;              ;         ; Column I/O ;                 ; no       ; On           ;
; E11      ; 183        ; 7        ; RESERVED_INPUT_WITH_WEAK_PULLUP                           ;        ;              ;         ; Column I/O ;                 ; no       ; On           ;
; E12      ;            ;          ; GNDA2                                                     ; gnd    ;              ;         ; --         ;                 ; --       ; --           ;
; E13      ;            ;          ; GND                                                       ; gnd    ;              ;         ; --         ;                 ; --       ; --           ;
; E14      ;            ; 6        ; VCCIO6                                                    ; power  ;              ; 2.5V    ; --         ;                 ; --       ; --           ;
; E15      ; 151        ; 6        ; GND+                                                      ;        ;              ;         ; Row I/O    ;                 ; --       ; --           ;
; E16      ; 150        ; 6        ; GND+                                                      ;        ;              ;         ; Row I/O    ;                 ; --       ; --           ;
; F1       ; 14         ; 1        ; RESERVED_INPUT_WITH_WEAK_PULLUP                           ;        ;              ;         ; Row I/O    ;                 ; no       ; On           ;
; F2       ; 13         ; 1        ; RESERVED_INPUT_WITH_WEAK_PULLUP                           ;        ;              ;         ; Row I/O    ;                 ; no       ; On           ;
; F3       ; 8          ; 1        ; RESERVED_INPUT_WITH_WEAK_PULLUP                           ;        ;              ;         ; Row I/O    ;                 ; --       ; --           ;
; F4       ; 11         ; 1        ; ^nSTATUS                                                  ;        ;              ;         ; --         ;                 ; --       ; --           ;
; F5       ;            ; --       ; VCCA3                                                     ; power  ;              ; 2.5V    ; --         ;                 ; --       ; --           ;
; F6       ;            ;          ; GND                                                       ; gnd    ;              ;         ; --         ;                 ; --       ; --           ;
; F7       ;            ;          ; VCCINT                                                    ; power  ;              ; 1.2V    ; --         ;                 ; --       ; --           ;
; F8       ; 219        ; 8        ; RESERVED_INPUT_WITH_WEAK_PULLUP                           ;        ;              ;         ; Column I/O ;                 ; no       ; On           ;
; F9       ; 197        ; 7        ; RESERVED_INPUT_WITH_WEAK_PULLUP                           ;        ;              ;         ; Column I/O ;                 ; no       ; On           ;
; F10      ;            ;          ; GND                                                       ; gnd    ;              ;         ; --         ;                 ; --       ; --           ;
; F11      ;            ;          ; VCCINT                                                    ; power  ;              ; 1.2V    ; --         ;                 ; --       ; --           ;
; F12      ;            ; --       ; VCCA2                                                     ; power  ;              ; 2.5V    ; --         ;                 ; --       ; --           ;
; F13      ; 161        ; 6        ; RESERVED_INPUT_WITH_WEAK_PULLUP                           ;        ;              ;         ; Row I/O    ;                 ; no       ; On           ;
; F14      ; 167        ; 6        ; RESERVED_INPUT_WITH_WEAK_PULLUP                           ;        ;              ;         ; Row I/O    ;                 ; --       ; --           ;
; F15      ; 163        ; 6        ; RESERVED_INPUT_WITH_WEAK_PULLUP                           ;        ;              ;         ; Row I/O    ;                 ; no       ; On           ;
; F16      ; 162        ; 6        ; ~ALTERA_nCEO~ / RESERVED_OUTPUT_OPEN_DRAIN                ; output ; 2.5 V        ;         ; Row I/O    ; N               ; no       ; Off          ;
; G1       ; 16         ; 1        ; RESERVED_INPUT_WITH_WEAK_PULLUP                           ;        ;              ;         ; Row I/O    ;                 ; no       ; On           ;
; G2       ; 15         ; 1        ; RESERVED_INPUT_WITH_WEAK_PULLUP                           ;        ;              ;         ; Row I/O    ;                 ; no       ; On           ;
; G3       ;            ; 1        ; VCCIO1                                                    ; power  ;              ; 2.5V    ; --         ;                 ; --       ; --           ;
; G4       ;            ;          ; GND                                                       ; gnd    ;              ;         ; --         ;                 ; --       ; --           ;
; G5       ; 12         ; 1        ; RESERVED_INPUT_WITH_WEAK_PULLUP                           ;        ;              ;         ; Row I/O    ;                 ; no       ; On           ;
; G6       ;            ;          ; VCCINT                                                    ; power  ;              ; 1.2V    ; --         ;                 ; --       ; --           ;
; G7       ;            ;          ; VCCINT                                                    ; power  ;              ; 1.2V    ; --         ;                 ; --       ; --           ;
; G8       ;            ;          ; VCCINT                                                    ; power  ;              ; 1.2V    ; --         ;                 ; --       ; --           ;
; G9       ;            ;          ; VCCINT                                                    ; power  ;              ; 1.2V    ; --         ;                 ; --       ; --           ;
; G10      ;            ;          ; VCCINT                                                    ; power  ;              ; 1.2V    ; --         ;                 ; --       ; --           ;
; G11      ;            ;          ; GND                                                       ; gnd    ;              ;         ; --         ;                 ; --       ; --           ;
; G12      ; 155        ; 6        ; ^MSEL2                                                    ;        ;              ;         ; --         ;                 ; --       ; --           ;
; G12      ; 156        ; 6        ; ^MSEL3                                                    ;        ;              ;         ; --         ;                 ; --       ; --           ;
; G13      ;            ;          ; GND                                                       ; gnd    ;              ;         ; --         ;                 ; --       ; --           ;
; G14      ;            ; 6        ; VCCIO6                                                    ; power  ;              ; 2.5V    ; --         ;                 ; --       ; --           ;
; G15      ; 160        ; 6        ; RESERVED_INPUT_WITH_WEAK_PULLUP                           ;        ;              ;         ; Row I/O    ;                 ; no       ; On           ;
; G16      ; 159        ; 6        ; RESERVED_INPUT_WITH_WEAK_PULLUP                           ;        ;              ;         ; Row I/O    ;                 ; no       ; On           ;
; H1       ; 17         ; 1        ; ~ALTERA_DCLK~                                             ; output ; 2.5 V        ;         ; Row I/O    ; N               ; no       ; On           ;
; H2       ; 18         ; 1        ; ~ALTERA_DATA0~ / RESERVED_INPUT_WITH_WEAK_PULLUP          ; input  ; 2.5 V        ;         ; Row I/O    ; N               ; no       ; On           ;
; H3       ; 21         ; 1        ; #TCK                                                      ; input  ;              ;         ; --         ;                 ; --       ; --           ;
; H4       ; 20         ; 1        ; #TDI                                                      ; input  ;              ;         ; --         ;                 ; --       ; --           ;
; H5       ; 19         ; 1        ; ^nCONFIG                                                  ;        ;              ;         ; --         ;                 ; --       ; --           ;
; H6       ;            ;          ; VCCINT                                                    ; power  ;              ; 1.2V    ; --         ;                 ; --       ; --           ;
; H7       ;            ;          ; GND                                                       ; gnd    ;              ;         ; --         ;                 ; --       ; --           ;
; H8       ;            ;          ; GND                                                       ; gnd    ;              ;         ; --         ;                 ; --       ; --           ;
; H9       ;            ;          ; GND                                                       ; gnd    ;              ;         ; --         ;                 ; --       ; --           ;
; H10      ;            ;          ; GND                                                       ; gnd    ;              ;         ; --         ;                 ; --       ; --           ;
; H11      ;            ;          ; VCCINT                                                    ; power  ;              ; 1.2V    ; --         ;                 ; --       ; --           ;
; H12      ; 154        ; 6        ; ^MSEL1                                                    ;        ;              ;         ; --         ;                 ; --       ; --           ;
; H13      ; 153        ; 6        ; ^MSEL0                                                    ;        ;              ;         ; --         ;                 ; --       ; --           ;
; H14      ; 152        ; 6        ; ^CONF_DONE                                                ;        ;              ;         ; --         ;                 ; --       ; --           ;
; H15      ;            ;          ; GND                                                       ; gnd    ;              ;         ; --         ;                 ; --       ; --           ;
; H16      ;            ;          ; GND                                                       ; gnd    ;              ;         ; --         ;                 ; --       ; --           ;
; J1       ; 30         ; 2        ; RESERVED_INPUT_WITH_WEAK_PULLUP                           ;        ;              ;         ; Row I/O    ;                 ; no       ; On           ;
; J2       ; 29         ; 2        ; RESERVED_INPUT_WITH_WEAK_PULLUP                           ;        ;              ;         ; Row I/O    ;                 ; no       ; On           ;
; J3       ; 24         ; 1        ; ^nCE                                                      ;        ;              ;         ; --         ;                 ; --       ; --           ;
; J4       ; 23         ; 1        ; #TDO                                                      ; output ;              ;         ; --         ;                 ; --       ; --           ;
; J5       ; 22         ; 1        ; #TMS                                                      ; input  ;              ;         ; --         ;                 ; --       ; --           ;
; J6       ;            ;          ; VCCINT                                                    ; power  ;              ; 1.2V    ; --         ;                 ; --       ; --           ;
; J7       ;            ;          ; GND                                                       ; gnd    ;              ;         ; --         ;                 ; --       ; --           ;
; J8       ;            ;          ; GND                                                       ; gnd    ;              ;         ; --         ;                 ; --       ; --           ;
; J9       ;            ;          ; GND                                                       ; gnd    ;              ;         ; --         ;                 ; --       ; --           ;
; J10      ;            ;          ; GND                                                       ; gnd    ;              ;         ; --         ;                 ; --       ; --           ;
; J11      ;            ;          ; GND                                                       ; gnd    ;              ;         ; --         ;                 ; --       ; --           ;
; J12      ;            ;          ; VCCINT                                                    ; power  ;              ; 1.2V    ; --         ;                 ; --       ; --           ;
; J13      ; 146        ; 5        ; RESERVED_INPUT_WITH_WEAK_PULLUP                           ;        ;              ;         ; Row I/O    ;                 ; no       ; On           ;
; J14      ; 144        ; 5        ; RESERVED_INPUT_WITH_WEAK_PULLUP                           ;        ;              ;         ; Row I/O    ;                 ; no       ; On           ;
; J15      ; 143        ; 5        ; load                                                      ; input  ; 2.5 V        ;         ; Row I/O    ; Y               ; no       ; Off          ;
; J16      ; 142        ; 5        ; RESERVED_INPUT_WITH_WEAK_PULLUP                           ;        ;              ;         ; Row I/O    ;                 ; no       ; On           ;
; K1       ; 37         ; 2        ; RESERVED_INPUT_WITH_WEAK_PULLUP                           ;        ;              ;         ; Row I/O    ;                 ; no       ; On           ;
; K2       ; 36         ; 2        ; RESERVED_INPUT_WITH_WEAK_PULLUP                           ;        ;              ;         ; Row I/O    ;                 ; no       ; On           ;
; K3       ;            ; 2        ; VCCIO2                                                    ; power  ;              ; 2.5V    ; --         ;                 ; --       ; --           ;
; K4       ;            ;          ; GND                                                       ; gnd    ;              ;         ; --         ;                 ; --       ; --           ;
; K5       ; 45         ; 2        ; RESERVED_INPUT_WITH_WEAK_PULLUP                           ;        ;              ;         ; Row I/O    ;                 ; no       ; On           ;
; K6       ;            ;          ; GND                                                       ; gnd    ;              ;         ; --         ;                 ; --       ; --           ;
; K7       ;            ;          ; VCCINT                                                    ; power  ;              ; 1.2V    ; --         ;                 ; --       ; --           ;
; K8       ;            ;          ; GND                                                       ; gnd    ;              ;         ; --         ;                 ; --       ; --           ;
; K9       ;            ;          ; VCCINT                                                    ; power  ;              ; 1.2V    ; --         ;                 ; --       ; --           ;
; K10      ;            ;          ; VCCINT                                                    ; power  ;              ; 1.2V    ; --         ;                 ; --       ; --           ;
; K11      ;            ;          ; VCCINT                                                    ; power  ;              ; 1.2V    ; --         ;                 ; --       ; --           ;
; K12      ;            ;          ; GND                                                       ; gnd    ;              ;         ; --         ;                 ; --       ; --           ;
; K13      ;            ;          ; GND                                                       ; gnd    ;              ;         ; --         ;                 ; --       ; --           ;
; K14      ;            ; 5        ; VCCIO5                                                    ; power  ;              ; 2.5V    ; --         ;                 ; --       ; --           ;
; K15      ; 141        ; 5        ; RESERVED_INPUT_WITH_WEAK_PULLUP                           ;        ;              ;         ; Row I/O    ;                 ; no       ; On           ;
; K16      ; 140        ; 5        ; RESERVED_INPUT_WITH_WEAK_PULLUP                           ;        ;              ;         ; Row I/O    ;                 ; no       ; On           ;
; L1       ; 39         ; 2        ; RESERVED_INPUT_WITH_WEAK_PULLUP                           ;        ;              ;         ; Row I/O    ;                 ; no       ; On           ;
; L2       ; 38         ; 2        ; RESERVED_INPUT_WITH_WEAK_PULLUP                           ;        ;              ;         ; Row I/O    ;                 ; no       ; On           ;
; L3       ; 40         ; 2        ; RESERVED_INPUT_WITH_WEAK_PULLUP                           ;        ;              ;         ; Row I/O    ;                 ; --       ; --           ;
; L4       ; 46         ; 2        ; RESERVED_INPUT_WITH_WEAK_PULLUP                           ;        ;              ;         ; Row I/O    ;                 ; no       ; On           ;
; L5       ;            ; --       ; VCCA1                                                     ; power  ;              ; 2.5V    ; --         ;                 ; --       ; --           ;
; L6       ;            ;          ; VCCINT                                                    ; power  ;              ; 1.2V    ; --         ;                 ; --       ; --           ;
; L7       ; 75         ; 3        ; RESERVED_INPUT_WITH_WEAK_PULLUP                           ;        ;              ;         ; Column I/O ;                 ; no       ; On           ;
; L8       ; 79         ; 3        ; RESERVED_INPUT_WITH_WEAK_PULLUP                           ;        ;              ;         ; Column I/O ;                 ; no       ; On           ;
; L9       ;            ;          ; GND                                                       ; gnd    ;              ;         ; --         ;                 ; --       ; --           ;
; L10      ;            ;          ; GND                                                       ; gnd    ;              ;         ; --         ;                 ; --       ; --           ;
; L11      ;            ;          ; GND                                                       ; gnd    ;              ;         ; --         ;                 ; --       ; --           ;
; L12      ;            ; --       ; VCCA4                                                     ; power  ;              ; 2.5V    ; --         ;                 ; --       ; --           ;
; L13      ; 136        ; 5        ; RESERVED_INPUT_WITH_WEAK_PULLUP                           ;        ;              ;         ; Row I/O    ;                 ; no       ; On           ;
; L14      ; 134        ; 5        ; RESERVED_INPUT_WITH_WEAK_PULLUP                           ;        ;              ;         ; Row I/O    ;                 ; --       ; --           ;
; L15      ; 138        ; 5        ; RESERVED_INPUT_WITH_WEAK_PULLUP                           ;        ;              ;         ; Row I/O    ;                 ; no       ; On           ;
; L16      ; 137        ; 5        ; RESERVED_INPUT_WITH_WEAK_PULLUP                           ;        ;              ;         ; Row I/O    ;                 ; no       ; On           ;
; M1       ; 28         ; 2        ; GND+                                                      ;        ;              ;         ; Row I/O    ;                 ; --       ; --           ;
; M2       ; 27         ; 2        ; GND+                                                      ;        ;              ;         ; Row I/O    ;                 ; --       ; --           ;
; M3       ;            ; 2        ; VCCIO2                                                    ; power  ;              ; 2.5V    ; --         ;                 ; --       ; --           ;
; M4       ;            ;          ; GND                                                       ; gnd    ;              ;         ; --         ;                 ; --       ; --           ;
; M5       ;            ;          ; GNDA1                                                     ; gnd    ;              ;         ; --         ;                 ; --       ; --           ;
; M6       ; 64         ; 3        ; RESERVED_INPUT_WITH_WEAK_PULLUP                           ;        ;              ;         ; Column I/O ;                 ; no       ; On           ;
; M7       ; 68         ; 3        ; RESERVED_INPUT_WITH_WEAK_PULLUP                           ;        ;              ;         ; Column I/O ;                 ; no       ; On           ;
; M8       ; 81         ; 3        ; RESERVED_INPUT_WITH_WEAK_PULLUP                           ;        ;              ;         ; Column I/O ;                 ; no       ; On           ;
; M9       ;            ;          ; VCCINT                                                    ; power  ;              ; 1.2V    ; --         ;                 ; --       ; --           ;
; M10      ; 111        ; 4        ; RESERVED_INPUT_WITH_WEAK_PULLUP                           ;        ;              ;         ; Column I/O ;                 ; no       ; On           ;
; M11      ;            ;          ; VCCINT                                                    ; power  ;              ; 1.2V    ; --         ;                 ; --       ; --           ;
; M12      ;            ;          ; GNDA4                                                     ; gnd    ;              ;         ; --         ;                 ; --       ; --           ;
; M13      ;            ;          ; GND                                                       ; gnd    ;              ;         ; --         ;                 ; --       ; --           ;
; M14      ;            ; 5        ; VCCIO5                                                    ; power  ;              ; 2.5V    ; --         ;                 ; --       ; --           ;
; M15      ; 149        ; 5        ; GND+                                                      ;        ;              ;         ; Row I/O    ;                 ; --       ; --           ;
; M16      ; 148        ; 5        ; GND+                                                      ;        ;              ;         ; Row I/O    ;                 ; --       ; --           ;
; N1       ; 44         ; 2        ; RESERVED_INPUT_WITH_WEAK_PULLUP                           ;        ;              ;         ; Row I/O    ;                 ; no       ; On           ;
; N2       ; 43         ; 2        ; RESERVED_INPUT_WITH_WEAK_PULLUP                           ;        ;              ;         ; Row I/O    ;                 ; no       ; On           ;
; N3       ; 52         ; 3        ; RESERVED_INPUT_WITH_WEAK_PULLUP                           ;        ;              ;         ; Column I/O ;                 ; no       ; On           ;
; N4       ;            ;          ; VCCD_PLL1                                                 ; power  ;              ; 1.2V    ; --         ;                 ; --       ; --           ;
; N5       ; 62         ; 3        ; RESERVED_INPUT_WITH_WEAK_PULLUP                           ;        ;              ;         ; Column I/O ;                 ; no       ; On           ;
; N6       ; 63         ; 3        ; RESERVED_INPUT_WITH_WEAK_PULLUP                           ;        ;              ;         ; Column I/O ;                 ; no       ; On           ;
; N7       ;            ;          ; GND                                                       ; gnd    ;              ;         ; --         ;                 ; --       ; --           ;
; N8       ; 82         ; 3        ; RESERVED_INPUT_WITH_WEAK_PULLUP                           ;        ;              ;         ; Column I/O ;                 ; no       ; On           ;
; N9       ; 93         ; 4        ; RESERVED_INPUT_WITH_WEAK_PULLUP                           ;        ;              ;         ; Column I/O ;                 ; no       ; On           ;
; N10      ;            ;          ; GND                                                       ; gnd    ;              ;         ; --         ;                 ; --       ; --           ;
; N11      ; 112        ; 4        ; RESERVED_INPUT_WITH_WEAK_PULLUP                           ;        ;              ;         ; Column I/O ;                 ; no       ; On           ;
; N12      ; 117        ; 4        ; RESERVED_INPUT_WITH_WEAK_PULLUP                           ;        ;              ;         ; Column I/O ;                 ; no       ; On           ;
; N13      ;            ;          ; VCCD_PLL4                                                 ; power  ;              ; 1.2V    ; --         ;                 ; --       ; --           ;
; N14      ; 126        ; 5        ; RESERVED_INPUT_WITH_WEAK_PULLUP                           ;        ;              ;         ; Row I/O    ;                 ; no       ; On           ;
; N15      ; 133        ; 5        ; RESERVED_INPUT_WITH_WEAK_PULLUP                           ;        ;              ;         ; Row I/O    ;                 ; no       ; On           ;
; N16      ; 132        ; 5        ; RESERVED_INPUT_WITH_WEAK_PULLUP                           ;        ;              ;         ; Row I/O    ;                 ; no       ; On           ;
; P1       ; 51         ; 2        ; RESERVED_INPUT_WITH_WEAK_PULLUP                           ;        ;              ;         ; Row I/O    ;                 ; no       ; On           ;
; P2       ; 50         ; 2        ; RESERVED_INPUT_WITH_WEAK_PULLUP                           ;        ;              ;         ; Row I/O    ;                 ; no       ; On           ;
; P3       ; 53         ; 3        ; RESERVED_INPUT_WITH_WEAK_PULLUP                           ;        ;              ;         ; Column I/O ;                 ; no       ; On           ;
; P4       ;            ; 3        ; VCCIO3                                                    ; power  ;              ; 2.5V    ; --         ;                 ; --       ; --           ;
; P5       ;            ;          ; GND                                                       ; gnd    ;              ;         ; --         ;                 ; --       ; --           ;
; P6       ; 67         ; 3        ; RESERVED_INPUT_WITH_WEAK_PULLUP                           ;        ;              ;         ; Column I/O ;                 ; --       ; --           ;
; P7       ;            ; 3        ; VCCIO3                                                    ; power  ;              ; 2.5V    ; --         ;                 ; --       ; --           ;
; P8       ; 85         ; 3        ; RESERVED_INPUT_WITH_WEAK_PULLUP                           ;        ;              ;         ; Column I/O ;                 ; no       ; On           ;
; P9       ; 105        ; 4        ; RESERVED_INPUT_WITH_WEAK_PULLUP                           ;        ;              ;         ; Column I/O ;                 ; no       ; On           ;
; P10      ;            ; 4        ; VCCIO4                                                    ; power  ;              ; 2.5V    ; --         ;                 ; --       ; --           ;
; P11      ; 106        ; 4        ; RESERVED_INPUT_WITH_WEAK_PULLUP                           ;        ;              ;         ; Column I/O ;                 ; --       ; --           ;
; P12      ;            ;          ; GND                                                       ; gnd    ;              ;         ; --         ;                 ; --       ; --           ;
; P13      ;            ; 4        ; VCCIO4                                                    ; power  ;              ; 2.5V    ; --         ;                 ; --       ; --           ;
; P14      ; 119        ; 4        ; RESERVED_INPUT_WITH_WEAK_PULLUP                           ;        ;              ;         ; Column I/O ;                 ; no       ; On           ;
; P15      ; 127        ; 5        ; RESERVED_INPUT_WITH_WEAK_PULLUP                           ;        ;              ;         ; Row I/O    ;                 ; no       ; On           ;
; P16      ; 128        ; 5        ; RESERVED_INPUT_WITH_WEAK_PULLUP                           ;        ;              ;         ; Row I/O    ;                 ; no       ; On           ;
; R1       ; 49         ; 2        ; RESERVED_INPUT_WITH_WEAK_PULLUP                           ;        ;              ;         ; Row I/O    ;                 ; no       ; On           ;
; R2       ;            ;          ; GND                                                       ; gnd    ;              ;         ; --         ;                 ; --       ; --           ;
; R3       ; 54         ; 3        ; RESERVED_INPUT_WITH_WEAK_PULLUP                           ;        ;              ;         ; Column I/O ;                 ; no       ; On           ;
; R4       ; 60         ; 3        ; RESERVED_INPUT_WITH_WEAK_PULLUP                           ;        ;              ;         ; Column I/O ;                 ; no       ; On           ;
; R5       ; 71         ; 3        ; RESERVED_INPUT_WITH_WEAK_PULLUP                           ;        ;              ;         ; Column I/O ;                 ; no       ; On           ;
; R6       ; 73         ; 3        ; RESERVED_INPUT_WITH_WEAK_PULLUP                           ;        ;              ;         ; Column I/O ;                 ; no       ; On           ;
; R7       ; 76         ; 3        ; RESERVED_INPUT_WITH_WEAK_PULLUP                           ;        ;              ;         ; Column I/O ;                 ; no       ; On           ;
; R8       ; 86         ; 3        ; inclk0                                                    ; input  ; 2.5 V        ;         ; Column I/O ; Y               ; no       ; Off          ;
; R9       ; 88         ; 4        ; GND+                                                      ;        ;              ;         ; Column I/O ;                 ; --       ; --           ;
; R10      ; 96         ; 4        ; RESERVED_INPUT_WITH_WEAK_PULLUP                           ;        ;              ;         ; Column I/O ;                 ; no       ; On           ;
; R11      ; 98         ; 4        ; RESERVED_INPUT_WITH_WEAK_PULLUP                           ;        ;              ;         ; Column I/O ;                 ; no       ; On           ;
; R12      ; 100        ; 4        ; RESERVED_INPUT_WITH_WEAK_PULLUP                           ;        ;              ;         ; Column I/O ;                 ; no       ; On           ;
; R13      ; 107        ; 4        ; RESERVED_INPUT_WITH_WEAK_PULLUP                           ;        ;              ;         ; Column I/O ;                 ; no       ; On           ;
; R14      ; 120        ; 4        ; RESERVED_INPUT_WITH_WEAK_PULLUP                           ;        ;              ;         ; Column I/O ;                 ; no       ; On           ;
; R15      ;            ;          ; GND                                                       ; gnd    ;              ;         ; --         ;                 ; --       ; --           ;
; R16      ; 129        ; 5        ; RESERVED_INPUT_WITH_WEAK_PULLUP                           ;        ;              ;         ; Row I/O    ;                 ; no       ; On           ;
; T1       ;            ; 3        ; VCCIO3                                                    ; power  ;              ; 2.5V    ; --         ;                 ; --       ; --           ;
; T2       ; 59         ; 3        ; RESERVED_INPUT_WITH_WEAK_PULLUP                           ;        ;              ;         ; Column I/O ;                 ; no       ; On           ;
; T3       ; 55         ; 3        ; RESERVED_INPUT_WITH_WEAK_PULLUP                           ;        ;              ;         ; Column I/O ;                 ; no       ; On           ;
; T4       ; 61         ; 3        ; RESERVED_INPUT_WITH_WEAK_PULLUP                           ;        ;              ;         ; Column I/O ;                 ; no       ; On           ;
; T5       ; 72         ; 3        ; RESERVED_INPUT_WITH_WEAK_PULLUP                           ;        ;              ;         ; Column I/O ;                 ; no       ; On           ;
; T6       ; 74         ; 3        ; RESERVED_INPUT_WITH_WEAK_PULLUP                           ;        ;              ;         ; Column I/O ;                 ; no       ; On           ;
; T7       ; 77         ; 3        ; RESERVED_INPUT_WITH_WEAK_PULLUP                           ;        ;              ;         ; Column I/O ;                 ; no       ; On           ;
; T8       ; 87         ; 3        ; GND+                                                      ;        ;              ;         ; Column I/O ;                 ; --       ; --           ;
; T9       ; 89         ; 4        ; GND+                                                      ;        ;              ;         ; Column I/O ;                 ; --       ; --           ;
; T10      ; 97         ; 4        ; RESERVED_INPUT_WITH_WEAK_PULLUP                           ;        ;              ;         ; Column I/O ;                 ; no       ; On           ;
; T11      ; 99         ; 4        ; RESERVED_INPUT_WITH_WEAK_PULLUP                           ;        ;              ;         ; Column I/O ;                 ; no       ; On           ;
; T12      ; 101        ; 4        ; RESERVED_INPUT_WITH_WEAK_PULLUP                           ;        ;              ;         ; Column I/O ;                 ; no       ; On           ;
; T13      ; 108        ; 4        ; RESERVED_INPUT_WITH_WEAK_PULLUP                           ;        ;              ;         ; Column I/O ;                 ; no       ; On           ;
; T14      ; 115        ; 4        ; RESERVED_INPUT_WITH_WEAK_PULLUP                           ;        ;              ;         ; Column I/O ;                 ; no       ; On           ;
; T15      ; 116        ; 4        ; RESERVED_INPUT_WITH_WEAK_PULLUP                           ;        ;              ;         ; Column I/O ;                 ; no       ; On           ;
; T16      ;            ; 4        ; VCCIO4                                                    ; power  ;              ; 2.5V    ; --         ;                 ; --       ; --           ;
+----------+------------+----------+-----------------------------------------------------------+--------+--------------+---------+------------+-----------------+----------+--------------+
Note: Pin directions (input, output or bidir) are based on device operating in user mode.


+---------------------------------------------------------------------------------------------------------+
; PLL Summary                                                                                             ;
+-------------------------------+-------------------------------------------------------------------------+
; Name                          ; altpll0:inst|altpll:altpll_component|altpll0_altpll:auto_generated|pll1 ;
+-------------------------------+-------------------------------------------------------------------------+
; SDC pin name                  ; inst|altpll_component|auto_generated|pll1                               ;
; PLL mode                      ; Normal                                                                  ;
; Compensate clock              ; clock0                                                                  ;
; Compensated input/output pins ; --                                                                      ;
; Switchover type               ; --                                                                      ;
; Input frequency 0             ; 50.0 MHz                                                                ;
; Input frequency 1             ; --                                                                      ;
; Nominal PFD frequency         ; 50.0 MHz                                                                ;
; Nominal VCO frequency         ; 300.0 MHz                                                               ;
; VCO post scale K counter      ; 2                                                                       ;
; VCO frequency control         ; Auto                                                                    ;
; VCO phase shift step          ; 416 ps                                                                  ;
; VCO multiply                  ; --                                                                      ;
; VCO divide                    ; --                                                                      ;
; Freq min lock                 ; 50.01 MHz                                                               ;
; Freq max lock                 ; 108.37 MHz                                                              ;
; M VCO Tap                     ; 0                                                                       ;
; M Initial                     ; 1                                                                       ;
; M value                       ; 6                                                                       ;
; N value                       ; 1                                                                       ;
; Charge pump current           ; setting 1                                                               ;
; Loop filter resistance        ; setting 27                                                              ;
; Loop filter capacitance       ; setting 0                                                               ;
; Bandwidth                     ; 1.03 MHz to 1.97 MHz                                                    ;
; Bandwidth type                ; Medium                                                                  ;
; Real time reconfigurable      ; Off                                                                     ;
; Scan chain MIF file           ; --                                                                      ;
; Preserve PLL counter order    ; Off                                                                     ;
; PLL location                  ; PLL_4                                                                   ;
; Inclk0 signal                 ; inclk0                                                                  ;
; Inclk1 signal                 ; --                                                                      ;
; Inclk0 signal type            ; Dedicated Pin                                                           ;
; Inclk1 signal type            ; --                                                                      ;
+-------------------------------+-------------------------------------------------------------------------+


+-------------------------------------------------------------------------------------------------------------------------------------------------------------------------------------------------------------------------------------------------------------------------------------------------------------------------------+
; PLL Usage                                                                                                                                                                                                                                                                                                                     ;
+------------------------------------------------------------------------------------------------+--------------+------+-------+------------------+-------------+------------------+------------+---------+---------------+--------------+---------------+---------+---------+--------------------------------------------------+
; Name                                                                                           ; Output Clock ; Mult ; Div   ; Output Frequency ; Phase Shift ; Phase Shift Step ; Duty Cycle ; Counter ; Counter Value ; High / Low   ; Cascade Input ; Initial ; VCO Tap ; SDC Pin Name                                     ;
+------------------------------------------------------------------------------------------------+--------------+------+-------+------------------+-------------+------------------+------------+---------+---------------+--------------+---------------+---------+---------+--------------------------------------------------+
; altpll0:inst|altpll:altpll_component|altpll0_altpll:auto_generated|wire_pll1_clk[0]            ; clock0       ; 2    ; 125   ; 0.8 MHz          ; 0 (0 ps)    ; 0.12 (416 ps)    ; 32/68      ; C0      ; 375           ; 120/255 Even ; --            ; 1       ; 0       ; inst|altpll_component|auto_generated|pll1|clk[0] ;
; altpll0:inst|altpll:altpll_component|altpll0_altpll:auto_generated|wire_pll1_clk[1]            ; clock1       ; 2    ; 125   ; 0.8 MHz          ; 0 (0 ps)    ; 0.12 (416 ps)    ; 64/36      ; C1      ; 375           ; 240/135 Even ; --            ; 1       ; 0       ; inst|altpll_component|auto_generated|pll1|clk[1] ;
; altpll0:inst|altpll:altpll_component|altpll0_altpll:auto_generated|wire_pll1_clk[2]            ; clock2       ; 1    ; 25000 ; 0.0 MHz          ; 0 (0 ps)    ; 0.09 (416 ps)    ; 50/50      ; C3      ; 500           ; 250/250 Even ; C2            ; 1       ; 0       ; inst|altpll_component|auto_generated|pll1|clk[2] ;
; altpll0:inst|altpll:altpll_component|altpll0_altpll:auto_generated|wire_pll1_clk[2]~cascade_in ; --           ; --   ; --    ; --               ; --          ; --               ; --         ; C2      ; 300           ; 150/150 Even ; --            ; 1       ; 0       ;                                                  ;
+------------------------------------------------------------------------------------------------+--------------+------+-------+------------------+-------------+------------------+------------+---------+---------------+--------------+---------------+---------+---------+--------------------------------------------------+


+--------------------------------------------------------------------------------------------------------------------------------------------------------------------------------------------------------------------------------------------------------------------------------------------------------------------------------------+
; Fitter Resource Utilization by Entity                                                                                                                                                                                                                                                                                                ;
+------------------------------------------+-------------+---------------------------+---------------+-------------+------+--------------+---------+-----------+------+--------------+--------------+-------------------+------------------+----------------------------------------------------------------------------+--------------+
; Compilation Hierarchy Node               ; Logic Cells ; Dedicated Logic Registers ; I/O Registers ; Memory Bits ; M9Ks ; DSP Elements ; DSP 9x9 ; DSP 18x18 ; Pins ; Virtual Pins ; LUT-Only LCs ; Register-Only LCs ; LUT/Register LCs ; Full Hierarchy Name                                                        ; Library Name ;
+------------------------------------------+-------------+---------------------------+---------------+-------------+------+--------------+---------+-----------+------+--------------+--------------+-------------------+------------------+----------------------------------------------------------------------------+--------------+
; |Block1                                  ; 405 (3)     ; 403 (2)                   ; 0 (0)         ; 0           ; 0    ; 0            ; 0       ; 0         ; 5    ; 0            ; 2 (0)        ; 349 (0)           ; 54 (3)           ; |Block1                                                                    ; work         ;
;    |altpll0:inst|                        ; 0 (0)       ; 0 (0)                     ; 0 (0)         ; 0           ; 0    ; 0            ; 0       ; 0         ; 0    ; 0            ; 0 (0)        ; 0 (0)             ; 0 (0)            ; |Block1|altpll0:inst                                                       ; work         ;
;       |altpll:altpll_component|          ; 0 (0)       ; 0 (0)                     ; 0 (0)         ; 0           ; 0    ; 0            ; 0       ; 0         ; 0    ; 0            ; 0 (0)        ; 0 (0)             ; 0 (0)            ; |Block1|altpll0:inst|altpll:altpll_component                               ; work         ;
;          |altpll0_altpll:auto_generated| ; 0 (0)       ; 0 (0)                     ; 0 (0)         ; 0           ; 0    ; 0            ; 0       ; 0         ; 0    ; 0            ; 0 (0)        ; 0 (0)             ; 0 (0)            ; |Block1|altpll0:inst|altpll:altpll_component|altpll0_altpll:auto_generated ; work         ;
;    |coloress2:inst17|                    ; 7 (7)       ; 6 (6)                     ; 0 (0)         ; 0           ; 0    ; 0            ; 0       ; 0         ; 0    ; 0            ; 1 (1)        ; 1 (1)             ; 5 (5)            ; |Block1|coloress2:inst17                                                   ; work         ;
;    |paralelo_serie_384b:inst1|           ; 384 (384)   ; 384 (384)                 ; 0 (0)         ; 0           ; 0    ; 0            ; 0       ; 0         ; 0    ; 0            ; 0 (0)        ; 348 (348)         ; 36 (36)          ; |Block1|paralelo_serie_384b:inst1                                          ; work         ;
;    |pulso_384:inst12|                    ; 12 (12)     ; 11 (11)                   ; 0 (0)         ; 0           ; 0    ; 0            ; 0       ; 0         ; 0    ; 0            ; 1 (1)        ; 0 (0)             ; 11 (11)          ; |Block1|pulso_384:inst12                                                   ; work         ;
+------------------------------------------+-------------+---------------------------+---------------+-------------+------+--------------+---------+-----------+------+--------------+--------------+-------------------+------------------+----------------------------------------------------------------------------+--------------+
Note: For table entries with two numbers listed, the numbers in parentheses indicate the number of resources of the given type used by the specific entity alone. The numbers listed outside of parentheses indicate the total resources of the given type used by the specific entity and all of its sub-entities in the hierarchy.


+-------------------------------------------------------------------------------------------+
; Delay Chain Summary                                                                       ;
+-----------+----------+---------------+---------------+-----------------------+-----+------+
; Name      ; Pin Type ; Pad to Core 0 ; Pad to Core 1 ; Pad to Input Register ; TCO ; TCOE ;
+-----------+----------+---------------+---------------+-----------------------+-----+------+
; locked    ; Output   ; --            ; --            ; --                    ; --  ; --   ;
; Y         ; Output   ; --            ; --            ; --                    ; --  ; --   ;
; pin_name1 ; Output   ; --            ; --            ; --                    ; --  ; --   ;
; load      ; Input    ; --            ; --            ; --                    ; --  ; --   ;
; inclk0    ; Input    ; --            ; --            ; --                    ; --  ; --   ;
+-----------+----------+---------------+---------------+-----------------------+-----+------+


+---------------------------------------------------+
; Pad To Core Delay Chain Fanout                    ;
+---------------------+-------------------+---------+
; Source Pin / Fanout ; Pad To Core Index ; Setting ;
+---------------------+-------------------+---------+
; load                ;                   ;         ;
; inclk0              ;                   ;         ;
+---------------------+-------------------+---------+


+--------------------------------------------------------------------------------------------------------------------------------------------------------------------------------------------------------------------------------+
; Control Signals                                                                                                                                                                                                                ;
+-------------------------------------------------------------------------------------+--------------------+---------+----------------------------+--------+----------------------+------------------+---------------------------+
; Name                                                                                ; Location           ; Fan-Out ; Usage                      ; Global ; Global Resource Used ; Global Line Name ; Enable Signal Source Name ;
+-------------------------------------------------------------------------------------+--------------------+---------+----------------------------+--------+----------------------+------------------+---------------------------+
; altpll0:inst|altpll:altpll_component|altpll0_altpll:auto_generated|wire_pll1_clk[0] ; PLL_4              ; 386     ; Clock                      ; yes    ; Global Clock         ; GCLK18           ; --                        ;
; altpll0:inst|altpll:altpll_component|altpll0_altpll:auto_generated|wire_pll1_clk[1] ; PLL_4              ; 12      ; Clock                      ; yes    ; Global Clock         ; GCLK19           ; --                        ;
; altpll0:inst|altpll:altpll_component|altpll0_altpll:auto_generated|wire_pll1_clk[2] ; PLL_4              ; 7       ; Clock                      ; yes    ; Global Clock         ; GCLK16           ; --                        ;
; altpll0:inst|altpll:altpll_component|altpll0_altpll:auto_generated|wire_pll1_locked ; PLL_4              ; 15      ; Async. clear, Clock enable ; no     ; --                   ; --               ; --                        ;
; inclk0                                                                              ; PIN_R8             ; 1       ; Clock                      ; no     ; --                   ; --               ; --                        ;
; inst4                                                                               ; FF_X24_Y33_N1      ; 398     ; Async. clear, Latch enable ; yes    ; Global Clock         ; GCLK11           ; --                        ;
; pulso_384:inst12|process_0~0                                                        ; LCCOMB_X34_Y25_N28 ; 10      ; Sync. clear                ; no     ; --                   ; --               ; --                        ;
+-------------------------------------------------------------------------------------+--------------------+---------+----------------------------+--------+----------------------+------------------+---------------------------+


+----------------------------------------------------------------------------------------------------------------------------------------------------------------------------------------------------------------------------+
; Global & Other Fast Signals                                                                                                                                                                                                ;
+-------------------------------------------------------------------------------------+---------------+---------+--------------------------------------+----------------------+------------------+---------------------------+
; Name                                                                                ; Location      ; Fan-Out ; Fan-Out Using Intentional Clock Skew ; Global Resource Used ; Global Line Name ; Enable Signal Source Name ;
+-------------------------------------------------------------------------------------+---------------+---------+--------------------------------------+----------------------+------------------+---------------------------+
; altpll0:inst|altpll:altpll_component|altpll0_altpll:auto_generated|wire_pll1_clk[0] ; PLL_4         ; 386     ; 28                                   ; Global Clock         ; GCLK18           ; --                        ;
; altpll0:inst|altpll:altpll_component|altpll0_altpll:auto_generated|wire_pll1_clk[1] ; PLL_4         ; 12      ; 11                                   ; Global Clock         ; GCLK19           ; --                        ;
; altpll0:inst|altpll:altpll_component|altpll0_altpll:auto_generated|wire_pll1_clk[2] ; PLL_4         ; 7       ; 3                                    ; Global Clock         ; GCLK16           ; --                        ;
; inst4                                                                               ; FF_X24_Y33_N1 ; 398     ; 0                                    ; Global Clock         ; GCLK11           ; --                        ;
+-------------------------------------------------------------------------------------+---------------+---------+--------------------------------------+----------------------+------------------+---------------------------+


+-----------------------------------------------------------------------------------------------+
; Non-Global High Fan-Out Signals                                                               ;
+-------------------------------------------------------------------------------------+---------+
; Name                                                                                ; Fan-Out ;
+-------------------------------------------------------------------------------------+---------+
; altpll0:inst|altpll:altpll_component|altpll0_altpll:auto_generated|wire_pll1_locked ; 15      ;
; inst4                                                                               ; 13      ;
; pulso_384:inst12|process_0~0                                                        ; 10      ;
; paralelo_serie_384b:inst1|shift_reg[40]~21                                          ; 9       ;
; paralelo_serie_384b:inst1|shift_reg[64]~11                                          ; 9       ;
; paralelo_serie_384b:inst1|shift_reg[88]~1                                           ; 9       ;
; coloress2:inst17|D2[0]                                                              ; 6       ;
; coloress2:inst17|D3[0]                                                              ; 6       ;
; coloress2:inst17|D4[0]                                                              ; 6       ;
; coloress2:inst17|puntos1[0]                                                         ; 5       ;
; coloress2:inst17|puntos1[1]                                                         ; 4       ;
; coloress2:inst17|bloqueo                                                            ; 3       ;
; pulso_384:inst12|count[8]                                                           ; 3       ;
; pulso_384:inst12|count[7]                                                           ; 3       ;
; pulso_384:inst12|strt                                                               ; 2       ;
; pulso_384:inst12|pulso                                                              ; 2       ;
; paralelo_serie_384b:inst1|shift_reg[0]~feeder                                       ; 1       ;
; coloress2:inst17|bloqueo~feeder                                                     ; 1       ;
; inclk0~input                                                                        ; 1       ;
; paralelo_serie_384b:inst1|shift_reg[1]~36                                           ; 1       ;
; paralelo_serie_384b:inst1|shift_reg[3]~35                                           ; 1       ;
; paralelo_serie_384b:inst1|shift_reg[4]~34                                           ; 1       ;
; paralelo_serie_384b:inst1|shift_reg[8]~33                                           ; 1       ;
; paralelo_serie_384b:inst1|shift_reg[9]~32                                           ; 1       ;
; paralelo_serie_384b:inst1|shift_reg[16]~31                                          ; 1       ;
; paralelo_serie_384b:inst1|shift_reg[17]~30                                          ; 1       ;
; coloress2:inst17|puntos1[0]~1                                                       ; 1       ;
; inst4~0                                                                             ; 1       ;
; paralelo_serie_384b:inst1|shift_reg[0]                                              ; 1       ;
; paralelo_serie_384b:inst1|shift_reg[1]                                              ; 1       ;
; paralelo_serie_384b:inst1|shift_reg[2]                                              ; 1       ;
; paralelo_serie_384b:inst1|shift_reg[3]                                              ; 1       ;
; paralelo_serie_384b:inst1|shift_reg[4]                                              ; 1       ;
; paralelo_serie_384b:inst1|shift_reg[5]                                              ; 1       ;
; paralelo_serie_384b:inst1|shift_reg[6]                                              ; 1       ;
; paralelo_serie_384b:inst1|shift_reg[7]                                              ; 1       ;
; paralelo_serie_384b:inst1|shift_reg[8]                                              ; 1       ;
; paralelo_serie_384b:inst1|shift_reg[9]                                              ; 1       ;
; paralelo_serie_384b:inst1|shift_reg[10]                                             ; 1       ;
; paralelo_serie_384b:inst1|shift_reg[11]                                             ; 1       ;
; paralelo_serie_384b:inst1|shift_reg[12]                                             ; 1       ;
; paralelo_serie_384b:inst1|shift_reg[13]                                             ; 1       ;
; paralelo_serie_384b:inst1|shift_reg[14]                                             ; 1       ;
; paralelo_serie_384b:inst1|shift_reg[15]                                             ; 1       ;
; paralelo_serie_384b:inst1|shift_reg[16]                                             ; 1       ;
; paralelo_serie_384b:inst1|shift_reg[17]                                             ; 1       ;
; paralelo_serie_384b:inst1|shift_reg[18]                                             ; 1       ;
; paralelo_serie_384b:inst1|shift_reg[19]                                             ; 1       ;
; paralelo_serie_384b:inst1|shift_reg[20]                                             ; 1       ;
; paralelo_serie_384b:inst1|shift_reg[21]                                             ; 1       ;
; paralelo_serie_384b:inst1|shift_reg[22]                                             ; 1       ;
; paralelo_serie_384b:inst1|shift_reg[24]~29                                          ; 1       ;
; paralelo_serie_384b:inst1|shift_reg[23]                                             ; 1       ;
; paralelo_serie_384b:inst1|shift_reg[24]~28                                          ; 1       ;
; paralelo_serie_384b:inst1|shift_reg[24]~_emulated                                   ; 1       ;
; paralelo_serie_384b:inst1|shift_reg[25]                                             ; 1       ;
; paralelo_serie_384b:inst1|shift_reg[27]~27                                          ; 1       ;
; paralelo_serie_384b:inst1|shift_reg[26]                                             ; 1       ;
; paralelo_serie_384b:inst1|shift_reg[27]~26                                          ; 1       ;
; paralelo_serie_384b:inst1|shift_reg[27]~_emulated                                   ; 1       ;
; paralelo_serie_384b:inst1|shift_reg[28]                                             ; 1       ;
; paralelo_serie_384b:inst1|shift_reg[29]                                             ; 1       ;
; paralelo_serie_384b:inst1|shift_reg[30]                                             ; 1       ;
; paralelo_serie_384b:inst1|shift_reg[32]~25                                          ; 1       ;
; paralelo_serie_384b:inst1|shift_reg[31]                                             ; 1       ;
; paralelo_serie_384b:inst1|shift_reg[32]~24                                          ; 1       ;
; paralelo_serie_384b:inst1|shift_reg[32]~_emulated                                   ; 1       ;
; paralelo_serie_384b:inst1|shift_reg[33]                                             ; 1       ;
; paralelo_serie_384b:inst1|shift_reg[34]                                             ; 1       ;
; paralelo_serie_384b:inst1|shift_reg[35]                                             ; 1       ;
; paralelo_serie_384b:inst1|shift_reg[36]                                             ; 1       ;
; paralelo_serie_384b:inst1|shift_reg[37]                                             ; 1       ;
; paralelo_serie_384b:inst1|shift_reg[38]                                             ; 1       ;
; coloress2:inst17|Mux322~0                                                           ; 1       ;
; paralelo_serie_384b:inst1|shift_reg[40]~23                                          ; 1       ;
; paralelo_serie_384b:inst1|shift_reg[39]                                             ; 1       ;
; paralelo_serie_384b:inst1|shift_reg[40]~22                                          ; 1       ;
; paralelo_serie_384b:inst1|shift_reg[40]~_emulated                                   ; 1       ;
; paralelo_serie_384b:inst1|shift_reg[41]                                             ; 1       ;
; paralelo_serie_384b:inst1|shift_reg[42]                                             ; 1       ;
; paralelo_serie_384b:inst1|shift_reg[43]                                             ; 1       ;
; paralelo_serie_384b:inst1|shift_reg[44]                                             ; 1       ;
; paralelo_serie_384b:inst1|shift_reg[45]                                             ; 1       ;
; paralelo_serie_384b:inst1|shift_reg[46]                                             ; 1       ;
; paralelo_serie_384b:inst1|shift_reg[48]~19                                          ; 1       ;
; paralelo_serie_384b:inst1|shift_reg[47]                                             ; 1       ;
; paralelo_serie_384b:inst1|shift_reg[48]~18                                          ; 1       ;
; paralelo_serie_384b:inst1|shift_reg[48]~_emulated                                   ; 1       ;
; paralelo_serie_384b:inst1|shift_reg[49]                                             ; 1       ;
; paralelo_serie_384b:inst1|shift_reg[51]~17                                          ; 1       ;
; paralelo_serie_384b:inst1|shift_reg[50]                                             ; 1       ;
; paralelo_serie_384b:inst1|shift_reg[51]~16                                          ; 1       ;
; paralelo_serie_384b:inst1|shift_reg[51]~_emulated                                   ; 1       ;
; paralelo_serie_384b:inst1|shift_reg[52]                                             ; 1       ;
; paralelo_serie_384b:inst1|shift_reg[53]                                             ; 1       ;
; paralelo_serie_384b:inst1|shift_reg[54]                                             ; 1       ;
; paralelo_serie_384b:inst1|shift_reg[56]~15                                          ; 1       ;
; paralelo_serie_384b:inst1|shift_reg[55]                                             ; 1       ;
; paralelo_serie_384b:inst1|shift_reg[56]~14                                          ; 1       ;
; paralelo_serie_384b:inst1|shift_reg[56]~_emulated                                   ; 1       ;
; paralelo_serie_384b:inst1|shift_reg[57]                                             ; 1       ;
; paralelo_serie_384b:inst1|shift_reg[58]                                             ; 1       ;
; paralelo_serie_384b:inst1|shift_reg[59]                                             ; 1       ;
; paralelo_serie_384b:inst1|shift_reg[60]                                             ; 1       ;
; paralelo_serie_384b:inst1|shift_reg[61]                                             ; 1       ;
; paralelo_serie_384b:inst1|shift_reg[62]                                             ; 1       ;
; coloress2:inst17|Mux298~0                                                           ; 1       ;
; paralelo_serie_384b:inst1|shift_reg[64]~13                                          ; 1       ;
; paralelo_serie_384b:inst1|shift_reg[63]                                             ; 1       ;
; paralelo_serie_384b:inst1|shift_reg[64]~12                                          ; 1       ;
; paralelo_serie_384b:inst1|shift_reg[64]~_emulated                                   ; 1       ;
; paralelo_serie_384b:inst1|shift_reg[65]                                             ; 1       ;
; paralelo_serie_384b:inst1|shift_reg[66]                                             ; 1       ;
; paralelo_serie_384b:inst1|shift_reg[67]                                             ; 1       ;
; paralelo_serie_384b:inst1|shift_reg[68]                                             ; 1       ;
; paralelo_serie_384b:inst1|shift_reg[69]                                             ; 1       ;
; paralelo_serie_384b:inst1|shift_reg[70]                                             ; 1       ;
; paralelo_serie_384b:inst1|shift_reg[72]~9                                           ; 1       ;
; paralelo_serie_384b:inst1|shift_reg[71]                                             ; 1       ;
; paralelo_serie_384b:inst1|shift_reg[72]~8                                           ; 1       ;
; paralelo_serie_384b:inst1|shift_reg[72]~_emulated                                   ; 1       ;
; paralelo_serie_384b:inst1|shift_reg[73]                                             ; 1       ;
; paralelo_serie_384b:inst1|shift_reg[75]~7                                           ; 1       ;
; paralelo_serie_384b:inst1|shift_reg[74]                                             ; 1       ;
; paralelo_serie_384b:inst1|shift_reg[75]~6                                           ; 1       ;
; paralelo_serie_384b:inst1|shift_reg[75]~_emulated                                   ; 1       ;
; paralelo_serie_384b:inst1|shift_reg[76]                                             ; 1       ;
; paralelo_serie_384b:inst1|shift_reg[77]                                             ; 1       ;
; paralelo_serie_384b:inst1|shift_reg[78]                                             ; 1       ;
; paralelo_serie_384b:inst1|shift_reg[80]~5                                           ; 1       ;
; paralelo_serie_384b:inst1|shift_reg[79]                                             ; 1       ;
; paralelo_serie_384b:inst1|shift_reg[80]~4                                           ; 1       ;
; paralelo_serie_384b:inst1|shift_reg[80]~_emulated                                   ; 1       ;
; paralelo_serie_384b:inst1|shift_reg[81]                                             ; 1       ;
; paralelo_serie_384b:inst1|shift_reg[82]                                             ; 1       ;
; paralelo_serie_384b:inst1|shift_reg[83]                                             ; 1       ;
; paralelo_serie_384b:inst1|shift_reg[84]                                             ; 1       ;
; paralelo_serie_384b:inst1|shift_reg[85]                                             ; 1       ;
; coloress2:inst17|puntos1[1]~0                                                       ; 1       ;
; paralelo_serie_384b:inst1|shift_reg[86]                                             ; 1       ;
; coloress2:inst17|Mux274~0                                                           ; 1       ;
; paralelo_serie_384b:inst1|shift_reg[88]~3                                           ; 1       ;
; paralelo_serie_384b:inst1|shift_reg[87]                                             ; 1       ;
; paralelo_serie_384b:inst1|shift_reg[88]~2                                           ; 1       ;
; paralelo_serie_384b:inst1|shift_reg[88]~_emulated                                   ; 1       ;
; paralelo_serie_384b:inst1|shift_reg[89]                                             ; 1       ;
; paralelo_serie_384b:inst1|shift_reg[90]                                             ; 1       ;
; paralelo_serie_384b:inst1|shift_reg[91]                                             ; 1       ;
; paralelo_serie_384b:inst1|shift_reg[92]                                             ; 1       ;
; paralelo_serie_384b:inst1|shift_reg[93]                                             ; 1       ;
; paralelo_serie_384b:inst1|shift_reg[94]                                             ; 1       ;
; paralelo_serie_384b:inst1|shift_reg[95]                                             ; 1       ;
; paralelo_serie_384b:inst1|shift_reg[96]                                             ; 1       ;
; paralelo_serie_384b:inst1|shift_reg[97]                                             ; 1       ;
; paralelo_serie_384b:inst1|shift_reg[98]                                             ; 1       ;
; paralelo_serie_384b:inst1|shift_reg[99]                                             ; 1       ;
; paralelo_serie_384b:inst1|shift_reg[100]                                            ; 1       ;
; paralelo_serie_384b:inst1|shift_reg[101]                                            ; 1       ;
; paralelo_serie_384b:inst1|shift_reg[102]                                            ; 1       ;
; paralelo_serie_384b:inst1|shift_reg[103]                                            ; 1       ;
; paralelo_serie_384b:inst1|shift_reg[104]                                            ; 1       ;
; paralelo_serie_384b:inst1|shift_reg[105]                                            ; 1       ;
; paralelo_serie_384b:inst1|shift_reg[106]                                            ; 1       ;
; paralelo_serie_384b:inst1|shift_reg[107]                                            ; 1       ;
; paralelo_serie_384b:inst1|shift_reg[108]                                            ; 1       ;
; paralelo_serie_384b:inst1|shift_reg[109]                                            ; 1       ;
; paralelo_serie_384b:inst1|shift_reg[110]                                            ; 1       ;
; paralelo_serie_384b:inst1|shift_reg[111]                                            ; 1       ;
; paralelo_serie_384b:inst1|shift_reg[112]                                            ; 1       ;
; paralelo_serie_384b:inst1|shift_reg[113]                                            ; 1       ;
; paralelo_serie_384b:inst1|shift_reg[114]                                            ; 1       ;
; paralelo_serie_384b:inst1|shift_reg[115]                                            ; 1       ;
; paralelo_serie_384b:inst1|shift_reg[116]                                            ; 1       ;
; paralelo_serie_384b:inst1|shift_reg[117]                                            ; 1       ;
; paralelo_serie_384b:inst1|shift_reg[118]                                            ; 1       ;
; paralelo_serie_384b:inst1|shift_reg[119]                                            ; 1       ;
; paralelo_serie_384b:inst1|shift_reg[120]                                            ; 1       ;
; paralelo_serie_384b:inst1|shift_reg[121]                                            ; 1       ;
; paralelo_serie_384b:inst1|shift_reg[122]                                            ; 1       ;
; paralelo_serie_384b:inst1|shift_reg[123]                                            ; 1       ;
; paralelo_serie_384b:inst1|shift_reg[124]                                            ; 1       ;
; paralelo_serie_384b:inst1|shift_reg[125]                                            ; 1       ;
; paralelo_serie_384b:inst1|shift_reg[126]                                            ; 1       ;
; paralelo_serie_384b:inst1|shift_reg[127]                                            ; 1       ;
; paralelo_serie_384b:inst1|shift_reg[128]                                            ; 1       ;
; paralelo_serie_384b:inst1|shift_reg[129]                                            ; 1       ;
; paralelo_serie_384b:inst1|shift_reg[130]                                            ; 1       ;
; paralelo_serie_384b:inst1|shift_reg[131]                                            ; 1       ;
; paralelo_serie_384b:inst1|shift_reg[132]                                            ; 1       ;
; paralelo_serie_384b:inst1|shift_reg[133]                                            ; 1       ;
; paralelo_serie_384b:inst1|shift_reg[134]                                            ; 1       ;
; paralelo_serie_384b:inst1|shift_reg[135]                                            ; 1       ;
; paralelo_serie_384b:inst1|shift_reg[136]                                            ; 1       ;
; paralelo_serie_384b:inst1|shift_reg[137]                                            ; 1       ;
; paralelo_serie_384b:inst1|shift_reg[138]                                            ; 1       ;
; paralelo_serie_384b:inst1|shift_reg[139]                                            ; 1       ;
; paralelo_serie_384b:inst1|shift_reg[140]                                            ; 1       ;
; paralelo_serie_384b:inst1|shift_reg[141]                                            ; 1       ;
; paralelo_serie_384b:inst1|shift_reg[142]                                            ; 1       ;
; paralelo_serie_384b:inst1|shift_reg[143]                                            ; 1       ;
; paralelo_serie_384b:inst1|shift_reg[144]                                            ; 1       ;
; paralelo_serie_384b:inst1|shift_reg[145]                                            ; 1       ;
; paralelo_serie_384b:inst1|shift_reg[146]                                            ; 1       ;
; paralelo_serie_384b:inst1|shift_reg[147]                                            ; 1       ;
; paralelo_serie_384b:inst1|shift_reg[148]                                            ; 1       ;
; paralelo_serie_384b:inst1|shift_reg[149]                                            ; 1       ;
; paralelo_serie_384b:inst1|shift_reg[150]                                            ; 1       ;
; paralelo_serie_384b:inst1|shift_reg[151]                                            ; 1       ;
; paralelo_serie_384b:inst1|shift_reg[152]                                            ; 1       ;
; paralelo_serie_384b:inst1|shift_reg[153]                                            ; 1       ;
; paralelo_serie_384b:inst1|shift_reg[154]                                            ; 1       ;
; paralelo_serie_384b:inst1|shift_reg[155]                                            ; 1       ;
; paralelo_serie_384b:inst1|shift_reg[156]                                            ; 1       ;
; paralelo_serie_384b:inst1|shift_reg[157]                                            ; 1       ;
; paralelo_serie_384b:inst1|shift_reg[158]                                            ; 1       ;
; paralelo_serie_384b:inst1|shift_reg[159]                                            ; 1       ;
; paralelo_serie_384b:inst1|shift_reg[160]                                            ; 1       ;
; paralelo_serie_384b:inst1|shift_reg[161]                                            ; 1       ;
; paralelo_serie_384b:inst1|shift_reg[162]                                            ; 1       ;
; paralelo_serie_384b:inst1|shift_reg[163]                                            ; 1       ;
; paralelo_serie_384b:inst1|shift_reg[164]                                            ; 1       ;
; paralelo_serie_384b:inst1|shift_reg[165]                                            ; 1       ;
; paralelo_serie_384b:inst1|shift_reg[166]                                            ; 1       ;
; paralelo_serie_384b:inst1|shift_reg[167]                                            ; 1       ;
; paralelo_serie_384b:inst1|shift_reg[168]                                            ; 1       ;
; paralelo_serie_384b:inst1|shift_reg[169]                                            ; 1       ;
; paralelo_serie_384b:inst1|shift_reg[170]                                            ; 1       ;
; paralelo_serie_384b:inst1|shift_reg[171]                                            ; 1       ;
; paralelo_serie_384b:inst1|shift_reg[172]                                            ; 1       ;
; paralelo_serie_384b:inst1|shift_reg[173]                                            ; 1       ;
; paralelo_serie_384b:inst1|shift_reg[174]                                            ; 1       ;
; paralelo_serie_384b:inst1|shift_reg[175]                                            ; 1       ;
; paralelo_serie_384b:inst1|shift_reg[176]                                            ; 1       ;
; paralelo_serie_384b:inst1|shift_reg[177]                                            ; 1       ;
; paralelo_serie_384b:inst1|shift_reg[178]                                            ; 1       ;
; paralelo_serie_384b:inst1|shift_reg[179]                                            ; 1       ;
; paralelo_serie_384b:inst1|shift_reg[180]                                            ; 1       ;
; paralelo_serie_384b:inst1|shift_reg[181]                                            ; 1       ;
; paralelo_serie_384b:inst1|shift_reg[182]                                            ; 1       ;
; paralelo_serie_384b:inst1|shift_reg[183]                                            ; 1       ;
; paralelo_serie_384b:inst1|shift_reg[184]                                            ; 1       ;
; paralelo_serie_384b:inst1|shift_reg[185]                                            ; 1       ;
; paralelo_serie_384b:inst1|shift_reg[186]                                            ; 1       ;
; paralelo_serie_384b:inst1|shift_reg[187]                                            ; 1       ;
; paralelo_serie_384b:inst1|shift_reg[188]                                            ; 1       ;
; paralelo_serie_384b:inst1|shift_reg[189]                                            ; 1       ;
; paralelo_serie_384b:inst1|shift_reg[190]                                            ; 1       ;
; paralelo_serie_384b:inst1|shift_reg[191]                                            ; 1       ;
; paralelo_serie_384b:inst1|shift_reg[192]                                            ; 1       ;
; paralelo_serie_384b:inst1|shift_reg[193]                                            ; 1       ;
; paralelo_serie_384b:inst1|shift_reg[194]                                            ; 1       ;
; paralelo_serie_384b:inst1|shift_reg[195]                                            ; 1       ;
; paralelo_serie_384b:inst1|shift_reg[196]                                            ; 1       ;
; paralelo_serie_384b:inst1|shift_reg[197]                                            ; 1       ;
; paralelo_serie_384b:inst1|shift_reg[198]                                            ; 1       ;
; paralelo_serie_384b:inst1|shift_reg[199]                                            ; 1       ;
; paralelo_serie_384b:inst1|shift_reg[200]                                            ; 1       ;
; paralelo_serie_384b:inst1|shift_reg[201]                                            ; 1       ;
; paralelo_serie_384b:inst1|shift_reg[202]                                            ; 1       ;
; paralelo_serie_384b:inst1|shift_reg[203]                                            ; 1       ;
; paralelo_serie_384b:inst1|shift_reg[204]                                            ; 1       ;
; paralelo_serie_384b:inst1|shift_reg[205]                                            ; 1       ;
; paralelo_serie_384b:inst1|shift_reg[206]                                            ; 1       ;
; paralelo_serie_384b:inst1|shift_reg[207]                                            ; 1       ;
; paralelo_serie_384b:inst1|shift_reg[208]                                            ; 1       ;
; paralelo_serie_384b:inst1|shift_reg[209]                                            ; 1       ;
; paralelo_serie_384b:inst1|shift_reg[210]                                            ; 1       ;
; paralelo_serie_384b:inst1|shift_reg[211]                                            ; 1       ;
; paralelo_serie_384b:inst1|shift_reg[212]                                            ; 1       ;
; paralelo_serie_384b:inst1|shift_reg[213]                                            ; 1       ;
; paralelo_serie_384b:inst1|shift_reg[214]                                            ; 1       ;
; paralelo_serie_384b:inst1|shift_reg[215]                                            ; 1       ;
; paralelo_serie_384b:inst1|shift_reg[216]                                            ; 1       ;
; paralelo_serie_384b:inst1|shift_reg[217]                                            ; 1       ;
; paralelo_serie_384b:inst1|shift_reg[218]                                            ; 1       ;
; paralelo_serie_384b:inst1|shift_reg[219]                                            ; 1       ;
; paralelo_serie_384b:inst1|shift_reg[220]                                            ; 1       ;
; paralelo_serie_384b:inst1|shift_reg[221]                                            ; 1       ;
; paralelo_serie_384b:inst1|shift_reg[222]                                            ; 1       ;
; paralelo_serie_384b:inst1|shift_reg[223]                                            ; 1       ;
; paralelo_serie_384b:inst1|shift_reg[224]                                            ; 1       ;
; paralelo_serie_384b:inst1|shift_reg[225]                                            ; 1       ;
; paralelo_serie_384b:inst1|shift_reg[226]                                            ; 1       ;
; paralelo_serie_384b:inst1|shift_reg[227]                                            ; 1       ;
; paralelo_serie_384b:inst1|shift_reg[228]                                            ; 1       ;
; paralelo_serie_384b:inst1|shift_reg[229]                                            ; 1       ;
; paralelo_serie_384b:inst1|shift_reg[230]                                            ; 1       ;
; paralelo_serie_384b:inst1|shift_reg[231]                                            ; 1       ;
; paralelo_serie_384b:inst1|shift_reg[232]                                            ; 1       ;
; paralelo_serie_384b:inst1|shift_reg[233]                                            ; 1       ;
; paralelo_serie_384b:inst1|shift_reg[234]                                            ; 1       ;
; paralelo_serie_384b:inst1|shift_reg[235]                                            ; 1       ;
; paralelo_serie_384b:inst1|shift_reg[236]                                            ; 1       ;
; paralelo_serie_384b:inst1|shift_reg[237]                                            ; 1       ;
; paralelo_serie_384b:inst1|shift_reg[238]                                            ; 1       ;
; paralelo_serie_384b:inst1|shift_reg[239]                                            ; 1       ;
; paralelo_serie_384b:inst1|shift_reg[240]                                            ; 1       ;
; paralelo_serie_384b:inst1|shift_reg[241]                                            ; 1       ;
; paralelo_serie_384b:inst1|shift_reg[242]                                            ; 1       ;
; paralelo_serie_384b:inst1|shift_reg[243]                                            ; 1       ;
; paralelo_serie_384b:inst1|shift_reg[244]                                            ; 1       ;
; paralelo_serie_384b:inst1|shift_reg[245]                                            ; 1       ;
; paralelo_serie_384b:inst1|shift_reg[246]                                            ; 1       ;
; paralelo_serie_384b:inst1|shift_reg[247]                                            ; 1       ;
; paralelo_serie_384b:inst1|shift_reg[248]                                            ; 1       ;
; paralelo_serie_384b:inst1|shift_reg[249]                                            ; 1       ;
; paralelo_serie_384b:inst1|shift_reg[250]                                            ; 1       ;
; paralelo_serie_384b:inst1|shift_reg[251]                                            ; 1       ;
; paralelo_serie_384b:inst1|shift_reg[252]                                            ; 1       ;
; paralelo_serie_384b:inst1|shift_reg[253]                                            ; 1       ;
; paralelo_serie_384b:inst1|shift_reg[254]                                            ; 1       ;
; paralelo_serie_384b:inst1|shift_reg[255]                                            ; 1       ;
; paralelo_serie_384b:inst1|shift_reg[256]                                            ; 1       ;
; paralelo_serie_384b:inst1|shift_reg[257]                                            ; 1       ;
; paralelo_serie_384b:inst1|shift_reg[258]                                            ; 1       ;
; paralelo_serie_384b:inst1|shift_reg[259]                                            ; 1       ;
; paralelo_serie_384b:inst1|shift_reg[260]                                            ; 1       ;
; paralelo_serie_384b:inst1|shift_reg[261]                                            ; 1       ;
; paralelo_serie_384b:inst1|shift_reg[262]                                            ; 1       ;
; paralelo_serie_384b:inst1|shift_reg[263]                                            ; 1       ;
; paralelo_serie_384b:inst1|shift_reg[264]                                            ; 1       ;
; paralelo_serie_384b:inst1|shift_reg[265]                                            ; 1       ;
; paralelo_serie_384b:inst1|shift_reg[266]                                            ; 1       ;
; paralelo_serie_384b:inst1|shift_reg[267]                                            ; 1       ;
; paralelo_serie_384b:inst1|shift_reg[268]                                            ; 1       ;
; paralelo_serie_384b:inst1|shift_reg[269]                                            ; 1       ;
; paralelo_serie_384b:inst1|shift_reg[270]                                            ; 1       ;
; paralelo_serie_384b:inst1|shift_reg[271]                                            ; 1       ;
; paralelo_serie_384b:inst1|shift_reg[272]                                            ; 1       ;
; paralelo_serie_384b:inst1|shift_reg[273]                                            ; 1       ;
; paralelo_serie_384b:inst1|shift_reg[274]                                            ; 1       ;
; paralelo_serie_384b:inst1|shift_reg[275]                                            ; 1       ;
; paralelo_serie_384b:inst1|shift_reg[276]                                            ; 1       ;
; paralelo_serie_384b:inst1|shift_reg[277]                                            ; 1       ;
; paralelo_serie_384b:inst1|shift_reg[278]                                            ; 1       ;
; paralelo_serie_384b:inst1|shift_reg[279]                                            ; 1       ;
; paralelo_serie_384b:inst1|shift_reg[280]                                            ; 1       ;
; paralelo_serie_384b:inst1|shift_reg[281]                                            ; 1       ;
; paralelo_serie_384b:inst1|shift_reg[282]                                            ; 1       ;
; paralelo_serie_384b:inst1|shift_reg[283]                                            ; 1       ;
; paralelo_serie_384b:inst1|shift_reg[284]                                            ; 1       ;
; paralelo_serie_384b:inst1|shift_reg[285]                                            ; 1       ;
; paralelo_serie_384b:inst1|shift_reg[286]                                            ; 1       ;
; paralelo_serie_384b:inst1|shift_reg[287]                                            ; 1       ;
; paralelo_serie_384b:inst1|shift_reg[288]                                            ; 1       ;
; paralelo_serie_384b:inst1|shift_reg[289]                                            ; 1       ;
; paralelo_serie_384b:inst1|shift_reg[290]                                            ; 1       ;
; paralelo_serie_384b:inst1|shift_reg[291]                                            ; 1       ;
; paralelo_serie_384b:inst1|shift_reg[292]                                            ; 1       ;
; paralelo_serie_384b:inst1|shift_reg[293]                                            ; 1       ;
; paralelo_serie_384b:inst1|shift_reg[294]                                            ; 1       ;
; paralelo_serie_384b:inst1|shift_reg[295]                                            ; 1       ;
; paralelo_serie_384b:inst1|shift_reg[296]                                            ; 1       ;
; paralelo_serie_384b:inst1|shift_reg[297]                                            ; 1       ;
; paralelo_serie_384b:inst1|shift_reg[298]                                            ; 1       ;
; paralelo_serie_384b:inst1|shift_reg[299]                                            ; 1       ;
; paralelo_serie_384b:inst1|shift_reg[300]                                            ; 1       ;
; paralelo_serie_384b:inst1|shift_reg[301]                                            ; 1       ;
; paralelo_serie_384b:inst1|shift_reg[302]                                            ; 1       ;
; paralelo_serie_384b:inst1|shift_reg[303]                                            ; 1       ;
; paralelo_serie_384b:inst1|shift_reg[304]                                            ; 1       ;
; paralelo_serie_384b:inst1|shift_reg[305]                                            ; 1       ;
; paralelo_serie_384b:inst1|shift_reg[306]                                            ; 1       ;
; paralelo_serie_384b:inst1|shift_reg[307]                                            ; 1       ;
; paralelo_serie_384b:inst1|shift_reg[308]                                            ; 1       ;
; paralelo_serie_384b:inst1|shift_reg[309]                                            ; 1       ;
; paralelo_serie_384b:inst1|shift_reg[310]                                            ; 1       ;
; paralelo_serie_384b:inst1|shift_reg[311]                                            ; 1       ;
; paralelo_serie_384b:inst1|shift_reg[312]                                            ; 1       ;
; paralelo_serie_384b:inst1|shift_reg[313]                                            ; 1       ;
; paralelo_serie_384b:inst1|shift_reg[314]                                            ; 1       ;
; paralelo_serie_384b:inst1|shift_reg[315]                                            ; 1       ;
; paralelo_serie_384b:inst1|shift_reg[316]                                            ; 1       ;
; paralelo_serie_384b:inst1|shift_reg[317]                                            ; 1       ;
; paralelo_serie_384b:inst1|shift_reg[318]                                            ; 1       ;
; paralelo_serie_384b:inst1|shift_reg[319]                                            ; 1       ;
; paralelo_serie_384b:inst1|shift_reg[320]                                            ; 1       ;
; paralelo_serie_384b:inst1|shift_reg[321]                                            ; 1       ;
; paralelo_serie_384b:inst1|shift_reg[322]                                            ; 1       ;
; paralelo_serie_384b:inst1|shift_reg[323]                                            ; 1       ;
; paralelo_serie_384b:inst1|shift_reg[324]                                            ; 1       ;
; paralelo_serie_384b:inst1|shift_reg[325]                                            ; 1       ;
; paralelo_serie_384b:inst1|shift_reg[326]                                            ; 1       ;
; paralelo_serie_384b:inst1|shift_reg[327]                                            ; 1       ;
; paralelo_serie_384b:inst1|shift_reg[328]                                            ; 1       ;
; paralelo_serie_384b:inst1|shift_reg[329]                                            ; 1       ;
; paralelo_serie_384b:inst1|shift_reg[330]                                            ; 1       ;
; paralelo_serie_384b:inst1|shift_reg[331]                                            ; 1       ;
; paralelo_serie_384b:inst1|shift_reg[332]                                            ; 1       ;
; paralelo_serie_384b:inst1|shift_reg[333]                                            ; 1       ;
; paralelo_serie_384b:inst1|shift_reg[334]                                            ; 1       ;
; paralelo_serie_384b:inst1|shift_reg[335]                                            ; 1       ;
; paralelo_serie_384b:inst1|shift_reg[336]                                            ; 1       ;
; paralelo_serie_384b:inst1|shift_reg[337]                                            ; 1       ;
; paralelo_serie_384b:inst1|shift_reg[338]                                            ; 1       ;
; paralelo_serie_384b:inst1|shift_reg[339]                                            ; 1       ;
; paralelo_serie_384b:inst1|shift_reg[340]                                            ; 1       ;
; paralelo_serie_384b:inst1|shift_reg[341]                                            ; 1       ;
; paralelo_serie_384b:inst1|shift_reg[342]                                            ; 1       ;
; paralelo_serie_384b:inst1|shift_reg[343]                                            ; 1       ;
; paralelo_serie_384b:inst1|shift_reg[344]                                            ; 1       ;
; paralelo_serie_384b:inst1|shift_reg[345]                                            ; 1       ;
; paralelo_serie_384b:inst1|shift_reg[346]                                            ; 1       ;
; paralelo_serie_384b:inst1|shift_reg[347]                                            ; 1       ;
; paralelo_serie_384b:inst1|shift_reg[348]                                            ; 1       ;
; paralelo_serie_384b:inst1|shift_reg[349]                                            ; 1       ;
; paralelo_serie_384b:inst1|shift_reg[350]                                            ; 1       ;
; paralelo_serie_384b:inst1|shift_reg[351]                                            ; 1       ;
; paralelo_serie_384b:inst1|shift_reg[352]                                            ; 1       ;
; paralelo_serie_384b:inst1|shift_reg[353]                                            ; 1       ;
; paralelo_serie_384b:inst1|shift_reg[354]                                            ; 1       ;
; paralelo_serie_384b:inst1|shift_reg[355]                                            ; 1       ;
; paralelo_serie_384b:inst1|shift_reg[356]                                            ; 1       ;
; paralelo_serie_384b:inst1|shift_reg[357]                                            ; 1       ;
; paralelo_serie_384b:inst1|shift_reg[358]                                            ; 1       ;
; paralelo_serie_384b:inst1|shift_reg[359]                                            ; 1       ;
; paralelo_serie_384b:inst1|shift_reg[360]                                            ; 1       ;
; paralelo_serie_384b:inst1|shift_reg[361]                                            ; 1       ;
; paralelo_serie_384b:inst1|shift_reg[362]                                            ; 1       ;
; paralelo_serie_384b:inst1|shift_reg[363]                                            ; 1       ;
; paralelo_serie_384b:inst1|shift_reg[364]                                            ; 1       ;
; paralelo_serie_384b:inst1|shift_reg[365]                                            ; 1       ;
; paralelo_serie_384b:inst1|shift_reg[366]                                            ; 1       ;
; paralelo_serie_384b:inst1|shift_reg[367]                                            ; 1       ;
; paralelo_serie_384b:inst1|shift_reg[368]                                            ; 1       ;
; paralelo_serie_384b:inst1|shift_reg[369]                                            ; 1       ;
; paralelo_serie_384b:inst1|shift_reg[370]                                            ; 1       ;
; paralelo_serie_384b:inst1|shift_reg[371]                                            ; 1       ;
; paralelo_serie_384b:inst1|shift_reg[372]                                            ; 1       ;
; paralelo_serie_384b:inst1|shift_reg[373]                                            ; 1       ;
; paralelo_serie_384b:inst1|shift_reg[374]                                            ; 1       ;
; paralelo_serie_384b:inst1|shift_reg[375]                                            ; 1       ;
; paralelo_serie_384b:inst1|shift_reg[376]                                            ; 1       ;
; paralelo_serie_384b:inst1|shift_reg[377]                                            ; 1       ;
; paralelo_serie_384b:inst1|shift_reg[378]                                            ; 1       ;
; paralelo_serie_384b:inst1|shift_reg[379]                                            ; 1       ;
; paralelo_serie_384b:inst1|shift_reg[380]                                            ; 1       ;
; paralelo_serie_384b:inst1|shift_reg[381]                                            ; 1       ;
; paralelo_serie_384b:inst1|shift_reg[382]                                            ; 1       ;
; pulso_384:inst12|strt~0                                                             ; 1       ;
; paralelo_serie_384b:inst1|shift_reg[383]                                            ; 1       ;
; pulso_384:inst12|pulso~0                                                            ; 1       ;
; inst2~1                                                                             ; 1       ;
; inst2~0                                                                             ; 1       ;
; inst7                                                                               ; 1       ;
; pulso_384:inst12|count[8]~25                                                        ; 1       ;
; pulso_384:inst12|count[7]~24                                                        ; 1       ;
; pulso_384:inst12|count[7]~23                                                        ; 1       ;
; pulso_384:inst12|count[6]~22                                                        ; 1       ;
; pulso_384:inst12|count[6]~21                                                        ; 1       ;
; pulso_384:inst12|count[5]~20                                                        ; 1       ;
; pulso_384:inst12|count[5]~19                                                        ; 1       ;
; pulso_384:inst12|count[4]~18                                                        ; 1       ;
; pulso_384:inst12|count[4]~17                                                        ; 1       ;
; pulso_384:inst12|count[3]~16                                                        ; 1       ;
; pulso_384:inst12|count[3]~15                                                        ; 1       ;
; pulso_384:inst12|count[2]~14                                                        ; 1       ;
; pulso_384:inst12|count[2]~13                                                        ; 1       ;
; pulso_384:inst12|count[1]~12                                                        ; 1       ;
; pulso_384:inst12|count[1]~11                                                        ; 1       ;
; pulso_384:inst12|count[0]~10                                                        ; 1       ;
; pulso_384:inst12|count[0]~9                                                         ; 1       ;
; pulso_384:inst12|count[0]                                                           ; 1       ;
; pulso_384:inst12|count[1]                                                           ; 1       ;
; pulso_384:inst12|count[2]                                                           ; 1       ;
; pulso_384:inst12|count[3]                                                           ; 1       ;
; pulso_384:inst12|count[4]                                                           ; 1       ;
; pulso_384:inst12|count[5]                                                           ; 1       ;
; pulso_384:inst12|count[6]                                                           ; 1       ;
; altpll0:inst|altpll:altpll_component|altpll0_altpll:auto_generated|wire_pll1_fbout  ; 1       ;
+-------------------------------------------------------------------------------------+---------+


+------------------------------------------------------+
; Other Routing Usage Summary                          ;
+-----------------------------+------------------------+
; Other Routing Resource Type ; Usage                  ;
+-----------------------------+------------------------+
; Block interconnects         ; 115 / 71,559 ( < 1 % ) ;
; C16 interconnects           ; 3 / 2,597 ( < 1 % )    ;
; C4 interconnects            ; 26 / 46,848 ( < 1 % )  ;
; Direct links                ; 51 / 71,559 ( < 1 % )  ;
; Global clocks               ; 4 / 20 ( 20 % )        ;
; Local interconnects         ; 331 / 24,624 ( 1 % )   ;
; R24 interconnects           ; 6 / 2,496 ( < 1 % )    ;
; R4 interconnects            ; 26 / 62,424 ( < 1 % )  ;
+-----------------------------+------------------------+


+----------------------------------------------------------------------------+
; LAB Logic Elements                                                         ;
+---------------------------------------------+------------------------------+
; Number of Logic Elements  (Average = 10.38) ; Number of LABs  (Total = 39) ;
+---------------------------------------------+------------------------------+
; 1                                           ; 6                            ;
; 2                                           ; 1                            ;
; 3                                           ; 1                            ;
; 4                                           ; 0                            ;
; 5                                           ; 0                            ;
; 6                                           ; 1                            ;
; 7                                           ; 2                            ;
; 8                                           ; 4                            ;
; 9                                           ; 1                            ;
; 10                                          ; 2                            ;
; 11                                          ; 2                            ;
; 12                                          ; 2                            ;
; 13                                          ; 1                            ;
; 14                                          ; 0                            ;
; 15                                          ; 2                            ;
; 16                                          ; 14                           ;
+---------------------------------------------+------------------------------+


+-------------------------------------------------------------------+
; LAB-wide Signals                                                  ;
+------------------------------------+------------------------------+
; LAB-wide Signals  (Average = 2.03) ; Number of LABs  (Total = 39) ;
+------------------------------------+------------------------------+
; 1 Async. clear                     ; 38                           ;
; 1 Clock                            ; 35                           ;
; 1 Clock enable                     ; 1                            ;
; 2 Async. clears                    ; 1                            ;
; 2 Clocks                           ; 4                            ;
+------------------------------------+------------------------------+


+-----------------------------------------------------------------------------+
; LAB Signals Sourced                                                         ;
+----------------------------------------------+------------------------------+
; Number of Signals Sourced  (Average = 18.26) ; Number of LABs  (Total = 39) ;
+----------------------------------------------+------------------------------+
; 0                                            ; 0                            ;
; 1                                            ; 1                            ;
; 2                                            ; 5                            ;
; 3                                            ; 1                            ;
; 4                                            ; 0                            ;
; 5                                            ; 0                            ;
; 6                                            ; 1                            ;
; 7                                            ; 0                            ;
; 8                                            ; 0                            ;
; 9                                            ; 0                            ;
; 10                                           ; 0                            ;
; 11                                           ; 1                            ;
; 12                                           ; 1                            ;
; 13                                           ; 1                            ;
; 14                                           ; 0                            ;
; 15                                           ; 4                            ;
; 16                                           ; 1                            ;
; 17                                           ; 0                            ;
; 18                                           ; 0                            ;
; 19                                           ; 1                            ;
; 20                                           ; 3                            ;
; 21                                           ; 0                            ;
; 22                                           ; 1                            ;
; 23                                           ; 2                            ;
; 24                                           ; 0                            ;
; 25                                           ; 1                            ;
; 26                                           ; 8                            ;
; 27                                           ; 2                            ;
; 28                                           ; 2                            ;
; 29                                           ; 2                            ;
; 30                                           ; 0                            ;
; 31                                           ; 0                            ;
; 32                                           ; 1                            ;
+----------------------------------------------+------------------------------+


+--------------------------------------------------------------------------------+
; LAB Signals Sourced Out                                                        ;
+-------------------------------------------------+------------------------------+
; Number of Signals Sourced Out  (Average = 2.00) ; Number of LABs  (Total = 39) ;
+-------------------------------------------------+------------------------------+
; 0                                               ; 0                            ;
; 1                                               ; 25                           ;
; 2                                               ; 6                            ;
; 3                                               ; 5                            ;
; 4                                               ; 1                            ;
; 5                                               ; 0                            ;
; 6                                               ; 0                            ;
; 7                                               ; 0                            ;
; 8                                               ; 0                            ;
; 9                                               ; 0                            ;
; 10                                              ; 1                            ;
; 11                                              ; 0                            ;
; 12                                              ; 1                            ;
+-------------------------------------------------+------------------------------+


+----------------------------------------------------------------------------+
; LAB Distinct Inputs                                                        ;
+---------------------------------------------+------------------------------+
; Number of Distinct Inputs  (Average = 4.23) ; Number of LABs  (Total = 39) ;
+---------------------------------------------+------------------------------+
; 0                                           ; 0                            ;
; 1                                           ; 0                            ;
; 2                                           ; 1                            ;
; 3                                           ; 23                           ;
; 4                                           ; 5                            ;
; 5                                           ; 5                            ;
; 6                                           ; 2                            ;
; 7                                           ; 1                            ;
; 8                                           ; 0                            ;
; 9                                           ; 0                            ;
; 10                                          ; 0                            ;
; 11                                          ; 0                            ;
; 12                                          ; 0                            ;
; 13                                          ; 0                            ;
; 14                                          ; 0                            ;
; 15                                          ; 2                            ;
+---------------------------------------------+------------------------------+


+------------------------------------------+
; I/O Rules Summary                        ;
+----------------------------------+-------+
; I/O Rules Statistic              ; Total ;
+----------------------------------+-------+
; Total I/O Rules                  ; 30    ;
; Number of I/O Rules Passed       ; 12    ;
; Number of I/O Rules Failed       ; 0     ;
; Number of I/O Rules Unchecked    ; 0     ;
; Number of I/O Rules Inapplicable ; 18    ;
+----------------------------------+-------+


+-----------------------------------------------------------------------------------------------------------------------------------------------------------------------------------------------------------------------------------------------------------------------------------------------------+
; I/O Rules Details                                                                                                                                                                                                                                                                                   ;
+--------------+-----------+-----------------------------------+------------------------------------------------------------------------------------------------------+----------+--------------------------------------------------------------------------+---------------------+-------------------+
; Status       ; ID        ; Category                          ; Rule Description                                                                                     ; Severity ; Information                                                              ; Area                ; Extra Information ;
+--------------+-----------+-----------------------------------+------------------------------------------------------------------------------------------------------+----------+--------------------------------------------------------------------------+---------------------+-------------------+
; Pass         ; IO_000001 ; Capacity Checks                   ; Number of pins in an I/O bank should not exceed the number of locations available.                   ; Critical ; 0 such failures found.                                                   ; I/O                 ;                   ;
; Inapplicable ; IO_000002 ; Capacity Checks                   ; Number of clocks in an I/O bank should not exceed the number of clocks available.                    ; Critical ; No Global Signal assignments found.                                      ; I/O                 ;                   ;
; Pass         ; IO_000003 ; Capacity Checks                   ; Number of pins in a Vrefgroup should not exceed the number of locations available.                   ; Critical ; 0 such failures found.                                                   ; I/O                 ;                   ;
; Inapplicable ; IO_000004 ; Voltage Compatibility Checks      ; The I/O bank should support the requested VCCIO.                                                     ; Critical ; No IOBANK_VCCIO assignments found.                                       ; I/O                 ;                   ;
; Inapplicable ; IO_000005 ; Voltage Compatibility Checks      ; The I/O bank should not have competing VREF values.                                                  ; Critical ; No VREF I/O Standard assignments found.                                  ; I/O                 ;                   ;
; Pass         ; IO_000006 ; Voltage Compatibility Checks      ; The I/O bank should not have competing VCCIO values.                                                 ; Critical ; 0 such failures found.                                                   ; I/O                 ;                   ;
; Pass         ; IO_000007 ; Valid Location Checks             ; Checks for unavailable locations.                                                                    ; Critical ; 0 such failures found.                                                   ; I/O                 ;                   ;
; Inapplicable ; IO_000008 ; Valid Location Checks             ; Checks for reserved locations.                                                                       ; Critical ; No reserved LogicLock region found.                                      ; I/O                 ;                   ;
; Pass         ; IO_000009 ; I/O Properties Checks for One I/O ; The location should support the requested I/O standard.                                              ; Critical ; 0 such failures found.                                                   ; I/O                 ;                   ;
; Pass         ; IO_000010 ; I/O Properties Checks for One I/O ; The location should support the requested I/O direction.                                             ; Critical ; 0 such failures found.                                                   ; I/O                 ;                   ;
; Inapplicable ; IO_000011 ; I/O Properties Checks for One I/O ; The location should support the requested Current Strength.                                          ; Critical ; No Current Strength assignments found.                                   ; I/O                 ;                   ;
; Pass         ; IO_000012 ; I/O Properties Checks for One I/O ; The location should support the requested On Chip Termination value.                                 ; Critical ; 0 such failures found.                                                   ; I/O                 ;                   ;
; Inapplicable ; IO_000013 ; I/O Properties Checks for One I/O ; The location should support the requested Bus Hold value.                                            ; Critical ; No Enable Bus-Hold Circuitry assignments found.                          ; I/O                 ;                   ;
; Inapplicable ; IO_000014 ; I/O Properties Checks for One I/O ; The location should support the requested Weak Pull Up value.                                        ; Critical ; No Weak Pull-Up Resistor assignments found.                              ; I/O                 ;                   ;
; Pass         ; IO_000015 ; I/O Properties Checks for One I/O ; The location should support the requested PCI Clamp Diode.                                           ; Critical ; 0 such failures found.                                                   ; I/O                 ;                   ;
; Inapplicable ; IO_000018 ; I/O Properties Checks for One I/O ; The I/O standard should support the requested Current Strength.                                      ; Critical ; No Current Strength assignments found.                                   ; I/O                 ;                   ;
; Pass         ; IO_000019 ; I/O Properties Checks for One I/O ; The I/O standard should support the requested On Chip Termination value.                             ; Critical ; 0 such failures found.                                                   ; I/O                 ;                   ;
; Pass         ; IO_000020 ; I/O Properties Checks for One I/O ; The I/O standard should support the requested PCI Clamp Diode.                                       ; Critical ; 0 such failures found.                                                   ; I/O                 ;                   ;
; Inapplicable ; IO_000021 ; I/O Properties Checks for One I/O ; The I/O standard should support the requested Weak Pull Up value.                                    ; Critical ; No Weak Pull-Up Resistor assignments found.                              ; I/O                 ;                   ;
; Inapplicable ; IO_000022 ; I/O Properties Checks for One I/O ; The I/O standard should support the requested Bus Hold value.                                        ; Critical ; No Enable Bus-Hold Circuitry assignments found.                          ; I/O                 ;                   ;
; Inapplicable ; IO_000023 ; I/O Properties Checks for One I/O ; The I/O standard should support the Open Drain value.                                                ; Critical ; No open drain assignments found.                                         ; I/O                 ;                   ;
; Pass         ; IO_000024 ; I/O Properties Checks for One I/O ; The I/O direction should support the On Chip Termination value.                                      ; Critical ; 0 such failures found.                                                   ; I/O                 ;                   ;
; Inapplicable ; IO_000026 ; I/O Properties Checks for One I/O ; On Chip Termination and Current Strength should not be used at the same time.                        ; Critical ; No Current Strength assignments found.                                   ; I/O                 ;                   ;
; Inapplicable ; IO_000027 ; I/O Properties Checks for One I/O ; Weak Pull Up and Bus Hold should not be used at the same time.                                       ; Critical ; No Enable Bus-Hold Circuitry or Weak Pull-Up Resistor assignments found. ; I/O                 ;                   ;
; Inapplicable ; IO_000045 ; I/O Properties Checks for One I/O ; The I/O standard should support the requested Slew Rate value.                                       ; Critical ; No Slew Rate assignments found.                                          ; I/O                 ;                   ;
; Inapplicable ; IO_000046 ; I/O Properties Checks for One I/O ; The location should support the requested Slew Rate value.                                           ; Critical ; No Slew Rate assignments found.                                          ; I/O                 ;                   ;
; Inapplicable ; IO_000047 ; I/O Properties Checks for One I/O ; On Chip Termination and Slew Rate should not be used at the same time.                               ; Critical ; No Slew Rate assignments found.                                          ; I/O                 ;                   ;
; Pass         ; IO_000033 ; Electromigration Checks           ; Current density for consecutive I/Os should not exceed 240mA for row I/Os and 240mA for column I/Os. ; Critical ; 0 such failures found.                                                   ; I/O                 ;                   ;
; Inapplicable ; IO_000034 ; SI Related Distance Checks        ; Single-ended outputs should be 5 LAB row(s) away from a differential I/O.                            ; High     ; No Differential I/O Standard assignments found.                          ; I/O                 ;                   ;
; Inapplicable ; IO_000042 ; SI Related SSO Limit Checks       ; No more than 20 outputs are allowed in a VREF group when VREF is being read from.                    ; High     ; No VREF I/O Standard assignments found.                                  ; I/O                 ;                   ;
; ----         ; ----      ; Disclaimer                        ; OCT rules are checked but not reported.                                                              ; None     ; ----                                                                     ; On Chip Termination ;                   ;
+--------------+-----------+-----------------------------------+------------------------------------------------------------------------------------------------------+----------+--------------------------------------------------------------------------+---------------------+-------------------+


+-----------------------------------------------------------------------------------------------------------------------------------------------------------------------------------------------------------------------------------------------------------------------------------------------------------------------------------------------------------------------------------------------------------------------------------------------------------------+
; I/O Rules Matrix                                                                                                                                                                                                                                                                                                                                                                                                                                                ;
+--------------------+-----------+--------------+-----------+--------------+--------------+-----------+-----------+--------------+-----------+-----------+--------------+--------------+--------------+--------------+--------------+--------------+--------------+--------------+--------------+--------------+--------------+--------------+--------------+--------------+--------------+--------------+--------------+-----------+--------------+--------------+
; Pin/Rules          ; IO_000001 ; IO_000002    ; IO_000003 ; IO_000004    ; IO_000005    ; IO_000006 ; IO_000007 ; IO_000008    ; IO_000009 ; IO_000010 ; IO_000011    ; IO_000012    ; IO_000013    ; IO_000014    ; IO_000015    ; IO_000018    ; IO_000019    ; IO_000020    ; IO_000021    ; IO_000022    ; IO_000023    ; IO_000024    ; IO_000026    ; IO_000027    ; IO_000045    ; IO_000046    ; IO_000047    ; IO_000033 ; IO_000034    ; IO_000042    ;
+--------------------+-----------+--------------+-----------+--------------+--------------+-----------+-----------+--------------+-----------+-----------+--------------+--------------+--------------+--------------+--------------+--------------+--------------+--------------+--------------+--------------+--------------+--------------+--------------+--------------+--------------+--------------+--------------+-----------+--------------+--------------+
; Total Pass         ; 5         ; 0            ; 5         ; 0            ; 0            ; 5         ; 5         ; 0            ; 5         ; 5         ; 0            ; 3            ; 0            ; 0            ; 2            ; 0            ; 3            ; 2            ; 0            ; 0            ; 0            ; 3            ; 0            ; 0            ; 0            ; 0            ; 0            ; 5         ; 0            ; 0            ;
; Total Unchecked    ; 0         ; 0            ; 0         ; 0            ; 0            ; 0         ; 0         ; 0            ; 0         ; 0         ; 0            ; 0            ; 0            ; 0            ; 0            ; 0            ; 0            ; 0            ; 0            ; 0            ; 0            ; 0            ; 0            ; 0            ; 0            ; 0            ; 0            ; 0         ; 0            ; 0            ;
; Total Inapplicable ; 0         ; 5            ; 0         ; 5            ; 5            ; 0         ; 0         ; 5            ; 0         ; 0         ; 5            ; 2            ; 5            ; 5            ; 3            ; 5            ; 2            ; 3            ; 5            ; 5            ; 5            ; 2            ; 5            ; 5            ; 5            ; 5            ; 5            ; 0         ; 5            ; 5            ;
; Total Fail         ; 0         ; 0            ; 0         ; 0            ; 0            ; 0         ; 0         ; 0            ; 0         ; 0         ; 0            ; 0            ; 0            ; 0            ; 0            ; 0            ; 0            ; 0            ; 0            ; 0            ; 0            ; 0            ; 0            ; 0            ; 0            ; 0            ; 0            ; 0         ; 0            ; 0            ;
; locked             ; Pass      ; Inapplicable ; Pass      ; Inapplicable ; Inapplicable ; Pass      ; Pass      ; Inapplicable ; Pass      ; Pass      ; Inapplicable ; Pass         ; Inapplicable ; Inapplicable ; Inapplicable ; Inapplicable ; Pass         ; Inapplicable ; Inapplicable ; Inapplicable ; Inapplicable ; Pass         ; Inapplicable ; Inapplicable ; Inapplicable ; Inapplicable ; Inapplicable ; Pass      ; Inapplicable ; Inapplicable ;
; Y                  ; Pass      ; Inapplicable ; Pass      ; Inapplicable ; Inapplicable ; Pass      ; Pass      ; Inapplicable ; Pass      ; Pass      ; Inapplicable ; Pass         ; Inapplicable ; Inapplicable ; Inapplicable ; Inapplicable ; Pass         ; Inapplicable ; Inapplicable ; Inapplicable ; Inapplicable ; Pass         ; Inapplicable ; Inapplicable ; Inapplicable ; Inapplicable ; Inapplicable ; Pass      ; Inapplicable ; Inapplicable ;
; pin_name1          ; Pass      ; Inapplicable ; Pass      ; Inapplicable ; Inapplicable ; Pass      ; Pass      ; Inapplicable ; Pass      ; Pass      ; Inapplicable ; Pass         ; Inapplicable ; Inapplicable ; Inapplicable ; Inapplicable ; Pass         ; Inapplicable ; Inapplicable ; Inapplicable ; Inapplicable ; Pass         ; Inapplicable ; Inapplicable ; Inapplicable ; Inapplicable ; Inapplicable ; Pass      ; Inapplicable ; Inapplicable ;
; load               ; Pass      ; Inapplicable ; Pass      ; Inapplicable ; Inapplicable ; Pass      ; Pass      ; Inapplicable ; Pass      ; Pass      ; Inapplicable ; Inapplicable ; Inapplicable ; Inapplicable ; Pass         ; Inapplicable ; Inapplicable ; Pass         ; Inapplicable ; Inapplicable ; Inapplicable ; Inapplicable ; Inapplicable ; Inapplicable ; Inapplicable ; Inapplicable ; Inapplicable ; Pass      ; Inapplicable ; Inapplicable ;
; inclk0             ; Pass      ; Inapplicable ; Pass      ; Inapplicable ; Inapplicable ; Pass      ; Pass      ; Inapplicable ; Pass      ; Pass      ; Inapplicable ; Inapplicable ; Inapplicable ; Inapplicable ; Pass         ; Inapplicable ; Inapplicable ; Pass         ; Inapplicable ; Inapplicable ; Inapplicable ; Inapplicable ; Inapplicable ; Inapplicable ; Inapplicable ; Inapplicable ; Inapplicable ; Pass      ; Inapplicable ; Inapplicable ;
+--------------------+-----------+--------------+-----------+--------------+--------------+-----------+-----------+--------------+-----------+-----------+--------------+--------------+--------------+--------------+--------------+--------------+--------------+--------------+--------------+--------------+--------------+--------------+--------------+--------------+--------------+--------------+--------------+-----------+--------------+--------------+


+---------------------------------------------------------------------------------------------+
; Fitter Device Options                                                                       ;
+------------------------------------------------------------------+--------------------------+
; Option                                                           ; Setting                  ;
+------------------------------------------------------------------+--------------------------+
; Enable user-supplied start-up clock (CLKUSR)                     ; Off                      ;
; Enable device-wide reset (DEV_CLRn)                              ; Off                      ;
; Enable device-wide output enable (DEV_OE)                        ; Off                      ;
; Enable INIT_DONE output                                          ; Off                      ;
; Configuration scheme                                             ; Active Serial            ;
; Error detection CRC                                              ; Off                      ;
; Enable open drain on CRC_ERROR pin                               ; Off                      ;
; Enable input tri-state on active configuration pins in user mode ; Off                      ;
; Configuration Voltage Level                                      ; Auto                     ;
; Force Configuration Voltage Level                                ; Off                      ;
; nCEO                                                             ; As output driving ground ;
; Data[0]                                                          ; As input tri-stated      ;
; Data[1]/ASDO                                                     ; As input tri-stated      ;
; Data[7..2]                                                       ; Unreserved               ;
; FLASH_nCE/nCSO                                                   ; As input tri-stated      ;
; Other Active Parallel pins                                       ; Unreserved               ;
; DCLK                                                             ; As output driving ground ;
; Base pin-out file on sameframe device                            ; Off                      ;
+------------------------------------------------------------------+--------------------------+


+------------------------------------+
; Operating Settings and Conditions  ;
+---------------------------+--------+
; Setting                   ; Value  ;
+---------------------------+--------+
; Nominal Core Voltage      ; 1.20 V ;
; Low Junction Temperature  ; 0 °C   ;
; High Junction Temperature ; 85 °C  ;
+---------------------------+--------+


+-------------------------------------------------------------------------------------------------------------------------+
; Estimated Delay Added for Hold Timing Summary                                                                           ;
+--------------------------------------------------+--------------------------------------------------+-------------------+
; Source Clock(s)                                  ; Destination Clock(s)                             ; Delay Added in ns ;
+--------------------------------------------------+--------------------------------------------------+-------------------+
; inst|altpll_component|auto_generated|pll1|clk[2] ; inst4                                            ; 2.4               ;
; inst|altpll_component|auto_generated|pll1|clk[2] ; inst|altpll_component|auto_generated|pll1|clk[0] ; 1.9               ;
+--------------------------------------------------+--------------------------------------------------+-------------------+
Note: For more information on problematic transfers, consider running the Fitter again with the Optimize hold timing option (Settings Menu) turned off.
This will disable optimization of problematic paths and expose them for further analysis using either the TimeQuest Timing Analyzer or the Classic Timing Analyzer.


+------------------------------------------------------------------------------------------------+
; Estimated Delay Added for Hold Timing Details                                                  ;
+------------------------+---------------------------------------------------+-------------------+
; Source Register        ; Destination Register                              ; Delay Added in ns ;
+------------------------+---------------------------------------------------+-------------------+
; coloress2:inst17|D2[0] ; paralelo_serie_384b:inst1|shift_reg[24]~_emulated ; 0.810             ;
; coloress2:inst17|D3[0] ; paralelo_serie_384b:inst1|shift_reg[48]~_emulated ; 0.809             ;
; coloress2:inst17|D4[0] ; paralelo_serie_384b:inst1|shift_reg[88]~1         ; 0.809             ;
; inst4                  ; paralelo_serie_384b:inst1|shift_reg[25]           ; 0.314             ;
+------------------------+---------------------------------------------------+-------------------+
Note: This table only shows the top 4 path(s) that have the largest delay added for hold.


+-----------------+
; Fitter Messages ;
+-----------------+
Warning (20028): Parallel compilation is not licensed and has been disabled
Info (119006): Selected device EP4CE22F17C6 for design "prubaleds"
Info (21077): Low junction temperature is 0 degrees C
Info (21077): High junction temperature is 85 degrees C
Info (15535): Implemented PLL "altpll0:inst|altpll:altpll_component|altpll0_altpll:auto_generated|pll1" as Cyclone IV E PLL type
    Info (15099): Implementing clock multiplication of 2, clock division of 125, and phase shift of 0 degrees (0 ps) for altpll0:inst|altpll:altpll_component|altpll0_altpll:auto_generated|wire_pll1_clk[0] port
    Info (15099): Implementing clock multiplication of 2, clock division of 125, and phase shift of 0 degrees (0 ps) for altpll0:inst|altpll:altpll_component|altpll0_altpll:auto_generated|wire_pll1_clk[1] port
    Info (15099): Implementing clock multiplication of 1, clock division of 25000, and phase shift of 0 degrees (0 ps) for altpll0:inst|altpll:altpll_component|altpll0_altpll:auto_generated|wire_pll1_clk[2] port
Info (171003): Fitter is performing an Auto Fit compilation, which may decrease Fitter effort to reduce compilation time
Warning (292013): Feature LogicLock is only available with a valid subscription license. You can purchase a software subscription to gain full access to this feature.
Info (176444): Device migration not selected. If you intend to use device migration later, you may need to change the pin assignments as they may be incompatible with other devices
    Info (176445): Device EP4CE10F17C6 is compatible
    Info (176445): Device EP4CE6F17C6 is compatible
    Info (176445): Device EP4CE15F17C6 is compatible
Info (169124): Fitter converted 5 user pins into dedicated programming pins
    Info (169125): Pin ~ALTERA_ASDO_DATA1~ is reserved at location C1
    Info (169125): Pin ~ALTERA_FLASH_nCE_nCSO~ is reserved at location D2
    Info (169125): Pin ~ALTERA_DCLK~ is reserved at location H1
    Info (169125): Pin ~ALTERA_DATA0~ is reserved at location H2
    Info (169125): Pin ~ALTERA_nCEO~ is reserved at location F16
Warning (15714): Some pins have incomplete I/O assignments. Refer to the I/O Assignment Warnings report for details
Warning (335093): TimeQuest Timing Analyzer is analyzing 3 combinational loops as latches.
Critical Warning (332012): Synopsys Design Constraints File file not found: 'prubaleds.sdc'. A Synopsys Design Constraints File is required by the TimeQuest Timing Analyzer to get proper timing constraints. Without it, the Compiler will not properly optimize the design.
Info (332144): No user constrained generated clocks found in the design
Info (332144): No user constrained base clocks found in the design
Info (332143): No user constrained clock uncertainty found in the design. Calling "derive_clock_uncertainty"
Info (332123): Deriving Clock Uncertainty. Please refer to report_sdc in TimeQuest to see clock uncertainties.
Info (332130): Timing requirements not specified -- quality metrics such as performance may be sacrificed to reduce compilation time.
Info (176353): Automatically promoted node altpll0:inst|altpll:altpll_component|altpll0_altpll:auto_generated|wire_pll1_clk[0] (placed in counter C0 of PLL_4)
    Info (176355): Automatically promoted destinations to use location or clock signal Global Clock CLKCTRL_G18
Info (176353): Automatically promoted node altpll0:inst|altpll:altpll_component|altpll0_altpll:auto_generated|wire_pll1_clk[1] (placed in counter C1 of PLL_4)
    Info (176355): Automatically promoted destinations to use location or clock signal Global Clock CLKCTRL_G19
Info (176353): Automatically promoted node altpll0:inst|altpll:altpll_component|altpll0_altpll:auto_generated|wire_pll1_clk[2] (placed in counter C3 of PLL_4)
    Info (176355): Automatically promoted destinations to use location or clock signal Global Clock CLKCTRL_G16
Info (176353): Automatically promoted node inst4 
    Info (176355): Automatically promoted destinations to use location or clock signal Global Clock
    Info (176356): Following destination nodes may be non-global or may not use global or regional clocks
        Info (176357): Destination node paralelo_serie_384b:inst1|shift_reg[88]~2
        Info (176357): Destination node paralelo_serie_384b:inst1|shift_reg[80]~4
        Info (176357): Destination node paralelo_serie_384b:inst1|shift_reg[75]~6
        Info (176357): Destination node paralelo_serie_384b:inst1|shift_reg[72]~8
        Info (176357): Destination node paralelo_serie_384b:inst1|shift_reg[64]~12
        Info (176357): Destination node paralelo_serie_384b:inst1|shift_reg[56]~14
        Info (176357): Destination node paralelo_serie_384b:inst1|shift_reg[51]~16
        Info (176357): Destination node paralelo_serie_384b:inst1|shift_reg[48]~18
        Info (176357): Destination node paralelo_serie_384b:inst1|shift_reg[40]~22
        Info (176357): Destination node paralelo_serie_384b:inst1|shift_reg[32]~24
        Info (176358): Non-global destination nodes limited to 10 nodes
Info (176233): Starting register packing
Info (176235): Finished register packing
    Extra Info (176219): No registers were packed into other blocks
Info (171121): Fitter preparation operations ending: elapsed time is 00:00:01
Info (170189): Fitter placement preparation operations beginning
Info (170190): Fitter placement preparation operations ending: elapsed time is 00:00:00
Info (170191): Fitter placement operations beginning
Info (170137): Fitter placement was successful
Info (170192): Fitter placement operations ending: elapsed time is 00:00:01
Info (170193): Fitter routing operations beginning
Info (170195): Router estimated average interconnect usage is 0% of the available device resources
    Info (170196): Router estimated peak interconnect usage is 0% of the available device resources in the region that extends from location X21_Y23 to location X31_Y34
Info (170194): Fitter routing operations ending: elapsed time is 00:00:02
Info (170199): The Fitter performed an Auto Fit compilation.  Optimizations were skipped to reduce compilation time.
    Info (170201): Optimizations that may affect the design's routability were skipped
Info (11888): Total time spent on timing analysis during the Fitter is 0.66 seconds.
Info (334003): Started post-fitting delay annotation
Info (334004): Delay annotation completed successfully
Info (334003): Started post-fitting delay annotation
Info (334004): Delay annotation completed successfully
Info (11218): Fitter post-fit operations ending: elapsed time is 00:00:01
Info (144001): Generated suppressed messages file C:/Users/iniak/Desktop/ipl/lab_2_leds/output_files/prubaleds.fit.smsg
Info: Quartus II 64-Bit Fitter was successful. 0 errors, 5 warnings
    Info: Peak virtual memory: 4903 megabytes
    Info: Processing ended: Thu Nov 27 14:28:29 2025
    Info: Elapsed time: 00:00:13
    Info: Total CPU time (on all processors): 00:00:12


+----------------------------+
; Fitter Suppressed Messages ;
+----------------------------+
The suppressed messages can be found in C:/Users/iniak/Desktop/ipl/lab_2_leds/output_files/prubaleds.fit.smsg.


