TimeQuest Timing Analyzer report for prubaleds
Thu Nov 27 14:28:40 2025
Quartus II 64-Bit Version 13.0.1 Build 232 06/12/2013 Service Pack 1 SJ Web Edition


---------------------
; Table of Contents ;
---------------------
  1. Legal Notice
  2. TimeQuest Timing Analyzer Summary
  3. Parallel Compilation
  4. Clocks
  5. Slow 1200mV 85C Model Fmax Summary
  6. Timing Closure Recommendations
  7. Slow 1200mV 85C Model Setup Summary
  8. Slow 1200mV 85C Model Hold Summary
  9. Slow 1200mV 85C Model Recovery Summary
 10. Slow 1200mV 85C Model Removal Summary
 11. Slow 1200mV 85C Model Minimum Pulse Width Summary
 12. Slow 1200mV 85C Model Setup: 'inst|altpll_component|auto_generated|pll1|clk[0]'
 13. Slow 1200mV 85C Model Setup: 'inst4'
 14. Slow 1200mV 85C Model Setup: 'inst|altpll_component|auto_generated|pll1|clk[2]'
 15. Slow 1200mV 85C Model Setup: 'inst|altpll_component|auto_generated|pll1|clk[1]'
 16. Slow 1200mV 85C Model Hold: 'inst4'
 17. Slow 1200mV 85C Model Hold: 'inst|altpll_component|auto_generated|pll1|clk[2]'
 18. Slow 1200mV 85C Model Hold: 'inst|altpll_component|auto_generated|pll1|clk[0]'
 19. Slow 1200mV 85C Model Hold: 'inst|altpll_component|auto_generated|pll1|clk[1]'
 20. Slow 1200mV 85C Model Recovery: 'inst|altpll_component|auto_generated|pll1|clk[0]'
 21. Slow 1200mV 85C Model Recovery: 'inst|altpll_component|auto_generated|pll1|clk[1]'
 22. Slow 1200mV 85C Model Removal: 'inst|altpll_component|auto_generated|pll1|clk[0]'
 23. Slow 1200mV 85C Model Removal: 'inst|altpll_component|auto_generated|pll1|clk[1]'
 24. Slow 1200mV 85C Model Minimum Pulse Width: 'inst4'
 25. Slow 1200mV 85C Model Minimum Pulse Width: 'inclk0'
 26. Slow 1200mV 85C Model Minimum Pulse Width: 'inst|altpll_component|auto_generated|pll1|clk[0]'
 27. Slow 1200mV 85C Model Minimum Pulse Width: 'inst|altpll_component|auto_generated|pll1|clk[1]'
 28. Slow 1200mV 85C Model Minimum Pulse Width: 'inst|altpll_component|auto_generated|pll1|clk[2]'
 29. Clock to Output Times
 30. Minimum Clock to Output Times
 31. Slow 1200mV 85C Model Metastability Report
 32. Slow 1200mV 0C Model Fmax Summary
 33. Slow 1200mV 0C Model Setup Summary
 34. Slow 1200mV 0C Model Hold Summary
 35. Slow 1200mV 0C Model Recovery Summary
 36. Slow 1200mV 0C Model Removal Summary
 37. Slow 1200mV 0C Model Minimum Pulse Width Summary
 38. Slow 1200mV 0C Model Setup: 'inst|altpll_component|auto_generated|pll1|clk[0]'
 39. Slow 1200mV 0C Model Setup: 'inst4'
 40. Slow 1200mV 0C Model Setup: 'inst|altpll_component|auto_generated|pll1|clk[2]'
 41. Slow 1200mV 0C Model Setup: 'inst|altpll_component|auto_generated|pll1|clk[1]'
 42. Slow 1200mV 0C Model Hold: 'inst4'
 43. Slow 1200mV 0C Model Hold: 'inst|altpll_component|auto_generated|pll1|clk[2]'
 44. Slow 1200mV 0C Model Hold: 'inst|altpll_component|auto_generated|pll1|clk[0]'
 45. Slow 1200mV 0C Model Hold: 'inst|altpll_component|auto_generated|pll1|clk[1]'
 46. Slow 1200mV 0C Model Recovery: 'inst|altpll_component|auto_generated|pll1|clk[0]'
 47. Slow 1200mV 0C Model Recovery: 'inst|altpll_component|auto_generated|pll1|clk[1]'
 48. Slow 1200mV 0C Model Removal: 'inst|altpll_component|auto_generated|pll1|clk[0]'
 49. Slow 1200mV 0C Model Removal: 'inst|altpll_component|auto_generated|pll1|clk[1]'
 50. Slow 1200mV 0C Model Minimum Pulse Width: 'inst4'
 51. Slow 1200mV 0C Model Minimum Pulse Width: 'inclk0'
 52. Slow 1200mV 0C Model Minimum Pulse Width: 'inst|altpll_component|auto_generated|pll1|clk[0]'
 53. Slow 1200mV 0C Model Minimum Pulse Width: 'inst|altpll_component|auto_generated|pll1|clk[1]'
 54. Slow 1200mV 0C Model Minimum Pulse Width: 'inst|altpll_component|auto_generated|pll1|clk[2]'
 55. Clock to Output Times
 56. Minimum Clock to Output Times
 57. Slow 1200mV 0C Model Metastability Report
 58. Fast 1200mV 0C Model Setup Summary
 59. Fast 1200mV 0C Model Hold Summary
 60. Fast 1200mV 0C Model Recovery Summary
 61. Fast 1200mV 0C Model Removal Summary
 62. Fast 1200mV 0C Model Minimum Pulse Width Summary
 63. Fast 1200mV 0C Model Setup: 'inst|altpll_component|auto_generated|pll1|clk[0]'
 64. Fast 1200mV 0C Model Setup: 'inst|altpll_component|auto_generated|pll1|clk[2]'
 65. Fast 1200mV 0C Model Setup: 'inst4'
 66. Fast 1200mV 0C Model Setup: 'inst|altpll_component|auto_generated|pll1|clk[1]'
 67. Fast 1200mV 0C Model Hold: 'inst4'
 68. Fast 1200mV 0C Model Hold: 'inst|altpll_component|auto_generated|pll1|clk[2]'
 69. Fast 1200mV 0C Model Hold: 'inst|altpll_component|auto_generated|pll1|clk[0]'
 70. Fast 1200mV 0C Model Hold: 'inst|altpll_component|auto_generated|pll1|clk[1]'
 71. Fast 1200mV 0C Model Recovery: 'inst|altpll_component|auto_generated|pll1|clk[0]'
 72. Fast 1200mV 0C Model Recovery: 'inst|altpll_component|auto_generated|pll1|clk[1]'
 73. Fast 1200mV 0C Model Removal: 'inst|altpll_component|auto_generated|pll1|clk[0]'
 74. Fast 1200mV 0C Model Removal: 'inst|altpll_component|auto_generated|pll1|clk[1]'
 75. Fast 1200mV 0C Model Minimum Pulse Width: 'inst4'
 76. Fast 1200mV 0C Model Minimum Pulse Width: 'inclk0'
 77. Fast 1200mV 0C Model Minimum Pulse Width: 'inst|altpll_component|auto_generated|pll1|clk[0]'
 78. Fast 1200mV 0C Model Minimum Pulse Width: 'inst|altpll_component|auto_generated|pll1|clk[1]'
 79. Fast 1200mV 0C Model Minimum Pulse Width: 'inst|altpll_component|auto_generated|pll1|clk[2]'
 80. Clock to Output Times
 81. Minimum Clock to Output Times
 82. Fast 1200mV 0C Model Metastability Report
 83. Multicorner Timing Analysis Summary
 84. Clock to Output Times
 85. Minimum Clock to Output Times
 86. Board Trace Model Assignments
 87. Input Transition Times
 88. Signal Integrity Metrics (Slow 1200mv 0c Model)
 89. Signal Integrity Metrics (Slow 1200mv 85c Model)
 90. Signal Integrity Metrics (Fast 1200mv 0c Model)
 91. Setup Transfers
 92. Hold Transfers
 93. Recovery Transfers
 94. Removal Transfers
 95. Report TCCS
 96. Report RSKM
 97. Unconstrained Paths
 98. TimeQuest Timing Analyzer Messages



----------------
; Legal Notice ;
----------------
Copyright (C) 1991-2013 Altera Corporation
Your use of Altera Corporation's design tools, logic functions 
and other software and tools, and its AMPP partner logic 
functions, and any output files from any of the foregoing 
(including device programming or simulation files), and any 
associated documentation or information are expressly subject 
to the terms and conditions of the Altera Program License 
Subscription Agreement, Altera MegaCore Function License 
Agreement, or other applicable license agreement, including, 
without limitation, that your use is for the sole purpose of 
programming logic devices manufactured by Altera and sold by 
Altera or its authorized distributors.  Please refer to the 
applicable agreement for further details.



+----------------------------------------------------------------------------------------+
; TimeQuest Timing Analyzer Summary                                                      ;
+--------------------+-------------------------------------------------------------------+
; Quartus II Version ; Version 13.0.1 Build 232 06/12/2013 Service Pack 1 SJ Web Edition ;
; Revision Name      ; prubaleds                                                         ;
; Device Family      ; Cyclone IV E                                                      ;
; Device Name        ; EP4CE22F17C6                                                      ;
; Timing Models      ; Final                                                             ;
; Delay Model        ; Combined                                                          ;
; Rise/Fall Delays   ; Enabled                                                           ;
+--------------------+-------------------------------------------------------------------+


Parallel compilation was disabled, but you have multiple processors available. Enable parallel compilation to reduce compilation time.
+-------------------------------------+
; Parallel Compilation                ;
+----------------------------+--------+
; Processors                 ; Number ;
+----------------------------+--------+
; Number detected on machine ; 2      ;
; Maximum allowed            ; 1      ;
+----------------------------+--------+


+------------------------------------------------------------------------------------------------------------------------------------------------------------------------------------------------------------------------------------------------------------------------------------------------------------------------------+
; Clocks                                                                                                                                                                                                                                                                                                                       ;
+--------------------------------------------------+-----------+------------+------------+-------+------------+------------+-----------+-------------+-------+--------+-----------+------------+----------+--------+----------------------------------------------------+------------------------------------------------------+
; Clock Name                                       ; Type      ; Period     ; Frequency  ; Rise  ; Fall       ; Duty Cycle ; Divide by ; Multiply by ; Phase ; Offset ; Edge List ; Edge Shift ; Inverted ; Master ; Source                                             ; Targets                                              ;
+--------------------------------------------------+-----------+------------+------------+-------+------------+------------+-----------+-------------+-------+--------+-----------+------------+----------+--------+----------------------------------------------------+------------------------------------------------------+
; inclk0                                           ; Base      ; 20.000     ; 50.0 MHz   ; 0.000 ; 10.000     ;            ;           ;             ;       ;        ;           ;            ;          ;        ;                                                    ; { inclk0 }                                           ;
; inst4                                            ; Base      ; 1.000      ; 1000.0 MHz ; 0.000 ; 0.500      ;            ;           ;             ;       ;        ;           ;            ;          ;        ;                                                    ; { inst4 }                                            ;
; inst|altpll_component|auto_generated|pll1|clk[0] ; Generated ; 1250.000   ; 0.8 MHz    ; 0.000 ; 400.000    ; 32.00      ; 125       ; 2           ;       ;        ;           ;            ; false    ; inclk0 ; inst|altpll_component|auto_generated|pll1|inclk[0] ; { inst|altpll_component|auto_generated|pll1|clk[0] } ;
; inst|altpll_component|auto_generated|pll1|clk[1] ; Generated ; 1250.000   ; 0.8 MHz    ; 0.000 ; 800.000    ; 64.00      ; 125       ; 2           ;       ;        ;           ;            ; false    ; inclk0 ; inst|altpll_component|auto_generated|pll1|inclk[0] ; { inst|altpll_component|auto_generated|pll1|clk[1] } ;
; inst|altpll_component|auto_generated|pll1|clk[2] ; Generated ; 500000.000 ; 0.0 MHz    ; 0.000 ; 250000.000 ; 50.00      ; 25000     ; 1           ;       ;        ;           ;            ; false    ; inclk0 ; inst|altpll_component|auto_generated|pll1|inclk[0] ; { inst|altpll_component|auto_generated|pll1|clk[2] } ;
+--------------------------------------------------+-----------+------------+------------+-------+------------+------------+-----------+-------------+-------+--------+-----------+------------+----------+--------+----------------------------------------------------+------------------------------------------------------+


+----------------------------------------------------------------------------------------------------------------------------------+
; Slow 1200mV 85C Model Fmax Summary                                                                                               ;
+------------+-----------------+--------------------------------------------------+------------------------------------------------+
; Fmax       ; Restricted Fmax ; Clock Name                                       ; Note                                           ;
+------------+-----------------+--------------------------------------------------+------------------------------------------------+
; 495.29 MHz ; 495.29 MHz      ; inst|altpll_component|auto_generated|pll1|clk[2] ;                                                ;
; 519.48 MHz ; 500.0 MHz       ; inst|altpll_component|auto_generated|pll1|clk[1] ; limit due to minimum period restriction (tmin) ;
; 550.06 MHz ; 500.0 MHz       ; inst|altpll_component|auto_generated|pll1|clk[0] ; limit due to minimum period restriction (tmin) ;
+------------+-----------------+--------------------------------------------------+------------------------------------------------+
This panel reports FMAX for every clock in the design, regardless of the user-specified clock periods.  FMAX is only computed for paths where the source and destination registers or ports are driven by the same clock.  Paths of different clocks, including generated clocks, are ignored.  For paths between a clock and its inversion, FMAX is computed as if the rising and falling edges are scaled along with FMAX, such that the duty cycle (in terms of a percentage) is maintained. Altera recommends that you always use clock constraints and other slack reports for sign-off analysis.


----------------------------------
; Timing Closure Recommendations ;
----------------------------------
HTML report is unavailable in plain text report export.


+-----------------------------------------------------------------------------+
; Slow 1200mV 85C Model Setup Summary                                         ;
+--------------------------------------------------+----------+---------------+
; Clock                                            ; Slack    ; End Point TNS ;
+--------------------------------------------------+----------+---------------+
; inst|altpll_component|auto_generated|pll1|clk[0] ; -2.794   ; -59.096       ;
; inst4                                            ; -0.153   ; -0.331        ;
; inst|altpll_component|auto_generated|pll1|clk[2] ; -0.062   ; -0.062        ;
; inst|altpll_component|auto_generated|pll1|clk[1] ; 1248.075 ; 0.000         ;
+--------------------------------------------------+----------+---------------+


+---------------------------------------------------------------------------+
; Slow 1200mV 85C Model Hold Summary                                        ;
+--------------------------------------------------+--------+---------------+
; Clock                                            ; Slack  ; End Point TNS ;
+--------------------------------------------------+--------+---------------+
; inst4                                            ; -0.590 ; -1.684        ;
; inst|altpll_component|auto_generated|pll1|clk[2] ; -0.199 ; -0.199        ;
; inst|altpll_component|auto_generated|pll1|clk[0] ; 0.239  ; 0.000         ;
; inst|altpll_component|auto_generated|pll1|clk[1] ; 0.343  ; 0.000         ;
+--------------------------------------------------+--------+---------------+


+---------------------------------------------------------------------------+
; Slow 1200mV 85C Model Recovery Summary                                    ;
+--------------------------------------------------+--------+---------------+
; Clock                                            ; Slack  ; End Point TNS ;
+--------------------------------------------------+--------+---------------+
; inst|altpll_component|auto_generated|pll1|clk[0] ; -2.129 ; -805.433      ;
; inst|altpll_component|auto_generated|pll1|clk[1] ; -1.782 ; -19.546       ;
+--------------------------------------------------+--------+---------------+


+--------------------------------------------------------------------------+
; Slow 1200mV 85C Model Removal Summary                                    ;
+--------------------------------------------------+-------+---------------+
; Clock                                            ; Slack ; End Point TNS ;
+--------------------------------------------------+-------+---------------+
; inst|altpll_component|auto_generated|pll1|clk[0] ; 1.335 ; 0.000         ;
; inst|altpll_component|auto_generated|pll1|clk[1] ; 1.357 ; 0.000         ;
+--------------------------------------------------+-------+---------------+


+-------------------------------------------------------------------------------+
; Slow 1200mV 85C Model Minimum Pulse Width Summary                             ;
+--------------------------------------------------+------------+---------------+
; Clock                                            ; Slack      ; End Point TNS ;
+--------------------------------------------------+------------+---------------+
; inst4                                            ; 0.460      ; 0.000         ;
; inclk0                                           ; 9.835      ; 0.000         ;
; inst|altpll_component|auto_generated|pll1|clk[0] ; 399.747    ; 0.000         ;
; inst|altpll_component|auto_generated|pll1|clk[1] ; 449.841    ; 0.000         ;
; inst|altpll_component|auto_generated|pll1|clk[2] ; 249999.746 ; 0.000         ;
+--------------------------------------------------+------------+---------------+


+-----------------------------------------------------------------------------------------------------------------------------------------------------------------------------------------------------------------------------------------------------------------+
; Slow 1200mV 85C Model Setup: 'inst|altpll_component|auto_generated|pll1|clk[0]'                                                                                                                                                                                 ;
+----------+---------------------------------------------------+---------------------------------------------------+--------------------------------------------------+--------------------------------------------------+--------------+------------+------------+
; Slack    ; From Node                                         ; To Node                                           ; Launch Clock                                     ; Latch Clock                                      ; Relationship ; Clock Skew ; Data Delay ;
+----------+---------------------------------------------------+---------------------------------------------------+--------------------------------------------------+--------------------------------------------------+--------------+------------+------------+
; -2.794   ; paralelo_serie_384b:inst1|shift_reg[64]~11        ; paralelo_serie_384b:inst1|shift_reg[52]           ; inst4                                            ; inst|altpll_component|auto_generated|pll1|clk[0] ; 0.500        ; -2.325     ; 0.904      ;
; -2.526   ; paralelo_serie_384b:inst1|shift_reg[88]~1         ; paralelo_serie_384b:inst1|shift_reg[72]~_emulated ; inst4                                            ; inst|altpll_component|auto_generated|pll1|clk[0] ; 0.500        ; -2.324     ; 0.637      ;
; -2.523   ; paralelo_serie_384b:inst1|shift_reg[88]~1         ; paralelo_serie_384b:inst1|shift_reg[81]           ; inst4                                            ; inst|altpll_component|auto_generated|pll1|clk[0] ; 0.500        ; -2.324     ; 0.634      ;
; -2.522   ; paralelo_serie_384b:inst1|shift_reg[88]~1         ; paralelo_serie_384b:inst1|shift_reg[76]           ; inst4                                            ; inst|altpll_component|auto_generated|pll1|clk[0] ; 0.500        ; -2.324     ; 0.633      ;
; -2.522   ; paralelo_serie_384b:inst1|shift_reg[88]~1         ; paralelo_serie_384b:inst1|shift_reg[80]~_emulated ; inst4                                            ; inst|altpll_component|auto_generated|pll1|clk[0] ; 0.500        ; -2.324     ; 0.633      ;
; -2.522   ; paralelo_serie_384b:inst1|shift_reg[88]~1         ; paralelo_serie_384b:inst1|shift_reg[88]~_emulated ; inst4                                            ; inst|altpll_component|auto_generated|pll1|clk[0] ; 0.500        ; -2.324     ; 0.633      ;
; -2.522   ; paralelo_serie_384b:inst1|shift_reg[88]~1         ; paralelo_serie_384b:inst1|shift_reg[89]           ; inst4                                            ; inst|altpll_component|auto_generated|pll1|clk[0] ; 0.500        ; -2.324     ; 0.633      ;
; -2.520   ; paralelo_serie_384b:inst1|shift_reg[88]~1         ; paralelo_serie_384b:inst1|shift_reg[75]~_emulated ; inst4                                            ; inst|altpll_component|auto_generated|pll1|clk[0] ; 0.500        ; -2.324     ; 0.631      ;
; -2.498   ; paralelo_serie_384b:inst1|shift_reg[64]~11        ; paralelo_serie_384b:inst1|shift_reg[48]~_emulated ; inst4                                            ; inst|altpll_component|auto_generated|pll1|clk[0] ; 0.500        ; -2.325     ; 0.608      ;
; -2.494   ; paralelo_serie_384b:inst1|shift_reg[64]~11        ; paralelo_serie_384b:inst1|shift_reg[51]~_emulated ; inst4                                            ; inst|altpll_component|auto_generated|pll1|clk[0] ; 0.500        ; -2.325     ; 0.604      ;
; -2.494   ; paralelo_serie_384b:inst1|shift_reg[64]~11        ; paralelo_serie_384b:inst1|shift_reg[64]~_emulated ; inst4                                            ; inst|altpll_component|auto_generated|pll1|clk[0] ; 0.500        ; -2.325     ; 0.604      ;
; -2.493   ; paralelo_serie_384b:inst1|shift_reg[64]~11        ; paralelo_serie_384b:inst1|shift_reg[56]~_emulated ; inst4                                            ; inst|altpll_component|auto_generated|pll1|clk[0] ; 0.500        ; -2.325     ; 0.603      ;
; -2.459   ; paralelo_serie_384b:inst1|shift_reg[64]~11        ; paralelo_serie_384b:inst1|shift_reg[49]           ; inst4                                            ; inst|altpll_component|auto_generated|pll1|clk[0] ; 0.500        ; -2.324     ; 0.570      ;
; -2.458   ; paralelo_serie_384b:inst1|shift_reg[64]~11        ; paralelo_serie_384b:inst1|shift_reg[57]           ; inst4                                            ; inst|altpll_component|auto_generated|pll1|clk[0] ; 0.500        ; -2.324     ; 0.569      ;
; -2.454   ; paralelo_serie_384b:inst1|shift_reg[64]~11        ; paralelo_serie_384b:inst1|shift_reg[65]           ; inst4                                            ; inst|altpll_component|auto_generated|pll1|clk[0] ; 0.500        ; -2.324     ; 0.565      ;
; -2.436   ; paralelo_serie_384b:inst1|shift_reg[88]~1         ; paralelo_serie_384b:inst1|shift_reg[73]           ; inst4                                            ; inst|altpll_component|auto_generated|pll1|clk[0] ; 0.500        ; -2.323     ; 0.548      ;
; -2.362   ; paralelo_serie_384b:inst1|shift_reg[40]~21        ; paralelo_serie_384b:inst1|shift_reg[24]~_emulated ; inst4                                            ; inst|altpll_component|auto_generated|pll1|clk[0] ; 0.500        ; -2.314     ; 0.483      ;
; -2.362   ; paralelo_serie_384b:inst1|shift_reg[40]~21        ; paralelo_serie_384b:inst1|shift_reg[28]           ; inst4                                            ; inst|altpll_component|auto_generated|pll1|clk[0] ; 0.500        ; -2.314     ; 0.483      ;
; -2.361   ; paralelo_serie_384b:inst1|shift_reg[40]~21        ; paralelo_serie_384b:inst1|shift_reg[33]           ; inst4                                            ; inst|altpll_component|auto_generated|pll1|clk[0] ; 0.500        ; -2.314     ; 0.482      ;
; -2.357   ; paralelo_serie_384b:inst1|shift_reg[40]~21        ; paralelo_serie_384b:inst1|shift_reg[25]           ; inst4                                            ; inst|altpll_component|auto_generated|pll1|clk[0] ; 0.500        ; -2.314     ; 0.478      ;
; -2.356   ; paralelo_serie_384b:inst1|shift_reg[40]~21        ; paralelo_serie_384b:inst1|shift_reg[32]~_emulated ; inst4                                            ; inst|altpll_component|auto_generated|pll1|clk[0] ; 0.500        ; -2.314     ; 0.477      ;
; -2.355   ; paralelo_serie_384b:inst1|shift_reg[40]~21        ; paralelo_serie_384b:inst1|shift_reg[40]~_emulated ; inst4                                            ; inst|altpll_component|auto_generated|pll1|clk[0] ; 0.500        ; -2.314     ; 0.476      ;
; -2.354   ; paralelo_serie_384b:inst1|shift_reg[40]~21        ; paralelo_serie_384b:inst1|shift_reg[27]~_emulated ; inst4                                            ; inst|altpll_component|auto_generated|pll1|clk[0] ; 0.500        ; -2.314     ; 0.475      ;
; -2.352   ; paralelo_serie_384b:inst1|shift_reg[40]~21        ; paralelo_serie_384b:inst1|shift_reg[41]           ; inst4                                            ; inst|altpll_component|auto_generated|pll1|clk[0] ; 0.500        ; -2.314     ; 0.473      ;
; -0.816   ; inst4                                             ; paralelo_serie_384b:inst1|shift_reg[28]           ; inst4                                            ; inst|altpll_component|auto_generated|pll1|clk[0] ; 0.500        ; -0.076     ; 1.374      ;
; -0.811   ; inst4                                             ; paralelo_serie_384b:inst1|shift_reg[33]           ; inst4                                            ; inst|altpll_component|auto_generated|pll1|clk[0] ; 0.500        ; -0.076     ; 1.369      ;
; -0.808   ; inst4                                             ; paralelo_serie_384b:inst1|shift_reg[25]           ; inst4                                            ; inst|altpll_component|auto_generated|pll1|clk[0] ; 0.500        ; -0.076     ; 1.366      ;
; -0.808   ; inst4                                             ; paralelo_serie_384b:inst1|shift_reg[41]           ; inst4                                            ; inst|altpll_component|auto_generated|pll1|clk[0] ; 0.500        ; -0.076     ; 1.366      ;
; -0.752   ; inst4                                             ; paralelo_serie_384b:inst1|shift_reg[49]           ; inst4                                            ; inst|altpll_component|auto_generated|pll1|clk[0] ; 0.500        ; -0.078     ; 1.308      ;
; -0.750   ; inst4                                             ; paralelo_serie_384b:inst1|shift_reg[65]           ; inst4                                            ; inst|altpll_component|auto_generated|pll1|clk[0] ; 0.500        ; -0.078     ; 1.306      ;
; -0.748   ; inst4                                             ; paralelo_serie_384b:inst1|shift_reg[57]           ; inst4                                            ; inst|altpll_component|auto_generated|pll1|clk[0] ; 0.500        ; -0.078     ; 1.304      ;
; -0.748   ; inst4                                             ; paralelo_serie_384b:inst1|shift_reg[73]           ; inst4                                            ; inst|altpll_component|auto_generated|pll1|clk[0] ; 0.500        ; -0.078     ; 1.304      ;
; -0.592   ; inst4                                             ; paralelo_serie_384b:inst1|shift_reg[81]           ; inst4                                            ; inst|altpll_component|auto_generated|pll1|clk[0] ; 0.500        ; -0.079     ; 1.147      ;
; -0.591   ; inst4                                             ; paralelo_serie_384b:inst1|shift_reg[52]           ; inst4                                            ; inst|altpll_component|auto_generated|pll1|clk[0] ; 0.500        ; -0.079     ; 1.146      ;
; -0.590   ; inst4                                             ; paralelo_serie_384b:inst1|shift_reg[76]           ; inst4                                            ; inst|altpll_component|auto_generated|pll1|clk[0] ; 0.500        ; -0.079     ; 1.145      ;
; -0.589   ; inst4                                             ; paralelo_serie_384b:inst1|shift_reg[89]           ; inst4                                            ; inst|altpll_component|auto_generated|pll1|clk[0] ; 0.500        ; -0.079     ; 1.144      ;
; -0.265   ; inst4                                             ; paralelo_serie_384b:inst1|shift_reg[25]           ; inst4                                            ; inst|altpll_component|auto_generated|pll1|clk[0] ; 1.000        ; -0.076     ; 1.323      ;
; -0.265   ; inst4                                             ; paralelo_serie_384b:inst1|shift_reg[33]           ; inst4                                            ; inst|altpll_component|auto_generated|pll1|clk[0] ; 1.000        ; -0.076     ; 1.323      ;
; -0.265   ; inst4                                             ; paralelo_serie_384b:inst1|shift_reg[41]           ; inst4                                            ; inst|altpll_component|auto_generated|pll1|clk[0] ; 1.000        ; -0.076     ; 1.323      ;
; -0.235   ; inst4                                             ; paralelo_serie_384b:inst1|shift_reg[28]           ; inst4                                            ; inst|altpll_component|auto_generated|pll1|clk[0] ; 1.000        ; -0.076     ; 1.293      ;
; -0.174   ; inst4                                             ; paralelo_serie_384b:inst1|shift_reg[65]           ; inst4                                            ; inst|altpll_component|auto_generated|pll1|clk[0] ; 1.000        ; -0.078     ; 1.230      ;
; -0.172   ; inst4                                             ; paralelo_serie_384b:inst1|shift_reg[49]           ; inst4                                            ; inst|altpll_component|auto_generated|pll1|clk[0] ; 1.000        ; -0.078     ; 1.228      ;
; -0.172   ; inst4                                             ; paralelo_serie_384b:inst1|shift_reg[57]           ; inst4                                            ; inst|altpll_component|auto_generated|pll1|clk[0] ; 1.000        ; -0.078     ; 1.228      ;
; -0.172   ; inst4                                             ; paralelo_serie_384b:inst1|shift_reg[73]           ; inst4                                            ; inst|altpll_component|auto_generated|pll1|clk[0] ; 1.000        ; -0.078     ; 1.228      ;
; -0.036   ; inst4                                             ; paralelo_serie_384b:inst1|shift_reg[52]           ; inst4                                            ; inst|altpll_component|auto_generated|pll1|clk[0] ; 1.000        ; -0.079     ; 1.091      ;
; -0.034   ; inst4                                             ; paralelo_serie_384b:inst1|shift_reg[81]           ; inst4                                            ; inst|altpll_component|auto_generated|pll1|clk[0] ; 1.000        ; -0.079     ; 1.089      ;
; -0.032   ; inst4                                             ; paralelo_serie_384b:inst1|shift_reg[76]           ; inst4                                            ; inst|altpll_component|auto_generated|pll1|clk[0] ; 1.000        ; -0.079     ; 1.087      ;
; -0.031   ; inst4                                             ; paralelo_serie_384b:inst1|shift_reg[89]           ; inst4                                            ; inst|altpll_component|auto_generated|pll1|clk[0] ; 1.000        ; -0.079     ; 1.086      ;
; 398.194  ; coloress2:inst17|D2[0]                            ; paralelo_serie_384b:inst1|shift_reg[28]           ; inst|altpll_component|auto_generated|pll1|clk[2] ; inst|altpll_component|auto_generated|pll1|clk[0] ; 400.000      ; -0.161     ; 1.640      ;
; 398.289  ; coloress2:inst17|D4[0]                            ; paralelo_serie_384b:inst1|shift_reg[81]           ; inst|altpll_component|auto_generated|pll1|clk[2] ; inst|altpll_component|auto_generated|pll1|clk[0] ; 400.000      ; -0.163     ; 1.543      ;
; 398.293  ; coloress2:inst17|D4[0]                            ; paralelo_serie_384b:inst1|shift_reg[76]           ; inst|altpll_component|auto_generated|pll1|clk[2] ; inst|altpll_component|auto_generated|pll1|clk[0] ; 400.000      ; -0.163     ; 1.539      ;
; 398.293  ; coloress2:inst17|D4[0]                            ; paralelo_serie_384b:inst1|shift_reg[89]           ; inst|altpll_component|auto_generated|pll1|clk[2] ; inst|altpll_component|auto_generated|pll1|clk[0] ; 400.000      ; -0.163     ; 1.539      ;
; 398.315  ; coloress2:inst17|D4[0]                            ; paralelo_serie_384b:inst1|shift_reg[73]           ; inst|altpll_component|auto_generated|pll1|clk[2] ; inst|altpll_component|auto_generated|pll1|clk[0] ; 400.000      ; -0.162     ; 1.518      ;
; 398.318  ; coloress2:inst17|D3[0]                            ; paralelo_serie_384b:inst1|shift_reg[52]           ; inst|altpll_component|auto_generated|pll1|clk[2] ; inst|altpll_component|auto_generated|pll1|clk[0] ; 400.000      ; -0.163     ; 1.514      ;
; 398.355  ; coloress2:inst17|D2[0]                            ; paralelo_serie_384b:inst1|shift_reg[41]           ; inst|altpll_component|auto_generated|pll1|clk[2] ; inst|altpll_component|auto_generated|pll1|clk[0] ; 400.000      ; -0.161     ; 1.479      ;
; 398.358  ; coloress2:inst17|D2[0]                            ; paralelo_serie_384b:inst1|shift_reg[25]           ; inst|altpll_component|auto_generated|pll1|clk[2] ; inst|altpll_component|auto_generated|pll1|clk[0] ; 400.000      ; -0.161     ; 1.476      ;
; 398.359  ; coloress2:inst17|D2[0]                            ; paralelo_serie_384b:inst1|shift_reg[33]           ; inst|altpll_component|auto_generated|pll1|clk[2] ; inst|altpll_component|auto_generated|pll1|clk[0] ; 400.000      ; -0.161     ; 1.475      ;
; 398.472  ; coloress2:inst17|D3[0]                            ; paralelo_serie_384b:inst1|shift_reg[49]           ; inst|altpll_component|auto_generated|pll1|clk[2] ; inst|altpll_component|auto_generated|pll1|clk[0] ; 400.000      ; -0.162     ; 1.361      ;
; 398.472  ; coloress2:inst17|D3[0]                            ; paralelo_serie_384b:inst1|shift_reg[57]           ; inst|altpll_component|auto_generated|pll1|clk[2] ; inst|altpll_component|auto_generated|pll1|clk[0] ; 400.000      ; -0.162     ; 1.361      ;
; 398.685  ; coloress2:inst17|D3[0]                            ; paralelo_serie_384b:inst1|shift_reg[65]           ; inst|altpll_component|auto_generated|pll1|clk[2] ; inst|altpll_component|auto_generated|pll1|clk[0] ; 400.000      ; -0.162     ; 1.148      ;
; 848.764  ; paralelo_serie_384b:inst1|shift_reg[383]          ; inst7                                             ; inst|altpll_component|auto_generated|pll1|clk[0] ; inst|altpll_component|auto_generated|pll1|clk[0] ; 850.000      ; -0.398     ; 0.833      ;
; 1248.278 ; paralelo_serie_384b:inst1|shift_reg[51]~_emulated ; paralelo_serie_384b:inst1|shift_reg[52]           ; inst|altpll_component|auto_generated|pll1|clk[0] ; inst|altpll_component|auto_generated|pll1|clk[0] ; 1250.000     ; -0.064     ; 1.653      ;
; 1248.551 ; paralelo_serie_384b:inst1|shift_reg[63]           ; paralelo_serie_384b:inst1|shift_reg[64]~_emulated ; inst|altpll_component|auto_generated|pll1|clk[0] ; inst|altpll_component|auto_generated|pll1|clk[0] ; 1250.000     ; -0.064     ; 1.380      ;
; 1248.577 ; paralelo_serie_384b:inst1|shift_reg[23]           ; paralelo_serie_384b:inst1|shift_reg[24]~_emulated ; inst|altpll_component|auto_generated|pll1|clk[0] ; inst|altpll_component|auto_generated|pll1|clk[0] ; 1250.000     ; -0.060     ; 1.358      ;
; 1248.705 ; paralelo_serie_384b:inst1|shift_reg[78]           ; paralelo_serie_384b:inst1|shift_reg[79]           ; inst|altpll_component|auto_generated|pll1|clk[0] ; inst|altpll_component|auto_generated|pll1|clk[0] ; 1250.000     ; -0.063     ; 1.227      ;
; 1248.755 ; paralelo_serie_384b:inst1|shift_reg[76]           ; paralelo_serie_384b:inst1|shift_reg[77]           ; inst|altpll_component|auto_generated|pll1|clk[0] ; inst|altpll_component|auto_generated|pll1|clk[0] ; 1250.000     ; -0.064     ; 1.176      ;
; 1248.774 ; paralelo_serie_384b:inst1|shift_reg[50]           ; paralelo_serie_384b:inst1|shift_reg[51]~_emulated ; inst|altpll_component|auto_generated|pll1|clk[0] ; inst|altpll_component|auto_generated|pll1|clk[0] ; 1250.000     ; -0.064     ; 1.157      ;
; 1248.783 ; paralelo_serie_384b:inst1|shift_reg[71]           ; paralelo_serie_384b:inst1|shift_reg[72]~_emulated ; inst|altpll_component|auto_generated|pll1|clk[0] ; inst|altpll_component|auto_generated|pll1|clk[0] ; 1250.000     ; -0.064     ; 1.148      ;
; 1248.784 ; paralelo_serie_384b:inst1|shift_reg[74]           ; paralelo_serie_384b:inst1|shift_reg[75]~_emulated ; inst|altpll_component|auto_generated|pll1|clk[0] ; inst|altpll_component|auto_generated|pll1|clk[0] ; 1250.000     ; -0.064     ; 1.147      ;
; 1248.787 ; paralelo_serie_384b:inst1|shift_reg[55]           ; paralelo_serie_384b:inst1|shift_reg[56]~_emulated ; inst|altpll_component|auto_generated|pll1|clk[0] ; inst|altpll_component|auto_generated|pll1|clk[0] ; 1250.000     ; -0.064     ; 1.144      ;
; 1248.789 ; paralelo_serie_384b:inst1|shift_reg[48]~_emulated ; paralelo_serie_384b:inst1|shift_reg[49]           ; inst|altpll_component|auto_generated|pll1|clk[0] ; inst|altpll_component|auto_generated|pll1|clk[0] ; 1250.000     ; -0.063     ; 1.143      ;
; 1248.789 ; paralelo_serie_384b:inst1|shift_reg[56]~_emulated ; paralelo_serie_384b:inst1|shift_reg[57]           ; inst|altpll_component|auto_generated|pll1|clk[0] ; inst|altpll_component|auto_generated|pll1|clk[0] ; 1250.000     ; -0.063     ; 1.143      ;
; 1248.790 ; paralelo_serie_384b:inst1|shift_reg[72]~_emulated ; paralelo_serie_384b:inst1|shift_reg[73]           ; inst|altpll_component|auto_generated|pll1|clk[0] ; inst|altpll_component|auto_generated|pll1|clk[0] ; 1250.000     ; -0.063     ; 1.142      ;
; 1248.798 ; paralelo_serie_384b:inst1|shift_reg[87]           ; paralelo_serie_384b:inst1|shift_reg[88]~_emulated ; inst|altpll_component|auto_generated|pll1|clk[0] ; inst|altpll_component|auto_generated|pll1|clk[0] ; 1250.000     ; -0.064     ; 1.133      ;
; 1248.801 ; paralelo_serie_384b:inst1|shift_reg[79]           ; paralelo_serie_384b:inst1|shift_reg[80]~_emulated ; inst|altpll_component|auto_generated|pll1|clk[0] ; inst|altpll_component|auto_generated|pll1|clk[0] ; 1250.000     ; -0.064     ; 1.130      ;
; 1248.804 ; paralelo_serie_384b:inst1|shift_reg[112]          ; paralelo_serie_384b:inst1|shift_reg[113]          ; inst|altpll_component|auto_generated|pll1|clk[0] ; inst|altpll_component|auto_generated|pll1|clk[0] ; 1250.000     ; -0.069     ; 1.122      ;
; 1248.814 ; paralelo_serie_384b:inst1|shift_reg[47]           ; paralelo_serie_384b:inst1|shift_reg[48]~_emulated ; inst|altpll_component|auto_generated|pll1|clk[0] ; inst|altpll_component|auto_generated|pll1|clk[0] ; 1250.000     ; -0.064     ; 1.117      ;
; 1248.817 ; paralelo_serie_384b:inst1|shift_reg[88]~_emulated ; paralelo_serie_384b:inst1|shift_reg[89]           ; inst|altpll_component|auto_generated|pll1|clk[0] ; inst|altpll_component|auto_generated|pll1|clk[0] ; 1250.000     ; -0.064     ; 1.114      ;
; 1248.824 ; paralelo_serie_384b:inst1|shift_reg[64]~_emulated ; paralelo_serie_384b:inst1|shift_reg[65]           ; inst|altpll_component|auto_generated|pll1|clk[0] ; inst|altpll_component|auto_generated|pll1|clk[0] ; 1250.000     ; -0.063     ; 1.108      ;
; 1248.826 ; paralelo_serie_384b:inst1|shift_reg[345]          ; paralelo_serie_384b:inst1|shift_reg[346]          ; inst|altpll_component|auto_generated|pll1|clk[0] ; inst|altpll_component|auto_generated|pll1|clk[0] ; 1250.000     ; -0.066     ; 1.103      ;
; 1248.840 ; paralelo_serie_384b:inst1|shift_reg[306]          ; paralelo_serie_384b:inst1|shift_reg[307]          ; inst|altpll_component|auto_generated|pll1|clk[0] ; inst|altpll_component|auto_generated|pll1|clk[0] ; 1250.000     ; -0.466     ; 0.689      ;
; 1248.840 ; paralelo_serie_384b:inst1|shift_reg[354]          ; paralelo_serie_384b:inst1|shift_reg[355]          ; inst|altpll_component|auto_generated|pll1|clk[0] ; inst|altpll_component|auto_generated|pll1|clk[0] ; 1250.000     ; -0.467     ; 0.688      ;
; 1248.842 ; paralelo_serie_384b:inst1|shift_reg[191]          ; paralelo_serie_384b:inst1|shift_reg[192]          ; inst|altpll_component|auto_generated|pll1|clk[0] ; inst|altpll_component|auto_generated|pll1|clk[0] ; 1250.000     ; -0.467     ; 0.686      ;
; 1248.855 ; paralelo_serie_384b:inst1|shift_reg[296]          ; paralelo_serie_384b:inst1|shift_reg[297]          ; inst|altpll_component|auto_generated|pll1|clk[0] ; inst|altpll_component|auto_generated|pll1|clk[0] ; 1250.000     ; -0.067     ; 1.073      ;
; 1248.862 ; paralelo_serie_384b:inst1|shift_reg[153]          ; paralelo_serie_384b:inst1|shift_reg[154]          ; inst|altpll_component|auto_generated|pll1|clk[0] ; inst|altpll_component|auto_generated|pll1|clk[0] ; 1250.000     ; -0.067     ; 1.066      ;
; 1248.866 ; paralelo_serie_384b:inst1|shift_reg[0]            ; paralelo_serie_384b:inst1|shift_reg[1]            ; inst|altpll_component|auto_generated|pll1|clk[0] ; inst|altpll_component|auto_generated|pll1|clk[0] ; 1250.000     ; -0.439     ; 0.690      ;
; 1248.868 ; paralelo_serie_384b:inst1|shift_reg[161]          ; paralelo_serie_384b:inst1|shift_reg[162]          ; inst|altpll_component|auto_generated|pll1|clk[0] ; inst|altpll_component|auto_generated|pll1|clk[0] ; 1250.000     ; -0.439     ; 0.688      ;
; 1248.868 ; paralelo_serie_384b:inst1|shift_reg[201]          ; paralelo_serie_384b:inst1|shift_reg[202]          ; inst|altpll_component|auto_generated|pll1|clk[0] ; inst|altpll_component|auto_generated|pll1|clk[0] ; 1250.000     ; -0.439     ; 0.688      ;
; 1248.868 ; paralelo_serie_384b:inst1|shift_reg[314]          ; paralelo_serie_384b:inst1|shift_reg[315]          ; inst|altpll_component|auto_generated|pll1|clk[0] ; inst|altpll_component|auto_generated|pll1|clk[0] ; 1250.000     ; -0.439     ; 0.688      ;
; 1248.868 ; paralelo_serie_384b:inst1|shift_reg[330]          ; paralelo_serie_384b:inst1|shift_reg[331]          ; inst|altpll_component|auto_generated|pll1|clk[0] ; inst|altpll_component|auto_generated|pll1|clk[0] ; 1250.000     ; -0.439     ; 0.688      ;
; 1248.868 ; paralelo_serie_384b:inst1|shift_reg[44]           ; paralelo_serie_384b:inst1|shift_reg[45]           ; inst|altpll_component|auto_generated|pll1|clk[0] ; inst|altpll_component|auto_generated|pll1|clk[0] ; 1250.000     ; -0.439     ; 0.688      ;
; 1248.869 ; paralelo_serie_384b:inst1|shift_reg[228]          ; paralelo_serie_384b:inst1|shift_reg[229]          ; inst|altpll_component|auto_generated|pll1|clk[0] ; inst|altpll_component|auto_generated|pll1|clk[0] ; 1250.000     ; -0.438     ; 0.688      ;
; 1248.869 ; paralelo_serie_384b:inst1|shift_reg[258]          ; paralelo_serie_384b:inst1|shift_reg[259]          ; inst|altpll_component|auto_generated|pll1|clk[0] ; inst|altpll_component|auto_generated|pll1|clk[0] ; 1250.000     ; -0.438     ; 0.688      ;
; 1248.871 ; paralelo_serie_384b:inst1|shift_reg[265]          ; paralelo_serie_384b:inst1|shift_reg[266]          ; inst|altpll_component|auto_generated|pll1|clk[0] ; inst|altpll_component|auto_generated|pll1|clk[0] ; 1250.000     ; -0.438     ; 0.686      ;
; 1248.872 ; paralelo_serie_384b:inst1|shift_reg[157]          ; paralelo_serie_384b:inst1|shift_reg[158]          ; inst|altpll_component|auto_generated|pll1|clk[0] ; inst|altpll_component|auto_generated|pll1|clk[0] ; 1250.000     ; -0.437     ; 0.686      ;
; 1248.879 ; paralelo_serie_384b:inst1|shift_reg[176]          ; paralelo_serie_384b:inst1|shift_reg[177]          ; inst|altpll_component|auto_generated|pll1|clk[0] ; inst|altpll_component|auto_generated|pll1|clk[0] ; 1250.000     ; -0.060     ; 1.056      ;
; 1248.887 ; paralelo_serie_384b:inst1|shift_reg[232]          ; paralelo_serie_384b:inst1|shift_reg[233]          ; inst|altpll_component|auto_generated|pll1|clk[0] ; inst|altpll_component|auto_generated|pll1|clk[0] ; 1250.000     ; -0.062     ; 1.046      ;
; 1248.893 ; paralelo_serie_384b:inst1|shift_reg[134]          ; paralelo_serie_384b:inst1|shift_reg[135]          ; inst|altpll_component|auto_generated|pll1|clk[0] ; inst|altpll_component|auto_generated|pll1|clk[0] ; 1250.000     ; -0.071     ; 1.031      ;
; 1248.915 ; paralelo_serie_384b:inst1|shift_reg[256]          ; paralelo_serie_384b:inst1|shift_reg[257]          ; inst|altpll_component|auto_generated|pll1|clk[0] ; inst|altpll_component|auto_generated|pll1|clk[0] ; 1250.000     ; 0.291      ; 1.371      ;
; 1248.916 ; paralelo_serie_384b:inst1|shift_reg[216]          ; paralelo_serie_384b:inst1|shift_reg[217]          ; inst|altpll_component|auto_generated|pll1|clk[0] ; inst|altpll_component|auto_generated|pll1|clk[0] ; 1250.000     ; -0.063     ; 1.016      ;
+----------+---------------------------------------------------+---------------------------------------------------+--------------------------------------------------+--------------------------------------------------+--------------+------------+------------+


+----------------------------------------------------------------------------------------------------------------------------------------------------------------------------------------+
; Slow 1200mV 85C Model Setup: 'inst4'                                                                                                                                                   ;
+--------+------------------------+--------------------------------------------+--------------------------------------------------+-------------+--------------+------------+------------+
; Slack  ; From Node              ; To Node                                    ; Launch Clock                                     ; Latch Clock ; Relationship ; Clock Skew ; Data Delay ;
+--------+------------------------+--------------------------------------------+--------------------------------------------------+-------------+--------------+------------+------------+
; -0.153 ; coloress2:inst17|D3[0] ; paralelo_serie_384b:inst1|shift_reg[64]~11 ; inst|altpll_component|auto_generated|pll1|clk[2] ; inst4       ; 0.500        ; 1.823      ; 1.422      ;
; -0.104 ; coloress2:inst17|D2[0] ; paralelo_serie_384b:inst1|shift_reg[40]~21 ; inst|altpll_component|auto_generated|pll1|clk[2] ; inst4       ; 0.500        ; 1.814      ; 1.493      ;
; -0.074 ; coloress2:inst17|D4[0] ; paralelo_serie_384b:inst1|shift_reg[88]~1  ; inst|altpll_component|auto_generated|pll1|clk[2] ; inst4       ; 0.500        ; 1.822      ; 1.450      ;
+--------+------------------------+--------------------------------------------+--------------------------------------------------+-------------+--------------+------------+------------+


+-----------------------------------------------------------------------------------------------------------------------------------------------------------------------------------------------------------------------+
; Slow 1200mV 85C Model Setup: 'inst|altpll_component|auto_generated|pll1|clk[2]'                                                                                                                                       ;
+------------+-----------------------------+-----------------------------+--------------------------------------------------+--------------------------------------------------+--------------+------------+------------+
; Slack      ; From Node                   ; To Node                     ; Launch Clock                                     ; Latch Clock                                      ; Relationship ; Clock Skew ; Data Delay ;
+------------+-----------------------------+-----------------------------+--------------------------------------------------+--------------------------------------------------+--------------+------------+------------+
; -0.062     ; inst4                       ; inst4                       ; inst4                                            ; inst|altpll_component|auto_generated|pll1|clk[2] ; 0.500        ; -0.070     ; 0.626      ;
; 0.405      ; inst4                       ; inst4                       ; inst4                                            ; inst|altpll_component|auto_generated|pll1|clk[2] ; 1.000        ; -0.070     ; 0.659      ;
; 499997.981 ; coloress2:inst17|puntos1[0] ; coloress2:inst17|D2[0]      ; inst|altpll_component|auto_generated|pll1|clk[2] ; inst|altpll_component|auto_generated|pll1|clk[2] ; 500000.000   ; -0.428     ; 1.586      ;
; 499997.984 ; coloress2:inst17|bloqueo    ; coloress2:inst17|D2[0]      ; inst|altpll_component|auto_generated|pll1|clk[2] ; inst|altpll_component|auto_generated|pll1|clk[2] ; 500000.000   ; -0.428     ; 1.583      ;
; 499998.085 ; coloress2:inst17|D2[0]      ; coloress2:inst17|D2[0]      ; inst|altpll_component|auto_generated|pll1|clk[2] ; inst|altpll_component|auto_generated|pll1|clk[2] ; 500000.000   ; -0.063     ; 1.847      ;
; 499998.161 ; coloress2:inst17|bloqueo    ; coloress2:inst17|D4[0]      ; inst|altpll_component|auto_generated|pll1|clk[2] ; inst|altpll_component|auto_generated|pll1|clk[2] ; 500000.000   ; -0.428     ; 1.406      ;
; 499998.163 ; coloress2:inst17|bloqueo    ; coloress2:inst17|D3[0]      ; inst|altpll_component|auto_generated|pll1|clk[2] ; inst|altpll_component|auto_generated|pll1|clk[2] ; 500000.000   ; -0.428     ; 1.404      ;
; 499998.197 ; coloress2:inst17|puntos1[1] ; coloress2:inst17|D4[0]      ; inst|altpll_component|auto_generated|pll1|clk[2] ; inst|altpll_component|auto_generated|pll1|clk[2] ; 500000.000   ; -0.428     ; 1.370      ;
; 499998.241 ; coloress2:inst17|puntos1[1] ; coloress2:inst17|D3[0]      ; inst|altpll_component|auto_generated|pll1|clk[2] ; inst|altpll_component|auto_generated|pll1|clk[2] ; 500000.000   ; -0.428     ; 1.326      ;
; 499998.251 ; coloress2:inst17|puntos1[1] ; coloress2:inst17|D2[0]      ; inst|altpll_component|auto_generated|pll1|clk[2] ; inst|altpll_component|auto_generated|pll1|clk[2] ; 500000.000   ; -0.428     ; 1.316      ;
; 499998.687 ; coloress2:inst17|puntos1[0] ; coloress2:inst17|D4[0]      ; inst|altpll_component|auto_generated|pll1|clk[2] ; inst|altpll_component|auto_generated|pll1|clk[2] ; 500000.000   ; -0.428     ; 0.880      ;
; 499998.688 ; coloress2:inst17|puntos1[0] ; coloress2:inst17|D3[0]      ; inst|altpll_component|auto_generated|pll1|clk[2] ; inst|altpll_component|auto_generated|pll1|clk[2] ; 500000.000   ; -0.428     ; 0.879      ;
; 499998.895 ; coloress2:inst17|puntos1[0] ; coloress2:inst17|puntos1[1] ; inst|altpll_component|auto_generated|pll1|clk[2] ; inst|altpll_component|auto_generated|pll1|clk[2] ; 500000.000   ; -0.077     ; 1.023      ;
; 499999.259 ; coloress2:inst17|puntos1[0] ; coloress2:inst17|puntos1[0] ; inst|altpll_component|auto_generated|pll1|clk[2] ; inst|altpll_component|auto_generated|pll1|clk[2] ; 500000.000   ; -0.077     ; 0.659      ;
; 499999.259 ; coloress2:inst17|puntos1[1] ; coloress2:inst17|puntos1[1] ; inst|altpll_component|auto_generated|pll1|clk[2] ; inst|altpll_component|auto_generated|pll1|clk[2] ; 500000.000   ; -0.077     ; 0.659      ;
; 499999.296 ; coloress2:inst17|D4[0]      ; coloress2:inst17|D4[0]      ; inst|altpll_component|auto_generated|pll1|clk[2] ; inst|altpll_component|auto_generated|pll1|clk[2] ; 500000.000   ; -0.062     ; 0.637      ;
; 499999.296 ; coloress2:inst17|D3[0]      ; coloress2:inst17|D3[0]      ; inst|altpll_component|auto_generated|pll1|clk[2] ; inst|altpll_component|auto_generated|pll1|clk[2] ; 500000.000   ; -0.062     ; 0.637      ;
+------------+-----------------------------+-----------------------------+--------------------------------------------------+--------------------------------------------------+--------------+------------+------------+


+-----------------------------------------------------------------------------------------------------------------------------------------------------------------------------------------------------------------+
; Slow 1200mV 85C Model Setup: 'inst|altpll_component|auto_generated|pll1|clk[1]'                                                                                                                                 ;
+----------+---------------------------+---------------------------+--------------------------------------------------+--------------------------------------------------+--------------+------------+------------+
; Slack    ; From Node                 ; To Node                   ; Launch Clock                                     ; Latch Clock                                      ; Relationship ; Clock Skew ; Data Delay ;
+----------+---------------------------+---------------------------+--------------------------------------------------+--------------------------------------------------+--------------+------------+------------+
; 1248.075 ; pulso_384:inst12|count[1] ; pulso_384:inst12|count[8] ; inst|altpll_component|auto_generated|pll1|clk[1] ; inst|altpll_component|auto_generated|pll1|clk[1] ; 1250.000     ; -0.076     ; 1.844      ;
; 1248.145 ; pulso_384:inst12|strt     ; pulso_384:inst12|count[0] ; inst|altpll_component|auto_generated|pll1|clk[1] ; inst|altpll_component|auto_generated|pll1|clk[1] ; 1250.000     ; -0.105     ; 1.745      ;
; 1248.145 ; pulso_384:inst12|strt     ; pulso_384:inst12|count[1] ; inst|altpll_component|auto_generated|pll1|clk[1] ; inst|altpll_component|auto_generated|pll1|clk[1] ; 1250.000     ; -0.105     ; 1.745      ;
; 1248.145 ; pulso_384:inst12|strt     ; pulso_384:inst12|count[2] ; inst|altpll_component|auto_generated|pll1|clk[1] ; inst|altpll_component|auto_generated|pll1|clk[1] ; 1250.000     ; -0.105     ; 1.745      ;
; 1248.145 ; pulso_384:inst12|strt     ; pulso_384:inst12|count[3] ; inst|altpll_component|auto_generated|pll1|clk[1] ; inst|altpll_component|auto_generated|pll1|clk[1] ; 1250.000     ; -0.105     ; 1.745      ;
; 1248.145 ; pulso_384:inst12|strt     ; pulso_384:inst12|count[4] ; inst|altpll_component|auto_generated|pll1|clk[1] ; inst|altpll_component|auto_generated|pll1|clk[1] ; 1250.000     ; -0.105     ; 1.745      ;
; 1248.145 ; pulso_384:inst12|strt     ; pulso_384:inst12|count[5] ; inst|altpll_component|auto_generated|pll1|clk[1] ; inst|altpll_component|auto_generated|pll1|clk[1] ; 1250.000     ; -0.105     ; 1.745      ;
; 1248.145 ; pulso_384:inst12|strt     ; pulso_384:inst12|count[6] ; inst|altpll_component|auto_generated|pll1|clk[1] ; inst|altpll_component|auto_generated|pll1|clk[1] ; 1250.000     ; -0.105     ; 1.745      ;
; 1248.145 ; pulso_384:inst12|strt     ; pulso_384:inst12|count[8] ; inst|altpll_component|auto_generated|pll1|clk[1] ; inst|altpll_component|auto_generated|pll1|clk[1] ; 1250.000     ; -0.105     ; 1.745      ;
; 1248.145 ; pulso_384:inst12|strt     ; pulso_384:inst12|count[7] ; inst|altpll_component|auto_generated|pll1|clk[1] ; inst|altpll_component|auto_generated|pll1|clk[1] ; 1250.000     ; -0.105     ; 1.745      ;
; 1248.151 ; pulso_384:inst12|count[0] ; pulso_384:inst12|count[8] ; inst|altpll_component|auto_generated|pll1|clk[1] ; inst|altpll_component|auto_generated|pll1|clk[1] ; 1250.000     ; -0.076     ; 1.768      ;
; 1248.187 ; pulso_384:inst12|count[3] ; pulso_384:inst12|count[8] ; inst|altpll_component|auto_generated|pll1|clk[1] ; inst|altpll_component|auto_generated|pll1|clk[1] ; 1250.000     ; -0.076     ; 1.732      ;
; 1248.191 ; pulso_384:inst12|count[1] ; pulso_384:inst12|count[6] ; inst|altpll_component|auto_generated|pll1|clk[1] ; inst|altpll_component|auto_generated|pll1|clk[1] ; 1250.000     ; -0.076     ; 1.728      ;
; 1248.193 ; pulso_384:inst12|count[0] ; pulso_384:inst12|count[7] ; inst|altpll_component|auto_generated|pll1|clk[1] ; inst|altpll_component|auto_generated|pll1|clk[1] ; 1250.000     ; -0.076     ; 1.726      ;
; 1248.197 ; pulso_384:inst12|count[1] ; pulso_384:inst12|count[7] ; inst|altpll_component|auto_generated|pll1|clk[1] ; inst|altpll_component|auto_generated|pll1|clk[1] ; 1250.000     ; -0.076     ; 1.722      ;
; 1248.267 ; pulso_384:inst12|count[0] ; pulso_384:inst12|count[6] ; inst|altpll_component|auto_generated|pll1|clk[1] ; inst|altpll_component|auto_generated|pll1|clk[1] ; 1250.000     ; -0.076     ; 1.652      ;
; 1248.270 ; pulso_384:inst12|count[2] ; pulso_384:inst12|count[8] ; inst|altpll_component|auto_generated|pll1|clk[1] ; inst|altpll_component|auto_generated|pll1|clk[1] ; 1250.000     ; -0.076     ; 1.649      ;
; 1248.302 ; pulso_384:inst12|count[5] ; pulso_384:inst12|count[8] ; inst|altpll_component|auto_generated|pll1|clk[1] ; inst|altpll_component|auto_generated|pll1|clk[1] ; 1250.000     ; -0.076     ; 1.617      ;
; 1248.303 ; pulso_384:inst12|count[3] ; pulso_384:inst12|count[6] ; inst|altpll_component|auto_generated|pll1|clk[1] ; inst|altpll_component|auto_generated|pll1|clk[1] ; 1250.000     ; -0.076     ; 1.616      ;
; 1248.306 ; pulso_384:inst12|count[2] ; pulso_384:inst12|count[7] ; inst|altpll_component|auto_generated|pll1|clk[1] ; inst|altpll_component|auto_generated|pll1|clk[1] ; 1250.000     ; -0.076     ; 1.613      ;
; 1248.307 ; pulso_384:inst12|count[1] ; pulso_384:inst12|count[4] ; inst|altpll_component|auto_generated|pll1|clk[1] ; inst|altpll_component|auto_generated|pll1|clk[1] ; 1250.000     ; -0.076     ; 1.612      ;
; 1248.309 ; pulso_384:inst12|count[0] ; pulso_384:inst12|count[5] ; inst|altpll_component|auto_generated|pll1|clk[1] ; inst|altpll_component|auto_generated|pll1|clk[1] ; 1250.000     ; -0.076     ; 1.610      ;
; 1248.309 ; pulso_384:inst12|count[3] ; pulso_384:inst12|count[7] ; inst|altpll_component|auto_generated|pll1|clk[1] ; inst|altpll_component|auto_generated|pll1|clk[1] ; 1250.000     ; -0.076     ; 1.610      ;
; 1248.313 ; pulso_384:inst12|count[1] ; pulso_384:inst12|count[5] ; inst|altpll_component|auto_generated|pll1|clk[1] ; inst|altpll_component|auto_generated|pll1|clk[1] ; 1250.000     ; -0.076     ; 1.606      ;
; 1248.314 ; pulso_384:inst12|count[8] ; pulso_384:inst12|count[0] ; inst|altpll_component|auto_generated|pll1|clk[1] ; inst|altpll_component|auto_generated|pll1|clk[1] ; 1250.000     ; -0.076     ; 1.605      ;
; 1248.314 ; pulso_384:inst12|count[8] ; pulso_384:inst12|count[1] ; inst|altpll_component|auto_generated|pll1|clk[1] ; inst|altpll_component|auto_generated|pll1|clk[1] ; 1250.000     ; -0.076     ; 1.605      ;
; 1248.314 ; pulso_384:inst12|count[8] ; pulso_384:inst12|count[2] ; inst|altpll_component|auto_generated|pll1|clk[1] ; inst|altpll_component|auto_generated|pll1|clk[1] ; 1250.000     ; -0.076     ; 1.605      ;
; 1248.314 ; pulso_384:inst12|count[8] ; pulso_384:inst12|count[3] ; inst|altpll_component|auto_generated|pll1|clk[1] ; inst|altpll_component|auto_generated|pll1|clk[1] ; 1250.000     ; -0.076     ; 1.605      ;
; 1248.314 ; pulso_384:inst12|count[8] ; pulso_384:inst12|count[4] ; inst|altpll_component|auto_generated|pll1|clk[1] ; inst|altpll_component|auto_generated|pll1|clk[1] ; 1250.000     ; -0.076     ; 1.605      ;
; 1248.314 ; pulso_384:inst12|count[8] ; pulso_384:inst12|count[5] ; inst|altpll_component|auto_generated|pll1|clk[1] ; inst|altpll_component|auto_generated|pll1|clk[1] ; 1250.000     ; -0.076     ; 1.605      ;
; 1248.314 ; pulso_384:inst12|count[8] ; pulso_384:inst12|count[6] ; inst|altpll_component|auto_generated|pll1|clk[1] ; inst|altpll_component|auto_generated|pll1|clk[1] ; 1250.000     ; -0.076     ; 1.605      ;
; 1248.314 ; pulso_384:inst12|count[8] ; pulso_384:inst12|count[8] ; inst|altpll_component|auto_generated|pll1|clk[1] ; inst|altpll_component|auto_generated|pll1|clk[1] ; 1250.000     ; -0.076     ; 1.605      ;
; 1248.314 ; pulso_384:inst12|count[8] ; pulso_384:inst12|count[7] ; inst|altpll_component|auto_generated|pll1|clk[1] ; inst|altpll_component|auto_generated|pll1|clk[1] ; 1250.000     ; -0.076     ; 1.605      ;
; 1248.346 ; pulso_384:inst12|strt     ; pulso_384:inst12|pulso    ; inst|altpll_component|auto_generated|pll1|clk[1] ; inst|altpll_component|auto_generated|pll1|clk[1] ; 1250.000     ; -0.077     ; 1.572      ;
; 1248.383 ; pulso_384:inst12|count[0] ; pulso_384:inst12|count[4] ; inst|altpll_component|auto_generated|pll1|clk[1] ; inst|altpll_component|auto_generated|pll1|clk[1] ; 1250.000     ; -0.076     ; 1.536      ;
; 1248.386 ; pulso_384:inst12|count[4] ; pulso_384:inst12|count[8] ; inst|altpll_component|auto_generated|pll1|clk[1] ; inst|altpll_component|auto_generated|pll1|clk[1] ; 1250.000     ; -0.076     ; 1.533      ;
; 1248.386 ; pulso_384:inst12|count[2] ; pulso_384:inst12|count[6] ; inst|altpll_component|auto_generated|pll1|clk[1] ; inst|altpll_component|auto_generated|pll1|clk[1] ; 1250.000     ; -0.076     ; 1.533      ;
; 1248.399 ; pulso_384:inst12|count[7] ; pulso_384:inst12|count[8] ; inst|altpll_component|auto_generated|pll1|clk[1] ; inst|altpll_component|auto_generated|pll1|clk[1] ; 1250.000     ; -0.076     ; 1.520      ;
; 1248.418 ; pulso_384:inst12|count[5] ; pulso_384:inst12|count[6] ; inst|altpll_component|auto_generated|pll1|clk[1] ; inst|altpll_component|auto_generated|pll1|clk[1] ; 1250.000     ; -0.076     ; 1.501      ;
; 1248.419 ; pulso_384:inst12|count[3] ; pulso_384:inst12|count[4] ; inst|altpll_component|auto_generated|pll1|clk[1] ; inst|altpll_component|auto_generated|pll1|clk[1] ; 1250.000     ; -0.076     ; 1.500      ;
; 1248.422 ; pulso_384:inst12|count[4] ; pulso_384:inst12|count[7] ; inst|altpll_component|auto_generated|pll1|clk[1] ; inst|altpll_component|auto_generated|pll1|clk[1] ; 1250.000     ; -0.076     ; 1.497      ;
; 1248.422 ; pulso_384:inst12|count[2] ; pulso_384:inst12|count[5] ; inst|altpll_component|auto_generated|pll1|clk[1] ; inst|altpll_component|auto_generated|pll1|clk[1] ; 1250.000     ; -0.076     ; 1.497      ;
; 1248.423 ; pulso_384:inst12|count[1] ; pulso_384:inst12|count[2] ; inst|altpll_component|auto_generated|pll1|clk[1] ; inst|altpll_component|auto_generated|pll1|clk[1] ; 1250.000     ; -0.076     ; 1.496      ;
; 1248.424 ; pulso_384:inst12|count[5] ; pulso_384:inst12|count[7] ; inst|altpll_component|auto_generated|pll1|clk[1] ; inst|altpll_component|auto_generated|pll1|clk[1] ; 1250.000     ; -0.076     ; 1.495      ;
; 1248.425 ; pulso_384:inst12|count[0] ; pulso_384:inst12|count[3] ; inst|altpll_component|auto_generated|pll1|clk[1] ; inst|altpll_component|auto_generated|pll1|clk[1] ; 1250.000     ; -0.076     ; 1.494      ;
; 1248.425 ; pulso_384:inst12|count[3] ; pulso_384:inst12|count[5] ; inst|altpll_component|auto_generated|pll1|clk[1] ; inst|altpll_component|auto_generated|pll1|clk[1] ; 1250.000     ; -0.076     ; 1.494      ;
; 1248.429 ; pulso_384:inst12|count[1] ; pulso_384:inst12|count[3] ; inst|altpll_component|auto_generated|pll1|clk[1] ; inst|altpll_component|auto_generated|pll1|clk[1] ; 1250.000     ; -0.076     ; 1.490      ;
; 1248.454 ; pulso_384:inst12|count[7] ; pulso_384:inst12|count[0] ; inst|altpll_component|auto_generated|pll1|clk[1] ; inst|altpll_component|auto_generated|pll1|clk[1] ; 1250.000     ; -0.076     ; 1.465      ;
; 1248.454 ; pulso_384:inst12|count[7] ; pulso_384:inst12|count[1] ; inst|altpll_component|auto_generated|pll1|clk[1] ; inst|altpll_component|auto_generated|pll1|clk[1] ; 1250.000     ; -0.076     ; 1.465      ;
; 1248.454 ; pulso_384:inst12|count[7] ; pulso_384:inst12|count[2] ; inst|altpll_component|auto_generated|pll1|clk[1] ; inst|altpll_component|auto_generated|pll1|clk[1] ; 1250.000     ; -0.076     ; 1.465      ;
; 1248.454 ; pulso_384:inst12|count[7] ; pulso_384:inst12|count[3] ; inst|altpll_component|auto_generated|pll1|clk[1] ; inst|altpll_component|auto_generated|pll1|clk[1] ; 1250.000     ; -0.076     ; 1.465      ;
; 1248.454 ; pulso_384:inst12|count[7] ; pulso_384:inst12|count[4] ; inst|altpll_component|auto_generated|pll1|clk[1] ; inst|altpll_component|auto_generated|pll1|clk[1] ; 1250.000     ; -0.076     ; 1.465      ;
; 1248.454 ; pulso_384:inst12|count[7] ; pulso_384:inst12|count[5] ; inst|altpll_component|auto_generated|pll1|clk[1] ; inst|altpll_component|auto_generated|pll1|clk[1] ; 1250.000     ; -0.076     ; 1.465      ;
; 1248.454 ; pulso_384:inst12|count[7] ; pulso_384:inst12|count[6] ; inst|altpll_component|auto_generated|pll1|clk[1] ; inst|altpll_component|auto_generated|pll1|clk[1] ; 1250.000     ; -0.076     ; 1.465      ;
; 1248.454 ; pulso_384:inst12|count[7] ; pulso_384:inst12|count[7] ; inst|altpll_component|auto_generated|pll1|clk[1] ; inst|altpll_component|auto_generated|pll1|clk[1] ; 1250.000     ; -0.076     ; 1.465      ;
; 1248.499 ; pulso_384:inst12|count[0] ; pulso_384:inst12|count[2] ; inst|altpll_component|auto_generated|pll1|clk[1] ; inst|altpll_component|auto_generated|pll1|clk[1] ; 1250.000     ; -0.076     ; 1.420      ;
; 1248.500 ; pulso_384:inst12|count[6] ; pulso_384:inst12|count[8] ; inst|altpll_component|auto_generated|pll1|clk[1] ; inst|altpll_component|auto_generated|pll1|clk[1] ; 1250.000     ; -0.076     ; 1.419      ;
; 1248.502 ; pulso_384:inst12|count[4] ; pulso_384:inst12|count[6] ; inst|altpll_component|auto_generated|pll1|clk[1] ; inst|altpll_component|auto_generated|pll1|clk[1] ; 1250.000     ; -0.076     ; 1.417      ;
; 1248.502 ; pulso_384:inst12|count[2] ; pulso_384:inst12|count[4] ; inst|altpll_component|auto_generated|pll1|clk[1] ; inst|altpll_component|auto_generated|pll1|clk[1] ; 1250.000     ; -0.076     ; 1.417      ;
; 1248.515 ; pulso_384:inst12|count[8] ; pulso_384:inst12|pulso    ; inst|altpll_component|auto_generated|pll1|clk[1] ; inst|altpll_component|auto_generated|pll1|clk[1] ; 1250.000     ; -0.048     ; 1.432      ;
; 1248.538 ; pulso_384:inst12|count[4] ; pulso_384:inst12|count[5] ; inst|altpll_component|auto_generated|pll1|clk[1] ; inst|altpll_component|auto_generated|pll1|clk[1] ; 1250.000     ; -0.076     ; 1.381      ;
; 1248.538 ; pulso_384:inst12|count[2] ; pulso_384:inst12|count[3] ; inst|altpll_component|auto_generated|pll1|clk[1] ; inst|altpll_component|auto_generated|pll1|clk[1] ; 1250.000     ; -0.076     ; 1.381      ;
; 1248.541 ; pulso_384:inst12|count[0] ; pulso_384:inst12|count[1] ; inst|altpll_component|auto_generated|pll1|clk[1] ; inst|altpll_component|auto_generated|pll1|clk[1] ; 1250.000     ; -0.076     ; 1.378      ;
; 1248.541 ; pulso_384:inst12|count[6] ; pulso_384:inst12|count[7] ; inst|altpll_component|auto_generated|pll1|clk[1] ; inst|altpll_component|auto_generated|pll1|clk[1] ; 1250.000     ; -0.076     ; 1.378      ;
; 1248.655 ; pulso_384:inst12|count[7] ; pulso_384:inst12|pulso    ; inst|altpll_component|auto_generated|pll1|clk[1] ; inst|altpll_component|auto_generated|pll1|clk[1] ; 1250.000     ; -0.048     ; 1.292      ;
; 1248.929 ; pulso_384:inst12|count[0] ; pulso_384:inst12|count[0] ; inst|altpll_component|auto_generated|pll1|clk[1] ; inst|altpll_component|auto_generated|pll1|clk[1] ; 1250.000     ; -0.076     ; 0.990      ;
; 1248.930 ; pulso_384:inst12|count[6] ; pulso_384:inst12|count[6] ; inst|altpll_component|auto_generated|pll1|clk[1] ; inst|altpll_component|auto_generated|pll1|clk[1] ; 1250.000     ; -0.076     ; 0.989      ;
; 1248.934 ; pulso_384:inst12|count[4] ; pulso_384:inst12|count[4] ; inst|altpll_component|auto_generated|pll1|clk[1] ; inst|altpll_component|auto_generated|pll1|clk[1] ; 1250.000     ; -0.076     ; 0.985      ;
; 1248.934 ; pulso_384:inst12|count[2] ; pulso_384:inst12|count[2] ; inst|altpll_component|auto_generated|pll1|clk[1] ; inst|altpll_component|auto_generated|pll1|clk[1] ; 1250.000     ; -0.076     ; 0.985      ;
; 1248.954 ; pulso_384:inst12|count[5] ; pulso_384:inst12|count[5] ; inst|altpll_component|auto_generated|pll1|clk[1] ; inst|altpll_component|auto_generated|pll1|clk[1] ; 1250.000     ; -0.076     ; 0.965      ;
; 1248.955 ; pulso_384:inst12|count[3] ; pulso_384:inst12|count[3] ; inst|altpll_component|auto_generated|pll1|clk[1] ; inst|altpll_component|auto_generated|pll1|clk[1] ; 1250.000     ; -0.076     ; 0.964      ;
; 1248.958 ; pulso_384:inst12|count[1] ; pulso_384:inst12|count[1] ; inst|altpll_component|auto_generated|pll1|clk[1] ; inst|altpll_component|auto_generated|pll1|clk[1] ; 1250.000     ; -0.076     ; 0.961      ;
; 1248.989 ; pulso_384:inst12|count[8] ; pulso_384:inst12|strt     ; inst|altpll_component|auto_generated|pll1|clk[1] ; inst|altpll_component|auto_generated|pll1|clk[1] ; 1250.000     ; -0.048     ; 0.958      ;
; 1248.995 ; pulso_384:inst12|count[7] ; pulso_384:inst12|strt     ; inst|altpll_component|auto_generated|pll1|clk[1] ; inst|altpll_component|auto_generated|pll1|clk[1] ; 1250.000     ; -0.048     ; 0.952      ;
; 1249.281 ; pulso_384:inst12|pulso    ; pulso_384:inst12|pulso    ; inst|altpll_component|auto_generated|pll1|clk[1] ; inst|altpll_component|auto_generated|pll1|clk[1] ; 1250.000     ; -0.077     ; 0.637      ;
; 1249.281 ; pulso_384:inst12|strt     ; pulso_384:inst12|strt     ; inst|altpll_component|auto_generated|pll1|clk[1] ; inst|altpll_component|auto_generated|pll1|clk[1] ; 1250.000     ; -0.077     ; 0.637      ;
+----------+---------------------------+---------------------------+--------------------------------------------------+--------------------------------------------------+--------------+------------+------------+


+----------------------------------------------------------------------------------------------------------------------------------------------------------------------------------------+
; Slow 1200mV 85C Model Hold: 'inst4'                                                                                                                                                    ;
+--------+------------------------+--------------------------------------------+--------------------------------------------------+-------------+--------------+------------+------------+
; Slack  ; From Node              ; To Node                                    ; Launch Clock                                     ; Latch Clock ; Relationship ; Clock Skew ; Data Delay ;
+--------+------------------------+--------------------------------------------+--------------------------------------------------+-------------+--------------+------------+------------+
; -0.590 ; coloress2:inst17|D3[0] ; paralelo_serie_384b:inst1|shift_reg[64]~11 ; inst|altpll_component|auto_generated|pll1|clk[2] ; inst4       ; -0.500       ; 2.316      ; 1.306      ;
; -0.568 ; coloress2:inst17|D4[0] ; paralelo_serie_384b:inst1|shift_reg[88]~1  ; inst|altpll_component|auto_generated|pll1|clk[2] ; inst4       ; -0.500       ; 2.315      ; 1.327      ;
; -0.526 ; coloress2:inst17|D2[0] ; paralelo_serie_384b:inst1|shift_reg[40]~21 ; inst|altpll_component|auto_generated|pll1|clk[2] ; inst4       ; -0.500       ; 2.308      ; 1.362      ;
+--------+------------------------+--------------------------------------------+--------------------------------------------------+-------------+--------------+------------+------------+


+-------------------------------------------------------------------------------------------------------------------------------------------------------------------------------------------------------------------+
; Slow 1200mV 85C Model Hold: 'inst|altpll_component|auto_generated|pll1|clk[2]'                                                                                                                                    ;
+--------+-----------------------------+-----------------------------+--------------------------------------------------+--------------------------------------------------+--------------+------------+------------+
; Slack  ; From Node                   ; To Node                     ; Launch Clock                                     ; Latch Clock                                      ; Relationship ; Clock Skew ; Data Delay ;
+--------+-----------------------------+-----------------------------+--------------------------------------------------+--------------------------------------------------+--------------+------------+------------+
; -0.199 ; inst4                       ; inst4                       ; inst4                                            ; inst|altpll_component|auto_generated|pll1|clk[2] ; 0.000        ; 0.332      ; 0.599      ;
; 0.282  ; inst4                       ; inst4                       ; inst4                                            ; inst|altpll_component|auto_generated|pll1|clk[2] ; -0.500       ; 0.332      ; 0.580      ;
; 0.343  ; coloress2:inst17|puntos1[1] ; coloress2:inst17|puntos1[1] ; inst|altpll_component|auto_generated|pll1|clk[2] ; inst|altpll_component|auto_generated|pll1|clk[2] ; 0.000        ; 0.077      ; 0.577      ;
; 0.346  ; coloress2:inst17|puntos1[0] ; coloress2:inst17|puntos1[0] ; inst|altpll_component|auto_generated|pll1|clk[2] ; inst|altpll_component|auto_generated|pll1|clk[2] ; 0.000        ; 0.077      ; 0.580      ;
; 0.358  ; coloress2:inst17|D4[0]      ; coloress2:inst17|D4[0]      ; inst|altpll_component|auto_generated|pll1|clk[2] ; inst|altpll_component|auto_generated|pll1|clk[2] ; 0.000        ; 0.062      ; 0.577      ;
; 0.358  ; coloress2:inst17|D3[0]      ; coloress2:inst17|D3[0]      ; inst|altpll_component|auto_generated|pll1|clk[2] ; inst|altpll_component|auto_generated|pll1|clk[2] ; 0.000        ; 0.062      ; 0.577      ;
; 0.563  ; coloress2:inst17|puntos1[0] ; coloress2:inst17|puntos1[1] ; inst|altpll_component|auto_generated|pll1|clk[2] ; inst|altpll_component|auto_generated|pll1|clk[2] ; 0.000        ; 0.077      ; 0.797      ;
; 0.907  ; coloress2:inst17|puntos1[0] ; coloress2:inst17|D4[0]      ; inst|altpll_component|auto_generated|pll1|clk[2] ; inst|altpll_component|auto_generated|pll1|clk[2] ; 0.000        ; -0.289     ; 0.775      ;
; 0.912  ; coloress2:inst17|puntos1[0] ; coloress2:inst17|D3[0]      ; inst|altpll_component|auto_generated|pll1|clk[2] ; inst|altpll_component|auto_generated|pll1|clk[2] ; 0.000        ; -0.289     ; 0.780      ;
; 1.318  ; coloress2:inst17|puntos1[1] ; coloress2:inst17|D3[0]      ; inst|altpll_component|auto_generated|pll1|clk[2] ; inst|altpll_component|auto_generated|pll1|clk[2] ; 0.000        ; -0.289     ; 1.186      ;
; 1.341  ; coloress2:inst17|puntos1[1] ; coloress2:inst17|D2[0]      ; inst|altpll_component|auto_generated|pll1|clk[2] ; inst|altpll_component|auto_generated|pll1|clk[2] ; 0.000        ; -0.288     ; 1.210      ;
; 1.347  ; coloress2:inst17|bloqueo    ; coloress2:inst17|D3[0]      ; inst|altpll_component|auto_generated|pll1|clk[2] ; inst|altpll_component|auto_generated|pll1|clk[2] ; 0.000        ; -0.289     ; 1.215      ;
; 1.350  ; coloress2:inst17|bloqueo    ; coloress2:inst17|D4[0]      ; inst|altpll_component|auto_generated|pll1|clk[2] ; inst|altpll_component|auto_generated|pll1|clk[2] ; 0.000        ; -0.289     ; 1.218      ;
; 1.355  ; coloress2:inst17|puntos1[1] ; coloress2:inst17|D4[0]      ; inst|altpll_component|auto_generated|pll1|clk[2] ; inst|altpll_component|auto_generated|pll1|clk[2] ; 0.000        ; -0.289     ; 1.223      ;
; 1.489  ; coloress2:inst17|D2[0]      ; coloress2:inst17|D2[0]      ; inst|altpll_component|auto_generated|pll1|clk[2] ; inst|altpll_component|auto_generated|pll1|clk[2] ; 0.000        ; 0.063      ; 1.709      ;
; 1.519  ; coloress2:inst17|bloqueo    ; coloress2:inst17|D2[0]      ; inst|altpll_component|auto_generated|pll1|clk[2] ; inst|altpll_component|auto_generated|pll1|clk[2] ; 0.000        ; -0.288     ; 1.388      ;
; 1.530  ; coloress2:inst17|puntos1[0] ; coloress2:inst17|D2[0]      ; inst|altpll_component|auto_generated|pll1|clk[2] ; inst|altpll_component|auto_generated|pll1|clk[2] ; 0.000        ; -0.288     ; 1.399      ;
+--------+-----------------------------+-----------------------------+--------------------------------------------------+--------------------------------------------------+--------------+------------+------------+


+--------------------------------------------------------------------------------------------------------------------------------------------------------------------------------------------------------------------------------------------+
; Slow 1200mV 85C Model Hold: 'inst|altpll_component|auto_generated|pll1|clk[0]'                                                                                                                                                             ;
+-------+------------------------------------------+------------------------------------------+--------------------------------------------------+--------------------------------------------------+--------------+------------+------------+
; Slack ; From Node                                ; To Node                                  ; Launch Clock                                     ; Latch Clock                                      ; Relationship ; Clock Skew ; Data Delay ;
+-------+------------------------------------------+------------------------------------------+--------------------------------------------------+--------------------------------------------------+--------------+------------+------------+
; 0.239 ; inst4                                    ; paralelo_serie_384b:inst1|shift_reg[89]  ; inst4                                            ; inst|altpll_component|auto_generated|pll1|clk[0] ; 0.000        ; 0.324      ; 1.029      ;
; 0.240 ; inst4                                    ; paralelo_serie_384b:inst1|shift_reg[76]  ; inst4                                            ; inst|altpll_component|auto_generated|pll1|clk[0] ; 0.000        ; 0.324      ; 1.030      ;
; 0.242 ; inst4                                    ; paralelo_serie_384b:inst1|shift_reg[81]  ; inst4                                            ; inst|altpll_component|auto_generated|pll1|clk[0] ; 0.000        ; 0.324      ; 1.032      ;
; 0.244 ; inst4                                    ; paralelo_serie_384b:inst1|shift_reg[52]  ; inst4                                            ; inst|altpll_component|auto_generated|pll1|clk[0] ; 0.000        ; 0.324      ; 1.034      ;
; 0.358 ; paralelo_serie_384b:inst1|shift_reg[257] ; paralelo_serie_384b:inst1|shift_reg[258] ; inst|altpll_component|auto_generated|pll1|clk[0] ; inst|altpll_component|auto_generated|pll1|clk[0] ; 0.000        ; 0.078      ; 0.593      ;
; 0.358 ; paralelo_serie_384b:inst1|shift_reg[370] ; paralelo_serie_384b:inst1|shift_reg[371] ; inst|altpll_component|auto_generated|pll1|clk[0] ; inst|altpll_component|auto_generated|pll1|clk[0] ; 0.000        ; 0.077      ; 0.592      ;
; 0.358 ; paralelo_serie_384b:inst1|shift_reg[381] ; paralelo_serie_384b:inst1|shift_reg[382] ; inst|altpll_component|auto_generated|pll1|clk[0] ; inst|altpll_component|auto_generated|pll1|clk[0] ; 0.000        ; 0.077      ; 0.592      ;
; 0.359 ; paralelo_serie_384b:inst1|shift_reg[372] ; paralelo_serie_384b:inst1|shift_reg[373] ; inst|altpll_component|auto_generated|pll1|clk[0] ; inst|altpll_component|auto_generated|pll1|clk[0] ; 0.000        ; 0.077      ; 0.593      ;
; 0.359 ; paralelo_serie_384b:inst1|shift_reg[378] ; paralelo_serie_384b:inst1|shift_reg[379] ; inst|altpll_component|auto_generated|pll1|clk[0] ; inst|altpll_component|auto_generated|pll1|clk[0] ; 0.000        ; 0.077      ; 0.593      ;
; 0.359 ; paralelo_serie_384b:inst1|shift_reg[380] ; paralelo_serie_384b:inst1|shift_reg[381] ; inst|altpll_component|auto_generated|pll1|clk[0] ; inst|altpll_component|auto_generated|pll1|clk[0] ; 0.000        ; 0.077      ; 0.593      ;
; 0.360 ; paralelo_serie_384b:inst1|shift_reg[377] ; paralelo_serie_384b:inst1|shift_reg[378] ; inst|altpll_component|auto_generated|pll1|clk[0] ; inst|altpll_component|auto_generated|pll1|clk[0] ; 0.000        ; 0.077      ; 0.594      ;
; 0.360 ; paralelo_serie_384b:inst1|shift_reg[379] ; paralelo_serie_384b:inst1|shift_reg[380] ; inst|altpll_component|auto_generated|pll1|clk[0] ; inst|altpll_component|auto_generated|pll1|clk[0] ; 0.000        ; 0.077      ; 0.594      ;
; 0.361 ; paralelo_serie_384b:inst1|shift_reg[374] ; paralelo_serie_384b:inst1|shift_reg[375] ; inst|altpll_component|auto_generated|pll1|clk[0] ; inst|altpll_component|auto_generated|pll1|clk[0] ; 0.000        ; 0.077      ; 0.595      ;
; 0.368 ; paralelo_serie_384b:inst1|shift_reg[8]   ; paralelo_serie_384b:inst1|shift_reg[9]   ; inst|altpll_component|auto_generated|pll1|clk[0] ; inst|altpll_component|auto_generated|pll1|clk[0] ; 0.000        ; 0.064      ; 0.589      ;
; 0.369 ; paralelo_serie_384b:inst1|shift_reg[2]   ; paralelo_serie_384b:inst1|shift_reg[3]   ; inst|altpll_component|auto_generated|pll1|clk[0] ; inst|altpll_component|auto_generated|pll1|clk[0] ; 0.000        ; 0.064      ; 0.590      ;
; 0.369 ; paralelo_serie_384b:inst1|shift_reg[15]  ; paralelo_serie_384b:inst1|shift_reg[16]  ; inst|altpll_component|auto_generated|pll1|clk[0] ; inst|altpll_component|auto_generated|pll1|clk[0] ; 0.000        ; 0.064      ; 0.590      ;
; 0.369 ; paralelo_serie_384b:inst1|shift_reg[16]  ; paralelo_serie_384b:inst1|shift_reg[17]  ; inst|altpll_component|auto_generated|pll1|clk[0] ; inst|altpll_component|auto_generated|pll1|clk[0] ; 0.000        ; 0.064      ; 0.590      ;
; 0.370 ; paralelo_serie_384b:inst1|shift_reg[3]   ; paralelo_serie_384b:inst1|shift_reg[4]   ; inst|altpll_component|auto_generated|pll1|clk[0] ; inst|altpll_component|auto_generated|pll1|clk[0] ; 0.000        ; 0.064      ; 0.591      ;
; 0.370 ; paralelo_serie_384b:inst1|shift_reg[145] ; paralelo_serie_384b:inst1|shift_reg[146] ; inst|altpll_component|auto_generated|pll1|clk[0] ; inst|altpll_component|auto_generated|pll1|clk[0] ; 0.000        ; 0.064      ; 0.591      ;
; 0.370 ; paralelo_serie_384b:inst1|shift_reg[151] ; paralelo_serie_384b:inst1|shift_reg[152] ; inst|altpll_component|auto_generated|pll1|clk[0] ; inst|altpll_component|auto_generated|pll1|clk[0] ; 0.000        ; 0.064      ; 0.591      ;
; 0.370 ; paralelo_serie_384b:inst1|shift_reg[282] ; paralelo_serie_384b:inst1|shift_reg[283] ; inst|altpll_component|auto_generated|pll1|clk[0] ; inst|altpll_component|auto_generated|pll1|clk[0] ; 0.000        ; 0.064      ; 0.591      ;
; 0.370 ; paralelo_serie_384b:inst1|shift_reg[303] ; paralelo_serie_384b:inst1|shift_reg[304] ; inst|altpll_component|auto_generated|pll1|clk[0] ; inst|altpll_component|auto_generated|pll1|clk[0] ; 0.000        ; 0.064      ; 0.591      ;
; 0.370 ; paralelo_serie_384b:inst1|shift_reg[323] ; paralelo_serie_384b:inst1|shift_reg[324] ; inst|altpll_component|auto_generated|pll1|clk[0] ; inst|altpll_component|auto_generated|pll1|clk[0] ; 0.000        ; 0.064      ; 0.591      ;
; 0.370 ; paralelo_serie_384b:inst1|shift_reg[327] ; paralelo_serie_384b:inst1|shift_reg[328] ; inst|altpll_component|auto_generated|pll1|clk[0] ; inst|altpll_component|auto_generated|pll1|clk[0] ; 0.000        ; 0.064      ; 0.591      ;
; 0.370 ; paralelo_serie_384b:inst1|shift_reg[368] ; paralelo_serie_384b:inst1|shift_reg[369] ; inst|altpll_component|auto_generated|pll1|clk[0] ; inst|altpll_component|auto_generated|pll1|clk[0] ; 0.000        ; 0.064      ; 0.591      ;
; 0.370 ; paralelo_serie_384b:inst1|shift_reg[37]  ; paralelo_serie_384b:inst1|shift_reg[38]  ; inst|altpll_component|auto_generated|pll1|clk[0] ; inst|altpll_component|auto_generated|pll1|clk[0] ; 0.000        ; 0.064      ; 0.591      ;
; 0.370 ; paralelo_serie_384b:inst1|shift_reg[105] ; paralelo_serie_384b:inst1|shift_reg[106] ; inst|altpll_component|auto_generated|pll1|clk[0] ; inst|altpll_component|auto_generated|pll1|clk[0] ; 0.000        ; 0.064      ; 0.591      ;
; 0.371 ; paralelo_serie_384b:inst1|shift_reg[4]   ; paralelo_serie_384b:inst1|shift_reg[5]   ; inst|altpll_component|auto_generated|pll1|clk[0] ; inst|altpll_component|auto_generated|pll1|clk[0] ; 0.000        ; 0.064      ; 0.592      ;
; 0.371 ; paralelo_serie_384b:inst1|shift_reg[140] ; paralelo_serie_384b:inst1|shift_reg[141] ; inst|altpll_component|auto_generated|pll1|clk[0] ; inst|altpll_component|auto_generated|pll1|clk[0] ; 0.000        ; 0.064      ; 0.592      ;
; 0.371 ; paralelo_serie_384b:inst1|shift_reg[175] ; paralelo_serie_384b:inst1|shift_reg[176] ; inst|altpll_component|auto_generated|pll1|clk[0] ; inst|altpll_component|auto_generated|pll1|clk[0] ; 0.000        ; 0.063      ; 0.591      ;
; 0.371 ; paralelo_serie_384b:inst1|shift_reg[177] ; paralelo_serie_384b:inst1|shift_reg[178] ; inst|altpll_component|auto_generated|pll1|clk[0] ; inst|altpll_component|auto_generated|pll1|clk[0] ; 0.000        ; 0.064      ; 0.592      ;
; 0.371 ; paralelo_serie_384b:inst1|shift_reg[184] ; paralelo_serie_384b:inst1|shift_reg[185] ; inst|altpll_component|auto_generated|pll1|clk[0] ; inst|altpll_component|auto_generated|pll1|clk[0] ; 0.000        ; 0.064      ; 0.592      ;
; 0.371 ; paralelo_serie_384b:inst1|shift_reg[198] ; paralelo_serie_384b:inst1|shift_reg[199] ; inst|altpll_component|auto_generated|pll1|clk[0] ; inst|altpll_component|auto_generated|pll1|clk[0] ; 0.000        ; 0.063      ; 0.591      ;
; 0.371 ; paralelo_serie_384b:inst1|shift_reg[206] ; paralelo_serie_384b:inst1|shift_reg[207] ; inst|altpll_component|auto_generated|pll1|clk[0] ; inst|altpll_component|auto_generated|pll1|clk[0] ; 0.000        ; 0.063      ; 0.591      ;
; 0.371 ; paralelo_serie_384b:inst1|shift_reg[214] ; paralelo_serie_384b:inst1|shift_reg[215] ; inst|altpll_component|auto_generated|pll1|clk[0] ; inst|altpll_component|auto_generated|pll1|clk[0] ; 0.000        ; 0.063      ; 0.591      ;
; 0.371 ; paralelo_serie_384b:inst1|shift_reg[225] ; paralelo_serie_384b:inst1|shift_reg[226] ; inst|altpll_component|auto_generated|pll1|clk[0] ; inst|altpll_component|auto_generated|pll1|clk[0] ; 0.000        ; 0.063      ; 0.591      ;
; 0.371 ; paralelo_serie_384b:inst1|shift_reg[226] ; paralelo_serie_384b:inst1|shift_reg[227] ; inst|altpll_component|auto_generated|pll1|clk[0] ; inst|altpll_component|auto_generated|pll1|clk[0] ; 0.000        ; 0.063      ; 0.591      ;
; 0.371 ; paralelo_serie_384b:inst1|shift_reg[243] ; paralelo_serie_384b:inst1|shift_reg[244] ; inst|altpll_component|auto_generated|pll1|clk[0] ; inst|altpll_component|auto_generated|pll1|clk[0] ; 0.000        ; 0.064      ; 0.592      ;
; 0.371 ; paralelo_serie_384b:inst1|shift_reg[262] ; paralelo_serie_384b:inst1|shift_reg[263] ; inst|altpll_component|auto_generated|pll1|clk[0] ; inst|altpll_component|auto_generated|pll1|clk[0] ; 0.000        ; 0.063      ; 0.591      ;
; 0.371 ; paralelo_serie_384b:inst1|shift_reg[263] ; paralelo_serie_384b:inst1|shift_reg[264] ; inst|altpll_component|auto_generated|pll1|clk[0] ; inst|altpll_component|auto_generated|pll1|clk[0] ; 0.000        ; 0.063      ; 0.591      ;
; 0.371 ; paralelo_serie_384b:inst1|shift_reg[273] ; paralelo_serie_384b:inst1|shift_reg[274] ; inst|altpll_component|auto_generated|pll1|clk[0] ; inst|altpll_component|auto_generated|pll1|clk[0] ; 0.000        ; 0.063      ; 0.591      ;
; 0.371 ; paralelo_serie_384b:inst1|shift_reg[277] ; paralelo_serie_384b:inst1|shift_reg[278] ; inst|altpll_component|auto_generated|pll1|clk[0] ; inst|altpll_component|auto_generated|pll1|clk[0] ; 0.000        ; 0.063      ; 0.591      ;
; 0.371 ; paralelo_serie_384b:inst1|shift_reg[289] ; paralelo_serie_384b:inst1|shift_reg[290] ; inst|altpll_component|auto_generated|pll1|clk[0] ; inst|altpll_component|auto_generated|pll1|clk[0] ; 0.000        ; 0.064      ; 0.592      ;
; 0.371 ; paralelo_serie_384b:inst1|shift_reg[292] ; paralelo_serie_384b:inst1|shift_reg[293] ; inst|altpll_component|auto_generated|pll1|clk[0] ; inst|altpll_component|auto_generated|pll1|clk[0] ; 0.000        ; 0.064      ; 0.592      ;
; 0.371 ; paralelo_serie_384b:inst1|shift_reg[311] ; paralelo_serie_384b:inst1|shift_reg[312] ; inst|altpll_component|auto_generated|pll1|clk[0] ; inst|altpll_component|auto_generated|pll1|clk[0] ; 0.000        ; 0.063      ; 0.591      ;
; 0.371 ; paralelo_serie_384b:inst1|shift_reg[319] ; paralelo_serie_384b:inst1|shift_reg[320] ; inst|altpll_component|auto_generated|pll1|clk[0] ; inst|altpll_component|auto_generated|pll1|clk[0] ; 0.000        ; 0.064      ; 0.592      ;
; 0.371 ; paralelo_serie_384b:inst1|shift_reg[328] ; paralelo_serie_384b:inst1|shift_reg[329] ; inst|altpll_component|auto_generated|pll1|clk[0] ; inst|altpll_component|auto_generated|pll1|clk[0] ; 0.000        ; 0.064      ; 0.592      ;
; 0.371 ; paralelo_serie_384b:inst1|shift_reg[335] ; paralelo_serie_384b:inst1|shift_reg[336] ; inst|altpll_component|auto_generated|pll1|clk[0] ; inst|altpll_component|auto_generated|pll1|clk[0] ; 0.000        ; 0.063      ; 0.591      ;
; 0.371 ; paralelo_serie_384b:inst1|shift_reg[343] ; paralelo_serie_384b:inst1|shift_reg[344] ; inst|altpll_component|auto_generated|pll1|clk[0] ; inst|altpll_component|auto_generated|pll1|clk[0] ; 0.000        ; 0.063      ; 0.591      ;
; 0.371 ; paralelo_serie_384b:inst1|shift_reg[346] ; paralelo_serie_384b:inst1|shift_reg[347] ; inst|altpll_component|auto_generated|pll1|clk[0] ; inst|altpll_component|auto_generated|pll1|clk[0] ; 0.000        ; 0.063      ; 0.591      ;
; 0.371 ; paralelo_serie_384b:inst1|shift_reg[359] ; paralelo_serie_384b:inst1|shift_reg[360] ; inst|altpll_component|auto_generated|pll1|clk[0] ; inst|altpll_component|auto_generated|pll1|clk[0] ; 0.000        ; 0.064      ; 0.592      ;
; 0.371 ; paralelo_serie_384b:inst1|shift_reg[361] ; paralelo_serie_384b:inst1|shift_reg[362] ; inst|altpll_component|auto_generated|pll1|clk[0] ; inst|altpll_component|auto_generated|pll1|clk[0] ; 0.000        ; 0.064      ; 0.592      ;
; 0.371 ; paralelo_serie_384b:inst1|shift_reg[13]  ; paralelo_serie_384b:inst1|shift_reg[14]  ; inst|altpll_component|auto_generated|pll1|clk[0] ; inst|altpll_component|auto_generated|pll1|clk[0] ; 0.000        ; 0.064      ; 0.592      ;
; 0.371 ; paralelo_serie_384b:inst1|shift_reg[18]  ; paralelo_serie_384b:inst1|shift_reg[19]  ; inst|altpll_component|auto_generated|pll1|clk[0] ; inst|altpll_component|auto_generated|pll1|clk[0] ; 0.000        ; 0.064      ; 0.592      ;
; 0.371 ; paralelo_serie_384b:inst1|shift_reg[20]  ; paralelo_serie_384b:inst1|shift_reg[21]  ; inst|altpll_component|auto_generated|pll1|clk[0] ; inst|altpll_component|auto_generated|pll1|clk[0] ; 0.000        ; 0.064      ; 0.592      ;
; 0.371 ; paralelo_serie_384b:inst1|shift_reg[36]  ; paralelo_serie_384b:inst1|shift_reg[37]  ; inst|altpll_component|auto_generated|pll1|clk[0] ; inst|altpll_component|auto_generated|pll1|clk[0] ; 0.000        ; 0.064      ; 0.592      ;
; 0.371 ; paralelo_serie_384b:inst1|shift_reg[83]  ; paralelo_serie_384b:inst1|shift_reg[84]  ; inst|altpll_component|auto_generated|pll1|clk[0] ; inst|altpll_component|auto_generated|pll1|clk[0] ; 0.000        ; 0.064      ; 0.592      ;
; 0.371 ; paralelo_serie_384b:inst1|shift_reg[99]  ; paralelo_serie_384b:inst1|shift_reg[100] ; inst|altpll_component|auto_generated|pll1|clk[0] ; inst|altpll_component|auto_generated|pll1|clk[0] ; 0.000        ; 0.063      ; 0.591      ;
; 0.371 ; paralelo_serie_384b:inst1|shift_reg[100] ; paralelo_serie_384b:inst1|shift_reg[101] ; inst|altpll_component|auto_generated|pll1|clk[0] ; inst|altpll_component|auto_generated|pll1|clk[0] ; 0.000        ; 0.063      ; 0.591      ;
; 0.372 ; paralelo_serie_384b:inst1|shift_reg[1]   ; paralelo_serie_384b:inst1|shift_reg[2]   ; inst|altpll_component|auto_generated|pll1|clk[0] ; inst|altpll_component|auto_generated|pll1|clk[0] ; 0.000        ; 0.064      ; 0.593      ;
; 0.372 ; paralelo_serie_384b:inst1|shift_reg[138] ; paralelo_serie_384b:inst1|shift_reg[139] ; inst|altpll_component|auto_generated|pll1|clk[0] ; inst|altpll_component|auto_generated|pll1|clk[0] ; 0.000        ; 0.064      ; 0.593      ;
; 0.372 ; paralelo_serie_384b:inst1|shift_reg[139] ; paralelo_serie_384b:inst1|shift_reg[140] ; inst|altpll_component|auto_generated|pll1|clk[0] ; inst|altpll_component|auto_generated|pll1|clk[0] ; 0.000        ; 0.064      ; 0.593      ;
; 0.372 ; paralelo_serie_384b:inst1|shift_reg[141] ; paralelo_serie_384b:inst1|shift_reg[142] ; inst|altpll_component|auto_generated|pll1|clk[0] ; inst|altpll_component|auto_generated|pll1|clk[0] ; 0.000        ; 0.064      ; 0.593      ;
; 0.372 ; paralelo_serie_384b:inst1|shift_reg[142] ; paralelo_serie_384b:inst1|shift_reg[143] ; inst|altpll_component|auto_generated|pll1|clk[0] ; inst|altpll_component|auto_generated|pll1|clk[0] ; 0.000        ; 0.064      ; 0.593      ;
; 0.372 ; paralelo_serie_384b:inst1|shift_reg[154] ; paralelo_serie_384b:inst1|shift_reg[155] ; inst|altpll_component|auto_generated|pll1|clk[0] ; inst|altpll_component|auto_generated|pll1|clk[0] ; 0.000        ; 0.064      ; 0.593      ;
; 0.372 ; paralelo_serie_384b:inst1|shift_reg[155] ; paralelo_serie_384b:inst1|shift_reg[156] ; inst|altpll_component|auto_generated|pll1|clk[0] ; inst|altpll_component|auto_generated|pll1|clk[0] ; 0.000        ; 0.064      ; 0.593      ;
; 0.372 ; paralelo_serie_384b:inst1|shift_reg[166] ; paralelo_serie_384b:inst1|shift_reg[167] ; inst|altpll_component|auto_generated|pll1|clk[0] ; inst|altpll_component|auto_generated|pll1|clk[0] ; 0.000        ; 0.063      ; 0.592      ;
; 0.372 ; paralelo_serie_384b:inst1|shift_reg[170] ; paralelo_serie_384b:inst1|shift_reg[171] ; inst|altpll_component|auto_generated|pll1|clk[0] ; inst|altpll_component|auto_generated|pll1|clk[0] ; 0.000        ; 0.063      ; 0.592      ;
; 0.372 ; paralelo_serie_384b:inst1|shift_reg[174] ; paralelo_serie_384b:inst1|shift_reg[175] ; inst|altpll_component|auto_generated|pll1|clk[0] ; inst|altpll_component|auto_generated|pll1|clk[0] ; 0.000        ; 0.063      ; 0.592      ;
; 0.372 ; paralelo_serie_384b:inst1|shift_reg[180] ; paralelo_serie_384b:inst1|shift_reg[181] ; inst|altpll_component|auto_generated|pll1|clk[0] ; inst|altpll_component|auto_generated|pll1|clk[0] ; 0.000        ; 0.064      ; 0.593      ;
; 0.372 ; paralelo_serie_384b:inst1|shift_reg[181] ; paralelo_serie_384b:inst1|shift_reg[182] ; inst|altpll_component|auto_generated|pll1|clk[0] ; inst|altpll_component|auto_generated|pll1|clk[0] ; 0.000        ; 0.064      ; 0.593      ;
; 0.372 ; paralelo_serie_384b:inst1|shift_reg[187] ; paralelo_serie_384b:inst1|shift_reg[188] ; inst|altpll_component|auto_generated|pll1|clk[0] ; inst|altpll_component|auto_generated|pll1|clk[0] ; 0.000        ; 0.064      ; 0.593      ;
; 0.372 ; paralelo_serie_384b:inst1|shift_reg[196] ; paralelo_serie_384b:inst1|shift_reg[197] ; inst|altpll_component|auto_generated|pll1|clk[0] ; inst|altpll_component|auto_generated|pll1|clk[0] ; 0.000        ; 0.063      ; 0.592      ;
; 0.372 ; paralelo_serie_384b:inst1|shift_reg[197] ; paralelo_serie_384b:inst1|shift_reg[198] ; inst|altpll_component|auto_generated|pll1|clk[0] ; inst|altpll_component|auto_generated|pll1|clk[0] ; 0.000        ; 0.063      ; 0.592      ;
; 0.372 ; paralelo_serie_384b:inst1|shift_reg[217] ; paralelo_serie_384b:inst1|shift_reg[218] ; inst|altpll_component|auto_generated|pll1|clk[0] ; inst|altpll_component|auto_generated|pll1|clk[0] ; 0.000        ; 0.063      ; 0.592      ;
; 0.372 ; paralelo_serie_384b:inst1|shift_reg[221] ; paralelo_serie_384b:inst1|shift_reg[222] ; inst|altpll_component|auto_generated|pll1|clk[0] ; inst|altpll_component|auto_generated|pll1|clk[0] ; 0.000        ; 0.063      ; 0.592      ;
; 0.372 ; paralelo_serie_384b:inst1|shift_reg[229] ; paralelo_serie_384b:inst1|shift_reg[230] ; inst|altpll_component|auto_generated|pll1|clk[0] ; inst|altpll_component|auto_generated|pll1|clk[0] ; 0.000        ; 0.063      ; 0.592      ;
; 0.372 ; paralelo_serie_384b:inst1|shift_reg[233] ; paralelo_serie_384b:inst1|shift_reg[234] ; inst|altpll_component|auto_generated|pll1|clk[0] ; inst|altpll_component|auto_generated|pll1|clk[0] ; 0.000        ; 0.063      ; 0.592      ;
; 0.372 ; paralelo_serie_384b:inst1|shift_reg[236] ; paralelo_serie_384b:inst1|shift_reg[237] ; inst|altpll_component|auto_generated|pll1|clk[0] ; inst|altpll_component|auto_generated|pll1|clk[0] ; 0.000        ; 0.063      ; 0.592      ;
; 0.372 ; paralelo_serie_384b:inst1|shift_reg[240] ; paralelo_serie_384b:inst1|shift_reg[241] ; inst|altpll_component|auto_generated|pll1|clk[0] ; inst|altpll_component|auto_generated|pll1|clk[0] ; 0.000        ; 0.064      ; 0.593      ;
; 0.372 ; paralelo_serie_384b:inst1|shift_reg[241] ; paralelo_serie_384b:inst1|shift_reg[242] ; inst|altpll_component|auto_generated|pll1|clk[0] ; inst|altpll_component|auto_generated|pll1|clk[0] ; 0.000        ; 0.064      ; 0.593      ;
; 0.372 ; paralelo_serie_384b:inst1|shift_reg[246] ; paralelo_serie_384b:inst1|shift_reg[247] ; inst|altpll_component|auto_generated|pll1|clk[0] ; inst|altpll_component|auto_generated|pll1|clk[0] ; 0.000        ; 0.063      ; 0.592      ;
; 0.372 ; paralelo_serie_384b:inst1|shift_reg[249] ; paralelo_serie_384b:inst1|shift_reg[250] ; inst|altpll_component|auto_generated|pll1|clk[0] ; inst|altpll_component|auto_generated|pll1|clk[0] ; 0.000        ; 0.064      ; 0.593      ;
; 0.372 ; paralelo_serie_384b:inst1|shift_reg[250] ; paralelo_serie_384b:inst1|shift_reg[251] ; inst|altpll_component|auto_generated|pll1|clk[0] ; inst|altpll_component|auto_generated|pll1|clk[0] ; 0.000        ; 0.064      ; 0.593      ;
; 0.372 ; paralelo_serie_384b:inst1|shift_reg[251] ; paralelo_serie_384b:inst1|shift_reg[252] ; inst|altpll_component|auto_generated|pll1|clk[0] ; inst|altpll_component|auto_generated|pll1|clk[0] ; 0.000        ; 0.064      ; 0.593      ;
; 0.372 ; paralelo_serie_384b:inst1|shift_reg[269] ; paralelo_serie_384b:inst1|shift_reg[270] ; inst|altpll_component|auto_generated|pll1|clk[0] ; inst|altpll_component|auto_generated|pll1|clk[0] ; 0.000        ; 0.063      ; 0.592      ;
; 0.372 ; paralelo_serie_384b:inst1|shift_reg[284] ; paralelo_serie_384b:inst1|shift_reg[285] ; inst|altpll_component|auto_generated|pll1|clk[0] ; inst|altpll_component|auto_generated|pll1|clk[0] ; 0.000        ; 0.064      ; 0.593      ;
; 0.372 ; paralelo_serie_384b:inst1|shift_reg[285] ; paralelo_serie_384b:inst1|shift_reg[286] ; inst|altpll_component|auto_generated|pll1|clk[0] ; inst|altpll_component|auto_generated|pll1|clk[0] ; 0.000        ; 0.064      ; 0.593      ;
; 0.372 ; paralelo_serie_384b:inst1|shift_reg[287] ; paralelo_serie_384b:inst1|shift_reg[288] ; inst|altpll_component|auto_generated|pll1|clk[0] ; inst|altpll_component|auto_generated|pll1|clk[0] ; 0.000        ; 0.064      ; 0.593      ;
; 0.372 ; paralelo_serie_384b:inst1|shift_reg[288] ; paralelo_serie_384b:inst1|shift_reg[289] ; inst|altpll_component|auto_generated|pll1|clk[0] ; inst|altpll_component|auto_generated|pll1|clk[0] ; 0.000        ; 0.064      ; 0.593      ;
; 0.372 ; paralelo_serie_384b:inst1|shift_reg[290] ; paralelo_serie_384b:inst1|shift_reg[291] ; inst|altpll_component|auto_generated|pll1|clk[0] ; inst|altpll_component|auto_generated|pll1|clk[0] ; 0.000        ; 0.064      ; 0.593      ;
; 0.372 ; paralelo_serie_384b:inst1|shift_reg[297] ; paralelo_serie_384b:inst1|shift_reg[298] ; inst|altpll_component|auto_generated|pll1|clk[0] ; inst|altpll_component|auto_generated|pll1|clk[0] ; 0.000        ; 0.064      ; 0.593      ;
; 0.372 ; paralelo_serie_384b:inst1|shift_reg[298] ; paralelo_serie_384b:inst1|shift_reg[299] ; inst|altpll_component|auto_generated|pll1|clk[0] ; inst|altpll_component|auto_generated|pll1|clk[0] ; 0.000        ; 0.064      ; 0.593      ;
; 0.372 ; paralelo_serie_384b:inst1|shift_reg[299] ; paralelo_serie_384b:inst1|shift_reg[300] ; inst|altpll_component|auto_generated|pll1|clk[0] ; inst|altpll_component|auto_generated|pll1|clk[0] ; 0.000        ; 0.064      ; 0.593      ;
; 0.372 ; paralelo_serie_384b:inst1|shift_reg[300] ; paralelo_serie_384b:inst1|shift_reg[301] ; inst|altpll_component|auto_generated|pll1|clk[0] ; inst|altpll_component|auto_generated|pll1|clk[0] ; 0.000        ; 0.064      ; 0.593      ;
; 0.372 ; paralelo_serie_384b:inst1|shift_reg[315] ; paralelo_serie_384b:inst1|shift_reg[316] ; inst|altpll_component|auto_generated|pll1|clk[0] ; inst|altpll_component|auto_generated|pll1|clk[0] ; 0.000        ; 0.064      ; 0.593      ;
; 0.372 ; paralelo_serie_384b:inst1|shift_reg[317] ; paralelo_serie_384b:inst1|shift_reg[318] ; inst|altpll_component|auto_generated|pll1|clk[0] ; inst|altpll_component|auto_generated|pll1|clk[0] ; 0.000        ; 0.064      ; 0.593      ;
; 0.372 ; paralelo_serie_384b:inst1|shift_reg[318] ; paralelo_serie_384b:inst1|shift_reg[319] ; inst|altpll_component|auto_generated|pll1|clk[0] ; inst|altpll_component|auto_generated|pll1|clk[0] ; 0.000        ; 0.064      ; 0.593      ;
; 0.372 ; paralelo_serie_384b:inst1|shift_reg[321] ; paralelo_serie_384b:inst1|shift_reg[322] ; inst|altpll_component|auto_generated|pll1|clk[0] ; inst|altpll_component|auto_generated|pll1|clk[0] ; 0.000        ; 0.064      ; 0.593      ;
; 0.372 ; paralelo_serie_384b:inst1|shift_reg[355] ; paralelo_serie_384b:inst1|shift_reg[356] ; inst|altpll_component|auto_generated|pll1|clk[0] ; inst|altpll_component|auto_generated|pll1|clk[0] ; 0.000        ; 0.064      ; 0.593      ;
+-------+------------------------------------------+------------------------------------------+--------------------------------------------------+--------------------------------------------------+--------------+------------+------------+


+--------------------------------------------------------------------------------------------------------------------------------------------------------------------------------------------------------------+
; Slow 1200mV 85C Model Hold: 'inst|altpll_component|auto_generated|pll1|clk[1]'                                                                                                                               ;
+-------+---------------------------+---------------------------+--------------------------------------------------+--------------------------------------------------+--------------+------------+------------+
; Slack ; From Node                 ; To Node                   ; Launch Clock                                     ; Latch Clock                                      ; Relationship ; Clock Skew ; Data Delay ;
+-------+---------------------------+---------------------------+--------------------------------------------------+--------------------------------------------------+--------------+------------+------------+
; 0.343 ; pulso_384:inst12|strt     ; pulso_384:inst12|strt     ; inst|altpll_component|auto_generated|pll1|clk[1] ; inst|altpll_component|auto_generated|pll1|clk[1] ; 0.000        ; 0.077      ; 0.577      ;
; 0.343 ; pulso_384:inst12|pulso    ; pulso_384:inst12|pulso    ; inst|altpll_component|auto_generated|pll1|clk[1] ; inst|altpll_component|auto_generated|pll1|clk[1] ; 0.000        ; 0.077      ; 0.577      ;
; 0.527 ; pulso_384:inst12|count[8] ; pulso_384:inst12|strt     ; inst|altpll_component|auto_generated|pll1|clk[1] ; inst|altpll_component|auto_generated|pll1|clk[1] ; 0.000        ; 0.105      ; 0.789      ;
; 0.528 ; pulso_384:inst12|count[7] ; pulso_384:inst12|strt     ; inst|altpll_component|auto_generated|pll1|clk[1] ; inst|altpll_component|auto_generated|pll1|clk[1] ; 0.000        ; 0.105      ; 0.790      ;
; 0.536 ; pulso_384:inst12|count[1] ; pulso_384:inst12|count[1] ; inst|altpll_component|auto_generated|pll1|clk[1] ; inst|altpll_component|auto_generated|pll1|clk[1] ; 0.000        ; 0.076      ; 0.769      ;
; 0.537 ; pulso_384:inst12|count[6] ; pulso_384:inst12|count[6] ; inst|altpll_component|auto_generated|pll1|clk[1] ; inst|altpll_component|auto_generated|pll1|clk[1] ; 0.000        ; 0.076      ; 0.770      ;
; 0.539 ; pulso_384:inst12|count[3] ; pulso_384:inst12|count[3] ; inst|altpll_component|auto_generated|pll1|clk[1] ; inst|altpll_component|auto_generated|pll1|clk[1] ; 0.000        ; 0.076      ; 0.772      ;
; 0.539 ; pulso_384:inst12|count[5] ; pulso_384:inst12|count[5] ; inst|altpll_component|auto_generated|pll1|clk[1] ; inst|altpll_component|auto_generated|pll1|clk[1] ; 0.000        ; 0.076      ; 0.772      ;
; 0.541 ; pulso_384:inst12|count[2] ; pulso_384:inst12|count[2] ; inst|altpll_component|auto_generated|pll1|clk[1] ; inst|altpll_component|auto_generated|pll1|clk[1] ; 0.000        ; 0.076      ; 0.774      ;
; 0.541 ; pulso_384:inst12|count[4] ; pulso_384:inst12|count[4] ; inst|altpll_component|auto_generated|pll1|clk[1] ; inst|altpll_component|auto_generated|pll1|clk[1] ; 0.000        ; 0.076      ; 0.774      ;
; 0.553 ; pulso_384:inst12|count[7] ; pulso_384:inst12|count[7] ; inst|altpll_component|auto_generated|pll1|clk[1] ; inst|altpll_component|auto_generated|pll1|clk[1] ; 0.000        ; 0.076      ; 0.786      ;
; 0.554 ; pulso_384:inst12|count[8] ; pulso_384:inst12|count[8] ; inst|altpll_component|auto_generated|pll1|clk[1] ; inst|altpll_component|auto_generated|pll1|clk[1] ; 0.000        ; 0.076      ; 0.787      ;
; 0.555 ; pulso_384:inst12|count[0] ; pulso_384:inst12|count[0] ; inst|altpll_component|auto_generated|pll1|clk[1] ; inst|altpll_component|auto_generated|pll1|clk[1] ; 0.000        ; 0.076      ; 0.788      ;
; 0.811 ; pulso_384:inst12|count[1] ; pulso_384:inst12|count[2] ; inst|altpll_component|auto_generated|pll1|clk[1] ; inst|altpll_component|auto_generated|pll1|clk[1] ; 0.000        ; 0.076      ; 1.044      ;
; 0.813 ; pulso_384:inst12|count[5] ; pulso_384:inst12|count[6] ; inst|altpll_component|auto_generated|pll1|clk[1] ; inst|altpll_component|auto_generated|pll1|clk[1] ; 0.000        ; 0.076      ; 1.046      ;
; 0.813 ; pulso_384:inst12|count[3] ; pulso_384:inst12|count[4] ; inst|altpll_component|auto_generated|pll1|clk[1] ; inst|altpll_component|auto_generated|pll1|clk[1] ; 0.000        ; 0.076      ; 1.046      ;
; 0.825 ; pulso_384:inst12|count[0] ; pulso_384:inst12|count[1] ; inst|altpll_component|auto_generated|pll1|clk[1] ; inst|altpll_component|auto_generated|pll1|clk[1] ; 0.000        ; 0.076      ; 1.058      ;
; 0.825 ; pulso_384:inst12|count[6] ; pulso_384:inst12|count[7] ; inst|altpll_component|auto_generated|pll1|clk[1] ; inst|altpll_component|auto_generated|pll1|clk[1] ; 0.000        ; 0.076      ; 1.058      ;
; 0.827 ; pulso_384:inst12|count[7] ; pulso_384:inst12|count[8] ; inst|altpll_component|auto_generated|pll1|clk[1] ; inst|altpll_component|auto_generated|pll1|clk[1] ; 0.000        ; 0.076      ; 1.060      ;
; 0.827 ; pulso_384:inst12|count[0] ; pulso_384:inst12|count[2] ; inst|altpll_component|auto_generated|pll1|clk[1] ; inst|altpll_component|auto_generated|pll1|clk[1] ; 0.000        ; 0.076      ; 1.060      ;
; 0.827 ; pulso_384:inst12|count[6] ; pulso_384:inst12|count[8] ; inst|altpll_component|auto_generated|pll1|clk[1] ; inst|altpll_component|auto_generated|pll1|clk[1] ; 0.000        ; 0.076      ; 1.060      ;
; 0.828 ; pulso_384:inst12|count[2] ; pulso_384:inst12|count[3] ; inst|altpll_component|auto_generated|pll1|clk[1] ; inst|altpll_component|auto_generated|pll1|clk[1] ; 0.000        ; 0.076      ; 1.061      ;
; 0.828 ; pulso_384:inst12|count[4] ; pulso_384:inst12|count[5] ; inst|altpll_component|auto_generated|pll1|clk[1] ; inst|altpll_component|auto_generated|pll1|clk[1] ; 0.000        ; 0.076      ; 1.061      ;
; 0.830 ; pulso_384:inst12|count[4] ; pulso_384:inst12|count[6] ; inst|altpll_component|auto_generated|pll1|clk[1] ; inst|altpll_component|auto_generated|pll1|clk[1] ; 0.000        ; 0.076      ; 1.063      ;
; 0.830 ; pulso_384:inst12|count[2] ; pulso_384:inst12|count[4] ; inst|altpll_component|auto_generated|pll1|clk[1] ; inst|altpll_component|auto_generated|pll1|clk[1] ; 0.000        ; 0.076      ; 1.063      ;
; 0.863 ; pulso_384:inst12|count[7] ; pulso_384:inst12|pulso    ; inst|altpll_component|auto_generated|pll1|clk[1] ; inst|altpll_component|auto_generated|pll1|clk[1] ; 0.000        ; 0.105      ; 1.125      ;
; 0.921 ; pulso_384:inst12|count[1] ; pulso_384:inst12|count[3] ; inst|altpll_component|auto_generated|pll1|clk[1] ; inst|altpll_component|auto_generated|pll1|clk[1] ; 0.000        ; 0.076      ; 1.154      ;
; 0.923 ; pulso_384:inst12|count[5] ; pulso_384:inst12|count[7] ; inst|altpll_component|auto_generated|pll1|clk[1] ; inst|altpll_component|auto_generated|pll1|clk[1] ; 0.000        ; 0.076      ; 1.156      ;
; 0.923 ; pulso_384:inst12|count[3] ; pulso_384:inst12|count[5] ; inst|altpll_component|auto_generated|pll1|clk[1] ; inst|altpll_component|auto_generated|pll1|clk[1] ; 0.000        ; 0.076      ; 1.156      ;
; 0.923 ; pulso_384:inst12|count[1] ; pulso_384:inst12|count[4] ; inst|altpll_component|auto_generated|pll1|clk[1] ; inst|altpll_component|auto_generated|pll1|clk[1] ; 0.000        ; 0.076      ; 1.156      ;
; 0.925 ; pulso_384:inst12|count[5] ; pulso_384:inst12|count[8] ; inst|altpll_component|auto_generated|pll1|clk[1] ; inst|altpll_component|auto_generated|pll1|clk[1] ; 0.000        ; 0.076      ; 1.158      ;
; 0.925 ; pulso_384:inst12|count[3] ; pulso_384:inst12|count[6] ; inst|altpll_component|auto_generated|pll1|clk[1] ; inst|altpll_component|auto_generated|pll1|clk[1] ; 0.000        ; 0.076      ; 1.158      ;
; 0.937 ; pulso_384:inst12|count[0] ; pulso_384:inst12|count[3] ; inst|altpll_component|auto_generated|pll1|clk[1] ; inst|altpll_component|auto_generated|pll1|clk[1] ; 0.000        ; 0.076      ; 1.170      ;
; 0.939 ; pulso_384:inst12|count[0] ; pulso_384:inst12|count[4] ; inst|altpll_component|auto_generated|pll1|clk[1] ; inst|altpll_component|auto_generated|pll1|clk[1] ; 0.000        ; 0.076      ; 1.172      ;
; 0.940 ; pulso_384:inst12|count[4] ; pulso_384:inst12|count[7] ; inst|altpll_component|auto_generated|pll1|clk[1] ; inst|altpll_component|auto_generated|pll1|clk[1] ; 0.000        ; 0.076      ; 1.173      ;
; 0.940 ; pulso_384:inst12|count[2] ; pulso_384:inst12|count[5] ; inst|altpll_component|auto_generated|pll1|clk[1] ; inst|altpll_component|auto_generated|pll1|clk[1] ; 0.000        ; 0.076      ; 1.173      ;
; 0.942 ; pulso_384:inst12|count[4] ; pulso_384:inst12|count[8] ; inst|altpll_component|auto_generated|pll1|clk[1] ; inst|altpll_component|auto_generated|pll1|clk[1] ; 0.000        ; 0.076      ; 1.175      ;
; 0.942 ; pulso_384:inst12|count[2] ; pulso_384:inst12|count[6] ; inst|altpll_component|auto_generated|pll1|clk[1] ; inst|altpll_component|auto_generated|pll1|clk[1] ; 0.000        ; 0.076      ; 1.175      ;
; 0.967 ; pulso_384:inst12|count[8] ; pulso_384:inst12|pulso    ; inst|altpll_component|auto_generated|pll1|clk[1] ; inst|altpll_component|auto_generated|pll1|clk[1] ; 0.000        ; 0.105      ; 1.229      ;
; 1.033 ; pulso_384:inst12|count[1] ; pulso_384:inst12|count[5] ; inst|altpll_component|auto_generated|pll1|clk[1] ; inst|altpll_component|auto_generated|pll1|clk[1] ; 0.000        ; 0.076      ; 1.266      ;
; 1.035 ; pulso_384:inst12|count[3] ; pulso_384:inst12|count[7] ; inst|altpll_component|auto_generated|pll1|clk[1] ; inst|altpll_component|auto_generated|pll1|clk[1] ; 0.000        ; 0.076      ; 1.268      ;
; 1.035 ; pulso_384:inst12|count[1] ; pulso_384:inst12|count[6] ; inst|altpll_component|auto_generated|pll1|clk[1] ; inst|altpll_component|auto_generated|pll1|clk[1] ; 0.000        ; 0.076      ; 1.268      ;
; 1.037 ; pulso_384:inst12|count[3] ; pulso_384:inst12|count[8] ; inst|altpll_component|auto_generated|pll1|clk[1] ; inst|altpll_component|auto_generated|pll1|clk[1] ; 0.000        ; 0.076      ; 1.270      ;
; 1.049 ; pulso_384:inst12|count[0] ; pulso_384:inst12|count[5] ; inst|altpll_component|auto_generated|pll1|clk[1] ; inst|altpll_component|auto_generated|pll1|clk[1] ; 0.000        ; 0.076      ; 1.282      ;
; 1.051 ; pulso_384:inst12|count[0] ; pulso_384:inst12|count[6] ; inst|altpll_component|auto_generated|pll1|clk[1] ; inst|altpll_component|auto_generated|pll1|clk[1] ; 0.000        ; 0.076      ; 1.284      ;
; 1.052 ; pulso_384:inst12|count[2] ; pulso_384:inst12|count[7] ; inst|altpll_component|auto_generated|pll1|clk[1] ; inst|altpll_component|auto_generated|pll1|clk[1] ; 0.000        ; 0.076      ; 1.285      ;
; 1.054 ; pulso_384:inst12|count[2] ; pulso_384:inst12|count[8] ; inst|altpll_component|auto_generated|pll1|clk[1] ; inst|altpll_component|auto_generated|pll1|clk[1] ; 0.000        ; 0.076      ; 1.287      ;
; 1.058 ; pulso_384:inst12|strt     ; pulso_384:inst12|pulso    ; inst|altpll_component|auto_generated|pll1|clk[1] ; inst|altpll_component|auto_generated|pll1|clk[1] ; 0.000        ; 0.077      ; 1.292      ;
; 1.139 ; pulso_384:inst12|count[7] ; pulso_384:inst12|count[0] ; inst|altpll_component|auto_generated|pll1|clk[1] ; inst|altpll_component|auto_generated|pll1|clk[1] ; 0.000        ; 0.076      ; 1.372      ;
; 1.139 ; pulso_384:inst12|count[7] ; pulso_384:inst12|count[1] ; inst|altpll_component|auto_generated|pll1|clk[1] ; inst|altpll_component|auto_generated|pll1|clk[1] ; 0.000        ; 0.076      ; 1.372      ;
; 1.139 ; pulso_384:inst12|count[7] ; pulso_384:inst12|count[2] ; inst|altpll_component|auto_generated|pll1|clk[1] ; inst|altpll_component|auto_generated|pll1|clk[1] ; 0.000        ; 0.076      ; 1.372      ;
; 1.139 ; pulso_384:inst12|count[7] ; pulso_384:inst12|count[3] ; inst|altpll_component|auto_generated|pll1|clk[1] ; inst|altpll_component|auto_generated|pll1|clk[1] ; 0.000        ; 0.076      ; 1.372      ;
; 1.139 ; pulso_384:inst12|count[7] ; pulso_384:inst12|count[4] ; inst|altpll_component|auto_generated|pll1|clk[1] ; inst|altpll_component|auto_generated|pll1|clk[1] ; 0.000        ; 0.076      ; 1.372      ;
; 1.139 ; pulso_384:inst12|count[7] ; pulso_384:inst12|count[5] ; inst|altpll_component|auto_generated|pll1|clk[1] ; inst|altpll_component|auto_generated|pll1|clk[1] ; 0.000        ; 0.076      ; 1.372      ;
; 1.139 ; pulso_384:inst12|count[7] ; pulso_384:inst12|count[6] ; inst|altpll_component|auto_generated|pll1|clk[1] ; inst|altpll_component|auto_generated|pll1|clk[1] ; 0.000        ; 0.076      ; 1.372      ;
; 1.145 ; pulso_384:inst12|count[1] ; pulso_384:inst12|count[7] ; inst|altpll_component|auto_generated|pll1|clk[1] ; inst|altpll_component|auto_generated|pll1|clk[1] ; 0.000        ; 0.076      ; 1.378      ;
; 1.147 ; pulso_384:inst12|count[1] ; pulso_384:inst12|count[8] ; inst|altpll_component|auto_generated|pll1|clk[1] ; inst|altpll_component|auto_generated|pll1|clk[1] ; 0.000        ; 0.076      ; 1.380      ;
; 1.161 ; pulso_384:inst12|count[0] ; pulso_384:inst12|count[7] ; inst|altpll_component|auto_generated|pll1|clk[1] ; inst|altpll_component|auto_generated|pll1|clk[1] ; 0.000        ; 0.076      ; 1.394      ;
; 1.163 ; pulso_384:inst12|count[0] ; pulso_384:inst12|count[8] ; inst|altpll_component|auto_generated|pll1|clk[1] ; inst|altpll_component|auto_generated|pll1|clk[1] ; 0.000        ; 0.076      ; 1.396      ;
; 1.243 ; pulso_384:inst12|count[8] ; pulso_384:inst12|count[0] ; inst|altpll_component|auto_generated|pll1|clk[1] ; inst|altpll_component|auto_generated|pll1|clk[1] ; 0.000        ; 0.076      ; 1.476      ;
; 1.243 ; pulso_384:inst12|count[8] ; pulso_384:inst12|count[1] ; inst|altpll_component|auto_generated|pll1|clk[1] ; inst|altpll_component|auto_generated|pll1|clk[1] ; 0.000        ; 0.076      ; 1.476      ;
; 1.243 ; pulso_384:inst12|count[8] ; pulso_384:inst12|count[2] ; inst|altpll_component|auto_generated|pll1|clk[1] ; inst|altpll_component|auto_generated|pll1|clk[1] ; 0.000        ; 0.076      ; 1.476      ;
; 1.243 ; pulso_384:inst12|count[8] ; pulso_384:inst12|count[3] ; inst|altpll_component|auto_generated|pll1|clk[1] ; inst|altpll_component|auto_generated|pll1|clk[1] ; 0.000        ; 0.076      ; 1.476      ;
; 1.243 ; pulso_384:inst12|count[8] ; pulso_384:inst12|count[4] ; inst|altpll_component|auto_generated|pll1|clk[1] ; inst|altpll_component|auto_generated|pll1|clk[1] ; 0.000        ; 0.076      ; 1.476      ;
; 1.243 ; pulso_384:inst12|count[8] ; pulso_384:inst12|count[5] ; inst|altpll_component|auto_generated|pll1|clk[1] ; inst|altpll_component|auto_generated|pll1|clk[1] ; 0.000        ; 0.076      ; 1.476      ;
; 1.243 ; pulso_384:inst12|count[8] ; pulso_384:inst12|count[6] ; inst|altpll_component|auto_generated|pll1|clk[1] ; inst|altpll_component|auto_generated|pll1|clk[1] ; 0.000        ; 0.076      ; 1.476      ;
; 1.243 ; pulso_384:inst12|count[8] ; pulso_384:inst12|count[7] ; inst|altpll_component|auto_generated|pll1|clk[1] ; inst|altpll_component|auto_generated|pll1|clk[1] ; 0.000        ; 0.076      ; 1.476      ;
; 1.334 ; pulso_384:inst12|strt     ; pulso_384:inst12|count[0] ; inst|altpll_component|auto_generated|pll1|clk[1] ; inst|altpll_component|auto_generated|pll1|clk[1] ; 0.000        ; 0.048      ; 1.539      ;
; 1.334 ; pulso_384:inst12|strt     ; pulso_384:inst12|count[1] ; inst|altpll_component|auto_generated|pll1|clk[1] ; inst|altpll_component|auto_generated|pll1|clk[1] ; 0.000        ; 0.048      ; 1.539      ;
; 1.334 ; pulso_384:inst12|strt     ; pulso_384:inst12|count[2] ; inst|altpll_component|auto_generated|pll1|clk[1] ; inst|altpll_component|auto_generated|pll1|clk[1] ; 0.000        ; 0.048      ; 1.539      ;
; 1.334 ; pulso_384:inst12|strt     ; pulso_384:inst12|count[3] ; inst|altpll_component|auto_generated|pll1|clk[1] ; inst|altpll_component|auto_generated|pll1|clk[1] ; 0.000        ; 0.048      ; 1.539      ;
; 1.334 ; pulso_384:inst12|strt     ; pulso_384:inst12|count[4] ; inst|altpll_component|auto_generated|pll1|clk[1] ; inst|altpll_component|auto_generated|pll1|clk[1] ; 0.000        ; 0.048      ; 1.539      ;
; 1.334 ; pulso_384:inst12|strt     ; pulso_384:inst12|count[5] ; inst|altpll_component|auto_generated|pll1|clk[1] ; inst|altpll_component|auto_generated|pll1|clk[1] ; 0.000        ; 0.048      ; 1.539      ;
; 1.334 ; pulso_384:inst12|strt     ; pulso_384:inst12|count[6] ; inst|altpll_component|auto_generated|pll1|clk[1] ; inst|altpll_component|auto_generated|pll1|clk[1] ; 0.000        ; 0.048      ; 1.539      ;
; 1.334 ; pulso_384:inst12|strt     ; pulso_384:inst12|count[8] ; inst|altpll_component|auto_generated|pll1|clk[1] ; inst|altpll_component|auto_generated|pll1|clk[1] ; 0.000        ; 0.048      ; 1.539      ;
; 1.334 ; pulso_384:inst12|strt     ; pulso_384:inst12|count[7] ; inst|altpll_component|auto_generated|pll1|clk[1] ; inst|altpll_component|auto_generated|pll1|clk[1] ; 0.000        ; 0.048      ; 1.539      ;
+-------+---------------------------+---------------------------+--------------------------------------------------+--------------------------------------------------+--------------+------------+------------+


+--------------------------------------------------------------------------------------------------------------------------------------------------------------------------+
; Slow 1200mV 85C Model Recovery: 'inst|altpll_component|auto_generated|pll1|clk[0]'                                                                                       ;
+--------+-----------+------------------------------------------+--------------+--------------------------------------------------+--------------+------------+------------+
; Slack  ; From Node ; To Node                                  ; Launch Clock ; Latch Clock                                      ; Relationship ; Clock Skew ; Data Delay ;
+--------+-----------+------------------------------------------+--------------+--------------------------------------------------+--------------+------------+------------+
; -2.129 ; inst4     ; paralelo_serie_384b:inst1|shift_reg[229] ; inst4        ; inst|altpll_component|auto_generated|pll1|clk[0] ; 0.500        ; -0.081     ; 2.682      ;
; -2.129 ; inst4     ; paralelo_serie_384b:inst1|shift_reg[230] ; inst4        ; inst|altpll_component|auto_generated|pll1|clk[0] ; 0.500        ; -0.081     ; 2.682      ;
; -2.129 ; inst4     ; paralelo_serie_384b:inst1|shift_reg[231] ; inst4        ; inst|altpll_component|auto_generated|pll1|clk[0] ; 0.500        ; -0.081     ; 2.682      ;
; -2.129 ; inst4     ; paralelo_serie_384b:inst1|shift_reg[232] ; inst4        ; inst|altpll_component|auto_generated|pll1|clk[0] ; 0.500        ; -0.081     ; 2.682      ;
; -2.129 ; inst4     ; paralelo_serie_384b:inst1|shift_reg[233] ; inst4        ; inst|altpll_component|auto_generated|pll1|clk[0] ; 0.500        ; -0.080     ; 2.683      ;
; -2.129 ; inst4     ; paralelo_serie_384b:inst1|shift_reg[234] ; inst4        ; inst|altpll_component|auto_generated|pll1|clk[0] ; 0.500        ; -0.080     ; 2.683      ;
; -2.129 ; inst4     ; paralelo_serie_384b:inst1|shift_reg[235] ; inst4        ; inst|altpll_component|auto_generated|pll1|clk[0] ; 0.500        ; -0.080     ; 2.683      ;
; -2.129 ; inst4     ; paralelo_serie_384b:inst1|shift_reg[236] ; inst4        ; inst|altpll_component|auto_generated|pll1|clk[0] ; 0.500        ; -0.080     ; 2.683      ;
; -2.129 ; inst4     ; paralelo_serie_384b:inst1|shift_reg[237] ; inst4        ; inst|altpll_component|auto_generated|pll1|clk[0] ; 0.500        ; -0.080     ; 2.683      ;
; -2.129 ; inst4     ; paralelo_serie_384b:inst1|shift_reg[238] ; inst4        ; inst|altpll_component|auto_generated|pll1|clk[0] ; 0.500        ; -0.080     ; 2.683      ;
; -2.129 ; inst4     ; paralelo_serie_384b:inst1|shift_reg[240] ; inst4        ; inst|altpll_component|auto_generated|pll1|clk[0] ; 0.500        ; -0.081     ; 2.682      ;
; -2.129 ; inst4     ; paralelo_serie_384b:inst1|shift_reg[241] ; inst4        ; inst|altpll_component|auto_generated|pll1|clk[0] ; 0.500        ; -0.081     ; 2.682      ;
; -2.129 ; inst4     ; paralelo_serie_384b:inst1|shift_reg[242] ; inst4        ; inst|altpll_component|auto_generated|pll1|clk[0] ; 0.500        ; -0.081     ; 2.682      ;
; -2.129 ; inst4     ; paralelo_serie_384b:inst1|shift_reg[243] ; inst4        ; inst|altpll_component|auto_generated|pll1|clk[0] ; 0.500        ; -0.081     ; 2.682      ;
; -2.129 ; inst4     ; paralelo_serie_384b:inst1|shift_reg[244] ; inst4        ; inst|altpll_component|auto_generated|pll1|clk[0] ; 0.500        ; -0.081     ; 2.682      ;
; -2.129 ; inst4     ; paralelo_serie_384b:inst1|shift_reg[245] ; inst4        ; inst|altpll_component|auto_generated|pll1|clk[0] ; 0.500        ; -0.081     ; 2.682      ;
; -2.129 ; inst4     ; paralelo_serie_384b:inst1|shift_reg[246] ; inst4        ; inst|altpll_component|auto_generated|pll1|clk[0] ; 0.500        ; -0.081     ; 2.682      ;
; -2.129 ; inst4     ; paralelo_serie_384b:inst1|shift_reg[247] ; inst4        ; inst|altpll_component|auto_generated|pll1|clk[0] ; 0.500        ; -0.081     ; 2.682      ;
; -2.129 ; inst4     ; paralelo_serie_384b:inst1|shift_reg[248] ; inst4        ; inst|altpll_component|auto_generated|pll1|clk[0] ; 0.500        ; -0.081     ; 2.682      ;
; -2.129 ; inst4     ; paralelo_serie_384b:inst1|shift_reg[249] ; inst4        ; inst|altpll_component|auto_generated|pll1|clk[0] ; 0.500        ; -0.081     ; 2.682      ;
; -2.129 ; inst4     ; paralelo_serie_384b:inst1|shift_reg[250] ; inst4        ; inst|altpll_component|auto_generated|pll1|clk[0] ; 0.500        ; -0.081     ; 2.682      ;
; -2.129 ; inst4     ; paralelo_serie_384b:inst1|shift_reg[251] ; inst4        ; inst|altpll_component|auto_generated|pll1|clk[0] ; 0.500        ; -0.081     ; 2.682      ;
; -2.129 ; inst4     ; paralelo_serie_384b:inst1|shift_reg[252] ; inst4        ; inst|altpll_component|auto_generated|pll1|clk[0] ; 0.500        ; -0.081     ; 2.682      ;
; -2.129 ; inst4     ; paralelo_serie_384b:inst1|shift_reg[253] ; inst4        ; inst|altpll_component|auto_generated|pll1|clk[0] ; 0.500        ; -0.081     ; 2.682      ;
; -2.129 ; inst4     ; paralelo_serie_384b:inst1|shift_reg[254] ; inst4        ; inst|altpll_component|auto_generated|pll1|clk[0] ; 0.500        ; -0.081     ; 2.682      ;
; -2.129 ; inst4     ; paralelo_serie_384b:inst1|shift_reg[255] ; inst4        ; inst|altpll_component|auto_generated|pll1|clk[0] ; 0.500        ; -0.081     ; 2.682      ;
; -2.129 ; inst4     ; paralelo_serie_384b:inst1|shift_reg[256] ; inst4        ; inst|altpll_component|auto_generated|pll1|clk[0] ; 0.500        ; -0.081     ; 2.682      ;
; -2.129 ; inst4     ; paralelo_serie_384b:inst1|shift_reg[266] ; inst4        ; inst|altpll_component|auto_generated|pll1|clk[0] ; 0.500        ; -0.081     ; 2.682      ;
; -2.129 ; inst4     ; paralelo_serie_384b:inst1|shift_reg[267] ; inst4        ; inst|altpll_component|auto_generated|pll1|clk[0] ; 0.500        ; -0.081     ; 2.682      ;
; -2.129 ; inst4     ; paralelo_serie_384b:inst1|shift_reg[268] ; inst4        ; inst|altpll_component|auto_generated|pll1|clk[0] ; 0.500        ; -0.081     ; 2.682      ;
; -2.129 ; inst4     ; paralelo_serie_384b:inst1|shift_reg[269] ; inst4        ; inst|altpll_component|auto_generated|pll1|clk[0] ; 0.500        ; -0.081     ; 2.682      ;
; -2.129 ; inst4     ; paralelo_serie_384b:inst1|shift_reg[270] ; inst4        ; inst|altpll_component|auto_generated|pll1|clk[0] ; 0.500        ; -0.081     ; 2.682      ;
; -2.129 ; inst4     ; paralelo_serie_384b:inst1|shift_reg[271] ; inst4        ; inst|altpll_component|auto_generated|pll1|clk[0] ; 0.500        ; -0.081     ; 2.682      ;
; -2.129 ; inst4     ; paralelo_serie_384b:inst1|shift_reg[272] ; inst4        ; inst|altpll_component|auto_generated|pll1|clk[0] ; 0.500        ; -0.081     ; 2.682      ;
; -2.129 ; inst4     ; paralelo_serie_384b:inst1|shift_reg[273] ; inst4        ; inst|altpll_component|auto_generated|pll1|clk[0] ; 0.500        ; -0.081     ; 2.682      ;
; -2.129 ; inst4     ; paralelo_serie_384b:inst1|shift_reg[274] ; inst4        ; inst|altpll_component|auto_generated|pll1|clk[0] ; 0.500        ; -0.081     ; 2.682      ;
; -2.129 ; inst4     ; paralelo_serie_384b:inst1|shift_reg[275] ; inst4        ; inst|altpll_component|auto_generated|pll1|clk[0] ; 0.500        ; -0.081     ; 2.682      ;
; -2.129 ; inst4     ; paralelo_serie_384b:inst1|shift_reg[276] ; inst4        ; inst|altpll_component|auto_generated|pll1|clk[0] ; 0.500        ; -0.081     ; 2.682      ;
; -2.129 ; inst4     ; paralelo_serie_384b:inst1|shift_reg[277] ; inst4        ; inst|altpll_component|auto_generated|pll1|clk[0] ; 0.500        ; -0.081     ; 2.682      ;
; -2.129 ; inst4     ; paralelo_serie_384b:inst1|shift_reg[278] ; inst4        ; inst|altpll_component|auto_generated|pll1|clk[0] ; 0.500        ; -0.081     ; 2.682      ;
; -2.129 ; inst4     ; paralelo_serie_384b:inst1|shift_reg[279] ; inst4        ; inst|altpll_component|auto_generated|pll1|clk[0] ; 0.500        ; -0.081     ; 2.682      ;
; -2.129 ; inst4     ; paralelo_serie_384b:inst1|shift_reg[280] ; inst4        ; inst|altpll_component|auto_generated|pll1|clk[0] ; 0.500        ; -0.081     ; 2.682      ;
; -2.129 ; inst4     ; paralelo_serie_384b:inst1|shift_reg[281] ; inst4        ; inst|altpll_component|auto_generated|pll1|clk[0] ; 0.500        ; -0.082     ; 2.681      ;
; -2.129 ; inst4     ; paralelo_serie_384b:inst1|shift_reg[282] ; inst4        ; inst|altpll_component|auto_generated|pll1|clk[0] ; 0.500        ; -0.082     ; 2.681      ;
; -2.129 ; inst4     ; paralelo_serie_384b:inst1|shift_reg[283] ; inst4        ; inst|altpll_component|auto_generated|pll1|clk[0] ; 0.500        ; -0.082     ; 2.681      ;
; -2.129 ; inst4     ; paralelo_serie_384b:inst1|shift_reg[284] ; inst4        ; inst|altpll_component|auto_generated|pll1|clk[0] ; 0.500        ; -0.082     ; 2.681      ;
; -2.129 ; inst4     ; paralelo_serie_384b:inst1|shift_reg[285] ; inst4        ; inst|altpll_component|auto_generated|pll1|clk[0] ; 0.500        ; -0.082     ; 2.681      ;
; -2.129 ; inst4     ; paralelo_serie_384b:inst1|shift_reg[286] ; inst4        ; inst|altpll_component|auto_generated|pll1|clk[0] ; 0.500        ; -0.082     ; 2.681      ;
; -2.129 ; inst4     ; paralelo_serie_384b:inst1|shift_reg[287] ; inst4        ; inst|altpll_component|auto_generated|pll1|clk[0] ; 0.500        ; -0.082     ; 2.681      ;
; -2.129 ; inst4     ; paralelo_serie_384b:inst1|shift_reg[288] ; inst4        ; inst|altpll_component|auto_generated|pll1|clk[0] ; 0.500        ; -0.082     ; 2.681      ;
; -2.129 ; inst4     ; paralelo_serie_384b:inst1|shift_reg[289] ; inst4        ; inst|altpll_component|auto_generated|pll1|clk[0] ; 0.500        ; -0.082     ; 2.681      ;
; -2.129 ; inst4     ; paralelo_serie_384b:inst1|shift_reg[290] ; inst4        ; inst|altpll_component|auto_generated|pll1|clk[0] ; 0.500        ; -0.082     ; 2.681      ;
; -2.129 ; inst4     ; paralelo_serie_384b:inst1|shift_reg[291] ; inst4        ; inst|altpll_component|auto_generated|pll1|clk[0] ; 0.500        ; -0.082     ; 2.681      ;
; -2.129 ; inst4     ; paralelo_serie_384b:inst1|shift_reg[292] ; inst4        ; inst|altpll_component|auto_generated|pll1|clk[0] ; 0.500        ; -0.082     ; 2.681      ;
; -2.129 ; inst4     ; paralelo_serie_384b:inst1|shift_reg[293] ; inst4        ; inst|altpll_component|auto_generated|pll1|clk[0] ; 0.500        ; -0.082     ; 2.681      ;
; -2.129 ; inst4     ; paralelo_serie_384b:inst1|shift_reg[294] ; inst4        ; inst|altpll_component|auto_generated|pll1|clk[0] ; 0.500        ; -0.082     ; 2.681      ;
; -2.129 ; inst4     ; paralelo_serie_384b:inst1|shift_reg[295] ; inst4        ; inst|altpll_component|auto_generated|pll1|clk[0] ; 0.500        ; -0.082     ; 2.681      ;
; -2.129 ; inst4     ; paralelo_serie_384b:inst1|shift_reg[296] ; inst4        ; inst|altpll_component|auto_generated|pll1|clk[0] ; 0.500        ; -0.082     ; 2.681      ;
; -2.129 ; inst4     ; paralelo_serie_384b:inst1|shift_reg[297] ; inst4        ; inst|altpll_component|auto_generated|pll1|clk[0] ; 0.500        ; -0.085     ; 2.678      ;
; -2.129 ; inst4     ; paralelo_serie_384b:inst1|shift_reg[298] ; inst4        ; inst|altpll_component|auto_generated|pll1|clk[0] ; 0.500        ; -0.085     ; 2.678      ;
; -2.129 ; inst4     ; paralelo_serie_384b:inst1|shift_reg[299] ; inst4        ; inst|altpll_component|auto_generated|pll1|clk[0] ; 0.500        ; -0.085     ; 2.678      ;
; -2.129 ; inst4     ; paralelo_serie_384b:inst1|shift_reg[300] ; inst4        ; inst|altpll_component|auto_generated|pll1|clk[0] ; 0.500        ; -0.085     ; 2.678      ;
; -2.129 ; inst4     ; paralelo_serie_384b:inst1|shift_reg[301] ; inst4        ; inst|altpll_component|auto_generated|pll1|clk[0] ; 0.500        ; -0.085     ; 2.678      ;
; -2.129 ; inst4     ; paralelo_serie_384b:inst1|shift_reg[302] ; inst4        ; inst|altpll_component|auto_generated|pll1|clk[0] ; 0.500        ; -0.085     ; 2.678      ;
; -2.129 ; inst4     ; paralelo_serie_384b:inst1|shift_reg[303] ; inst4        ; inst|altpll_component|auto_generated|pll1|clk[0] ; 0.500        ; -0.085     ; 2.678      ;
; -2.129 ; inst4     ; paralelo_serie_384b:inst1|shift_reg[304] ; inst4        ; inst|altpll_component|auto_generated|pll1|clk[0] ; 0.500        ; -0.085     ; 2.678      ;
; -2.129 ; inst4     ; paralelo_serie_384b:inst1|shift_reg[305] ; inst4        ; inst|altpll_component|auto_generated|pll1|clk[0] ; 0.500        ; -0.085     ; 2.678      ;
; -2.128 ; inst4     ; paralelo_serie_384b:inst1|shift_reg[202] ; inst4        ; inst|altpll_component|auto_generated|pll1|clk[0] ; 0.500        ; -0.083     ; 2.679      ;
; -2.128 ; inst4     ; paralelo_serie_384b:inst1|shift_reg[203] ; inst4        ; inst|altpll_component|auto_generated|pll1|clk[0] ; 0.500        ; -0.083     ; 2.679      ;
; -2.128 ; inst4     ; paralelo_serie_384b:inst1|shift_reg[204] ; inst4        ; inst|altpll_component|auto_generated|pll1|clk[0] ; 0.500        ; -0.083     ; 2.679      ;
; -2.128 ; inst4     ; paralelo_serie_384b:inst1|shift_reg[205] ; inst4        ; inst|altpll_component|auto_generated|pll1|clk[0] ; 0.500        ; -0.083     ; 2.679      ;
; -2.128 ; inst4     ; paralelo_serie_384b:inst1|shift_reg[206] ; inst4        ; inst|altpll_component|auto_generated|pll1|clk[0] ; 0.500        ; -0.083     ; 2.679      ;
; -2.128 ; inst4     ; paralelo_serie_384b:inst1|shift_reg[207] ; inst4        ; inst|altpll_component|auto_generated|pll1|clk[0] ; 0.500        ; -0.083     ; 2.679      ;
; -2.128 ; inst4     ; paralelo_serie_384b:inst1|shift_reg[208] ; inst4        ; inst|altpll_component|auto_generated|pll1|clk[0] ; 0.500        ; -0.083     ; 2.679      ;
; -2.128 ; inst4     ; paralelo_serie_384b:inst1|shift_reg[209] ; inst4        ; inst|altpll_component|auto_generated|pll1|clk[0] ; 0.500        ; -0.083     ; 2.679      ;
; -2.128 ; inst4     ; paralelo_serie_384b:inst1|shift_reg[210] ; inst4        ; inst|altpll_component|auto_generated|pll1|clk[0] ; 0.500        ; -0.083     ; 2.679      ;
; -2.128 ; inst4     ; paralelo_serie_384b:inst1|shift_reg[211] ; inst4        ; inst|altpll_component|auto_generated|pll1|clk[0] ; 0.500        ; -0.083     ; 2.679      ;
; -2.128 ; inst4     ; paralelo_serie_384b:inst1|shift_reg[212] ; inst4        ; inst|altpll_component|auto_generated|pll1|clk[0] ; 0.500        ; -0.083     ; 2.679      ;
; -2.128 ; inst4     ; paralelo_serie_384b:inst1|shift_reg[213] ; inst4        ; inst|altpll_component|auto_generated|pll1|clk[0] ; 0.500        ; -0.083     ; 2.679      ;
; -2.128 ; inst4     ; paralelo_serie_384b:inst1|shift_reg[214] ; inst4        ; inst|altpll_component|auto_generated|pll1|clk[0] ; 0.500        ; -0.083     ; 2.679      ;
; -2.128 ; inst4     ; paralelo_serie_384b:inst1|shift_reg[215] ; inst4        ; inst|altpll_component|auto_generated|pll1|clk[0] ; 0.500        ; -0.083     ; 2.679      ;
; -2.128 ; inst4     ; paralelo_serie_384b:inst1|shift_reg[216] ; inst4        ; inst|altpll_component|auto_generated|pll1|clk[0] ; 0.500        ; -0.083     ; 2.679      ;
; -2.128 ; inst4     ; paralelo_serie_384b:inst1|shift_reg[239] ; inst4        ; inst|altpll_component|auto_generated|pll1|clk[0] ; 0.500        ; -0.080     ; 2.682      ;
; -2.128 ; inst4     ; paralelo_serie_384b:inst1|shift_reg[259] ; inst4        ; inst|altpll_component|auto_generated|pll1|clk[0] ; 0.500        ; -0.087     ; 2.675      ;
; -2.128 ; inst4     ; paralelo_serie_384b:inst1|shift_reg[260] ; inst4        ; inst|altpll_component|auto_generated|pll1|clk[0] ; 0.500        ; -0.087     ; 2.675      ;
; -2.128 ; inst4     ; paralelo_serie_384b:inst1|shift_reg[261] ; inst4        ; inst|altpll_component|auto_generated|pll1|clk[0] ; 0.500        ; -0.087     ; 2.675      ;
; -2.128 ; inst4     ; paralelo_serie_384b:inst1|shift_reg[262] ; inst4        ; inst|altpll_component|auto_generated|pll1|clk[0] ; 0.500        ; -0.087     ; 2.675      ;
; -2.128 ; inst4     ; paralelo_serie_384b:inst1|shift_reg[263] ; inst4        ; inst|altpll_component|auto_generated|pll1|clk[0] ; 0.500        ; -0.087     ; 2.675      ;
; -2.128 ; inst4     ; paralelo_serie_384b:inst1|shift_reg[264] ; inst4        ; inst|altpll_component|auto_generated|pll1|clk[0] ; 0.500        ; -0.087     ; 2.675      ;
; -2.127 ; inst4     ; paralelo_serie_384b:inst1|shift_reg[192] ; inst4        ; inst|altpll_component|auto_generated|pll1|clk[0] ; 0.500        ; -0.086     ; 2.675      ;
; -2.127 ; inst4     ; paralelo_serie_384b:inst1|shift_reg[193] ; inst4        ; inst|altpll_component|auto_generated|pll1|clk[0] ; 0.500        ; -0.086     ; 2.675      ;
; -2.127 ; inst4     ; paralelo_serie_384b:inst1|shift_reg[194] ; inst4        ; inst|altpll_component|auto_generated|pll1|clk[0] ; 0.500        ; -0.086     ; 2.675      ;
; -2.127 ; inst4     ; paralelo_serie_384b:inst1|shift_reg[195] ; inst4        ; inst|altpll_component|auto_generated|pll1|clk[0] ; 0.500        ; -0.086     ; 2.675      ;
; -2.127 ; inst4     ; paralelo_serie_384b:inst1|shift_reg[196] ; inst4        ; inst|altpll_component|auto_generated|pll1|clk[0] ; 0.500        ; -0.086     ; 2.675      ;
; -2.127 ; inst4     ; paralelo_serie_384b:inst1|shift_reg[197] ; inst4        ; inst|altpll_component|auto_generated|pll1|clk[0] ; 0.500        ; -0.086     ; 2.675      ;
; -2.127 ; inst4     ; paralelo_serie_384b:inst1|shift_reg[198] ; inst4        ; inst|altpll_component|auto_generated|pll1|clk[0] ; 0.500        ; -0.086     ; 2.675      ;
; -2.127 ; inst4     ; paralelo_serie_384b:inst1|shift_reg[199] ; inst4        ; inst|altpll_component|auto_generated|pll1|clk[0] ; 0.500        ; -0.086     ; 2.675      ;
; -2.127 ; inst4     ; paralelo_serie_384b:inst1|shift_reg[200] ; inst4        ; inst|altpll_component|auto_generated|pll1|clk[0] ; 0.500        ; -0.086     ; 2.675      ;
; -2.127 ; inst4     ; paralelo_serie_384b:inst1|shift_reg[217] ; inst4        ; inst|altpll_component|auto_generated|pll1|clk[0] ; 0.500        ; -0.083     ; 2.678      ;
; -2.127 ; inst4     ; paralelo_serie_384b:inst1|shift_reg[218] ; inst4        ; inst|altpll_component|auto_generated|pll1|clk[0] ; 0.500        ; -0.083     ; 2.678      ;
+--------+-----------+------------------------------------------+--------------+--------------------------------------------------+--------------+------------+------------+


+-----------------------------------------------------------------------------------------------------------------------------------------------------------+
; Slow 1200mV 85C Model Recovery: 'inst|altpll_component|auto_generated|pll1|clk[1]'                                                                        ;
+--------+-----------+---------------------------+--------------+--------------------------------------------------+--------------+------------+------------+
; Slack  ; From Node ; To Node                   ; Launch Clock ; Latch Clock                                      ; Relationship ; Clock Skew ; Data Delay ;
+--------+-----------+---------------------------+--------------+--------------------------------------------------+--------------+------------+------------+
; -1.782 ; inst4     ; pulso_384:inst12|count[0] ; inst4        ; inst|altpll_component|auto_generated|pll1|clk[1] ; 0.500        ; 0.253      ; 2.669      ;
; -1.782 ; inst4     ; pulso_384:inst12|count[1] ; inst4        ; inst|altpll_component|auto_generated|pll1|clk[1] ; 0.500        ; 0.253      ; 2.669      ;
; -1.782 ; inst4     ; pulso_384:inst12|count[2] ; inst4        ; inst|altpll_component|auto_generated|pll1|clk[1] ; 0.500        ; 0.253      ; 2.669      ;
; -1.782 ; inst4     ; pulso_384:inst12|count[3] ; inst4        ; inst|altpll_component|auto_generated|pll1|clk[1] ; 0.500        ; 0.253      ; 2.669      ;
; -1.782 ; inst4     ; pulso_384:inst12|count[4] ; inst4        ; inst|altpll_component|auto_generated|pll1|clk[1] ; 0.500        ; 0.253      ; 2.669      ;
; -1.782 ; inst4     ; pulso_384:inst12|count[5] ; inst4        ; inst|altpll_component|auto_generated|pll1|clk[1] ; 0.500        ; 0.253      ; 2.669      ;
; -1.782 ; inst4     ; pulso_384:inst12|count[6] ; inst4        ; inst|altpll_component|auto_generated|pll1|clk[1] ; 0.500        ; 0.253      ; 2.669      ;
; -1.782 ; inst4     ; pulso_384:inst12|count[8] ; inst4        ; inst|altpll_component|auto_generated|pll1|clk[1] ; 0.500        ; 0.253      ; 2.669      ;
; -1.782 ; inst4     ; pulso_384:inst12|count[7] ; inst4        ; inst|altpll_component|auto_generated|pll1|clk[1] ; 0.500        ; 0.253      ; 2.669      ;
; -1.754 ; inst4     ; pulso_384:inst12|strt     ; inst4        ; inst|altpll_component|auto_generated|pll1|clk[1] ; 0.500        ; 0.281      ; 2.669      ;
; -1.754 ; inst4     ; pulso_384:inst12|pulso    ; inst4        ; inst|altpll_component|auto_generated|pll1|clk[1] ; 0.500        ; 0.281      ; 2.669      ;
; -1.237 ; inst4     ; pulso_384:inst12|count[0] ; inst4        ; inst|altpll_component|auto_generated|pll1|clk[1] ; 1.000        ; 0.253      ; 2.624      ;
; -1.237 ; inst4     ; pulso_384:inst12|count[1] ; inst4        ; inst|altpll_component|auto_generated|pll1|clk[1] ; 1.000        ; 0.253      ; 2.624      ;
; -1.237 ; inst4     ; pulso_384:inst12|count[2] ; inst4        ; inst|altpll_component|auto_generated|pll1|clk[1] ; 1.000        ; 0.253      ; 2.624      ;
; -1.237 ; inst4     ; pulso_384:inst12|count[3] ; inst4        ; inst|altpll_component|auto_generated|pll1|clk[1] ; 1.000        ; 0.253      ; 2.624      ;
; -1.237 ; inst4     ; pulso_384:inst12|count[4] ; inst4        ; inst|altpll_component|auto_generated|pll1|clk[1] ; 1.000        ; 0.253      ; 2.624      ;
; -1.237 ; inst4     ; pulso_384:inst12|count[5] ; inst4        ; inst|altpll_component|auto_generated|pll1|clk[1] ; 1.000        ; 0.253      ; 2.624      ;
; -1.237 ; inst4     ; pulso_384:inst12|count[6] ; inst4        ; inst|altpll_component|auto_generated|pll1|clk[1] ; 1.000        ; 0.253      ; 2.624      ;
; -1.237 ; inst4     ; pulso_384:inst12|count[8] ; inst4        ; inst|altpll_component|auto_generated|pll1|clk[1] ; 1.000        ; 0.253      ; 2.624      ;
; -1.237 ; inst4     ; pulso_384:inst12|count[7] ; inst4        ; inst|altpll_component|auto_generated|pll1|clk[1] ; 1.000        ; 0.253      ; 2.624      ;
; -1.209 ; inst4     ; pulso_384:inst12|strt     ; inst4        ; inst|altpll_component|auto_generated|pll1|clk[1] ; 1.000        ; 0.281      ; 2.624      ;
; -1.209 ; inst4     ; pulso_384:inst12|pulso    ; inst4        ; inst|altpll_component|auto_generated|pll1|clk[1] ; 1.000        ; 0.281      ; 2.624      ;
+--------+-----------+---------------------------+--------------+--------------------------------------------------+--------------+------------+------------+


+----------------------------------------------------------------------------------------------------------------------------------------------------------------------------------+
; Slow 1200mV 85C Model Removal: 'inst|altpll_component|auto_generated|pll1|clk[0]'                                                                                                ;
+-------+-----------+---------------------------------------------------+--------------+--------------------------------------------------+--------------+------------+------------+
; Slack ; From Node ; To Node                                           ; Launch Clock ; Latch Clock                                      ; Relationship ; Clock Skew ; Data Delay ;
+-------+-----------+---------------------------------------------------+--------------+--------------------------------------------------+--------------+------------+------------+
; 1.335 ; inst4     ; paralelo_serie_384b:inst1|shift_reg[354]          ; inst4        ; inst|altpll_component|auto_generated|pll1|clk[0] ; 0.000        ; 0.722      ; 2.523      ;
; 1.341 ; inst4     ; paralelo_serie_384b:inst1|shift_reg[191]          ; inst4        ; inst|altpll_component|auto_generated|pll1|clk[0] ; 0.000        ; 0.720      ; 2.527      ;
; 1.342 ; inst4     ; paralelo_serie_384b:inst1|shift_reg[306]          ; inst4        ; inst|altpll_component|auto_generated|pll1|clk[0] ; 0.000        ; 0.715      ; 2.523      ;
; 1.362 ; inst4     ; paralelo_serie_384b:inst1|shift_reg[330]          ; inst4        ; inst|altpll_component|auto_generated|pll1|clk[0] ; 0.000        ; 0.701      ; 2.529      ;
; 1.363 ; inst4     ; paralelo_serie_384b:inst1|shift_reg[44]           ; inst4        ; inst|altpll_component|auto_generated|pll1|clk[0] ; 0.000        ; 0.699      ; 2.528      ;
; 1.363 ; inst4     ; paralelo_serie_384b:inst1|shift_reg[157]          ; inst4        ; inst|altpll_component|auto_generated|pll1|clk[0] ; 0.000        ; 0.692      ; 2.521      ;
; 1.363 ; inst4     ; paralelo_serie_384b:inst1|shift_reg[161]          ; inst4        ; inst|altpll_component|auto_generated|pll1|clk[0] ; 0.000        ; 0.696      ; 2.525      ;
; 1.363 ; inst4     ; paralelo_serie_384b:inst1|shift_reg[314]          ; inst4        ; inst|altpll_component|auto_generated|pll1|clk[0] ; 0.000        ; 0.697      ; 2.526      ;
; 1.364 ; inst4     ; paralelo_serie_384b:inst1|shift_reg[0]            ; inst4        ; inst|altpll_component|auto_generated|pll1|clk[0] ; 0.000        ; 0.708      ; 2.538      ;
; 1.370 ; inst4     ; paralelo_serie_384b:inst1|shift_reg[201]          ; inst4        ; inst|altpll_component|auto_generated|pll1|clk[0] ; 0.000        ; 0.695      ; 2.531      ;
; 1.371 ; inst4     ; paralelo_serie_384b:inst1|shift_reg[228]          ; inst4        ; inst|altpll_component|auto_generated|pll1|clk[0] ; 0.000        ; 0.696      ; 2.533      ;
; 1.371 ; inst4     ; paralelo_serie_384b:inst1|shift_reg[257]          ; inst4        ; inst|altpll_component|auto_generated|pll1|clk[0] ; 0.000        ; 0.690      ; 2.527      ;
; 1.371 ; inst4     ; paralelo_serie_384b:inst1|shift_reg[258]          ; inst4        ; inst|altpll_component|auto_generated|pll1|clk[0] ; 0.000        ; 0.690      ; 2.527      ;
; 1.371 ; inst4     ; paralelo_serie_384b:inst1|shift_reg[265]          ; inst4        ; inst|altpll_component|auto_generated|pll1|clk[0] ; 0.000        ; 0.696      ; 2.533      ;
; 1.395 ; inst4     ; paralelo_serie_384b:inst1|shift_reg[370]          ; inst4        ; inst|altpll_component|auto_generated|pll1|clk[0] ; 0.000        ; 0.665      ; 2.526      ;
; 1.395 ; inst4     ; paralelo_serie_384b:inst1|shift_reg[371]          ; inst4        ; inst|altpll_component|auto_generated|pll1|clk[0] ; 0.000        ; 0.665      ; 2.526      ;
; 1.395 ; inst4     ; paralelo_serie_384b:inst1|shift_reg[372]          ; inst4        ; inst|altpll_component|auto_generated|pll1|clk[0] ; 0.000        ; 0.665      ; 2.526      ;
; 1.395 ; inst4     ; paralelo_serie_384b:inst1|shift_reg[373]          ; inst4        ; inst|altpll_component|auto_generated|pll1|clk[0] ; 0.000        ; 0.665      ; 2.526      ;
; 1.395 ; inst4     ; paralelo_serie_384b:inst1|shift_reg[374]          ; inst4        ; inst|altpll_component|auto_generated|pll1|clk[0] ; 0.000        ; 0.665      ; 2.526      ;
; 1.395 ; inst4     ; paralelo_serie_384b:inst1|shift_reg[375]          ; inst4        ; inst|altpll_component|auto_generated|pll1|clk[0] ; 0.000        ; 0.665      ; 2.526      ;
; 1.395 ; inst4     ; paralelo_serie_384b:inst1|shift_reg[376]          ; inst4        ; inst|altpll_component|auto_generated|pll1|clk[0] ; 0.000        ; 0.665      ; 2.526      ;
; 1.395 ; inst4     ; paralelo_serie_384b:inst1|shift_reg[377]          ; inst4        ; inst|altpll_component|auto_generated|pll1|clk[0] ; 0.000        ; 0.665      ; 2.526      ;
; 1.395 ; inst4     ; paralelo_serie_384b:inst1|shift_reg[378]          ; inst4        ; inst|altpll_component|auto_generated|pll1|clk[0] ; 0.000        ; 0.665      ; 2.526      ;
; 1.395 ; inst4     ; paralelo_serie_384b:inst1|shift_reg[379]          ; inst4        ; inst|altpll_component|auto_generated|pll1|clk[0] ; 0.000        ; 0.665      ; 2.526      ;
; 1.395 ; inst4     ; paralelo_serie_384b:inst1|shift_reg[380]          ; inst4        ; inst|altpll_component|auto_generated|pll1|clk[0] ; 0.000        ; 0.665      ; 2.526      ;
; 1.395 ; inst4     ; paralelo_serie_384b:inst1|shift_reg[381]          ; inst4        ; inst|altpll_component|auto_generated|pll1|clk[0] ; 0.000        ; 0.665      ; 2.526      ;
; 1.395 ; inst4     ; paralelo_serie_384b:inst1|shift_reg[382]          ; inst4        ; inst|altpll_component|auto_generated|pll1|clk[0] ; 0.000        ; 0.665      ; 2.526      ;
; 1.395 ; inst4     ; paralelo_serie_384b:inst1|shift_reg[383]          ; inst4        ; inst|altpll_component|auto_generated|pll1|clk[0] ; 0.000        ; 0.665      ; 2.526      ;
; 1.736 ; inst4     ; paralelo_serie_384b:inst1|shift_reg[24]~_emulated ; inst4        ; inst|altpll_component|auto_generated|pll1|clk[0] ; 0.000        ; 0.327      ; 2.529      ;
; 1.736 ; inst4     ; paralelo_serie_384b:inst1|shift_reg[25]           ; inst4        ; inst|altpll_component|auto_generated|pll1|clk[0] ; 0.000        ; 0.327      ; 2.529      ;
; 1.736 ; inst4     ; paralelo_serie_384b:inst1|shift_reg[26]           ; inst4        ; inst|altpll_component|auto_generated|pll1|clk[0] ; 0.000        ; 0.327      ; 2.529      ;
; 1.736 ; inst4     ; paralelo_serie_384b:inst1|shift_reg[27]~_emulated ; inst4        ; inst|altpll_component|auto_generated|pll1|clk[0] ; 0.000        ; 0.327      ; 2.529      ;
; 1.736 ; inst4     ; paralelo_serie_384b:inst1|shift_reg[28]           ; inst4        ; inst|altpll_component|auto_generated|pll1|clk[0] ; 0.000        ; 0.327      ; 2.529      ;
; 1.736 ; inst4     ; paralelo_serie_384b:inst1|shift_reg[29]           ; inst4        ; inst|altpll_component|auto_generated|pll1|clk[0] ; 0.000        ; 0.327      ; 2.529      ;
; 1.736 ; inst4     ; paralelo_serie_384b:inst1|shift_reg[30]           ; inst4        ; inst|altpll_component|auto_generated|pll1|clk[0] ; 0.000        ; 0.327      ; 2.529      ;
; 1.736 ; inst4     ; paralelo_serie_384b:inst1|shift_reg[31]           ; inst4        ; inst|altpll_component|auto_generated|pll1|clk[0] ; 0.000        ; 0.327      ; 2.529      ;
; 1.736 ; inst4     ; paralelo_serie_384b:inst1|shift_reg[32]~_emulated ; inst4        ; inst|altpll_component|auto_generated|pll1|clk[0] ; 0.000        ; 0.327      ; 2.529      ;
; 1.736 ; inst4     ; paralelo_serie_384b:inst1|shift_reg[33]           ; inst4        ; inst|altpll_component|auto_generated|pll1|clk[0] ; 0.000        ; 0.327      ; 2.529      ;
; 1.736 ; inst4     ; paralelo_serie_384b:inst1|shift_reg[34]           ; inst4        ; inst|altpll_component|auto_generated|pll1|clk[0] ; 0.000        ; 0.327      ; 2.529      ;
; 1.736 ; inst4     ; paralelo_serie_384b:inst1|shift_reg[35]           ; inst4        ; inst|altpll_component|auto_generated|pll1|clk[0] ; 0.000        ; 0.327      ; 2.529      ;
; 1.736 ; inst4     ; paralelo_serie_384b:inst1|shift_reg[39]           ; inst4        ; inst|altpll_component|auto_generated|pll1|clk[0] ; 0.000        ; 0.327      ; 2.529      ;
; 1.736 ; inst4     ; paralelo_serie_384b:inst1|shift_reg[40]~_emulated ; inst4        ; inst|altpll_component|auto_generated|pll1|clk[0] ; 0.000        ; 0.327      ; 2.529      ;
; 1.736 ; inst4     ; paralelo_serie_384b:inst1|shift_reg[41]           ; inst4        ; inst|altpll_component|auto_generated|pll1|clk[0] ; 0.000        ; 0.327      ; 2.529      ;
; 1.736 ; inst4     ; paralelo_serie_384b:inst1|shift_reg[113]          ; inst4        ; inst|altpll_component|auto_generated|pll1|clk[0] ; 0.000        ; 0.318      ; 2.520      ;
; 1.737 ; inst4     ; paralelo_serie_384b:inst1|shift_reg[36]           ; inst4        ; inst|altpll_component|auto_generated|pll1|clk[0] ; 0.000        ; 0.327      ; 2.530      ;
; 1.737 ; inst4     ; paralelo_serie_384b:inst1|shift_reg[37]           ; inst4        ; inst|altpll_component|auto_generated|pll1|clk[0] ; 0.000        ; 0.327      ; 2.530      ;
; 1.737 ; inst4     ; paralelo_serie_384b:inst1|shift_reg[38]           ; inst4        ; inst|altpll_component|auto_generated|pll1|clk[0] ; 0.000        ; 0.327      ; 2.530      ;
; 1.737 ; inst4     ; paralelo_serie_384b:inst1|shift_reg[42]           ; inst4        ; inst|altpll_component|auto_generated|pll1|clk[0] ; 0.000        ; 0.326      ; 2.529      ;
; 1.737 ; inst4     ; paralelo_serie_384b:inst1|shift_reg[43]           ; inst4        ; inst|altpll_component|auto_generated|pll1|clk[0] ; 0.000        ; 0.326      ; 2.529      ;
; 1.737 ; inst4     ; paralelo_serie_384b:inst1|shift_reg[114]          ; inst4        ; inst|altpll_component|auto_generated|pll1|clk[0] ; 0.000        ; 0.318      ; 2.521      ;
; 1.737 ; inst4     ; paralelo_serie_384b:inst1|shift_reg[115]          ; inst4        ; inst|altpll_component|auto_generated|pll1|clk[0] ; 0.000        ; 0.318      ; 2.521      ;
; 1.737 ; inst4     ; paralelo_serie_384b:inst1|shift_reg[116]          ; inst4        ; inst|altpll_component|auto_generated|pll1|clk[0] ; 0.000        ; 0.318      ; 2.521      ;
; 1.737 ; inst4     ; paralelo_serie_384b:inst1|shift_reg[117]          ; inst4        ; inst|altpll_component|auto_generated|pll1|clk[0] ; 0.000        ; 0.318      ; 2.521      ;
; 1.737 ; inst4     ; paralelo_serie_384b:inst1|shift_reg[118]          ; inst4        ; inst|altpll_component|auto_generated|pll1|clk[0] ; 0.000        ; 0.318      ; 2.521      ;
; 1.737 ; inst4     ; paralelo_serie_384b:inst1|shift_reg[119]          ; inst4        ; inst|altpll_component|auto_generated|pll1|clk[0] ; 0.000        ; 0.318      ; 2.521      ;
; 1.737 ; inst4     ; paralelo_serie_384b:inst1|shift_reg[120]          ; inst4        ; inst|altpll_component|auto_generated|pll1|clk[0] ; 0.000        ; 0.318      ; 2.521      ;
; 1.737 ; inst4     ; paralelo_serie_384b:inst1|shift_reg[121]          ; inst4        ; inst|altpll_component|auto_generated|pll1|clk[0] ; 0.000        ; 0.318      ; 2.521      ;
; 1.737 ; inst4     ; paralelo_serie_384b:inst1|shift_reg[122]          ; inst4        ; inst|altpll_component|auto_generated|pll1|clk[0] ; 0.000        ; 0.318      ; 2.521      ;
; 1.737 ; inst4     ; paralelo_serie_384b:inst1|shift_reg[123]          ; inst4        ; inst|altpll_component|auto_generated|pll1|clk[0] ; 0.000        ; 0.318      ; 2.521      ;
; 1.737 ; inst4     ; paralelo_serie_384b:inst1|shift_reg[124]          ; inst4        ; inst|altpll_component|auto_generated|pll1|clk[0] ; 0.000        ; 0.318      ; 2.521      ;
; 1.737 ; inst4     ; paralelo_serie_384b:inst1|shift_reg[125]          ; inst4        ; inst|altpll_component|auto_generated|pll1|clk[0] ; 0.000        ; 0.318      ; 2.521      ;
; 1.737 ; inst4     ; paralelo_serie_384b:inst1|shift_reg[126]          ; inst4        ; inst|altpll_component|auto_generated|pll1|clk[0] ; 0.000        ; 0.318      ; 2.521      ;
; 1.737 ; inst4     ; paralelo_serie_384b:inst1|shift_reg[127]          ; inst4        ; inst|altpll_component|auto_generated|pll1|clk[0] ; 0.000        ; 0.318      ; 2.521      ;
; 1.737 ; inst4     ; paralelo_serie_384b:inst1|shift_reg[128]          ; inst4        ; inst|altpll_component|auto_generated|pll1|clk[0] ; 0.000        ; 0.318      ; 2.521      ;
; 1.737 ; inst4     ; paralelo_serie_384b:inst1|shift_reg[129]          ; inst4        ; inst|altpll_component|auto_generated|pll1|clk[0] ; 0.000        ; 0.318      ; 2.521      ;
; 1.737 ; inst4     ; paralelo_serie_384b:inst1|shift_reg[130]          ; inst4        ; inst|altpll_component|auto_generated|pll1|clk[0] ; 0.000        ; 0.318      ; 2.521      ;
; 1.737 ; inst4     ; paralelo_serie_384b:inst1|shift_reg[131]          ; inst4        ; inst|altpll_component|auto_generated|pll1|clk[0] ; 0.000        ; 0.318      ; 2.521      ;
; 1.737 ; inst4     ; paralelo_serie_384b:inst1|shift_reg[132]          ; inst4        ; inst|altpll_component|auto_generated|pll1|clk[0] ; 0.000        ; 0.318      ; 2.521      ;
; 1.737 ; inst4     ; paralelo_serie_384b:inst1|shift_reg[133]          ; inst4        ; inst|altpll_component|auto_generated|pll1|clk[0] ; 0.000        ; 0.318      ; 2.521      ;
; 1.737 ; inst4     ; paralelo_serie_384b:inst1|shift_reg[134]          ; inst4        ; inst|altpll_component|auto_generated|pll1|clk[0] ; 0.000        ; 0.318      ; 2.521      ;
; 1.737 ; inst4     ; paralelo_serie_384b:inst1|shift_reg[135]          ; inst4        ; inst|altpll_component|auto_generated|pll1|clk[0] ; 0.000        ; 0.327      ; 2.530      ;
; 1.737 ; inst4     ; paralelo_serie_384b:inst1|shift_reg[136]          ; inst4        ; inst|altpll_component|auto_generated|pll1|clk[0] ; 0.000        ; 0.318      ; 2.521      ;
; 1.737 ; inst4     ; paralelo_serie_384b:inst1|shift_reg[137]          ; inst4        ; inst|altpll_component|auto_generated|pll1|clk[0] ; 0.000        ; 0.318      ; 2.521      ;
; 1.737 ; inst4     ; paralelo_serie_384b:inst1|shift_reg[138]          ; inst4        ; inst|altpll_component|auto_generated|pll1|clk[0] ; 0.000        ; 0.327      ; 2.530      ;
; 1.737 ; inst4     ; paralelo_serie_384b:inst1|shift_reg[139]          ; inst4        ; inst|altpll_component|auto_generated|pll1|clk[0] ; 0.000        ; 0.327      ; 2.530      ;
; 1.737 ; inst4     ; paralelo_serie_384b:inst1|shift_reg[140]          ; inst4        ; inst|altpll_component|auto_generated|pll1|clk[0] ; 0.000        ; 0.327      ; 2.530      ;
; 1.737 ; inst4     ; paralelo_serie_384b:inst1|shift_reg[141]          ; inst4        ; inst|altpll_component|auto_generated|pll1|clk[0] ; 0.000        ; 0.327      ; 2.530      ;
; 1.737 ; inst4     ; paralelo_serie_384b:inst1|shift_reg[142]          ; inst4        ; inst|altpll_component|auto_generated|pll1|clk[0] ; 0.000        ; 0.327      ; 2.530      ;
; 1.737 ; inst4     ; paralelo_serie_384b:inst1|shift_reg[143]          ; inst4        ; inst|altpll_component|auto_generated|pll1|clk[0] ; 0.000        ; 0.327      ; 2.530      ;
; 1.737 ; inst4     ; paralelo_serie_384b:inst1|shift_reg[144]          ; inst4        ; inst|altpll_component|auto_generated|pll1|clk[0] ; 0.000        ; 0.327      ; 2.530      ;
; 1.737 ; inst4     ; paralelo_serie_384b:inst1|shift_reg[145]          ; inst4        ; inst|altpll_component|auto_generated|pll1|clk[0] ; 0.000        ; 0.327      ; 2.530      ;
; 1.737 ; inst4     ; paralelo_serie_384b:inst1|shift_reg[146]          ; inst4        ; inst|altpll_component|auto_generated|pll1|clk[0] ; 0.000        ; 0.327      ; 2.530      ;
; 1.737 ; inst4     ; paralelo_serie_384b:inst1|shift_reg[147]          ; inst4        ; inst|altpll_component|auto_generated|pll1|clk[0] ; 0.000        ; 0.327      ; 2.530      ;
; 1.737 ; inst4     ; paralelo_serie_384b:inst1|shift_reg[148]          ; inst4        ; inst|altpll_component|auto_generated|pll1|clk[0] ; 0.000        ; 0.327      ; 2.530      ;
; 1.737 ; inst4     ; paralelo_serie_384b:inst1|shift_reg[149]          ; inst4        ; inst|altpll_component|auto_generated|pll1|clk[0] ; 0.000        ; 0.327      ; 2.530      ;
; 1.737 ; inst4     ; paralelo_serie_384b:inst1|shift_reg[150]          ; inst4        ; inst|altpll_component|auto_generated|pll1|clk[0] ; 0.000        ; 0.327      ; 2.530      ;
; 1.737 ; inst4     ; paralelo_serie_384b:inst1|shift_reg[151]          ; inst4        ; inst|altpll_component|auto_generated|pll1|clk[0] ; 0.000        ; 0.327      ; 2.530      ;
; 1.737 ; inst4     ; paralelo_serie_384b:inst1|shift_reg[152]          ; inst4        ; inst|altpll_component|auto_generated|pll1|clk[0] ; 0.000        ; 0.327      ; 2.530      ;
; 1.737 ; inst4     ; paralelo_serie_384b:inst1|shift_reg[153]          ; inst4        ; inst|altpll_component|auto_generated|pll1|clk[0] ; 0.000        ; 0.327      ; 2.530      ;
; 1.737 ; inst4     ; paralelo_serie_384b:inst1|shift_reg[158]          ; inst4        ; inst|altpll_component|auto_generated|pll1|clk[0] ; 0.000        ; 0.318      ; 2.521      ;
; 1.737 ; inst4     ; paralelo_serie_384b:inst1|shift_reg[159]          ; inst4        ; inst|altpll_component|auto_generated|pll1|clk[0] ; 0.000        ; 0.318      ; 2.521      ;
; 1.737 ; inst4     ; paralelo_serie_384b:inst1|shift_reg[160]          ; inst4        ; inst|altpll_component|auto_generated|pll1|clk[0] ; 0.000        ; 0.318      ; 2.521      ;
; 1.738 ; inst4     ; paralelo_serie_384b:inst1|shift_reg[45]           ; inst4        ; inst|altpll_component|auto_generated|pll1|clk[0] ; 0.000        ; 0.324      ; 2.528      ;
; 1.738 ; inst4     ; paralelo_serie_384b:inst1|shift_reg[46]           ; inst4        ; inst|altpll_component|auto_generated|pll1|clk[0] ; 0.000        ; 0.324      ; 2.528      ;
; 1.738 ; inst4     ; paralelo_serie_384b:inst1|shift_reg[47]           ; inst4        ; inst|altpll_component|auto_generated|pll1|clk[0] ; 0.000        ; 0.324      ; 2.528      ;
; 1.738 ; inst4     ; paralelo_serie_384b:inst1|shift_reg[48]~_emulated ; inst4        ; inst|altpll_component|auto_generated|pll1|clk[0] ; 0.000        ; 0.324      ; 2.528      ;
; 1.738 ; inst4     ; paralelo_serie_384b:inst1|shift_reg[51]~_emulated ; inst4        ; inst|altpll_component|auto_generated|pll1|clk[0] ; 0.000        ; 0.324      ; 2.528      ;
; 1.738 ; inst4     ; paralelo_serie_384b:inst1|shift_reg[52]           ; inst4        ; inst|altpll_component|auto_generated|pll1|clk[0] ; 0.000        ; 0.324      ; 2.528      ;
; 1.738 ; inst4     ; paralelo_serie_384b:inst1|shift_reg[53]           ; inst4        ; inst|altpll_component|auto_generated|pll1|clk[0] ; 0.000        ; 0.324      ; 2.528      ;
; 1.738 ; inst4     ; paralelo_serie_384b:inst1|shift_reg[54]           ; inst4        ; inst|altpll_component|auto_generated|pll1|clk[0] ; 0.000        ; 0.324      ; 2.528      ;
+-------+-----------+---------------------------------------------------+--------------+--------------------------------------------------+--------------+------------+------------+


+----------------------------------------------------------------------------------------------------------------------------------------------------------+
; Slow 1200mV 85C Model Removal: 'inst|altpll_component|auto_generated|pll1|clk[1]'                                                                        ;
+-------+-----------+---------------------------+--------------+--------------------------------------------------+--------------+------------+------------+
; Slack ; From Node ; To Node                   ; Launch Clock ; Latch Clock                                      ; Relationship ; Clock Skew ; Data Delay ;
+-------+-----------+---------------------------+--------------+--------------------------------------------------+--------------+------------+------------+
; 1.357 ; inst4     ; pulso_384:inst12|strt     ; inst4        ; inst|altpll_component|auto_generated|pll1|clk[1] ; 0.000        ; 0.698      ; 2.521      ;
; 1.357 ; inst4     ; pulso_384:inst12|pulso    ; inst4        ; inst|altpll_component|auto_generated|pll1|clk[1] ; 0.000        ; 0.698      ; 2.521      ;
; 1.386 ; inst4     ; pulso_384:inst12|count[0] ; inst4        ; inst|altpll_component|auto_generated|pll1|clk[1] ; 0.000        ; 0.669      ; 2.521      ;
; 1.386 ; inst4     ; pulso_384:inst12|count[1] ; inst4        ; inst|altpll_component|auto_generated|pll1|clk[1] ; 0.000        ; 0.669      ; 2.521      ;
; 1.386 ; inst4     ; pulso_384:inst12|count[2] ; inst4        ; inst|altpll_component|auto_generated|pll1|clk[1] ; 0.000        ; 0.669      ; 2.521      ;
; 1.386 ; inst4     ; pulso_384:inst12|count[3] ; inst4        ; inst|altpll_component|auto_generated|pll1|clk[1] ; 0.000        ; 0.669      ; 2.521      ;
; 1.386 ; inst4     ; pulso_384:inst12|count[4] ; inst4        ; inst|altpll_component|auto_generated|pll1|clk[1] ; 0.000        ; 0.669      ; 2.521      ;
; 1.386 ; inst4     ; pulso_384:inst12|count[5] ; inst4        ; inst|altpll_component|auto_generated|pll1|clk[1] ; 0.000        ; 0.669      ; 2.521      ;
; 1.386 ; inst4     ; pulso_384:inst12|count[6] ; inst4        ; inst|altpll_component|auto_generated|pll1|clk[1] ; 0.000        ; 0.669      ; 2.521      ;
; 1.386 ; inst4     ; pulso_384:inst12|count[8] ; inst4        ; inst|altpll_component|auto_generated|pll1|clk[1] ; 0.000        ; 0.669      ; 2.521      ;
; 1.386 ; inst4     ; pulso_384:inst12|count[7] ; inst4        ; inst|altpll_component|auto_generated|pll1|clk[1] ; 0.000        ; 0.669      ; 2.521      ;
; 1.895 ; inst4     ; pulso_384:inst12|strt     ; inst4        ; inst|altpll_component|auto_generated|pll1|clk[1] ; -0.500       ; 0.698      ; 2.559      ;
; 1.895 ; inst4     ; pulso_384:inst12|pulso    ; inst4        ; inst|altpll_component|auto_generated|pll1|clk[1] ; -0.500       ; 0.698      ; 2.559      ;
; 1.924 ; inst4     ; pulso_384:inst12|count[0] ; inst4        ; inst|altpll_component|auto_generated|pll1|clk[1] ; -0.500       ; 0.669      ; 2.559      ;
; 1.924 ; inst4     ; pulso_384:inst12|count[1] ; inst4        ; inst|altpll_component|auto_generated|pll1|clk[1] ; -0.500       ; 0.669      ; 2.559      ;
; 1.924 ; inst4     ; pulso_384:inst12|count[2] ; inst4        ; inst|altpll_component|auto_generated|pll1|clk[1] ; -0.500       ; 0.669      ; 2.559      ;
; 1.924 ; inst4     ; pulso_384:inst12|count[3] ; inst4        ; inst|altpll_component|auto_generated|pll1|clk[1] ; -0.500       ; 0.669      ; 2.559      ;
; 1.924 ; inst4     ; pulso_384:inst12|count[4] ; inst4        ; inst|altpll_component|auto_generated|pll1|clk[1] ; -0.500       ; 0.669      ; 2.559      ;
; 1.924 ; inst4     ; pulso_384:inst12|count[5] ; inst4        ; inst|altpll_component|auto_generated|pll1|clk[1] ; -0.500       ; 0.669      ; 2.559      ;
; 1.924 ; inst4     ; pulso_384:inst12|count[6] ; inst4        ; inst|altpll_component|auto_generated|pll1|clk[1] ; -0.500       ; 0.669      ; 2.559      ;
; 1.924 ; inst4     ; pulso_384:inst12|count[8] ; inst4        ; inst|altpll_component|auto_generated|pll1|clk[1] ; -0.500       ; 0.669      ; 2.559      ;
; 1.924 ; inst4     ; pulso_384:inst12|count[7] ; inst4        ; inst|altpll_component|auto_generated|pll1|clk[1] ; -0.500       ; 0.669      ; 2.559      ;
+-------+-----------+---------------------------+--------------+--------------------------------------------------+--------------+------------+------------+


+----------------------------------------------------------------------------------------------------------------------------+
; Slow 1200mV 85C Model Minimum Pulse Width: 'inst4'                                                                         ;
+-------+--------------+----------------+------------------+-------+------------+--------------------------------------------+
; Slack ; Actual Width ; Required Width ; Type             ; Clock ; Clock Edge ; Target                                     ;
+-------+--------------+----------------+------------------+-------+------------+--------------------------------------------+
; 0.460 ; 0.460        ; 0.000          ; Low Pulse Width  ; inst4 ; Rise       ; inst1|shift_reg[64]~11|datad               ;
; 0.460 ; 0.460        ; 0.000          ; Low Pulse Width  ; inst4 ; Rise       ; inst1|shift_reg[88]~1|datad                ;
; 0.462 ; 0.462        ; 0.000          ; Low Pulse Width  ; inst4 ; Rise       ; inst1|shift_reg[40]~21|datad               ;
; 0.471 ; 0.471        ; 0.000          ; Low Pulse Width  ; inst4 ; Rise       ; inst4~clkctrl|inclk[0]                     ;
; 0.471 ; 0.471        ; 0.000          ; Low Pulse Width  ; inst4 ; Rise       ; inst4~clkctrl|outclk                       ;
; 0.480 ; 0.480        ; 0.000          ; High Pulse Width ; inst4 ; Fall       ; paralelo_serie_384b:inst1|shift_reg[64]~11 ;
; 0.480 ; 0.480        ; 0.000          ; High Pulse Width ; inst4 ; Fall       ; paralelo_serie_384b:inst1|shift_reg[88]~1  ;
; 0.482 ; 0.482        ; 0.000          ; High Pulse Width ; inst4 ; Fall       ; paralelo_serie_384b:inst1|shift_reg[40]~21 ;
; 0.500 ; 0.500        ; 0.000          ; High Pulse Width ; inst4 ; Rise       ; inst4|q                                    ;
; 0.500 ; 0.500        ; 0.000          ; Low Pulse Width  ; inst4 ; Rise       ; inst4|q                                    ;
; 0.516 ; 0.516        ; 0.000          ; Low Pulse Width  ; inst4 ; Fall       ; paralelo_serie_384b:inst1|shift_reg[40]~21 ;
; 0.517 ; 0.517        ; 0.000          ; Low Pulse Width  ; inst4 ; Fall       ; paralelo_serie_384b:inst1|shift_reg[88]~1  ;
; 0.518 ; 0.518        ; 0.000          ; Low Pulse Width  ; inst4 ; Fall       ; paralelo_serie_384b:inst1|shift_reg[64]~11 ;
; 0.527 ; 0.527        ; 0.000          ; High Pulse Width ; inst4 ; Rise       ; inst4~clkctrl|inclk[0]                     ;
; 0.527 ; 0.527        ; 0.000          ; High Pulse Width ; inst4 ; Rise       ; inst4~clkctrl|outclk                       ;
; 0.536 ; 0.536        ; 0.000          ; High Pulse Width ; inst4 ; Rise       ; inst1|shift_reg[40]~21|datad               ;
; 0.537 ; 0.537        ; 0.000          ; High Pulse Width ; inst4 ; Rise       ; inst1|shift_reg[88]~1|datad                ;
; 0.538 ; 0.538        ; 0.000          ; High Pulse Width ; inst4 ; Rise       ; inst1|shift_reg[64]~11|datad               ;
+-------+--------------+----------------+------------------+-------+------------+--------------------------------------------+


+----------------------------------------------------------------------------------------------------------------------------------------------+
; Slow 1200mV 85C Model Minimum Pulse Width: 'inclk0'                                                                                          ;
+--------+--------------+----------------+------------------+--------+------------+------------------------------------------------------------+
; Slack  ; Actual Width ; Required Width ; Type             ; Clock  ; Clock Edge ; Target                                                     ;
+--------+--------------+----------------+------------------+--------+------------+------------------------------------------------------------+
; 9.835  ; 9.835        ; 0.000          ; Low Pulse Width  ; inclk0 ; Rise       ; inclk0~input|o                                             ;
; 9.839  ; 9.839        ; 0.000          ; Low Pulse Width  ; inclk0 ; Rise       ; inst|altpll_component|auto_generated|pll1|clk[0]           ;
; 9.839  ; 9.839        ; 0.000          ; Low Pulse Width  ; inclk0 ; Rise       ; inst|altpll_component|auto_generated|pll1|clk[1]           ;
; 9.839  ; 9.839        ; 0.000          ; Low Pulse Width  ; inclk0 ; Rise       ; inst|altpll_component|auto_generated|pll1|clk[2]           ;
; 9.839  ; 9.839        ; 0.000          ; Low Pulse Width  ; inclk0 ; Rise       ; inst|altpll_component|auto_generated|pll1|observablevcoout ;
; 9.859  ; 9.859        ; 0.000          ; Low Pulse Width  ; inclk0 ; Rise       ; inst|altpll_component|auto_generated|pll1|inclk[0]         ;
; 10.000 ; 10.000       ; 0.000          ; High Pulse Width ; inclk0 ; Rise       ; inclk0~input|i                                             ;
; 10.000 ; 10.000       ; 0.000          ; Low Pulse Width  ; inclk0 ; Rise       ; inclk0~input|i                                             ;
; 10.140 ; 10.140       ; 0.000          ; High Pulse Width ; inclk0 ; Rise       ; inst|altpll_component|auto_generated|pll1|inclk[0]         ;
; 10.160 ; 10.160       ; 0.000          ; High Pulse Width ; inclk0 ; Rise       ; inst|altpll_component|auto_generated|pll1|clk[0]           ;
; 10.160 ; 10.160       ; 0.000          ; High Pulse Width ; inclk0 ; Rise       ; inst|altpll_component|auto_generated|pll1|clk[1]           ;
; 10.160 ; 10.160       ; 0.000          ; High Pulse Width ; inclk0 ; Rise       ; inst|altpll_component|auto_generated|pll1|clk[2]           ;
; 10.160 ; 10.160       ; 0.000          ; High Pulse Width ; inclk0 ; Rise       ; inst|altpll_component|auto_generated|pll1|observablevcoout ;
; 10.165 ; 10.165       ; 0.000          ; High Pulse Width ; inclk0 ; Rise       ; inclk0~input|o                                             ;
; 16.000 ; 20.000       ; 4.000          ; Port Rate        ; inclk0 ; Rise       ; inclk0                                                     ;
+--------+--------------+----------------+------------------+--------+------------+------------------------------------------------------------+


+--------------------------------------------------------------------------------------------------------------------------------------------------------------------------------+
; Slow 1200mV 85C Model Minimum Pulse Width: 'inst|altpll_component|auto_generated|pll1|clk[0]'                                                                                  ;
+---------+--------------+----------------+------------------+--------------------------------------------------+------------+---------------------------------------------------+
; Slack   ; Actual Width ; Required Width ; Type             ; Clock                                            ; Clock Edge ; Target                                            ;
+---------+--------------+----------------+------------------+--------------------------------------------------+------------+---------------------------------------------------+
; 399.747 ; 399.963      ; 0.216          ; High Pulse Width ; inst|altpll_component|auto_generated|pll1|clk[0] ; Rise       ; inst7                                             ;
; 399.792 ; 399.976      ; 0.184          ; Low Pulse Width  ; inst|altpll_component|auto_generated|pll1|clk[0] ; Fall       ; paralelo_serie_384b:inst1|shift_reg[23]           ;
; 399.792 ; 399.976      ; 0.184          ; Low Pulse Width  ; inst|altpll_component|auto_generated|pll1|clk[0] ; Fall       ; paralelo_serie_384b:inst1|shift_reg[370]          ;
; 399.792 ; 399.976      ; 0.184          ; Low Pulse Width  ; inst|altpll_component|auto_generated|pll1|clk[0] ; Fall       ; paralelo_serie_384b:inst1|shift_reg[371]          ;
; 399.792 ; 399.976      ; 0.184          ; Low Pulse Width  ; inst|altpll_component|auto_generated|pll1|clk[0] ; Fall       ; paralelo_serie_384b:inst1|shift_reg[372]          ;
; 399.792 ; 399.976      ; 0.184          ; Low Pulse Width  ; inst|altpll_component|auto_generated|pll1|clk[0] ; Fall       ; paralelo_serie_384b:inst1|shift_reg[373]          ;
; 399.792 ; 399.976      ; 0.184          ; Low Pulse Width  ; inst|altpll_component|auto_generated|pll1|clk[0] ; Fall       ; paralelo_serie_384b:inst1|shift_reg[374]          ;
; 399.792 ; 399.976      ; 0.184          ; Low Pulse Width  ; inst|altpll_component|auto_generated|pll1|clk[0] ; Fall       ; paralelo_serie_384b:inst1|shift_reg[375]          ;
; 399.792 ; 399.976      ; 0.184          ; Low Pulse Width  ; inst|altpll_component|auto_generated|pll1|clk[0] ; Fall       ; paralelo_serie_384b:inst1|shift_reg[376]          ;
; 399.792 ; 399.976      ; 0.184          ; Low Pulse Width  ; inst|altpll_component|auto_generated|pll1|clk[0] ; Fall       ; paralelo_serie_384b:inst1|shift_reg[377]          ;
; 399.792 ; 399.976      ; 0.184          ; Low Pulse Width  ; inst|altpll_component|auto_generated|pll1|clk[0] ; Fall       ; paralelo_serie_384b:inst1|shift_reg[378]          ;
; 399.792 ; 399.976      ; 0.184          ; Low Pulse Width  ; inst|altpll_component|auto_generated|pll1|clk[0] ; Fall       ; paralelo_serie_384b:inst1|shift_reg[379]          ;
; 399.792 ; 399.976      ; 0.184          ; Low Pulse Width  ; inst|altpll_component|auto_generated|pll1|clk[0] ; Fall       ; paralelo_serie_384b:inst1|shift_reg[380]          ;
; 399.792 ; 399.976      ; 0.184          ; Low Pulse Width  ; inst|altpll_component|auto_generated|pll1|clk[0] ; Fall       ; paralelo_serie_384b:inst1|shift_reg[381]          ;
; 399.792 ; 399.976      ; 0.184          ; Low Pulse Width  ; inst|altpll_component|auto_generated|pll1|clk[0] ; Fall       ; paralelo_serie_384b:inst1|shift_reg[382]          ;
; 399.792 ; 399.976      ; 0.184          ; Low Pulse Width  ; inst|altpll_component|auto_generated|pll1|clk[0] ; Fall       ; paralelo_serie_384b:inst1|shift_reg[383]          ;
; 399.792 ; 399.976      ; 0.184          ; Low Pulse Width  ; inst|altpll_component|auto_generated|pll1|clk[0] ; Fall       ; paralelo_serie_384b:inst1|shift_reg[42]           ;
; 399.792 ; 399.976      ; 0.184          ; Low Pulse Width  ; inst|altpll_component|auto_generated|pll1|clk[0] ; Fall       ; paralelo_serie_384b:inst1|shift_reg[59]           ;
; 399.792 ; 399.976      ; 0.184          ; Low Pulse Width  ; inst|altpll_component|auto_generated|pll1|clk[0] ; Fall       ; paralelo_serie_384b:inst1|shift_reg[60]           ;
; 399.792 ; 399.976      ; 0.184          ; Low Pulse Width  ; inst|altpll_component|auto_generated|pll1|clk[0] ; Fall       ; paralelo_serie_384b:inst1|shift_reg[61]           ;
; 399.792 ; 399.976      ; 0.184          ; Low Pulse Width  ; inst|altpll_component|auto_generated|pll1|clk[0] ; Fall       ; paralelo_serie_384b:inst1|shift_reg[62]           ;
; 399.792 ; 399.976      ; 0.184          ; Low Pulse Width  ; inst|altpll_component|auto_generated|pll1|clk[0] ; Fall       ; paralelo_serie_384b:inst1|shift_reg[63]           ;
; 399.792 ; 399.976      ; 0.184          ; Low Pulse Width  ; inst|altpll_component|auto_generated|pll1|clk[0] ; Fall       ; paralelo_serie_384b:inst1|shift_reg[66]           ;
; 399.792 ; 399.976      ; 0.184          ; Low Pulse Width  ; inst|altpll_component|auto_generated|pll1|clk[0] ; Fall       ; paralelo_serie_384b:inst1|shift_reg[67]           ;
; 399.793 ; 399.977      ; 0.184          ; Low Pulse Width  ; inst|altpll_component|auto_generated|pll1|clk[0] ; Fall       ; paralelo_serie_384b:inst1|shift_reg[100]          ;
; 399.793 ; 399.977      ; 0.184          ; Low Pulse Width  ; inst|altpll_component|auto_generated|pll1|clk[0] ; Fall       ; paralelo_serie_384b:inst1|shift_reg[101]          ;
; 399.793 ; 399.977      ; 0.184          ; Low Pulse Width  ; inst|altpll_component|auto_generated|pll1|clk[0] ; Fall       ; paralelo_serie_384b:inst1|shift_reg[102]          ;
; 399.793 ; 399.977      ; 0.184          ; Low Pulse Width  ; inst|altpll_component|auto_generated|pll1|clk[0] ; Fall       ; paralelo_serie_384b:inst1|shift_reg[103]          ;
; 399.793 ; 399.977      ; 0.184          ; Low Pulse Width  ; inst|altpll_component|auto_generated|pll1|clk[0] ; Fall       ; paralelo_serie_384b:inst1|shift_reg[104]          ;
; 399.793 ; 399.977      ; 0.184          ; Low Pulse Width  ; inst|altpll_component|auto_generated|pll1|clk[0] ; Fall       ; paralelo_serie_384b:inst1|shift_reg[105]          ;
; 399.793 ; 399.977      ; 0.184          ; Low Pulse Width  ; inst|altpll_component|auto_generated|pll1|clk[0] ; Fall       ; paralelo_serie_384b:inst1|shift_reg[106]          ;
; 399.793 ; 399.977      ; 0.184          ; Low Pulse Width  ; inst|altpll_component|auto_generated|pll1|clk[0] ; Fall       ; paralelo_serie_384b:inst1|shift_reg[107]          ;
; 399.793 ; 399.977      ; 0.184          ; Low Pulse Width  ; inst|altpll_component|auto_generated|pll1|clk[0] ; Fall       ; paralelo_serie_384b:inst1|shift_reg[108]          ;
; 399.793 ; 399.977      ; 0.184          ; Low Pulse Width  ; inst|altpll_component|auto_generated|pll1|clk[0] ; Fall       ; paralelo_serie_384b:inst1|shift_reg[109]          ;
; 399.793 ; 399.977      ; 0.184          ; Low Pulse Width  ; inst|altpll_component|auto_generated|pll1|clk[0] ; Fall       ; paralelo_serie_384b:inst1|shift_reg[10]           ;
; 399.793 ; 399.977      ; 0.184          ; Low Pulse Width  ; inst|altpll_component|auto_generated|pll1|clk[0] ; Fall       ; paralelo_serie_384b:inst1|shift_reg[110]          ;
; 399.793 ; 399.977      ; 0.184          ; Low Pulse Width  ; inst|altpll_component|auto_generated|pll1|clk[0] ; Fall       ; paralelo_serie_384b:inst1|shift_reg[111]          ;
; 399.793 ; 399.977      ; 0.184          ; Low Pulse Width  ; inst|altpll_component|auto_generated|pll1|clk[0] ; Fall       ; paralelo_serie_384b:inst1|shift_reg[112]          ;
; 399.793 ; 399.977      ; 0.184          ; Low Pulse Width  ; inst|altpll_component|auto_generated|pll1|clk[0] ; Fall       ; paralelo_serie_384b:inst1|shift_reg[11]           ;
; 399.793 ; 399.977      ; 0.184          ; Low Pulse Width  ; inst|altpll_component|auto_generated|pll1|clk[0] ; Fall       ; paralelo_serie_384b:inst1|shift_reg[12]           ;
; 399.793 ; 399.977      ; 0.184          ; Low Pulse Width  ; inst|altpll_component|auto_generated|pll1|clk[0] ; Fall       ; paralelo_serie_384b:inst1|shift_reg[13]           ;
; 399.793 ; 399.977      ; 0.184          ; Low Pulse Width  ; inst|altpll_component|auto_generated|pll1|clk[0] ; Fall       ; paralelo_serie_384b:inst1|shift_reg[14]           ;
; 399.793 ; 399.977      ; 0.184          ; Low Pulse Width  ; inst|altpll_component|auto_generated|pll1|clk[0] ; Fall       ; paralelo_serie_384b:inst1|shift_reg[15]           ;
; 399.793 ; 399.977      ; 0.184          ; Low Pulse Width  ; inst|altpll_component|auto_generated|pll1|clk[0] ; Fall       ; paralelo_serie_384b:inst1|shift_reg[162]          ;
; 399.793 ; 399.977      ; 0.184          ; Low Pulse Width  ; inst|altpll_component|auto_generated|pll1|clk[0] ; Fall       ; paralelo_serie_384b:inst1|shift_reg[163]          ;
; 399.793 ; 399.977      ; 0.184          ; Low Pulse Width  ; inst|altpll_component|auto_generated|pll1|clk[0] ; Fall       ; paralelo_serie_384b:inst1|shift_reg[164]          ;
; 399.793 ; 399.977      ; 0.184          ; Low Pulse Width  ; inst|altpll_component|auto_generated|pll1|clk[0] ; Fall       ; paralelo_serie_384b:inst1|shift_reg[165]          ;
; 399.793 ; 399.977      ; 0.184          ; Low Pulse Width  ; inst|altpll_component|auto_generated|pll1|clk[0] ; Fall       ; paralelo_serie_384b:inst1|shift_reg[166]          ;
; 399.793 ; 399.977      ; 0.184          ; Low Pulse Width  ; inst|altpll_component|auto_generated|pll1|clk[0] ; Fall       ; paralelo_serie_384b:inst1|shift_reg[167]          ;
; 399.793 ; 399.977      ; 0.184          ; Low Pulse Width  ; inst|altpll_component|auto_generated|pll1|clk[0] ; Fall       ; paralelo_serie_384b:inst1|shift_reg[168]          ;
; 399.793 ; 399.977      ; 0.184          ; Low Pulse Width  ; inst|altpll_component|auto_generated|pll1|clk[0] ; Fall       ; paralelo_serie_384b:inst1|shift_reg[169]          ;
; 399.793 ; 399.977      ; 0.184          ; Low Pulse Width  ; inst|altpll_component|auto_generated|pll1|clk[0] ; Fall       ; paralelo_serie_384b:inst1|shift_reg[16]           ;
; 399.793 ; 399.977      ; 0.184          ; Low Pulse Width  ; inst|altpll_component|auto_generated|pll1|clk[0] ; Fall       ; paralelo_serie_384b:inst1|shift_reg[170]          ;
; 399.793 ; 399.977      ; 0.184          ; Low Pulse Width  ; inst|altpll_component|auto_generated|pll1|clk[0] ; Fall       ; paralelo_serie_384b:inst1|shift_reg[171]          ;
; 399.793 ; 399.977      ; 0.184          ; Low Pulse Width  ; inst|altpll_component|auto_generated|pll1|clk[0] ; Fall       ; paralelo_serie_384b:inst1|shift_reg[172]          ;
; 399.793 ; 399.977      ; 0.184          ; Low Pulse Width  ; inst|altpll_component|auto_generated|pll1|clk[0] ; Fall       ; paralelo_serie_384b:inst1|shift_reg[173]          ;
; 399.793 ; 399.977      ; 0.184          ; Low Pulse Width  ; inst|altpll_component|auto_generated|pll1|clk[0] ; Fall       ; paralelo_serie_384b:inst1|shift_reg[174]          ;
; 399.793 ; 399.977      ; 0.184          ; Low Pulse Width  ; inst|altpll_component|auto_generated|pll1|clk[0] ; Fall       ; paralelo_serie_384b:inst1|shift_reg[175]          ;
; 399.793 ; 399.977      ; 0.184          ; Low Pulse Width  ; inst|altpll_component|auto_generated|pll1|clk[0] ; Fall       ; paralelo_serie_384b:inst1|shift_reg[176]          ;
; 399.793 ; 399.977      ; 0.184          ; Low Pulse Width  ; inst|altpll_component|auto_generated|pll1|clk[0] ; Fall       ; paralelo_serie_384b:inst1|shift_reg[17]           ;
; 399.793 ; 399.977      ; 0.184          ; Low Pulse Width  ; inst|altpll_component|auto_generated|pll1|clk[0] ; Fall       ; paralelo_serie_384b:inst1|shift_reg[18]           ;
; 399.793 ; 399.977      ; 0.184          ; Low Pulse Width  ; inst|altpll_component|auto_generated|pll1|clk[0] ; Fall       ; paralelo_serie_384b:inst1|shift_reg[19]           ;
; 399.793 ; 399.977      ; 0.184          ; Low Pulse Width  ; inst|altpll_component|auto_generated|pll1|clk[0] ; Fall       ; paralelo_serie_384b:inst1|shift_reg[1]            ;
; 399.793 ; 399.977      ; 0.184          ; Low Pulse Width  ; inst|altpll_component|auto_generated|pll1|clk[0] ; Fall       ; paralelo_serie_384b:inst1|shift_reg[202]          ;
; 399.793 ; 399.977      ; 0.184          ; Low Pulse Width  ; inst|altpll_component|auto_generated|pll1|clk[0] ; Fall       ; paralelo_serie_384b:inst1|shift_reg[203]          ;
; 399.793 ; 399.977      ; 0.184          ; Low Pulse Width  ; inst|altpll_component|auto_generated|pll1|clk[0] ; Fall       ; paralelo_serie_384b:inst1|shift_reg[204]          ;
; 399.793 ; 399.977      ; 0.184          ; Low Pulse Width  ; inst|altpll_component|auto_generated|pll1|clk[0] ; Fall       ; paralelo_serie_384b:inst1|shift_reg[205]          ;
; 399.793 ; 399.977      ; 0.184          ; Low Pulse Width  ; inst|altpll_component|auto_generated|pll1|clk[0] ; Fall       ; paralelo_serie_384b:inst1|shift_reg[206]          ;
; 399.793 ; 399.977      ; 0.184          ; Low Pulse Width  ; inst|altpll_component|auto_generated|pll1|clk[0] ; Fall       ; paralelo_serie_384b:inst1|shift_reg[207]          ;
; 399.793 ; 399.977      ; 0.184          ; Low Pulse Width  ; inst|altpll_component|auto_generated|pll1|clk[0] ; Fall       ; paralelo_serie_384b:inst1|shift_reg[208]          ;
; 399.793 ; 399.977      ; 0.184          ; Low Pulse Width  ; inst|altpll_component|auto_generated|pll1|clk[0] ; Fall       ; paralelo_serie_384b:inst1|shift_reg[209]          ;
; 399.793 ; 399.977      ; 0.184          ; Low Pulse Width  ; inst|altpll_component|auto_generated|pll1|clk[0] ; Fall       ; paralelo_serie_384b:inst1|shift_reg[20]           ;
; 399.793 ; 399.977      ; 0.184          ; Low Pulse Width  ; inst|altpll_component|auto_generated|pll1|clk[0] ; Fall       ; paralelo_serie_384b:inst1|shift_reg[210]          ;
; 399.793 ; 399.977      ; 0.184          ; Low Pulse Width  ; inst|altpll_component|auto_generated|pll1|clk[0] ; Fall       ; paralelo_serie_384b:inst1|shift_reg[211]          ;
; 399.793 ; 399.977      ; 0.184          ; Low Pulse Width  ; inst|altpll_component|auto_generated|pll1|clk[0] ; Fall       ; paralelo_serie_384b:inst1|shift_reg[212]          ;
; 399.793 ; 399.977      ; 0.184          ; Low Pulse Width  ; inst|altpll_component|auto_generated|pll1|clk[0] ; Fall       ; paralelo_serie_384b:inst1|shift_reg[213]          ;
; 399.793 ; 399.977      ; 0.184          ; Low Pulse Width  ; inst|altpll_component|auto_generated|pll1|clk[0] ; Fall       ; paralelo_serie_384b:inst1|shift_reg[214]          ;
; 399.793 ; 399.977      ; 0.184          ; Low Pulse Width  ; inst|altpll_component|auto_generated|pll1|clk[0] ; Fall       ; paralelo_serie_384b:inst1|shift_reg[215]          ;
; 399.793 ; 399.977      ; 0.184          ; Low Pulse Width  ; inst|altpll_component|auto_generated|pll1|clk[0] ; Fall       ; paralelo_serie_384b:inst1|shift_reg[216]          ;
; 399.793 ; 399.977      ; 0.184          ; Low Pulse Width  ; inst|altpll_component|auto_generated|pll1|clk[0] ; Fall       ; paralelo_serie_384b:inst1|shift_reg[21]           ;
; 399.793 ; 399.977      ; 0.184          ; Low Pulse Width  ; inst|altpll_component|auto_generated|pll1|clk[0] ; Fall       ; paralelo_serie_384b:inst1|shift_reg[229]          ;
; 399.793 ; 399.977      ; 0.184          ; Low Pulse Width  ; inst|altpll_component|auto_generated|pll1|clk[0] ; Fall       ; paralelo_serie_384b:inst1|shift_reg[22]           ;
; 399.793 ; 399.977      ; 0.184          ; Low Pulse Width  ; inst|altpll_component|auto_generated|pll1|clk[0] ; Fall       ; paralelo_serie_384b:inst1|shift_reg[230]          ;
; 399.793 ; 399.977      ; 0.184          ; Low Pulse Width  ; inst|altpll_component|auto_generated|pll1|clk[0] ; Fall       ; paralelo_serie_384b:inst1|shift_reg[231]          ;
; 399.793 ; 399.977      ; 0.184          ; Low Pulse Width  ; inst|altpll_component|auto_generated|pll1|clk[0] ; Fall       ; paralelo_serie_384b:inst1|shift_reg[232]          ;
; 399.793 ; 399.977      ; 0.184          ; Low Pulse Width  ; inst|altpll_component|auto_generated|pll1|clk[0] ; Fall       ; paralelo_serie_384b:inst1|shift_reg[233]          ;
; 399.793 ; 399.977      ; 0.184          ; Low Pulse Width  ; inst|altpll_component|auto_generated|pll1|clk[0] ; Fall       ; paralelo_serie_384b:inst1|shift_reg[234]          ;
; 399.793 ; 399.977      ; 0.184          ; Low Pulse Width  ; inst|altpll_component|auto_generated|pll1|clk[0] ; Fall       ; paralelo_serie_384b:inst1|shift_reg[235]          ;
; 399.793 ; 399.977      ; 0.184          ; Low Pulse Width  ; inst|altpll_component|auto_generated|pll1|clk[0] ; Fall       ; paralelo_serie_384b:inst1|shift_reg[236]          ;
; 399.793 ; 399.977      ; 0.184          ; Low Pulse Width  ; inst|altpll_component|auto_generated|pll1|clk[0] ; Fall       ; paralelo_serie_384b:inst1|shift_reg[237]          ;
; 399.793 ; 399.977      ; 0.184          ; Low Pulse Width  ; inst|altpll_component|auto_generated|pll1|clk[0] ; Fall       ; paralelo_serie_384b:inst1|shift_reg[238]          ;
; 399.793 ; 399.977      ; 0.184          ; Low Pulse Width  ; inst|altpll_component|auto_generated|pll1|clk[0] ; Fall       ; paralelo_serie_384b:inst1|shift_reg[239]          ;
; 399.793 ; 399.977      ; 0.184          ; Low Pulse Width  ; inst|altpll_component|auto_generated|pll1|clk[0] ; Fall       ; paralelo_serie_384b:inst1|shift_reg[246]          ;
; 399.793 ; 399.977      ; 0.184          ; Low Pulse Width  ; inst|altpll_component|auto_generated|pll1|clk[0] ; Fall       ; paralelo_serie_384b:inst1|shift_reg[247]          ;
; 399.793 ; 399.977      ; 0.184          ; Low Pulse Width  ; inst|altpll_component|auto_generated|pll1|clk[0] ; Fall       ; paralelo_serie_384b:inst1|shift_reg[24]~_emulated ;
; 399.793 ; 399.977      ; 0.184          ; Low Pulse Width  ; inst|altpll_component|auto_generated|pll1|clk[0] ; Fall       ; paralelo_serie_384b:inst1|shift_reg[254]          ;
; 399.793 ; 399.977      ; 0.184          ; Low Pulse Width  ; inst|altpll_component|auto_generated|pll1|clk[0] ; Fall       ; paralelo_serie_384b:inst1|shift_reg[255]          ;
; 399.793 ; 399.977      ; 0.184          ; Low Pulse Width  ; inst|altpll_component|auto_generated|pll1|clk[0] ; Fall       ; paralelo_serie_384b:inst1|shift_reg[256]          ;
; 399.793 ; 399.977      ; 0.184          ; Low Pulse Width  ; inst|altpll_component|auto_generated|pll1|clk[0] ; Fall       ; paralelo_serie_384b:inst1|shift_reg[259]          ;
; 399.793 ; 399.977      ; 0.184          ; Low Pulse Width  ; inst|altpll_component|auto_generated|pll1|clk[0] ; Fall       ; paralelo_serie_384b:inst1|shift_reg[25]           ;
+---------+--------------+----------------+------------------+--------------------------------------------------+------------+---------------------------------------------------+


+------------------------------------------------------------------------------------------------------------------------------------------------------------------------------------------------------+
; Slow 1200mV 85C Model Minimum Pulse Width: 'inst|altpll_component|auto_generated|pll1|clk[1]'                                                                                                        ;
+----------+--------------+----------------+------------------+--------------------------------------------------+------------+------------------------------------------------------------------------+
; Slack    ; Actual Width ; Required Width ; Type             ; Clock                                            ; Clock Edge ; Target                                                                 ;
+----------+--------------+----------------+------------------+--------------------------------------------------+------------+------------------------------------------------------------------------+
; 449.841  ; 450.025      ; 0.184          ; Low Pulse Width  ; inst|altpll_component|auto_generated|pll1|clk[1] ; Rise       ; pulso_384:inst12|pulso                                                 ;
; 449.841  ; 450.025      ; 0.184          ; Low Pulse Width  ; inst|altpll_component|auto_generated|pll1|clk[1] ; Rise       ; pulso_384:inst12|strt                                                  ;
; 449.853  ; 450.037      ; 0.184          ; Low Pulse Width  ; inst|altpll_component|auto_generated|pll1|clk[1] ; Rise       ; pulso_384:inst12|count[0]                                              ;
; 449.853  ; 450.037      ; 0.184          ; Low Pulse Width  ; inst|altpll_component|auto_generated|pll1|clk[1] ; Rise       ; pulso_384:inst12|count[1]                                              ;
; 449.853  ; 450.037      ; 0.184          ; Low Pulse Width  ; inst|altpll_component|auto_generated|pll1|clk[1] ; Rise       ; pulso_384:inst12|count[2]                                              ;
; 449.853  ; 450.037      ; 0.184          ; Low Pulse Width  ; inst|altpll_component|auto_generated|pll1|clk[1] ; Rise       ; pulso_384:inst12|count[3]                                              ;
; 449.853  ; 450.037      ; 0.184          ; Low Pulse Width  ; inst|altpll_component|auto_generated|pll1|clk[1] ; Rise       ; pulso_384:inst12|count[4]                                              ;
; 449.853  ; 450.037      ; 0.184          ; Low Pulse Width  ; inst|altpll_component|auto_generated|pll1|clk[1] ; Rise       ; pulso_384:inst12|count[5]                                              ;
; 449.853  ; 450.037      ; 0.184          ; Low Pulse Width  ; inst|altpll_component|auto_generated|pll1|clk[1] ; Rise       ; pulso_384:inst12|count[6]                                              ;
; 449.853  ; 450.037      ; 0.184          ; Low Pulse Width  ; inst|altpll_component|auto_generated|pll1|clk[1] ; Rise       ; pulso_384:inst12|count[7]                                              ;
; 449.853  ; 450.037      ; 0.184          ; Low Pulse Width  ; inst|altpll_component|auto_generated|pll1|clk[1] ; Rise       ; pulso_384:inst12|count[8]                                              ;
; 450.002  ; 450.002      ; 0.000          ; Low Pulse Width  ; inst|altpll_component|auto_generated|pll1|clk[1] ; Rise       ; inst12|pulso|clk                                                       ;
; 450.002  ; 450.002      ; 0.000          ; Low Pulse Width  ; inst|altpll_component|auto_generated|pll1|clk[1] ; Rise       ; inst12|strt|clk                                                        ;
; 450.014  ; 450.014      ; 0.000          ; Low Pulse Width  ; inst|altpll_component|auto_generated|pll1|clk[1] ; Rise       ; inst12|count[0]|clk                                                    ;
; 450.014  ; 450.014      ; 0.000          ; Low Pulse Width  ; inst|altpll_component|auto_generated|pll1|clk[1] ; Rise       ; inst12|count[1]|clk                                                    ;
; 450.014  ; 450.014      ; 0.000          ; Low Pulse Width  ; inst|altpll_component|auto_generated|pll1|clk[1] ; Rise       ; inst12|count[2]|clk                                                    ;
; 450.014  ; 450.014      ; 0.000          ; Low Pulse Width  ; inst|altpll_component|auto_generated|pll1|clk[1] ; Rise       ; inst12|count[3]|clk                                                    ;
; 450.014  ; 450.014      ; 0.000          ; Low Pulse Width  ; inst|altpll_component|auto_generated|pll1|clk[1] ; Rise       ; inst12|count[4]|clk                                                    ;
; 450.014  ; 450.014      ; 0.000          ; Low Pulse Width  ; inst|altpll_component|auto_generated|pll1|clk[1] ; Rise       ; inst12|count[5]|clk                                                    ;
; 450.014  ; 450.014      ; 0.000          ; Low Pulse Width  ; inst|altpll_component|auto_generated|pll1|clk[1] ; Rise       ; inst12|count[6]|clk                                                    ;
; 450.014  ; 450.014      ; 0.000          ; Low Pulse Width  ; inst|altpll_component|auto_generated|pll1|clk[1] ; Rise       ; inst12|count[7]|clk                                                    ;
; 450.014  ; 450.014      ; 0.000          ; Low Pulse Width  ; inst|altpll_component|auto_generated|pll1|clk[1] ; Rise       ; inst12|count[8]|clk                                                    ;
; 450.017  ; 450.017      ; 0.000          ; Low Pulse Width  ; inst|altpll_component|auto_generated|pll1|clk[1] ; Rise       ; inst|altpll_component|auto_generated|wire_pll1_clk[1]~clkctrl|inclk[0] ;
; 450.017  ; 450.017      ; 0.000          ; Low Pulse Width  ; inst|altpll_component|auto_generated|pll1|clk[1] ; Rise       ; inst|altpll_component|auto_generated|wire_pll1_clk[1]~clkctrl|outclk   ;
; 799.746  ; 799.962      ; 0.216          ; High Pulse Width ; inst|altpll_component|auto_generated|pll1|clk[1] ; Rise       ; pulso_384:inst12|count[0]                                              ;
; 799.746  ; 799.962      ; 0.216          ; High Pulse Width ; inst|altpll_component|auto_generated|pll1|clk[1] ; Rise       ; pulso_384:inst12|count[1]                                              ;
; 799.746  ; 799.962      ; 0.216          ; High Pulse Width ; inst|altpll_component|auto_generated|pll1|clk[1] ; Rise       ; pulso_384:inst12|count[2]                                              ;
; 799.746  ; 799.962      ; 0.216          ; High Pulse Width ; inst|altpll_component|auto_generated|pll1|clk[1] ; Rise       ; pulso_384:inst12|count[3]                                              ;
; 799.746  ; 799.962      ; 0.216          ; High Pulse Width ; inst|altpll_component|auto_generated|pll1|clk[1] ; Rise       ; pulso_384:inst12|count[4]                                              ;
; 799.746  ; 799.962      ; 0.216          ; High Pulse Width ; inst|altpll_component|auto_generated|pll1|clk[1] ; Rise       ; pulso_384:inst12|count[5]                                              ;
; 799.746  ; 799.962      ; 0.216          ; High Pulse Width ; inst|altpll_component|auto_generated|pll1|clk[1] ; Rise       ; pulso_384:inst12|count[6]                                              ;
; 799.746  ; 799.962      ; 0.216          ; High Pulse Width ; inst|altpll_component|auto_generated|pll1|clk[1] ; Rise       ; pulso_384:inst12|count[7]                                              ;
; 799.746  ; 799.962      ; 0.216          ; High Pulse Width ; inst|altpll_component|auto_generated|pll1|clk[1] ; Rise       ; pulso_384:inst12|count[8]                                              ;
; 799.758  ; 799.974      ; 0.216          ; High Pulse Width ; inst|altpll_component|auto_generated|pll1|clk[1] ; Rise       ; pulso_384:inst12|pulso                                                 ;
; 799.758  ; 799.974      ; 0.216          ; High Pulse Width ; inst|altpll_component|auto_generated|pll1|clk[1] ; Rise       ; pulso_384:inst12|strt                                                  ;
; 799.982  ; 799.982      ; 0.000          ; High Pulse Width ; inst|altpll_component|auto_generated|pll1|clk[1] ; Rise       ; inst|altpll_component|auto_generated|wire_pll1_clk[1]~clkctrl|inclk[0] ;
; 799.982  ; 799.982      ; 0.000          ; High Pulse Width ; inst|altpll_component|auto_generated|pll1|clk[1] ; Rise       ; inst|altpll_component|auto_generated|wire_pll1_clk[1]~clkctrl|outclk   ;
; 799.985  ; 799.985      ; 0.000          ; High Pulse Width ; inst|altpll_component|auto_generated|pll1|clk[1] ; Rise       ; inst12|count[0]|clk                                                    ;
; 799.985  ; 799.985      ; 0.000          ; High Pulse Width ; inst|altpll_component|auto_generated|pll1|clk[1] ; Rise       ; inst12|count[1]|clk                                                    ;
; 799.985  ; 799.985      ; 0.000          ; High Pulse Width ; inst|altpll_component|auto_generated|pll1|clk[1] ; Rise       ; inst12|count[2]|clk                                                    ;
; 799.985  ; 799.985      ; 0.000          ; High Pulse Width ; inst|altpll_component|auto_generated|pll1|clk[1] ; Rise       ; inst12|count[3]|clk                                                    ;
; 799.985  ; 799.985      ; 0.000          ; High Pulse Width ; inst|altpll_component|auto_generated|pll1|clk[1] ; Rise       ; inst12|count[4]|clk                                                    ;
; 799.985  ; 799.985      ; 0.000          ; High Pulse Width ; inst|altpll_component|auto_generated|pll1|clk[1] ; Rise       ; inst12|count[5]|clk                                                    ;
; 799.985  ; 799.985      ; 0.000          ; High Pulse Width ; inst|altpll_component|auto_generated|pll1|clk[1] ; Rise       ; inst12|count[6]|clk                                                    ;
; 799.985  ; 799.985      ; 0.000          ; High Pulse Width ; inst|altpll_component|auto_generated|pll1|clk[1] ; Rise       ; inst12|count[7]|clk                                                    ;
; 799.985  ; 799.985      ; 0.000          ; High Pulse Width ; inst|altpll_component|auto_generated|pll1|clk[1] ; Rise       ; inst12|count[8]|clk                                                    ;
; 799.997  ; 799.997      ; 0.000          ; High Pulse Width ; inst|altpll_component|auto_generated|pll1|clk[1] ; Rise       ; inst12|pulso|clk                                                       ;
; 799.997  ; 799.997      ; 0.000          ; High Pulse Width ; inst|altpll_component|auto_generated|pll1|clk[1] ; Rise       ; inst12|strt|clk                                                        ;
; 1248.000 ; 1250.000     ; 2.000          ; Min Period       ; inst|altpll_component|auto_generated|pll1|clk[1] ; Rise       ; pulso_384:inst12|count[0]                                              ;
; 1248.000 ; 1250.000     ; 2.000          ; Min Period       ; inst|altpll_component|auto_generated|pll1|clk[1] ; Rise       ; pulso_384:inst12|count[1]                                              ;
; 1248.000 ; 1250.000     ; 2.000          ; Min Period       ; inst|altpll_component|auto_generated|pll1|clk[1] ; Rise       ; pulso_384:inst12|count[2]                                              ;
; 1248.000 ; 1250.000     ; 2.000          ; Min Period       ; inst|altpll_component|auto_generated|pll1|clk[1] ; Rise       ; pulso_384:inst12|count[3]                                              ;
; 1248.000 ; 1250.000     ; 2.000          ; Min Period       ; inst|altpll_component|auto_generated|pll1|clk[1] ; Rise       ; pulso_384:inst12|count[4]                                              ;
; 1248.000 ; 1250.000     ; 2.000          ; Min Period       ; inst|altpll_component|auto_generated|pll1|clk[1] ; Rise       ; pulso_384:inst12|count[5]                                              ;
; 1248.000 ; 1250.000     ; 2.000          ; Min Period       ; inst|altpll_component|auto_generated|pll1|clk[1] ; Rise       ; pulso_384:inst12|count[6]                                              ;
; 1248.000 ; 1250.000     ; 2.000          ; Min Period       ; inst|altpll_component|auto_generated|pll1|clk[1] ; Rise       ; pulso_384:inst12|count[7]                                              ;
; 1248.000 ; 1250.000     ; 2.000          ; Min Period       ; inst|altpll_component|auto_generated|pll1|clk[1] ; Rise       ; pulso_384:inst12|count[8]                                              ;
; 1248.000 ; 1250.000     ; 2.000          ; Min Period       ; inst|altpll_component|auto_generated|pll1|clk[1] ; Rise       ; pulso_384:inst12|pulso                                                 ;
; 1248.000 ; 1250.000     ; 2.000          ; Min Period       ; inst|altpll_component|auto_generated|pll1|clk[1] ; Rise       ; pulso_384:inst12|strt                                                  ;
+----------+--------------+----------------+------------------+--------------------------------------------------+------------+------------------------------------------------------------------------+


+--------------------------------------------------------------------------------------------------------------------------------------------------------------------------------------------------------+
; Slow 1200mV 85C Model Minimum Pulse Width: 'inst|altpll_component|auto_generated|pll1|clk[2]'                                                                                                          ;
+------------+--------------+----------------+------------------+--------------------------------------------------+------------+------------------------------------------------------------------------+
; Slack      ; Actual Width ; Required Width ; Type             ; Clock                                            ; Clock Edge ; Target                                                                 ;
+------------+--------------+----------------+------------------+--------------------------------------------------+------------+------------------------------------------------------------------------+
; 249999.746 ; 249999.962   ; 0.216          ; High Pulse Width ; inst|altpll_component|auto_generated|pll1|clk[2] ; Rise       ; coloress2:inst17|D3[0]                                                 ;
; 249999.746 ; 249999.962   ; 0.216          ; High Pulse Width ; inst|altpll_component|auto_generated|pll1|clk[2] ; Rise       ; coloress2:inst17|D4[0]                                                 ;
; 249999.747 ; 249999.963   ; 0.216          ; High Pulse Width ; inst|altpll_component|auto_generated|pll1|clk[2] ; Rise       ; coloress2:inst17|D2[0]                                                 ;
; 249999.747 ; 249999.963   ; 0.216          ; High Pulse Width ; inst|altpll_component|auto_generated|pll1|clk[2] ; Rise       ; inst4                                                                  ;
; 249999.756 ; 249999.972   ; 0.216          ; High Pulse Width ; inst|altpll_component|auto_generated|pll1|clk[2] ; Rise       ; coloress2:inst17|bloqueo                                               ;
; 249999.756 ; 249999.972   ; 0.216          ; High Pulse Width ; inst|altpll_component|auto_generated|pll1|clk[2] ; Rise       ; coloress2:inst17|puntos1[0]                                            ;
; 249999.756 ; 249999.972   ; 0.216          ; High Pulse Width ; inst|altpll_component|auto_generated|pll1|clk[2] ; Rise       ; coloress2:inst17|puntos1[1]                                            ;
; 249999.842 ; 250000.026   ; 0.184          ; Low Pulse Width  ; inst|altpll_component|auto_generated|pll1|clk[2] ; Rise       ; coloress2:inst17|bloqueo                                               ;
; 249999.842 ; 250000.026   ; 0.184          ; Low Pulse Width  ; inst|altpll_component|auto_generated|pll1|clk[2] ; Rise       ; coloress2:inst17|puntos1[0]                                            ;
; 249999.842 ; 250000.026   ; 0.184          ; Low Pulse Width  ; inst|altpll_component|auto_generated|pll1|clk[2] ; Rise       ; coloress2:inst17|puntos1[1]                                            ;
; 249999.852 ; 250000.036   ; 0.184          ; Low Pulse Width  ; inst|altpll_component|auto_generated|pll1|clk[2] ; Rise       ; coloress2:inst17|D2[0]                                                 ;
; 249999.852 ; 250000.036   ; 0.184          ; Low Pulse Width  ; inst|altpll_component|auto_generated|pll1|clk[2] ; Rise       ; coloress2:inst17|D3[0]                                                 ;
; 249999.852 ; 250000.036   ; 0.184          ; Low Pulse Width  ; inst|altpll_component|auto_generated|pll1|clk[2] ; Rise       ; coloress2:inst17|D4[0]                                                 ;
; 249999.852 ; 250000.036   ; 0.184          ; Low Pulse Width  ; inst|altpll_component|auto_generated|pll1|clk[2] ; Rise       ; inst4                                                                  ;
; 249999.982 ; 249999.982   ; 0.000          ; High Pulse Width ; inst|altpll_component|auto_generated|pll1|clk[2] ; Rise       ; inst|altpll_component|auto_generated|wire_pll1_clk[2]~clkctrl|inclk[0] ;
; 249999.982 ; 249999.982   ; 0.000          ; High Pulse Width ; inst|altpll_component|auto_generated|pll1|clk[2] ; Rise       ; inst|altpll_component|auto_generated|wire_pll1_clk[2]~clkctrl|outclk   ;
; 249999.986 ; 249999.986   ; 0.000          ; High Pulse Width ; inst|altpll_component|auto_generated|pll1|clk[2] ; Rise       ; inst17|D2[0]|clk                                                       ;
; 249999.986 ; 249999.986   ; 0.000          ; High Pulse Width ; inst|altpll_component|auto_generated|pll1|clk[2] ; Rise       ; inst17|D3[0]|clk                                                       ;
; 249999.986 ; 249999.986   ; 0.000          ; High Pulse Width ; inst|altpll_component|auto_generated|pll1|clk[2] ; Rise       ; inst17|D4[0]|clk                                                       ;
; 249999.986 ; 249999.986   ; 0.000          ; High Pulse Width ; inst|altpll_component|auto_generated|pll1|clk[2] ; Rise       ; inst4|clk                                                              ;
; 249999.996 ; 249999.996   ; 0.000          ; High Pulse Width ; inst|altpll_component|auto_generated|pll1|clk[2] ; Rise       ; inst17|bloqueo|clk                                                     ;
; 249999.996 ; 249999.996   ; 0.000          ; High Pulse Width ; inst|altpll_component|auto_generated|pll1|clk[2] ; Rise       ; inst17|puntos1[0]|clk                                                  ;
; 249999.996 ; 249999.996   ; 0.000          ; High Pulse Width ; inst|altpll_component|auto_generated|pll1|clk[2] ; Rise       ; inst17|puntos1[1]|clk                                                  ;
; 250000.004 ; 250000.004   ; 0.000          ; Low Pulse Width  ; inst|altpll_component|auto_generated|pll1|clk[2] ; Rise       ; inst17|bloqueo|clk                                                     ;
; 250000.004 ; 250000.004   ; 0.000          ; Low Pulse Width  ; inst|altpll_component|auto_generated|pll1|clk[2] ; Rise       ; inst17|puntos1[0]|clk                                                  ;
; 250000.004 ; 250000.004   ; 0.000          ; Low Pulse Width  ; inst|altpll_component|auto_generated|pll1|clk[2] ; Rise       ; inst17|puntos1[1]|clk                                                  ;
; 250000.013 ; 250000.013   ; 0.000          ; Low Pulse Width  ; inst|altpll_component|auto_generated|pll1|clk[2] ; Rise       ; inst17|D2[0]|clk                                                       ;
; 250000.013 ; 250000.013   ; 0.000          ; Low Pulse Width  ; inst|altpll_component|auto_generated|pll1|clk[2] ; Rise       ; inst4|clk                                                              ;
; 250000.014 ; 250000.014   ; 0.000          ; Low Pulse Width  ; inst|altpll_component|auto_generated|pll1|clk[2] ; Rise       ; inst17|D3[0]|clk                                                       ;
; 250000.014 ; 250000.014   ; 0.000          ; Low Pulse Width  ; inst|altpll_component|auto_generated|pll1|clk[2] ; Rise       ; inst17|D4[0]|clk                                                       ;
; 250000.017 ; 250000.017   ; 0.000          ; Low Pulse Width  ; inst|altpll_component|auto_generated|pll1|clk[2] ; Rise       ; inst|altpll_component|auto_generated|wire_pll1_clk[2]~clkctrl|inclk[0] ;
; 250000.017 ; 250000.017   ; 0.000          ; Low Pulse Width  ; inst|altpll_component|auto_generated|pll1|clk[2] ; Rise       ; inst|altpll_component|auto_generated|wire_pll1_clk[2]~clkctrl|outclk   ;
; 499998.000 ; 500000.000   ; 2.000          ; Min Period       ; inst|altpll_component|auto_generated|pll1|clk[2] ; Rise       ; coloress2:inst17|D2[0]                                                 ;
; 499998.000 ; 500000.000   ; 2.000          ; Min Period       ; inst|altpll_component|auto_generated|pll1|clk[2] ; Rise       ; coloress2:inst17|D3[0]                                                 ;
; 499998.000 ; 500000.000   ; 2.000          ; Min Period       ; inst|altpll_component|auto_generated|pll1|clk[2] ; Rise       ; coloress2:inst17|D4[0]                                                 ;
; 499998.000 ; 500000.000   ; 2.000          ; Min Period       ; inst|altpll_component|auto_generated|pll1|clk[2] ; Rise       ; coloress2:inst17|bloqueo                                               ;
; 499998.000 ; 500000.000   ; 2.000          ; Min Period       ; inst|altpll_component|auto_generated|pll1|clk[2] ; Rise       ; coloress2:inst17|puntos1[0]                                            ;
; 499998.000 ; 500000.000   ; 2.000          ; Min Period       ; inst|altpll_component|auto_generated|pll1|clk[2] ; Rise       ; coloress2:inst17|puntos1[1]                                            ;
; 499998.000 ; 500000.000   ; 2.000          ; Min Period       ; inst|altpll_component|auto_generated|pll1|clk[2] ; Rise       ; inst4                                                                  ;
+------------+--------------+----------------+------------------+--------------------------------------------------+------------+------------------------------------------------------------------------+


+--------------------------------------------------------------------------------------------------------+
; Clock to Output Times                                                                                  ;
+-----------+------------+-------+-------+------------+--------------------------------------------------+
; Data Port ; Clock Port ; Rise  ; Fall  ; Clock Edge ; Clock Reference                                  ;
+-----------+------------+-------+-------+------------+--------------------------------------------------+
; Y         ; inclk0     ; 5.184 ; 5.220 ; Rise       ; inst|altpll_component|auto_generated|pll1|clk[0] ;
; Y         ; inclk0     ;       ; 4.575 ; Fall       ; inst|altpll_component|auto_generated|pll1|clk[0] ;
; Y         ; inclk0     ; 5.894 ; 5.971 ; Rise       ; inst|altpll_component|auto_generated|pll1|clk[1] ;
; Y         ; inclk0     ;       ; 4.850 ; Fall       ; inst|altpll_component|auto_generated|pll1|clk[1] ;
+-----------+------------+-------+-------+------------+--------------------------------------------------+


+--------------------------------------------------------------------------------------------------------+
; Minimum Clock to Output Times                                                                          ;
+-----------+------------+-------+-------+------------+--------------------------------------------------+
; Data Port ; Clock Port ; Rise  ; Fall  ; Clock Edge ; Clock Reference                                  ;
+-----------+------------+-------+-------+------------+--------------------------------------------------+
; Y         ; inclk0     ; 4.057 ; 4.618 ; Rise       ; inst|altpll_component|auto_generated|pll1|clk[0] ;
; Y         ; inclk0     ;       ; 4.048 ; Fall       ; inst|altpll_component|auto_generated|pll1|clk[0] ;
; Y         ; inclk0     ; 4.230 ; 5.354 ; Rise       ; inst|altpll_component|auto_generated|pll1|clk[1] ;
; Y         ; inclk0     ;       ; 4.275 ; Fall       ; inst|altpll_component|auto_generated|pll1|clk[1] ;
+-----------+------------+-------+-------+------------+--------------------------------------------------+


----------------------------------------------
; Slow 1200mV 85C Model Metastability Report ;
----------------------------------------------
No synchronizer chains to report.


+----------------------------------------------------------------------------------------------------------------------------------+
; Slow 1200mV 0C Model Fmax Summary                                                                                                ;
+------------+-----------------+--------------------------------------------------+------------------------------------------------+
; Fmax       ; Restricted Fmax ; Clock Name                                       ; Note                                           ;
+------------+-----------------+--------------------------------------------------+------------------------------------------------+
; 545.55 MHz ; 500.0 MHz       ; inst|altpll_component|auto_generated|pll1|clk[2] ; limit due to minimum period restriction (tmin) ;
; 587.89 MHz ; 500.0 MHz       ; inst|altpll_component|auto_generated|pll1|clk[1] ; limit due to minimum period restriction (tmin) ;
; 621.89 MHz ; 500.0 MHz       ; inst|altpll_component|auto_generated|pll1|clk[0] ; limit due to minimum period restriction (tmin) ;
+------------+-----------------+--------------------------------------------------+------------------------------------------------+
This panel reports FMAX for every clock in the design, regardless of the user-specified clock periods.  FMAX is only computed for paths where the source and destination registers or ports are driven by the same clock.  Paths of different clocks, including generated clocks, are ignored.  For paths between a clock and its inversion, FMAX is computed as if the rising and falling edges are scaled along with FMAX, such that the duty cycle (in terms of a percentage) is maintained. Altera recommends that you always use clock constraints and other slack reports for sign-off analysis.


+-----------------------------------------------------------------------------+
; Slow 1200mV 0C Model Setup Summary                                          ;
+--------------------------------------------------+----------+---------------+
; Clock                                            ; Slack    ; End Point TNS ;
+--------------------------------------------------+----------+---------------+
; inst|altpll_component|auto_generated|pll1|clk[0] ; -2.357   ; -49.665       ;
; inst4                                            ; -0.165   ; -0.388        ;
; inst|altpll_component|auto_generated|pll1|clk[2] ; 0.063    ; 0.000         ;
; inst|altpll_component|auto_generated|pll1|clk[1] ; 1248.299 ; 0.000         ;
+--------------------------------------------------+----------+---------------+


+---------------------------------------------------------------------------+
; Slow 1200mV 0C Model Hold Summary                                         ;
+--------------------------------------------------+--------+---------------+
; Clock                                            ; Slack  ; End Point TNS ;
+--------------------------------------------------+--------+---------------+
; inst4                                            ; -0.370 ; -1.022        ;
; inst|altpll_component|auto_generated|pll1|clk[2] ; -0.266 ; -0.266        ;
; inst|altpll_component|auto_generated|pll1|clk[0] ; 0.163  ; 0.000         ;
; inst|altpll_component|auto_generated|pll1|clk[1] ; 0.298  ; 0.000         ;
+--------------------------------------------------+--------+---------------+


+---------------------------------------------------------------------------+
; Slow 1200mV 0C Model Recovery Summary                                     ;
+--------------------------------------------------+--------+---------------+
; Clock                                            ; Slack  ; End Point TNS ;
+--------------------------------------------------+--------+---------------+
; inst|altpll_component|auto_generated|pll1|clk[0] ; -1.783 ; -673.833      ;
; inst|altpll_component|auto_generated|pll1|clk[1] ; -1.462 ; -16.028       ;
+--------------------------------------------------+--------+---------------+


+--------------------------------------------------------------------------+
; Slow 1200mV 0C Model Removal Summary                                     ;
+--------------------------------------------------+-------+---------------+
; Clock                                            ; Slack ; End Point TNS ;
+--------------------------------------------------+-------+---------------+
; inst|altpll_component|auto_generated|pll1|clk[0] ; 1.124 ; 0.000         ;
; inst|altpll_component|auto_generated|pll1|clk[1] ; 1.125 ; 0.000         ;
+--------------------------------------------------+-------+---------------+


+-------------------------------------------------------------------------------+
; Slow 1200mV 0C Model Minimum Pulse Width Summary                              ;
+--------------------------------------------------+------------+---------------+
; Clock                                            ; Slack      ; End Point TNS ;
+--------------------------------------------------+------------+---------------+
; inst4                                            ; 0.484      ; 0.000         ;
; inclk0                                           ; 9.818      ; 0.000         ;
; inst|altpll_component|auto_generated|pll1|clk[0] ; 399.744    ; 0.000         ;
; inst|altpll_component|auto_generated|pll1|clk[1] ; 449.852    ; 0.000         ;
; inst|altpll_component|auto_generated|pll1|clk[2] ; 249999.743 ; 0.000         ;
+--------------------------------------------------+------------+---------------+


+-----------------------------------------------------------------------------------------------------------------------------------------------------------------------------------------------------------------------------------------------------------------+
; Slow 1200mV 0C Model Setup: 'inst|altpll_component|auto_generated|pll1|clk[0]'                                                                                                                                                                                  ;
+----------+---------------------------------------------------+---------------------------------------------------+--------------------------------------------------+--------------------------------------------------+--------------+------------+------------+
; Slack    ; From Node                                         ; To Node                                           ; Launch Clock                                     ; Latch Clock                                      ; Relationship ; Clock Skew ; Data Delay ;
+----------+---------------------------------------------------+---------------------------------------------------+--------------------------------------------------+--------------------------------------------------+--------------+------------+------------+
; -2.357   ; paralelo_serie_384b:inst1|shift_reg[64]~11        ; paralelo_serie_384b:inst1|shift_reg[52]           ; inst4                                            ; inst|altpll_component|auto_generated|pll1|clk[0] ; 0.500        ; -1.992     ; 0.800      ;
; -2.121   ; paralelo_serie_384b:inst1|shift_reg[88]~1         ; paralelo_serie_384b:inst1|shift_reg[72]~_emulated ; inst4                                            ; inst|altpll_component|auto_generated|pll1|clk[0] ; 0.500        ; -1.991     ; 0.565      ;
; -2.117   ; paralelo_serie_384b:inst1|shift_reg[88]~1         ; paralelo_serie_384b:inst1|shift_reg[76]           ; inst4                                            ; inst|altpll_component|auto_generated|pll1|clk[0] ; 0.500        ; -1.991     ; 0.561      ;
; -2.116   ; paralelo_serie_384b:inst1|shift_reg[88]~1         ; paralelo_serie_384b:inst1|shift_reg[80]~_emulated ; inst4                                            ; inst|altpll_component|auto_generated|pll1|clk[0] ; 0.500        ; -1.991     ; 0.560      ;
; -2.116   ; paralelo_serie_384b:inst1|shift_reg[88]~1         ; paralelo_serie_384b:inst1|shift_reg[81]           ; inst4                                            ; inst|altpll_component|auto_generated|pll1|clk[0] ; 0.500        ; -1.991     ; 0.560      ;
; -2.115   ; paralelo_serie_384b:inst1|shift_reg[88]~1         ; paralelo_serie_384b:inst1|shift_reg[75]~_emulated ; inst4                                            ; inst|altpll_component|auto_generated|pll1|clk[0] ; 0.500        ; -1.991     ; 0.559      ;
; -2.115   ; paralelo_serie_384b:inst1|shift_reg[88]~1         ; paralelo_serie_384b:inst1|shift_reg[88]~_emulated ; inst4                                            ; inst|altpll_component|auto_generated|pll1|clk[0] ; 0.500        ; -1.991     ; 0.559      ;
; -2.115   ; paralelo_serie_384b:inst1|shift_reg[88]~1         ; paralelo_serie_384b:inst1|shift_reg[89]           ; inst4                                            ; inst|altpll_component|auto_generated|pll1|clk[0] ; 0.500        ; -1.991     ; 0.559      ;
; -2.101   ; paralelo_serie_384b:inst1|shift_reg[64]~11        ; paralelo_serie_384b:inst1|shift_reg[64]~_emulated ; inst4                                            ; inst|altpll_component|auto_generated|pll1|clk[0] ; 0.500        ; -1.992     ; 0.544      ;
; -2.100   ; paralelo_serie_384b:inst1|shift_reg[64]~11        ; paralelo_serie_384b:inst1|shift_reg[51]~_emulated ; inst4                                            ; inst|altpll_component|auto_generated|pll1|clk[0] ; 0.500        ; -1.992     ; 0.543      ;
; -2.099   ; paralelo_serie_384b:inst1|shift_reg[64]~11        ; paralelo_serie_384b:inst1|shift_reg[48]~_emulated ; inst4                                            ; inst|altpll_component|auto_generated|pll1|clk[0] ; 0.500        ; -1.992     ; 0.542      ;
; -2.099   ; paralelo_serie_384b:inst1|shift_reg[64]~11        ; paralelo_serie_384b:inst1|shift_reg[56]~_emulated ; inst4                                            ; inst|altpll_component|auto_generated|pll1|clk[0] ; 0.500        ; -1.992     ; 0.542      ;
; -2.071   ; paralelo_serie_384b:inst1|shift_reg[64]~11        ; paralelo_serie_384b:inst1|shift_reg[49]           ; inst4                                            ; inst|altpll_component|auto_generated|pll1|clk[0] ; 0.500        ; -1.992     ; 0.514      ;
; -2.071   ; paralelo_serie_384b:inst1|shift_reg[64]~11        ; paralelo_serie_384b:inst1|shift_reg[57]           ; inst4                                            ; inst|altpll_component|auto_generated|pll1|clk[0] ; 0.500        ; -1.992     ; 0.514      ;
; -2.066   ; paralelo_serie_384b:inst1|shift_reg[64]~11        ; paralelo_serie_384b:inst1|shift_reg[65]           ; inst4                                            ; inst|altpll_component|auto_generated|pll1|clk[0] ; 0.500        ; -1.992     ; 0.509      ;
; -2.060   ; paralelo_serie_384b:inst1|shift_reg[88]~1         ; paralelo_serie_384b:inst1|shift_reg[73]           ; inst4                                            ; inst|altpll_component|auto_generated|pll1|clk[0] ; 0.500        ; -1.991     ; 0.504      ;
; -1.983   ; paralelo_serie_384b:inst1|shift_reg[40]~21        ; paralelo_serie_384b:inst1|shift_reg[24]~_emulated ; inst4                                            ; inst|altpll_component|auto_generated|pll1|clk[0] ; 0.500        ; -1.983     ; 0.435      ;
; -1.982   ; paralelo_serie_384b:inst1|shift_reg[40]~21        ; paralelo_serie_384b:inst1|shift_reg[28]           ; inst4                                            ; inst|altpll_component|auto_generated|pll1|clk[0] ; 0.500        ; -1.983     ; 0.434      ;
; -1.982   ; paralelo_serie_384b:inst1|shift_reg[40]~21        ; paralelo_serie_384b:inst1|shift_reg[33]           ; inst4                                            ; inst|altpll_component|auto_generated|pll1|clk[0] ; 0.500        ; -1.983     ; 0.434      ;
; -1.978   ; paralelo_serie_384b:inst1|shift_reg[40]~21        ; paralelo_serie_384b:inst1|shift_reg[25]           ; inst4                                            ; inst|altpll_component|auto_generated|pll1|clk[0] ; 0.500        ; -1.983     ; 0.430      ;
; -1.977   ; paralelo_serie_384b:inst1|shift_reg[40]~21        ; paralelo_serie_384b:inst1|shift_reg[32]~_emulated ; inst4                                            ; inst|altpll_component|auto_generated|pll1|clk[0] ; 0.500        ; -1.983     ; 0.429      ;
; -1.976   ; paralelo_serie_384b:inst1|shift_reg[40]~21        ; paralelo_serie_384b:inst1|shift_reg[27]~_emulated ; inst4                                            ; inst|altpll_component|auto_generated|pll1|clk[0] ; 0.500        ; -1.983     ; 0.428      ;
; -1.975   ; paralelo_serie_384b:inst1|shift_reg[40]~21        ; paralelo_serie_384b:inst1|shift_reg[40]~_emulated ; inst4                                            ; inst|altpll_component|auto_generated|pll1|clk[0] ; 0.500        ; -1.983     ; 0.427      ;
; -1.973   ; paralelo_serie_384b:inst1|shift_reg[40]~21        ; paralelo_serie_384b:inst1|shift_reg[41]           ; inst4                                            ; inst|altpll_component|auto_generated|pll1|clk[0] ; 0.500        ; -1.983     ; 0.425      ;
; -0.606   ; inst4                                             ; paralelo_serie_384b:inst1|shift_reg[33]           ; inst4                                            ; inst|altpll_component|auto_generated|pll1|clk[0] ; 0.500        ; -0.007     ; 1.214      ;
; -0.606   ; inst4                                             ; paralelo_serie_384b:inst1|shift_reg[28]           ; inst4                                            ; inst|altpll_component|auto_generated|pll1|clk[0] ; 0.500        ; -0.007     ; 1.214      ;
; -0.603   ; inst4                                             ; paralelo_serie_384b:inst1|shift_reg[25]           ; inst4                                            ; inst|altpll_component|auto_generated|pll1|clk[0] ; 0.500        ; -0.007     ; 1.211      ;
; -0.603   ; inst4                                             ; paralelo_serie_384b:inst1|shift_reg[41]           ; inst4                                            ; inst|altpll_component|auto_generated|pll1|clk[0] ; 0.500        ; -0.007     ; 1.211      ;
; -0.559   ; inst4                                             ; paralelo_serie_384b:inst1|shift_reg[49]           ; inst4                                            ; inst|altpll_component|auto_generated|pll1|clk[0] ; 0.500        ; -0.009     ; 1.165      ;
; -0.557   ; inst4                                             ; paralelo_serie_384b:inst1|shift_reg[65]           ; inst4                                            ; inst|altpll_component|auto_generated|pll1|clk[0] ; 0.500        ; -0.009     ; 1.163      ;
; -0.555   ; inst4                                             ; paralelo_serie_384b:inst1|shift_reg[57]           ; inst4                                            ; inst|altpll_component|auto_generated|pll1|clk[0] ; 0.500        ; -0.009     ; 1.161      ;
; -0.555   ; inst4                                             ; paralelo_serie_384b:inst1|shift_reg[73]           ; inst4                                            ; inst|altpll_component|auto_generated|pll1|clk[0] ; 0.500        ; -0.009     ; 1.161      ;
; -0.423   ; inst4                                             ; paralelo_serie_384b:inst1|shift_reg[81]           ; inst4                                            ; inst|altpll_component|auto_generated|pll1|clk[0] ; 0.500        ; -0.009     ; 1.029      ;
; -0.421   ; inst4                                             ; paralelo_serie_384b:inst1|shift_reg[52]           ; inst4                                            ; inst|altpll_component|auto_generated|pll1|clk[0] ; 0.500        ; -0.009     ; 1.027      ;
; -0.420   ; inst4                                             ; paralelo_serie_384b:inst1|shift_reg[76]           ; inst4                                            ; inst|altpll_component|auto_generated|pll1|clk[0] ; 0.500        ; -0.009     ; 1.026      ;
; -0.419   ; inst4                                             ; paralelo_serie_384b:inst1|shift_reg[89]           ; inst4                                            ; inst|altpll_component|auto_generated|pll1|clk[0] ; 0.500        ; -0.009     ; 1.025      ;
; -0.088   ; inst4                                             ; paralelo_serie_384b:inst1|shift_reg[33]           ; inst4                                            ; inst|altpll_component|auto_generated|pll1|clk[0] ; 1.000        ; -0.007     ; 1.196      ;
; -0.086   ; inst4                                             ; paralelo_serie_384b:inst1|shift_reg[25]           ; inst4                                            ; inst|altpll_component|auto_generated|pll1|clk[0] ; 1.000        ; -0.007     ; 1.194      ;
; -0.086   ; inst4                                             ; paralelo_serie_384b:inst1|shift_reg[41]           ; inst4                                            ; inst|altpll_component|auto_generated|pll1|clk[0] ; 1.000        ; -0.007     ; 1.194      ;
; -0.064   ; inst4                                             ; paralelo_serie_384b:inst1|shift_reg[28]           ; inst4                                            ; inst|altpll_component|auto_generated|pll1|clk[0] ; 1.000        ; -0.007     ; 1.172      ;
; -0.009   ; inst4                                             ; paralelo_serie_384b:inst1|shift_reg[65]           ; inst4                                            ; inst|altpll_component|auto_generated|pll1|clk[0] ; 1.000        ; -0.009     ; 1.115      ;
; -0.007   ; inst4                                             ; paralelo_serie_384b:inst1|shift_reg[49]           ; inst4                                            ; inst|altpll_component|auto_generated|pll1|clk[0] ; 1.000        ; -0.009     ; 1.113      ;
; -0.007   ; inst4                                             ; paralelo_serie_384b:inst1|shift_reg[57]           ; inst4                                            ; inst|altpll_component|auto_generated|pll1|clk[0] ; 1.000        ; -0.009     ; 1.113      ;
; -0.006   ; inst4                                             ; paralelo_serie_384b:inst1|shift_reg[73]           ; inst4                                            ; inst|altpll_component|auto_generated|pll1|clk[0] ; 1.000        ; -0.009     ; 1.112      ;
; 0.105    ; inst4                                             ; paralelo_serie_384b:inst1|shift_reg[52]           ; inst4                                            ; inst|altpll_component|auto_generated|pll1|clk[0] ; 1.000        ; -0.009     ; 1.001      ;
; 0.107    ; inst4                                             ; paralelo_serie_384b:inst1|shift_reg[81]           ; inst4                                            ; inst|altpll_component|auto_generated|pll1|clk[0] ; 1.000        ; -0.009     ; 0.999      ;
; 0.109    ; inst4                                             ; paralelo_serie_384b:inst1|shift_reg[76]           ; inst4                                            ; inst|altpll_component|auto_generated|pll1|clk[0] ; 1.000        ; -0.009     ; 0.997      ;
; 0.109    ; inst4                                             ; paralelo_serie_384b:inst1|shift_reg[89]           ; inst4                                            ; inst|altpll_component|auto_generated|pll1|clk[0] ; 1.000        ; -0.009     ; 0.997      ;
; 398.388  ; coloress2:inst17|D2[0]                            ; paralelo_serie_384b:inst1|shift_reg[28]           ; inst|altpll_component|auto_generated|pll1|clk[2] ; inst|altpll_component|auto_generated|pll1|clk[0] ; 400.000      ; -0.152     ; 1.455      ;
; 398.477  ; coloress2:inst17|D4[0]                            ; paralelo_serie_384b:inst1|shift_reg[81]           ; inst|altpll_component|auto_generated|pll1|clk[2] ; inst|altpll_component|auto_generated|pll1|clk[0] ; 400.000      ; -0.154     ; 1.364      ;
; 398.481  ; coloress2:inst17|D4[0]                            ; paralelo_serie_384b:inst1|shift_reg[76]           ; inst|altpll_component|auto_generated|pll1|clk[2] ; inst|altpll_component|auto_generated|pll1|clk[0] ; 400.000      ; -0.154     ; 1.360      ;
; 398.481  ; coloress2:inst17|D4[0]                            ; paralelo_serie_384b:inst1|shift_reg[89]           ; inst|altpll_component|auto_generated|pll1|clk[2] ; inst|altpll_component|auto_generated|pll1|clk[0] ; 400.000      ; -0.154     ; 1.360      ;
; 398.503  ; coloress2:inst17|D4[0]                            ; paralelo_serie_384b:inst1|shift_reg[73]           ; inst|altpll_component|auto_generated|pll1|clk[2] ; inst|altpll_component|auto_generated|pll1|clk[0] ; 400.000      ; -0.154     ; 1.338      ;
; 398.509  ; coloress2:inst17|D3[0]                            ; paralelo_serie_384b:inst1|shift_reg[52]           ; inst|altpll_component|auto_generated|pll1|clk[2] ; inst|altpll_component|auto_generated|pll1|clk[0] ; 400.000      ; -0.154     ; 1.332      ;
; 398.523  ; coloress2:inst17|D2[0]                            ; paralelo_serie_384b:inst1|shift_reg[41]           ; inst|altpll_component|auto_generated|pll1|clk[2] ; inst|altpll_component|auto_generated|pll1|clk[0] ; 400.000      ; -0.152     ; 1.320      ;
; 398.525  ; coloress2:inst17|D2[0]                            ; paralelo_serie_384b:inst1|shift_reg[25]           ; inst|altpll_component|auto_generated|pll1|clk[2] ; inst|altpll_component|auto_generated|pll1|clk[0] ; 400.000      ; -0.152     ; 1.318      ;
; 398.527  ; coloress2:inst17|D2[0]                            ; paralelo_serie_384b:inst1|shift_reg[33]           ; inst|altpll_component|auto_generated|pll1|clk[2] ; inst|altpll_component|auto_generated|pll1|clk[0] ; 400.000      ; -0.152     ; 1.316      ;
; 398.638  ; coloress2:inst17|D3[0]                            ; paralelo_serie_384b:inst1|shift_reg[49]           ; inst|altpll_component|auto_generated|pll1|clk[2] ; inst|altpll_component|auto_generated|pll1|clk[0] ; 400.000      ; -0.154     ; 1.203      ;
; 398.639  ; coloress2:inst17|D3[0]                            ; paralelo_serie_384b:inst1|shift_reg[57]           ; inst|altpll_component|auto_generated|pll1|clk[2] ; inst|altpll_component|auto_generated|pll1|clk[0] ; 400.000      ; -0.154     ; 1.202      ;
; 398.821  ; coloress2:inst17|D3[0]                            ; paralelo_serie_384b:inst1|shift_reg[65]           ; inst|altpll_component|auto_generated|pll1|clk[2] ; inst|altpll_component|auto_generated|pll1|clk[0] ; 400.000      ; -0.154     ; 1.020      ;
; 848.907  ; paralelo_serie_384b:inst1|shift_reg[383]          ; inst7                                             ; inst|altpll_component|auto_generated|pll1|clk[0] ; inst|altpll_component|auto_generated|pll1|clk[0] ; 850.000      ; -0.340     ; 0.748      ;
; 1248.468 ; paralelo_serie_384b:inst1|shift_reg[51]~_emulated ; paralelo_serie_384b:inst1|shift_reg[52]           ; inst|altpll_component|auto_generated|pll1|clk[0] ; inst|altpll_component|auto_generated|pll1|clk[0] ; 1250.000     ; -0.055     ; 1.472      ;
; 1248.725 ; paralelo_serie_384b:inst1|shift_reg[23]           ; paralelo_serie_384b:inst1|shift_reg[24]~_emulated ; inst|altpll_component|auto_generated|pll1|clk[0] ; inst|altpll_component|auto_generated|pll1|clk[0] ; 1250.000     ; -0.053     ; 1.217      ;
; 1248.725 ; paralelo_serie_384b:inst1|shift_reg[63]           ; paralelo_serie_384b:inst1|shift_reg[64]~_emulated ; inst|altpll_component|auto_generated|pll1|clk[0] ; inst|altpll_component|auto_generated|pll1|clk[0] ; 1250.000     ; -0.056     ; 1.214      ;
; 1248.847 ; paralelo_serie_384b:inst1|shift_reg[78]           ; paralelo_serie_384b:inst1|shift_reg[79]           ; inst|altpll_component|auto_generated|pll1|clk[0] ; inst|altpll_component|auto_generated|pll1|clk[0] ; 1250.000     ; -0.055     ; 1.093      ;
; 1248.890 ; paralelo_serie_384b:inst1|shift_reg[76]           ; paralelo_serie_384b:inst1|shift_reg[77]           ; inst|altpll_component|auto_generated|pll1|clk[0] ; inst|altpll_component|auto_generated|pll1|clk[0] ; 1250.000     ; -0.055     ; 1.050      ;
; 1248.920 ; paralelo_serie_384b:inst1|shift_reg[50]           ; paralelo_serie_384b:inst1|shift_reg[51]~_emulated ; inst|altpll_component|auto_generated|pll1|clk[0] ; inst|altpll_component|auto_generated|pll1|clk[0] ; 1250.000     ; -0.055     ; 1.020      ;
; 1248.924 ; paralelo_serie_384b:inst1|shift_reg[55]           ; paralelo_serie_384b:inst1|shift_reg[56]~_emulated ; inst|altpll_component|auto_generated|pll1|clk[0] ; inst|altpll_component|auto_generated|pll1|clk[0] ; 1250.000     ; -0.055     ; 1.016      ;
; 1248.925 ; paralelo_serie_384b:inst1|shift_reg[48]~_emulated ; paralelo_serie_384b:inst1|shift_reg[49]           ; inst|altpll_component|auto_generated|pll1|clk[0] ; inst|altpll_component|auto_generated|pll1|clk[0] ; 1250.000     ; -0.055     ; 1.015      ;
; 1248.925 ; paralelo_serie_384b:inst1|shift_reg[56]~_emulated ; paralelo_serie_384b:inst1|shift_reg[57]           ; inst|altpll_component|auto_generated|pll1|clk[0] ; inst|altpll_component|auto_generated|pll1|clk[0] ; 1250.000     ; -0.055     ; 1.015      ;
; 1248.926 ; paralelo_serie_384b:inst1|shift_reg[72]~_emulated ; paralelo_serie_384b:inst1|shift_reg[73]           ; inst|altpll_component|auto_generated|pll1|clk[0] ; inst|altpll_component|auto_generated|pll1|clk[0] ; 1250.000     ; -0.055     ; 1.014      ;
; 1248.929 ; paralelo_serie_384b:inst1|shift_reg[71]           ; paralelo_serie_384b:inst1|shift_reg[72]~_emulated ; inst|altpll_component|auto_generated|pll1|clk[0] ; inst|altpll_component|auto_generated|pll1|clk[0] ; 1250.000     ; -0.055     ; 1.011      ;
; 1248.930 ; paralelo_serie_384b:inst1|shift_reg[74]           ; paralelo_serie_384b:inst1|shift_reg[75]~_emulated ; inst|altpll_component|auto_generated|pll1|clk[0] ; inst|altpll_component|auto_generated|pll1|clk[0] ; 1250.000     ; -0.055     ; 1.010      ;
; 1248.935 ; paralelo_serie_384b:inst1|shift_reg[87]           ; paralelo_serie_384b:inst1|shift_reg[88]~_emulated ; inst|altpll_component|auto_generated|pll1|clk[0] ; inst|altpll_component|auto_generated|pll1|clk[0] ; 1250.000     ; -0.055     ; 1.005      ;
; 1248.943 ; paralelo_serie_384b:inst1|shift_reg[79]           ; paralelo_serie_384b:inst1|shift_reg[80]~_emulated ; inst|altpll_component|auto_generated|pll1|clk[0] ; inst|altpll_component|auto_generated|pll1|clk[0] ; 1250.000     ; -0.055     ; 0.997      ;
; 1248.944 ; paralelo_serie_384b:inst1|shift_reg[112]          ; paralelo_serie_384b:inst1|shift_reg[113]          ; inst|altpll_component|auto_generated|pll1|clk[0] ; inst|altpll_component|auto_generated|pll1|clk[0] ; 1250.000     ; -0.062     ; 0.989      ;
; 1248.950 ; paralelo_serie_384b:inst1|shift_reg[47]           ; paralelo_serie_384b:inst1|shift_reg[48]~_emulated ; inst|altpll_component|auto_generated|pll1|clk[0] ; inst|altpll_component|auto_generated|pll1|clk[0] ; 1250.000     ; -0.055     ; 0.990      ;
; 1248.953 ; paralelo_serie_384b:inst1|shift_reg[88]~_emulated ; paralelo_serie_384b:inst1|shift_reg[89]           ; inst|altpll_component|auto_generated|pll1|clk[0] ; inst|altpll_component|auto_generated|pll1|clk[0] ; 1250.000     ; -0.055     ; 0.987      ;
; 1248.955 ; paralelo_serie_384b:inst1|shift_reg[345]          ; paralelo_serie_384b:inst1|shift_reg[346]          ; inst|altpll_component|auto_generated|pll1|clk[0] ; inst|altpll_component|auto_generated|pll1|clk[0] ; 1250.000     ; -0.059     ; 0.981      ;
; 1248.957 ; paralelo_serie_384b:inst1|shift_reg[64]~_emulated ; paralelo_serie_384b:inst1|shift_reg[65]           ; inst|altpll_component|auto_generated|pll1|clk[0] ; inst|altpll_component|auto_generated|pll1|clk[0] ; 1250.000     ; -0.055     ; 0.983      ;
; 1248.973 ; paralelo_serie_384b:inst1|shift_reg[306]          ; paralelo_serie_384b:inst1|shift_reg[307]          ; inst|altpll_component|auto_generated|pll1|clk[0] ; inst|altpll_component|auto_generated|pll1|clk[0] ; 1250.000     ; -0.411     ; 0.611      ;
; 1248.974 ; paralelo_serie_384b:inst1|shift_reg[354]          ; paralelo_serie_384b:inst1|shift_reg[355]          ; inst|altpll_component|auto_generated|pll1|clk[0] ; inst|altpll_component|auto_generated|pll1|clk[0] ; 1250.000     ; -0.411     ; 0.610      ;
; 1248.976 ; paralelo_serie_384b:inst1|shift_reg[191]          ; paralelo_serie_384b:inst1|shift_reg[192]          ; inst|altpll_component|auto_generated|pll1|clk[0] ; inst|altpll_component|auto_generated|pll1|clk[0] ; 1250.000     ; -0.411     ; 0.608      ;
; 1248.983 ; paralelo_serie_384b:inst1|shift_reg[296]          ; paralelo_serie_384b:inst1|shift_reg[297]          ; inst|altpll_component|auto_generated|pll1|clk[0] ; inst|altpll_component|auto_generated|pll1|clk[0] ; 1250.000     ; -0.058     ; 0.954      ;
; 1248.988 ; paralelo_serie_384b:inst1|shift_reg[0]            ; paralelo_serie_384b:inst1|shift_reg[1]            ; inst|altpll_component|auto_generated|pll1|clk[0] ; inst|altpll_component|auto_generated|pll1|clk[0] ; 1250.000     ; -0.387     ; 0.620      ;
; 1248.992 ; paralelo_serie_384b:inst1|shift_reg[153]          ; paralelo_serie_384b:inst1|shift_reg[154]          ; inst|altpll_component|auto_generated|pll1|clk[0] ; inst|altpll_component|auto_generated|pll1|clk[0] ; 1250.000     ; -0.059     ; 0.944      ;
; 1248.998 ; paralelo_serie_384b:inst1|shift_reg[330]          ; paralelo_serie_384b:inst1|shift_reg[331]          ; inst|altpll_component|auto_generated|pll1|clk[0] ; inst|altpll_component|auto_generated|pll1|clk[0] ; 1250.000     ; -0.387     ; 0.610      ;
; 1248.999 ; paralelo_serie_384b:inst1|shift_reg[161]          ; paralelo_serie_384b:inst1|shift_reg[162]          ; inst|altpll_component|auto_generated|pll1|clk[0] ; inst|altpll_component|auto_generated|pll1|clk[0] ; 1250.000     ; -0.386     ; 0.610      ;
; 1248.999 ; paralelo_serie_384b:inst1|shift_reg[201]          ; paralelo_serie_384b:inst1|shift_reg[202]          ; inst|altpll_component|auto_generated|pll1|clk[0] ; inst|altpll_component|auto_generated|pll1|clk[0] ; 1250.000     ; -0.386     ; 0.610      ;
; 1248.999 ; paralelo_serie_384b:inst1|shift_reg[228]          ; paralelo_serie_384b:inst1|shift_reg[229]          ; inst|altpll_component|auto_generated|pll1|clk[0] ; inst|altpll_component|auto_generated|pll1|clk[0] ; 1250.000     ; -0.386     ; 0.610      ;
; 1248.999 ; paralelo_serie_384b:inst1|shift_reg[258]          ; paralelo_serie_384b:inst1|shift_reg[259]          ; inst|altpll_component|auto_generated|pll1|clk[0] ; inst|altpll_component|auto_generated|pll1|clk[0] ; 1250.000     ; -0.386     ; 0.610      ;
; 1248.999 ; paralelo_serie_384b:inst1|shift_reg[314]          ; paralelo_serie_384b:inst1|shift_reg[315]          ; inst|altpll_component|auto_generated|pll1|clk[0] ; inst|altpll_component|auto_generated|pll1|clk[0] ; 1250.000     ; -0.386     ; 0.610      ;
; 1249.000 ; paralelo_serie_384b:inst1|shift_reg[44]           ; paralelo_serie_384b:inst1|shift_reg[45]           ; inst|altpll_component|auto_generated|pll1|clk[0] ; inst|altpll_component|auto_generated|pll1|clk[0] ; 1250.000     ; -0.385     ; 0.610      ;
; 1249.001 ; paralelo_serie_384b:inst1|shift_reg[265]          ; paralelo_serie_384b:inst1|shift_reg[266]          ; inst|altpll_component|auto_generated|pll1|clk[0] ; inst|altpll_component|auto_generated|pll1|clk[0] ; 1250.000     ; -0.386     ; 0.608      ;
; 1249.002 ; paralelo_serie_384b:inst1|shift_reg[176]          ; paralelo_serie_384b:inst1|shift_reg[177]          ; inst|altpll_component|auto_generated|pll1|clk[0] ; inst|altpll_component|auto_generated|pll1|clk[0] ; 1250.000     ; -0.053     ; 0.940      ;
; 1249.002 ; paralelo_serie_384b:inst1|shift_reg[157]          ; paralelo_serie_384b:inst1|shift_reg[158]          ; inst|altpll_component|auto_generated|pll1|clk[0] ; inst|altpll_component|auto_generated|pll1|clk[0] ; 1250.000     ; -0.385     ; 0.608      ;
; 1249.004 ; paralelo_serie_384b:inst1|shift_reg[232]          ; paralelo_serie_384b:inst1|shift_reg[233]          ; inst|altpll_component|auto_generated|pll1|clk[0] ; inst|altpll_component|auto_generated|pll1|clk[0] ; 1250.000     ; -0.055     ; 0.936      ;
; 1249.009 ; paralelo_serie_384b:inst1|shift_reg[134]          ; paralelo_serie_384b:inst1|shift_reg[135]          ; inst|altpll_component|auto_generated|pll1|clk[0] ; inst|altpll_component|auto_generated|pll1|clk[0] ; 1250.000     ; -0.061     ; 0.925      ;
; 1249.025 ; paralelo_serie_384b:inst1|shift_reg[264]          ; paralelo_serie_384b:inst1|shift_reg[265]          ; inst|altpll_component|auto_generated|pll1|clk[0] ; inst|altpll_component|auto_generated|pll1|clk[0] ; 1250.000     ; 0.269      ; 1.239      ;
; 1249.032 ; paralelo_serie_384b:inst1|shift_reg[256]          ; paralelo_serie_384b:inst1|shift_reg[257]          ; inst|altpll_component|auto_generated|pll1|clk[0] ; inst|altpll_component|auto_generated|pll1|clk[0] ; 1250.000     ; 0.256      ; 1.219      ;
+----------+---------------------------------------------------+---------------------------------------------------+--------------------------------------------------+--------------------------------------------------+--------------+------------+------------+


+----------------------------------------------------------------------------------------------------------------------------------------------------------------------------------------+
; Slow 1200mV 0C Model Setup: 'inst4'                                                                                                                                                    ;
+--------+------------------------+--------------------------------------------+--------------------------------------------------+-------------+--------------+------------+------------+
; Slack  ; From Node              ; To Node                                    ; Launch Clock                                     ; Latch Clock ; Relationship ; Clock Skew ; Data Delay ;
+--------+------------------------+--------------------------------------------+--------------------------------------------------+-------------+--------------+------------+------------+
; -0.165 ; coloress2:inst17|D3[0] ; paralelo_serie_384b:inst1|shift_reg[64]~11 ; inst|altpll_component|auto_generated|pll1|clk[2] ; inst4       ; 0.500        ; 1.540      ; 1.254      ;
; -0.128 ; coloress2:inst17|D2[0] ; paralelo_serie_384b:inst1|shift_reg[40]~21 ; inst|altpll_component|auto_generated|pll1|clk[2] ; inst4       ; 0.500        ; 1.534      ; 1.327      ;
; -0.095 ; coloress2:inst17|D4[0] ; paralelo_serie_384b:inst1|shift_reg[88]~1  ; inst|altpll_component|auto_generated|pll1|clk[2] ; inst4       ; 0.500        ; 1.540      ; 1.284      ;
+--------+------------------------+--------------------------------------------+--------------------------------------------------+-------------+--------------+------------+------------+


+-----------------------------------------------------------------------------------------------------------------------------------------------------------------------------------------------------------------------+
; Slow 1200mV 0C Model Setup: 'inst|altpll_component|auto_generated|pll1|clk[2]'                                                                                                                                        ;
+------------+-----------------------------+-----------------------------+--------------------------------------------------+--------------------------------------------------+--------------+------------+------------+
; Slack      ; From Node                   ; To Node                     ; Launch Clock                                     ; Latch Clock                                      ; Relationship ; Clock Skew ; Data Delay ;
+------------+-----------------------------+-----------------------------+--------------------------------------------------+--------------------------------------------------+--------------+------------+------------+
; 0.063      ; inst4                       ; inst4                       ; inst4                                            ; inst|altpll_component|auto_generated|pll1|clk[2] ; 0.500        ; 0.007      ; 0.559      ;
; 0.539      ; inst4                       ; inst4                       ; inst4                                            ; inst|altpll_component|auto_generated|pll1|clk[2] ; 1.000        ; 0.007      ; 0.583      ;
; 499998.167 ; coloress2:inst17|puntos1[0] ; coloress2:inst17|D2[0]      ; inst|altpll_component|auto_generated|pll1|clk[2] ; inst|altpll_component|auto_generated|pll1|clk[2] ; 500000.000   ; -0.381     ; 1.447      ;
; 499998.210 ; coloress2:inst17|bloqueo    ; coloress2:inst17|D2[0]      ; inst|altpll_component|auto_generated|pll1|clk[2] ; inst|altpll_component|auto_generated|pll1|clk[2] ; 500000.000   ; -0.381     ; 1.404      ;
; 499998.283 ; coloress2:inst17|D2[0]      ; coloress2:inst17|D2[0]      ; inst|altpll_component|auto_generated|pll1|clk[2] ; inst|altpll_component|auto_generated|pll1|clk[2] ; 500000.000   ; -0.055     ; 1.657      ;
; 499998.373 ; coloress2:inst17|bloqueo    ; coloress2:inst17|D4[0]      ; inst|altpll_component|auto_generated|pll1|clk[2] ; inst|altpll_component|auto_generated|pll1|clk[2] ; 500000.000   ; -0.382     ; 1.240      ;
; 499998.375 ; coloress2:inst17|bloqueo    ; coloress2:inst17|D3[0]      ; inst|altpll_component|auto_generated|pll1|clk[2] ; inst|altpll_component|auto_generated|pll1|clk[2] ; 500000.000   ; -0.382     ; 1.238      ;
; 499998.391 ; coloress2:inst17|puntos1[1] ; coloress2:inst17|D4[0]      ; inst|altpll_component|auto_generated|pll1|clk[2] ; inst|altpll_component|auto_generated|pll1|clk[2] ; 500000.000   ; -0.382     ; 1.222      ;
; 499998.432 ; coloress2:inst17|puntos1[1] ; coloress2:inst17|D3[0]      ; inst|altpll_component|auto_generated|pll1|clk[2] ; inst|altpll_component|auto_generated|pll1|clk[2] ; 500000.000   ; -0.382     ; 1.181      ;
; 499998.445 ; coloress2:inst17|puntos1[1] ; coloress2:inst17|D2[0]      ; inst|altpll_component|auto_generated|pll1|clk[2] ; inst|altpll_component|auto_generated|pll1|clk[2] ; 500000.000   ; -0.381     ; 1.169      ;
; 499998.829 ; coloress2:inst17|puntos1[0] ; coloress2:inst17|D4[0]      ; inst|altpll_component|auto_generated|pll1|clk[2] ; inst|altpll_component|auto_generated|pll1|clk[2] ; 500000.000   ; -0.382     ; 0.784      ;
; 499998.838 ; coloress2:inst17|puntos1[0] ; coloress2:inst17|D3[0]      ; inst|altpll_component|auto_generated|pll1|clk[2] ; inst|altpll_component|auto_generated|pll1|clk[2] ; 500000.000   ; -0.382     ; 0.775      ;
; 499999.019 ; coloress2:inst17|puntos1[0] ; coloress2:inst17|puntos1[1] ; inst|altpll_component|auto_generated|pll1|clk[2] ; inst|altpll_component|auto_generated|pll1|clk[2] ; 500000.000   ; -0.068     ; 0.908      ;
; 499999.344 ; coloress2:inst17|puntos1[0] ; coloress2:inst17|puntos1[0] ; inst|altpll_component|auto_generated|pll1|clk[2] ; inst|altpll_component|auto_generated|pll1|clk[2] ; 500000.000   ; -0.068     ; 0.583      ;
; 499999.344 ; coloress2:inst17|puntos1[1] ; coloress2:inst17|puntos1[1] ; inst|altpll_component|auto_generated|pll1|clk[2] ; inst|altpll_component|auto_generated|pll1|clk[2] ; 500000.000   ; -0.068     ; 0.583      ;
; 499999.377 ; coloress2:inst17|D4[0]      ; coloress2:inst17|D4[0]      ; inst|altpll_component|auto_generated|pll1|clk[2] ; inst|altpll_component|auto_generated|pll1|clk[2] ; 500000.000   ; -0.056     ; 0.562      ;
; 499999.377 ; coloress2:inst17|D3[0]      ; coloress2:inst17|D3[0]      ; inst|altpll_component|auto_generated|pll1|clk[2] ; inst|altpll_component|auto_generated|pll1|clk[2] ; 500000.000   ; -0.056     ; 0.562      ;
+------------+-----------------------------+-----------------------------+--------------------------------------------------+--------------------------------------------------+--------------+------------+------------+


+-----------------------------------------------------------------------------------------------------------------------------------------------------------------------------------------------------------------+
; Slow 1200mV 0C Model Setup: 'inst|altpll_component|auto_generated|pll1|clk[1]'                                                                                                                                  ;
+----------+---------------------------+---------------------------+--------------------------------------------------+--------------------------------------------------+--------------+------------+------------+
; Slack    ; From Node                 ; To Node                   ; Launch Clock                                     ; Latch Clock                                      ; Relationship ; Clock Skew ; Data Delay ;
+----------+---------------------------+---------------------------+--------------------------------------------------+--------------------------------------------------+--------------+------------+------------+
; 1248.299 ; pulso_384:inst12|count[1] ; pulso_384:inst12|count[8] ; inst|altpll_component|auto_generated|pll1|clk[1] ; inst|altpll_component|auto_generated|pll1|clk[1] ; 1250.000     ; -0.068     ; 1.628      ;
; 1248.331 ; pulso_384:inst12|strt     ; pulso_384:inst12|count[0] ; inst|altpll_component|auto_generated|pll1|clk[1] ; inst|altpll_component|auto_generated|pll1|clk[1] ; 1250.000     ; -0.096     ; 1.568      ;
; 1248.331 ; pulso_384:inst12|strt     ; pulso_384:inst12|count[1] ; inst|altpll_component|auto_generated|pll1|clk[1] ; inst|altpll_component|auto_generated|pll1|clk[1] ; 1250.000     ; -0.096     ; 1.568      ;
; 1248.331 ; pulso_384:inst12|strt     ; pulso_384:inst12|count[2] ; inst|altpll_component|auto_generated|pll1|clk[1] ; inst|altpll_component|auto_generated|pll1|clk[1] ; 1250.000     ; -0.096     ; 1.568      ;
; 1248.331 ; pulso_384:inst12|strt     ; pulso_384:inst12|count[3] ; inst|altpll_component|auto_generated|pll1|clk[1] ; inst|altpll_component|auto_generated|pll1|clk[1] ; 1250.000     ; -0.096     ; 1.568      ;
; 1248.331 ; pulso_384:inst12|strt     ; pulso_384:inst12|count[4] ; inst|altpll_component|auto_generated|pll1|clk[1] ; inst|altpll_component|auto_generated|pll1|clk[1] ; 1250.000     ; -0.096     ; 1.568      ;
; 1248.331 ; pulso_384:inst12|strt     ; pulso_384:inst12|count[5] ; inst|altpll_component|auto_generated|pll1|clk[1] ; inst|altpll_component|auto_generated|pll1|clk[1] ; 1250.000     ; -0.096     ; 1.568      ;
; 1248.331 ; pulso_384:inst12|strt     ; pulso_384:inst12|count[6] ; inst|altpll_component|auto_generated|pll1|clk[1] ; inst|altpll_component|auto_generated|pll1|clk[1] ; 1250.000     ; -0.096     ; 1.568      ;
; 1248.331 ; pulso_384:inst12|strt     ; pulso_384:inst12|count[8] ; inst|altpll_component|auto_generated|pll1|clk[1] ; inst|altpll_component|auto_generated|pll1|clk[1] ; 1250.000     ; -0.096     ; 1.568      ;
; 1248.331 ; pulso_384:inst12|strt     ; pulso_384:inst12|count[7] ; inst|altpll_component|auto_generated|pll1|clk[1] ; inst|altpll_component|auto_generated|pll1|clk[1] ; 1250.000     ; -0.096     ; 1.568      ;
; 1248.361 ; pulso_384:inst12|count[0] ; pulso_384:inst12|count[8] ; inst|altpll_component|auto_generated|pll1|clk[1] ; inst|altpll_component|auto_generated|pll1|clk[1] ; 1250.000     ; -0.068     ; 1.566      ;
; 1248.395 ; pulso_384:inst12|count[3] ; pulso_384:inst12|count[8] ; inst|altpll_component|auto_generated|pll1|clk[1] ; inst|altpll_component|auto_generated|pll1|clk[1] ; 1250.000     ; -0.068     ; 1.532      ;
; 1248.399 ; pulso_384:inst12|count[1] ; pulso_384:inst12|count[6] ; inst|altpll_component|auto_generated|pll1|clk[1] ; inst|altpll_component|auto_generated|pll1|clk[1] ; 1250.000     ; -0.068     ; 1.528      ;
; 1248.400 ; pulso_384:inst12|count[0] ; pulso_384:inst12|count[7] ; inst|altpll_component|auto_generated|pll1|clk[1] ; inst|altpll_component|auto_generated|pll1|clk[1] ; 1250.000     ; -0.068     ; 1.527      ;
; 1248.417 ; pulso_384:inst12|count[1] ; pulso_384:inst12|count[7] ; inst|altpll_component|auto_generated|pll1|clk[1] ; inst|altpll_component|auto_generated|pll1|clk[1] ; 1250.000     ; -0.068     ; 1.510      ;
; 1248.461 ; pulso_384:inst12|count[0] ; pulso_384:inst12|count[6] ; inst|altpll_component|auto_generated|pll1|clk[1] ; inst|altpll_component|auto_generated|pll1|clk[1] ; 1250.000     ; -0.068     ; 1.466      ;
; 1248.465 ; pulso_384:inst12|count[2] ; pulso_384:inst12|count[8] ; inst|altpll_component|auto_generated|pll1|clk[1] ; inst|altpll_component|auto_generated|pll1|clk[1] ; 1250.000     ; -0.068     ; 1.462      ;
; 1248.477 ; pulso_384:inst12|count[8] ; pulso_384:inst12|count[0] ; inst|altpll_component|auto_generated|pll1|clk[1] ; inst|altpll_component|auto_generated|pll1|clk[1] ; 1250.000     ; -0.068     ; 1.450      ;
; 1248.477 ; pulso_384:inst12|count[8] ; pulso_384:inst12|count[1] ; inst|altpll_component|auto_generated|pll1|clk[1] ; inst|altpll_component|auto_generated|pll1|clk[1] ; 1250.000     ; -0.068     ; 1.450      ;
; 1248.477 ; pulso_384:inst12|count[8] ; pulso_384:inst12|count[2] ; inst|altpll_component|auto_generated|pll1|clk[1] ; inst|altpll_component|auto_generated|pll1|clk[1] ; 1250.000     ; -0.068     ; 1.450      ;
; 1248.477 ; pulso_384:inst12|count[8] ; pulso_384:inst12|count[3] ; inst|altpll_component|auto_generated|pll1|clk[1] ; inst|altpll_component|auto_generated|pll1|clk[1] ; 1250.000     ; -0.068     ; 1.450      ;
; 1248.477 ; pulso_384:inst12|count[8] ; pulso_384:inst12|count[4] ; inst|altpll_component|auto_generated|pll1|clk[1] ; inst|altpll_component|auto_generated|pll1|clk[1] ; 1250.000     ; -0.068     ; 1.450      ;
; 1248.477 ; pulso_384:inst12|count[8] ; pulso_384:inst12|count[5] ; inst|altpll_component|auto_generated|pll1|clk[1] ; inst|altpll_component|auto_generated|pll1|clk[1] ; 1250.000     ; -0.068     ; 1.450      ;
; 1248.477 ; pulso_384:inst12|count[8] ; pulso_384:inst12|count[6] ; inst|altpll_component|auto_generated|pll1|clk[1] ; inst|altpll_component|auto_generated|pll1|clk[1] ; 1250.000     ; -0.068     ; 1.450      ;
; 1248.477 ; pulso_384:inst12|count[8] ; pulso_384:inst12|count[8] ; inst|altpll_component|auto_generated|pll1|clk[1] ; inst|altpll_component|auto_generated|pll1|clk[1] ; 1250.000     ; -0.068     ; 1.450      ;
; 1248.477 ; pulso_384:inst12|count[8] ; pulso_384:inst12|count[7] ; inst|altpll_component|auto_generated|pll1|clk[1] ; inst|altpll_component|auto_generated|pll1|clk[1] ; 1250.000     ; -0.068     ; 1.450      ;
; 1248.495 ; pulso_384:inst12|count[5] ; pulso_384:inst12|count[8] ; inst|altpll_component|auto_generated|pll1|clk[1] ; inst|altpll_component|auto_generated|pll1|clk[1] ; 1250.000     ; -0.068     ; 1.432      ;
; 1248.495 ; pulso_384:inst12|count[3] ; pulso_384:inst12|count[6] ; inst|altpll_component|auto_generated|pll1|clk[1] ; inst|altpll_component|auto_generated|pll1|clk[1] ; 1250.000     ; -0.068     ; 1.432      ;
; 1248.496 ; pulso_384:inst12|count[2] ; pulso_384:inst12|count[7] ; inst|altpll_component|auto_generated|pll1|clk[1] ; inst|altpll_component|auto_generated|pll1|clk[1] ; 1250.000     ; -0.068     ; 1.431      ;
; 1248.499 ; pulso_384:inst12|count[1] ; pulso_384:inst12|count[4] ; inst|altpll_component|auto_generated|pll1|clk[1] ; inst|altpll_component|auto_generated|pll1|clk[1] ; 1250.000     ; -0.068     ; 1.428      ;
; 1248.500 ; pulso_384:inst12|count[0] ; pulso_384:inst12|count[5] ; inst|altpll_component|auto_generated|pll1|clk[1] ; inst|altpll_component|auto_generated|pll1|clk[1] ; 1250.000     ; -0.068     ; 1.427      ;
; 1248.513 ; pulso_384:inst12|count[3] ; pulso_384:inst12|count[7] ; inst|altpll_component|auto_generated|pll1|clk[1] ; inst|altpll_component|auto_generated|pll1|clk[1] ; 1250.000     ; -0.068     ; 1.414      ;
; 1248.517 ; pulso_384:inst12|count[1] ; pulso_384:inst12|count[5] ; inst|altpll_component|auto_generated|pll1|clk[1] ; inst|altpll_component|auto_generated|pll1|clk[1] ; 1250.000     ; -0.068     ; 1.410      ;
; 1248.525 ; pulso_384:inst12|strt     ; pulso_384:inst12|pulso    ; inst|altpll_component|auto_generated|pll1|clk[1] ; inst|altpll_component|auto_generated|pll1|clk[1] ; 1250.000     ; -0.069     ; 1.401      ;
; 1248.561 ; pulso_384:inst12|count[0] ; pulso_384:inst12|count[4] ; inst|altpll_component|auto_generated|pll1|clk[1] ; inst|altpll_component|auto_generated|pll1|clk[1] ; 1250.000     ; -0.068     ; 1.366      ;
; 1248.565 ; pulso_384:inst12|count[4] ; pulso_384:inst12|count[8] ; inst|altpll_component|auto_generated|pll1|clk[1] ; inst|altpll_component|auto_generated|pll1|clk[1] ; 1250.000     ; -0.068     ; 1.362      ;
; 1248.565 ; pulso_384:inst12|count[2] ; pulso_384:inst12|count[6] ; inst|altpll_component|auto_generated|pll1|clk[1] ; inst|altpll_component|auto_generated|pll1|clk[1] ; 1250.000     ; -0.068     ; 1.362      ;
; 1248.578 ; pulso_384:inst12|count[7] ; pulso_384:inst12|count[8] ; inst|altpll_component|auto_generated|pll1|clk[1] ; inst|altpll_component|auto_generated|pll1|clk[1] ; 1250.000     ; -0.068     ; 1.349      ;
; 1248.595 ; pulso_384:inst12|count[5] ; pulso_384:inst12|count[6] ; inst|altpll_component|auto_generated|pll1|clk[1] ; inst|altpll_component|auto_generated|pll1|clk[1] ; 1250.000     ; -0.068     ; 1.332      ;
; 1248.595 ; pulso_384:inst12|count[3] ; pulso_384:inst12|count[4] ; inst|altpll_component|auto_generated|pll1|clk[1] ; inst|altpll_component|auto_generated|pll1|clk[1] ; 1250.000     ; -0.068     ; 1.332      ;
; 1248.596 ; pulso_384:inst12|count[4] ; pulso_384:inst12|count[7] ; inst|altpll_component|auto_generated|pll1|clk[1] ; inst|altpll_component|auto_generated|pll1|clk[1] ; 1250.000     ; -0.068     ; 1.331      ;
; 1248.596 ; pulso_384:inst12|count[2] ; pulso_384:inst12|count[5] ; inst|altpll_component|auto_generated|pll1|clk[1] ; inst|altpll_component|auto_generated|pll1|clk[1] ; 1250.000     ; -0.068     ; 1.331      ;
; 1248.599 ; pulso_384:inst12|count[1] ; pulso_384:inst12|count[2] ; inst|altpll_component|auto_generated|pll1|clk[1] ; inst|altpll_component|auto_generated|pll1|clk[1] ; 1250.000     ; -0.068     ; 1.328      ;
; 1248.600 ; pulso_384:inst12|count[0] ; pulso_384:inst12|count[3] ; inst|altpll_component|auto_generated|pll1|clk[1] ; inst|altpll_component|auto_generated|pll1|clk[1] ; 1250.000     ; -0.068     ; 1.327      ;
; 1248.608 ; pulso_384:inst12|count[7] ; pulso_384:inst12|count[0] ; inst|altpll_component|auto_generated|pll1|clk[1] ; inst|altpll_component|auto_generated|pll1|clk[1] ; 1250.000     ; -0.068     ; 1.319      ;
; 1248.608 ; pulso_384:inst12|count[7] ; pulso_384:inst12|count[1] ; inst|altpll_component|auto_generated|pll1|clk[1] ; inst|altpll_component|auto_generated|pll1|clk[1] ; 1250.000     ; -0.068     ; 1.319      ;
; 1248.608 ; pulso_384:inst12|count[7] ; pulso_384:inst12|count[2] ; inst|altpll_component|auto_generated|pll1|clk[1] ; inst|altpll_component|auto_generated|pll1|clk[1] ; 1250.000     ; -0.068     ; 1.319      ;
; 1248.608 ; pulso_384:inst12|count[7] ; pulso_384:inst12|count[3] ; inst|altpll_component|auto_generated|pll1|clk[1] ; inst|altpll_component|auto_generated|pll1|clk[1] ; 1250.000     ; -0.068     ; 1.319      ;
; 1248.608 ; pulso_384:inst12|count[7] ; pulso_384:inst12|count[4] ; inst|altpll_component|auto_generated|pll1|clk[1] ; inst|altpll_component|auto_generated|pll1|clk[1] ; 1250.000     ; -0.068     ; 1.319      ;
; 1248.608 ; pulso_384:inst12|count[7] ; pulso_384:inst12|count[5] ; inst|altpll_component|auto_generated|pll1|clk[1] ; inst|altpll_component|auto_generated|pll1|clk[1] ; 1250.000     ; -0.068     ; 1.319      ;
; 1248.608 ; pulso_384:inst12|count[7] ; pulso_384:inst12|count[6] ; inst|altpll_component|auto_generated|pll1|clk[1] ; inst|altpll_component|auto_generated|pll1|clk[1] ; 1250.000     ; -0.068     ; 1.319      ;
; 1248.608 ; pulso_384:inst12|count[7] ; pulso_384:inst12|count[7] ; inst|altpll_component|auto_generated|pll1|clk[1] ; inst|altpll_component|auto_generated|pll1|clk[1] ; 1250.000     ; -0.068     ; 1.319      ;
; 1248.613 ; pulso_384:inst12|count[5] ; pulso_384:inst12|count[7] ; inst|altpll_component|auto_generated|pll1|clk[1] ; inst|altpll_component|auto_generated|pll1|clk[1] ; 1250.000     ; -0.068     ; 1.314      ;
; 1248.613 ; pulso_384:inst12|count[3] ; pulso_384:inst12|count[5] ; inst|altpll_component|auto_generated|pll1|clk[1] ; inst|altpll_component|auto_generated|pll1|clk[1] ; 1250.000     ; -0.068     ; 1.314      ;
; 1248.617 ; pulso_384:inst12|count[1] ; pulso_384:inst12|count[3] ; inst|altpll_component|auto_generated|pll1|clk[1] ; inst|altpll_component|auto_generated|pll1|clk[1] ; 1250.000     ; -0.068     ; 1.310      ;
; 1248.661 ; pulso_384:inst12|count[0] ; pulso_384:inst12|count[2] ; inst|altpll_component|auto_generated|pll1|clk[1] ; inst|altpll_component|auto_generated|pll1|clk[1] ; 1250.000     ; -0.068     ; 1.266      ;
; 1248.662 ; pulso_384:inst12|count[6] ; pulso_384:inst12|count[8] ; inst|altpll_component|auto_generated|pll1|clk[1] ; inst|altpll_component|auto_generated|pll1|clk[1] ; 1250.000     ; -0.068     ; 1.265      ;
; 1248.665 ; pulso_384:inst12|count[4] ; pulso_384:inst12|count[6] ; inst|altpll_component|auto_generated|pll1|clk[1] ; inst|altpll_component|auto_generated|pll1|clk[1] ; 1250.000     ; -0.068     ; 1.262      ;
; 1248.665 ; pulso_384:inst12|count[2] ; pulso_384:inst12|count[4] ; inst|altpll_component|auto_generated|pll1|clk[1] ; inst|altpll_component|auto_generated|pll1|clk[1] ; 1250.000     ; -0.068     ; 1.262      ;
; 1248.671 ; pulso_384:inst12|count[8] ; pulso_384:inst12|pulso    ; inst|altpll_component|auto_generated|pll1|clk[1] ; inst|altpll_component|auto_generated|pll1|clk[1] ; 1250.000     ; -0.041     ; 1.283      ;
; 1248.696 ; pulso_384:inst12|count[4] ; pulso_384:inst12|count[5] ; inst|altpll_component|auto_generated|pll1|clk[1] ; inst|altpll_component|auto_generated|pll1|clk[1] ; 1250.000     ; -0.068     ; 1.231      ;
; 1248.696 ; pulso_384:inst12|count[2] ; pulso_384:inst12|count[3] ; inst|altpll_component|auto_generated|pll1|clk[1] ; inst|altpll_component|auto_generated|pll1|clk[1] ; 1250.000     ; -0.068     ; 1.231      ;
; 1248.700 ; pulso_384:inst12|count[0] ; pulso_384:inst12|count[1] ; inst|altpll_component|auto_generated|pll1|clk[1] ; inst|altpll_component|auto_generated|pll1|clk[1] ; 1250.000     ; -0.068     ; 1.227      ;
; 1248.700 ; pulso_384:inst12|count[6] ; pulso_384:inst12|count[7] ; inst|altpll_component|auto_generated|pll1|clk[1] ; inst|altpll_component|auto_generated|pll1|clk[1] ; 1250.000     ; -0.068     ; 1.227      ;
; 1248.802 ; pulso_384:inst12|count[7] ; pulso_384:inst12|pulso    ; inst|altpll_component|auto_generated|pll1|clk[1] ; inst|altpll_component|auto_generated|pll1|clk[1] ; 1250.000     ; -0.041     ; 1.152      ;
; 1249.049 ; pulso_384:inst12|count[0] ; pulso_384:inst12|count[0] ; inst|altpll_component|auto_generated|pll1|clk[1] ; inst|altpll_component|auto_generated|pll1|clk[1] ; 1250.000     ; -0.068     ; 0.878      ;
; 1249.050 ; pulso_384:inst12|count[6] ; pulso_384:inst12|count[6] ; inst|altpll_component|auto_generated|pll1|clk[1] ; inst|altpll_component|auto_generated|pll1|clk[1] ; 1250.000     ; -0.068     ; 0.877      ;
; 1249.053 ; pulso_384:inst12|count[4] ; pulso_384:inst12|count[4] ; inst|altpll_component|auto_generated|pll1|clk[1] ; inst|altpll_component|auto_generated|pll1|clk[1] ; 1250.000     ; -0.068     ; 0.874      ;
; 1249.053 ; pulso_384:inst12|count[2] ; pulso_384:inst12|count[2] ; inst|altpll_component|auto_generated|pll1|clk[1] ; inst|altpll_component|auto_generated|pll1|clk[1] ; 1250.000     ; -0.068     ; 0.874      ;
; 1249.063 ; pulso_384:inst12|count[5] ; pulso_384:inst12|count[5] ; inst|altpll_component|auto_generated|pll1|clk[1] ; inst|altpll_component|auto_generated|pll1|clk[1] ; 1250.000     ; -0.068     ; 0.864      ;
; 1249.063 ; pulso_384:inst12|count[3] ; pulso_384:inst12|count[3] ; inst|altpll_component|auto_generated|pll1|clk[1] ; inst|altpll_component|auto_generated|pll1|clk[1] ; 1250.000     ; -0.068     ; 0.864      ;
; 1249.065 ; pulso_384:inst12|count[1] ; pulso_384:inst12|count[1] ; inst|altpll_component|auto_generated|pll1|clk[1] ; inst|altpll_component|auto_generated|pll1|clk[1] ; 1250.000     ; -0.068     ; 0.862      ;
; 1249.106 ; pulso_384:inst12|count[8] ; pulso_384:inst12|strt     ; inst|altpll_component|auto_generated|pll1|clk[1] ; inst|altpll_component|auto_generated|pll1|clk[1] ; 1250.000     ; -0.041     ; 0.848      ;
; 1249.111 ; pulso_384:inst12|count[7] ; pulso_384:inst12|strt     ; inst|altpll_component|auto_generated|pll1|clk[1] ; inst|altpll_component|auto_generated|pll1|clk[1] ; 1250.000     ; -0.041     ; 0.843      ;
; 1249.364 ; pulso_384:inst12|pulso    ; pulso_384:inst12|pulso    ; inst|altpll_component|auto_generated|pll1|clk[1] ; inst|altpll_component|auto_generated|pll1|clk[1] ; 1250.000     ; -0.069     ; 0.562      ;
; 1249.364 ; pulso_384:inst12|strt     ; pulso_384:inst12|strt     ; inst|altpll_component|auto_generated|pll1|clk[1] ; inst|altpll_component|auto_generated|pll1|clk[1] ; 1250.000     ; -0.069     ; 0.562      ;
+----------+---------------------------+---------------------------+--------------------------------------------------+--------------------------------------------------+--------------+------------+------------+


+----------------------------------------------------------------------------------------------------------------------------------------------------------------------------------------+
; Slow 1200mV 0C Model Hold: 'inst4'                                                                                                                                                     ;
+--------+------------------------+--------------------------------------------+--------------------------------------------------+-------------+--------------+------------+------------+
; Slack  ; From Node              ; To Node                                    ; Launch Clock                                     ; Latch Clock ; Relationship ; Clock Skew ; Data Delay ;
+--------+------------------------+--------------------------------------------+--------------------------------------------------+-------------+--------------+------------+------------+
; -0.370 ; coloress2:inst17|D3[0] ; paralelo_serie_384b:inst1|shift_reg[64]~11 ; inst|altpll_component|auto_generated|pll1|clk[2] ; inst4       ; -0.500       ; 1.976      ; 1.186      ;
; -0.345 ; coloress2:inst17|D4[0] ; paralelo_serie_384b:inst1|shift_reg[88]~1  ; inst|altpll_component|auto_generated|pll1|clk[2] ; inst4       ; -0.500       ; 1.975      ; 1.210      ;
; -0.307 ; coloress2:inst17|D2[0] ; paralelo_serie_384b:inst1|shift_reg[40]~21 ; inst|altpll_component|auto_generated|pll1|clk[2] ; inst4       ; -0.500       ; 1.968      ; 1.241      ;
+--------+------------------------+--------------------------------------------+--------------------------------------------------+-------------+--------------+------------+------------+


+-------------------------------------------------------------------------------------------------------------------------------------------------------------------------------------------------------------------+
; Slow 1200mV 0C Model Hold: 'inst|altpll_component|auto_generated|pll1|clk[2]'                                                                                                                                     ;
+--------+-----------------------------+-----------------------------+--------------------------------------------------+--------------------------------------------------+--------------+------------+------------+
; Slack  ; From Node                   ; To Node                     ; Launch Clock                                     ; Latch Clock                                      ; Relationship ; Clock Skew ; Data Delay ;
+--------+-----------------------------+-----------------------------+--------------------------------------------------+--------------------------------------------------+--------------+------------+------------+
; -0.266 ; inst4                       ; inst4                       ; inst4                                            ; inst|altpll_component|auto_generated|pll1|clk[2] ; 0.000        ; 0.364      ; 0.532      ;
; 0.221  ; inst4                       ; inst4                       ; inst4                                            ; inst|altpll_component|auto_generated|pll1|clk[2] ; -0.500       ; 0.364      ; 0.519      ;
; 0.299  ; coloress2:inst17|puntos1[1] ; coloress2:inst17|puntos1[1] ; inst|altpll_component|auto_generated|pll1|clk[2] ; inst|altpll_component|auto_generated|pll1|clk[2] ; 0.000        ; 0.068      ; 0.511      ;
; 0.307  ; coloress2:inst17|puntos1[0] ; coloress2:inst17|puntos1[0] ; inst|altpll_component|auto_generated|pll1|clk[2] ; inst|altpll_component|auto_generated|pll1|clk[2] ; 0.000        ; 0.068      ; 0.519      ;
; 0.311  ; coloress2:inst17|D4[0]      ; coloress2:inst17|D4[0]      ; inst|altpll_component|auto_generated|pll1|clk[2] ; inst|altpll_component|auto_generated|pll1|clk[2] ; 0.000        ; 0.056      ; 0.511      ;
; 0.311  ; coloress2:inst17|D3[0]      ; coloress2:inst17|D3[0]      ; inst|altpll_component|auto_generated|pll1|clk[2] ; inst|altpll_component|auto_generated|pll1|clk[2] ; 0.000        ; 0.056      ; 0.511      ;
; 0.506  ; coloress2:inst17|puntos1[0] ; coloress2:inst17|puntos1[1] ; inst|altpll_component|auto_generated|pll1|clk[2] ; inst|altpll_component|auto_generated|pll1|clk[2] ; 0.000        ; 0.068      ; 0.718      ;
; 0.820  ; coloress2:inst17|puntos1[0] ; coloress2:inst17|D4[0]      ; inst|altpll_component|auto_generated|pll1|clk[2] ; inst|altpll_component|auto_generated|pll1|clk[2] ; 0.000        ; -0.258     ; 0.706      ;
; 0.831  ; coloress2:inst17|puntos1[0] ; coloress2:inst17|D3[0]      ; inst|altpll_component|auto_generated|pll1|clk[2] ; inst|altpll_component|auto_generated|pll1|clk[2] ; 0.000        ; -0.258     ; 0.717      ;
; 1.195  ; coloress2:inst17|puntos1[1] ; coloress2:inst17|D3[0]      ; inst|altpll_component|auto_generated|pll1|clk[2] ; inst|altpll_component|auto_generated|pll1|clk[2] ; 0.000        ; -0.258     ; 1.081      ;
; 1.220  ; coloress2:inst17|bloqueo    ; coloress2:inst17|D3[0]      ; inst|altpll_component|auto_generated|pll1|clk[2] ; inst|altpll_component|auto_generated|pll1|clk[2] ; 0.000        ; -0.258     ; 1.106      ;
; 1.222  ; coloress2:inst17|bloqueo    ; coloress2:inst17|D4[0]      ; inst|altpll_component|auto_generated|pll1|clk[2] ; inst|altpll_component|auto_generated|pll1|clk[2] ; 0.000        ; -0.258     ; 1.108      ;
; 1.226  ; coloress2:inst17|puntos1[1] ; coloress2:inst17|D2[0]      ; inst|altpll_component|auto_generated|pll1|clk[2] ; inst|altpll_component|auto_generated|pll1|clk[2] ; 0.000        ; -0.258     ; 1.112      ;
; 1.228  ; coloress2:inst17|puntos1[1] ; coloress2:inst17|D4[0]      ; inst|altpll_component|auto_generated|pll1|clk[2] ; inst|altpll_component|auto_generated|pll1|clk[2] ; 0.000        ; -0.258     ; 1.114      ;
; 1.365  ; coloress2:inst17|D2[0]      ; coloress2:inst17|D2[0]      ; inst|altpll_component|auto_generated|pll1|clk[2] ; inst|altpll_component|auto_generated|pll1|clk[2] ; 0.000        ; 0.055      ; 1.564      ;
; 1.367  ; coloress2:inst17|puntos1[0] ; coloress2:inst17|D2[0]      ; inst|altpll_component|auto_generated|pll1|clk[2] ; inst|altpll_component|auto_generated|pll1|clk[2] ; 0.000        ; -0.258     ; 1.253      ;
; 1.388  ; coloress2:inst17|bloqueo    ; coloress2:inst17|D2[0]      ; inst|altpll_component|auto_generated|pll1|clk[2] ; inst|altpll_component|auto_generated|pll1|clk[2] ; 0.000        ; -0.258     ; 1.274      ;
+--------+-----------------------------+-----------------------------+--------------------------------------------------+--------------------------------------------------+--------------+------------+------------+


+--------------------------------------------------------------------------------------------------------------------------------------------------------------------------------------------------------------------------------------------+
; Slow 1200mV 0C Model Hold: 'inst|altpll_component|auto_generated|pll1|clk[0]'                                                                                                                                                              ;
+-------+------------------------------------------+------------------------------------------+--------------------------------------------------+--------------------------------------------------+--------------+------------+------------+
; Slack ; From Node                                ; To Node                                  ; Launch Clock                                     ; Latch Clock                                      ; Relationship ; Clock Skew ; Data Delay ;
+-------+------------------------------------------+------------------------------------------+--------------------------------------------------+--------------------------------------------------+--------------+------------+------------+
; 0.163 ; inst4                                    ; paralelo_serie_384b:inst1|shift_reg[89]  ; inst4                                            ; inst|altpll_component|auto_generated|pll1|clk[0] ; 0.000        ; 0.346      ; 0.943      ;
; 0.164 ; inst4                                    ; paralelo_serie_384b:inst1|shift_reg[76]  ; inst4                                            ; inst|altpll_component|auto_generated|pll1|clk[0] ; 0.000        ; 0.346      ; 0.944      ;
; 0.165 ; inst4                                    ; paralelo_serie_384b:inst1|shift_reg[81]  ; inst4                                            ; inst|altpll_component|auto_generated|pll1|clk[0] ; 0.000        ; 0.346      ; 0.945      ;
; 0.168 ; inst4                                    ; paralelo_serie_384b:inst1|shift_reg[52]  ; inst4                                            ; inst|altpll_component|auto_generated|pll1|clk[0] ; 0.000        ; 0.346      ; 0.948      ;
; 0.271 ; inst4                                    ; paralelo_serie_384b:inst1|shift_reg[49]  ; inst4                                            ; inst|altpll_component|auto_generated|pll1|clk[0] ; 0.000        ; 0.346      ; 1.051      ;
; 0.271 ; inst4                                    ; paralelo_serie_384b:inst1|shift_reg[57]  ; inst4                                            ; inst|altpll_component|auto_generated|pll1|clk[0] ; 0.000        ; 0.346      ; 1.051      ;
; 0.271 ; inst4                                    ; paralelo_serie_384b:inst1|shift_reg[73]  ; inst4                                            ; inst|altpll_component|auto_generated|pll1|clk[0] ; 0.000        ; 0.346      ; 1.051      ;
; 0.273 ; inst4                                    ; paralelo_serie_384b:inst1|shift_reg[65]  ; inst4                                            ; inst|altpll_component|auto_generated|pll1|clk[0] ; 0.000        ; 0.346      ; 1.053      ;
; 0.278 ; inst4                                    ; paralelo_serie_384b:inst1|shift_reg[25]  ; inst4                                            ; inst|altpll_component|auto_generated|pll1|clk[0] ; 0.000        ; 0.348      ; 1.060      ;
; 0.278 ; inst4                                    ; paralelo_serie_384b:inst1|shift_reg[41]  ; inst4                                            ; inst|altpll_component|auto_generated|pll1|clk[0] ; 0.000        ; 0.348      ; 1.060      ;
; 0.280 ; inst4                                    ; paralelo_serie_384b:inst1|shift_reg[33]  ; inst4                                            ; inst|altpll_component|auto_generated|pll1|clk[0] ; 0.000        ; 0.348      ; 1.062      ;
; 0.281 ; inst4                                    ; paralelo_serie_384b:inst1|shift_reg[28]  ; inst4                                            ; inst|altpll_component|auto_generated|pll1|clk[0] ; 0.000        ; 0.348      ; 1.063      ;
; 0.326 ; paralelo_serie_384b:inst1|shift_reg[381] ; paralelo_serie_384b:inst1|shift_reg[382] ; inst|altpll_component|auto_generated|pll1|clk[0] ; inst|altpll_component|auto_generated|pll1|clk[0] ; 0.000        ; 0.067      ; 0.537      ;
; 0.327 ; paralelo_serie_384b:inst1|shift_reg[257] ; paralelo_serie_384b:inst1|shift_reg[258] ; inst|altpll_component|auto_generated|pll1|clk[0] ; inst|altpll_component|auto_generated|pll1|clk[0] ; 0.000        ; 0.068      ; 0.539      ;
; 0.327 ; paralelo_serie_384b:inst1|shift_reg[370] ; paralelo_serie_384b:inst1|shift_reg[371] ; inst|altpll_component|auto_generated|pll1|clk[0] ; inst|altpll_component|auto_generated|pll1|clk[0] ; 0.000        ; 0.067      ; 0.538      ;
; 0.328 ; paralelo_serie_384b:inst1|shift_reg[372] ; paralelo_serie_384b:inst1|shift_reg[373] ; inst|altpll_component|auto_generated|pll1|clk[0] ; inst|altpll_component|auto_generated|pll1|clk[0] ; 0.000        ; 0.067      ; 0.539      ;
; 0.328 ; paralelo_serie_384b:inst1|shift_reg[377] ; paralelo_serie_384b:inst1|shift_reg[378] ; inst|altpll_component|auto_generated|pll1|clk[0] ; inst|altpll_component|auto_generated|pll1|clk[0] ; 0.000        ; 0.067      ; 0.539      ;
; 0.328 ; paralelo_serie_384b:inst1|shift_reg[378] ; paralelo_serie_384b:inst1|shift_reg[379] ; inst|altpll_component|auto_generated|pll1|clk[0] ; inst|altpll_component|auto_generated|pll1|clk[0] ; 0.000        ; 0.067      ; 0.539      ;
; 0.328 ; paralelo_serie_384b:inst1|shift_reg[379] ; paralelo_serie_384b:inst1|shift_reg[380] ; inst|altpll_component|auto_generated|pll1|clk[0] ; inst|altpll_component|auto_generated|pll1|clk[0] ; 0.000        ; 0.067      ; 0.539      ;
; 0.328 ; paralelo_serie_384b:inst1|shift_reg[380] ; paralelo_serie_384b:inst1|shift_reg[381] ; inst|altpll_component|auto_generated|pll1|clk[0] ; inst|altpll_component|auto_generated|pll1|clk[0] ; 0.000        ; 0.067      ; 0.539      ;
; 0.330 ; paralelo_serie_384b:inst1|shift_reg[2]   ; paralelo_serie_384b:inst1|shift_reg[3]   ; inst|altpll_component|auto_generated|pll1|clk[0] ; inst|altpll_component|auto_generated|pll1|clk[0] ; 0.000        ; 0.056      ; 0.530      ;
; 0.330 ; paralelo_serie_384b:inst1|shift_reg[3]   ; paralelo_serie_384b:inst1|shift_reg[4]   ; inst|altpll_component|auto_generated|pll1|clk[0] ; inst|altpll_component|auto_generated|pll1|clk[0] ; 0.000        ; 0.056      ; 0.530      ;
; 0.330 ; paralelo_serie_384b:inst1|shift_reg[374] ; paralelo_serie_384b:inst1|shift_reg[375] ; inst|altpll_component|auto_generated|pll1|clk[0] ; inst|altpll_component|auto_generated|pll1|clk[0] ; 0.000        ; 0.067      ; 0.541      ;
; 0.330 ; paralelo_serie_384b:inst1|shift_reg[8]   ; paralelo_serie_384b:inst1|shift_reg[9]   ; inst|altpll_component|auto_generated|pll1|clk[0] ; inst|altpll_component|auto_generated|pll1|clk[0] ; 0.000        ; 0.055      ; 0.529      ;
; 0.331 ; paralelo_serie_384b:inst1|shift_reg[15]  ; paralelo_serie_384b:inst1|shift_reg[16]  ; inst|altpll_component|auto_generated|pll1|clk[0] ; inst|altpll_component|auto_generated|pll1|clk[0] ; 0.000        ; 0.055      ; 0.530      ;
; 0.331 ; paralelo_serie_384b:inst1|shift_reg[16]  ; paralelo_serie_384b:inst1|shift_reg[17]  ; inst|altpll_component|auto_generated|pll1|clk[0] ; inst|altpll_component|auto_generated|pll1|clk[0] ; 0.000        ; 0.055      ; 0.530      ;
; 0.336 ; paralelo_serie_384b:inst1|shift_reg[214] ; paralelo_serie_384b:inst1|shift_reg[215] ; inst|altpll_component|auto_generated|pll1|clk[0] ; inst|altpll_component|auto_generated|pll1|clk[0] ; 0.000        ; 0.056      ; 0.536      ;
; 0.336 ; paralelo_serie_384b:inst1|shift_reg[277] ; paralelo_serie_384b:inst1|shift_reg[278] ; inst|altpll_component|auto_generated|pll1|clk[0] ; inst|altpll_component|auto_generated|pll1|clk[0] ; 0.000        ; 0.056      ; 0.536      ;
; 0.336 ; paralelo_serie_384b:inst1|shift_reg[343] ; paralelo_serie_384b:inst1|shift_reg[344] ; inst|altpll_component|auto_generated|pll1|clk[0] ; inst|altpll_component|auto_generated|pll1|clk[0] ; 0.000        ; 0.056      ; 0.536      ;
; 0.336 ; paralelo_serie_384b:inst1|shift_reg[99]  ; paralelo_serie_384b:inst1|shift_reg[100] ; inst|altpll_component|auto_generated|pll1|clk[0] ; inst|altpll_component|auto_generated|pll1|clk[0] ; 0.000        ; 0.056      ; 0.536      ;
; 0.337 ; paralelo_serie_384b:inst1|shift_reg[151] ; paralelo_serie_384b:inst1|shift_reg[152] ; inst|altpll_component|auto_generated|pll1|clk[0] ; inst|altpll_component|auto_generated|pll1|clk[0] ; 0.000        ; 0.055      ; 0.536      ;
; 0.337 ; paralelo_serie_384b:inst1|shift_reg[170] ; paralelo_serie_384b:inst1|shift_reg[171] ; inst|altpll_component|auto_generated|pll1|clk[0] ; inst|altpll_component|auto_generated|pll1|clk[0] ; 0.000        ; 0.056      ; 0.537      ;
; 0.337 ; paralelo_serie_384b:inst1|shift_reg[175] ; paralelo_serie_384b:inst1|shift_reg[176] ; inst|altpll_component|auto_generated|pll1|clk[0] ; inst|altpll_component|auto_generated|pll1|clk[0] ; 0.000        ; 0.056      ; 0.537      ;
; 0.337 ; paralelo_serie_384b:inst1|shift_reg[198] ; paralelo_serie_384b:inst1|shift_reg[199] ; inst|altpll_component|auto_generated|pll1|clk[0] ; inst|altpll_component|auto_generated|pll1|clk[0] ; 0.000        ; 0.055      ; 0.536      ;
; 0.337 ; paralelo_serie_384b:inst1|shift_reg[206] ; paralelo_serie_384b:inst1|shift_reg[207] ; inst|altpll_component|auto_generated|pll1|clk[0] ; inst|altpll_component|auto_generated|pll1|clk[0] ; 0.000        ; 0.056      ; 0.537      ;
; 0.337 ; paralelo_serie_384b:inst1|shift_reg[225] ; paralelo_serie_384b:inst1|shift_reg[226] ; inst|altpll_component|auto_generated|pll1|clk[0] ; inst|altpll_component|auto_generated|pll1|clk[0] ; 0.000        ; 0.055      ; 0.536      ;
; 0.337 ; paralelo_serie_384b:inst1|shift_reg[246] ; paralelo_serie_384b:inst1|shift_reg[247] ; inst|altpll_component|auto_generated|pll1|clk[0] ; inst|altpll_component|auto_generated|pll1|clk[0] ; 0.000        ; 0.056      ; 0.537      ;
; 0.337 ; paralelo_serie_384b:inst1|shift_reg[262] ; paralelo_serie_384b:inst1|shift_reg[263] ; inst|altpll_component|auto_generated|pll1|clk[0] ; inst|altpll_component|auto_generated|pll1|clk[0] ; 0.000        ; 0.055      ; 0.536      ;
; 0.337 ; paralelo_serie_384b:inst1|shift_reg[273] ; paralelo_serie_384b:inst1|shift_reg[274] ; inst|altpll_component|auto_generated|pll1|clk[0] ; inst|altpll_component|auto_generated|pll1|clk[0] ; 0.000        ; 0.056      ; 0.537      ;
; 0.337 ; paralelo_serie_384b:inst1|shift_reg[282] ; paralelo_serie_384b:inst1|shift_reg[283] ; inst|altpll_component|auto_generated|pll1|clk[0] ; inst|altpll_component|auto_generated|pll1|clk[0] ; 0.000        ; 0.055      ; 0.536      ;
; 0.337 ; paralelo_serie_384b:inst1|shift_reg[303] ; paralelo_serie_384b:inst1|shift_reg[304] ; inst|altpll_component|auto_generated|pll1|clk[0] ; inst|altpll_component|auto_generated|pll1|clk[0] ; 0.000        ; 0.055      ; 0.536      ;
; 0.337 ; paralelo_serie_384b:inst1|shift_reg[311] ; paralelo_serie_384b:inst1|shift_reg[312] ; inst|altpll_component|auto_generated|pll1|clk[0] ; inst|altpll_component|auto_generated|pll1|clk[0] ; 0.000        ; 0.055      ; 0.536      ;
; 0.337 ; paralelo_serie_384b:inst1|shift_reg[327] ; paralelo_serie_384b:inst1|shift_reg[328] ; inst|altpll_component|auto_generated|pll1|clk[0] ; inst|altpll_component|auto_generated|pll1|clk[0] ; 0.000        ; 0.055      ; 0.536      ;
; 0.337 ; paralelo_serie_384b:inst1|shift_reg[335] ; paralelo_serie_384b:inst1|shift_reg[336] ; inst|altpll_component|auto_generated|pll1|clk[0] ; inst|altpll_component|auto_generated|pll1|clk[0] ; 0.000        ; 0.056      ; 0.537      ;
; 0.337 ; paralelo_serie_384b:inst1|shift_reg[359] ; paralelo_serie_384b:inst1|shift_reg[360] ; inst|altpll_component|auto_generated|pll1|clk[0] ; inst|altpll_component|auto_generated|pll1|clk[0] ; 0.000        ; 0.056      ; 0.537      ;
; 0.337 ; paralelo_serie_384b:inst1|shift_reg[368] ; paralelo_serie_384b:inst1|shift_reg[369] ; inst|altpll_component|auto_generated|pll1|clk[0] ; inst|altpll_component|auto_generated|pll1|clk[0] ; 0.000        ; 0.056      ; 0.537      ;
; 0.337 ; paralelo_serie_384b:inst1|shift_reg[37]  ; paralelo_serie_384b:inst1|shift_reg[38]  ; inst|altpll_component|auto_generated|pll1|clk[0] ; inst|altpll_component|auto_generated|pll1|clk[0] ; 0.000        ; 0.056      ; 0.537      ;
; 0.337 ; paralelo_serie_384b:inst1|shift_reg[100] ; paralelo_serie_384b:inst1|shift_reg[101] ; inst|altpll_component|auto_generated|pll1|clk[0] ; inst|altpll_component|auto_generated|pll1|clk[0] ; 0.000        ; 0.056      ; 0.537      ;
; 0.337 ; paralelo_serie_384b:inst1|shift_reg[105] ; paralelo_serie_384b:inst1|shift_reg[106] ; inst|altpll_component|auto_generated|pll1|clk[0] ; inst|altpll_component|auto_generated|pll1|clk[0] ; 0.000        ; 0.055      ; 0.536      ;
; 0.338 ; paralelo_serie_384b:inst1|shift_reg[4]   ; paralelo_serie_384b:inst1|shift_reg[5]   ; inst|altpll_component|auto_generated|pll1|clk[0] ; inst|altpll_component|auto_generated|pll1|clk[0] ; 0.000        ; 0.056      ; 0.538      ;
; 0.338 ; paralelo_serie_384b:inst1|shift_reg[145] ; paralelo_serie_384b:inst1|shift_reg[146] ; inst|altpll_component|auto_generated|pll1|clk[0] ; inst|altpll_component|auto_generated|pll1|clk[0] ; 0.000        ; 0.055      ; 0.537      ;
; 0.338 ; paralelo_serie_384b:inst1|shift_reg[155] ; paralelo_serie_384b:inst1|shift_reg[156] ; inst|altpll_component|auto_generated|pll1|clk[0] ; inst|altpll_component|auto_generated|pll1|clk[0] ; 0.000        ; 0.056      ; 0.538      ;
; 0.338 ; paralelo_serie_384b:inst1|shift_reg[163] ; paralelo_serie_384b:inst1|shift_reg[164] ; inst|altpll_component|auto_generated|pll1|clk[0] ; inst|altpll_component|auto_generated|pll1|clk[0] ; 0.000        ; 0.056      ; 0.538      ;
; 0.338 ; paralelo_serie_384b:inst1|shift_reg[166] ; paralelo_serie_384b:inst1|shift_reg[167] ; inst|altpll_component|auto_generated|pll1|clk[0] ; inst|altpll_component|auto_generated|pll1|clk[0] ; 0.000        ; 0.056      ; 0.538      ;
; 0.338 ; paralelo_serie_384b:inst1|shift_reg[174] ; paralelo_serie_384b:inst1|shift_reg[175] ; inst|altpll_component|auto_generated|pll1|clk[0] ; inst|altpll_component|auto_generated|pll1|clk[0] ; 0.000        ; 0.056      ; 0.538      ;
; 0.338 ; paralelo_serie_384b:inst1|shift_reg[177] ; paralelo_serie_384b:inst1|shift_reg[178] ; inst|altpll_component|auto_generated|pll1|clk[0] ; inst|altpll_component|auto_generated|pll1|clk[0] ; 0.000        ; 0.056      ; 0.538      ;
; 0.338 ; paralelo_serie_384b:inst1|shift_reg[180] ; paralelo_serie_384b:inst1|shift_reg[181] ; inst|altpll_component|auto_generated|pll1|clk[0] ; inst|altpll_component|auto_generated|pll1|clk[0] ; 0.000        ; 0.056      ; 0.538      ;
; 0.338 ; paralelo_serie_384b:inst1|shift_reg[184] ; paralelo_serie_384b:inst1|shift_reg[185] ; inst|altpll_component|auto_generated|pll1|clk[0] ; inst|altpll_component|auto_generated|pll1|clk[0] ; 0.000        ; 0.056      ; 0.538      ;
; 0.338 ; paralelo_serie_384b:inst1|shift_reg[197] ; paralelo_serie_384b:inst1|shift_reg[198] ; inst|altpll_component|auto_generated|pll1|clk[0] ; inst|altpll_component|auto_generated|pll1|clk[0] ; 0.000        ; 0.055      ; 0.537      ;
; 0.338 ; paralelo_serie_384b:inst1|shift_reg[226] ; paralelo_serie_384b:inst1|shift_reg[227] ; inst|altpll_component|auto_generated|pll1|clk[0] ; inst|altpll_component|auto_generated|pll1|clk[0] ; 0.000        ; 0.055      ; 0.537      ;
; 0.338 ; paralelo_serie_384b:inst1|shift_reg[229] ; paralelo_serie_384b:inst1|shift_reg[230] ; inst|altpll_component|auto_generated|pll1|clk[0] ; inst|altpll_component|auto_generated|pll1|clk[0] ; 0.000        ; 0.056      ; 0.538      ;
; 0.338 ; paralelo_serie_384b:inst1|shift_reg[231] ; paralelo_serie_384b:inst1|shift_reg[232] ; inst|altpll_component|auto_generated|pll1|clk[0] ; inst|altpll_component|auto_generated|pll1|clk[0] ; 0.000        ; 0.056      ; 0.538      ;
; 0.338 ; paralelo_serie_384b:inst1|shift_reg[263] ; paralelo_serie_384b:inst1|shift_reg[264] ; inst|altpll_component|auto_generated|pll1|clk[0] ; inst|altpll_component|auto_generated|pll1|clk[0] ; 0.000        ; 0.055      ; 0.537      ;
; 0.338 ; paralelo_serie_384b:inst1|shift_reg[267] ; paralelo_serie_384b:inst1|shift_reg[268] ; inst|altpll_component|auto_generated|pll1|clk[0] ; inst|altpll_component|auto_generated|pll1|clk[0] ; 0.000        ; 0.056      ; 0.538      ;
; 0.338 ; paralelo_serie_384b:inst1|shift_reg[269] ; paralelo_serie_384b:inst1|shift_reg[270] ; inst|altpll_component|auto_generated|pll1|clk[0] ; inst|altpll_component|auto_generated|pll1|clk[0] ; 0.000        ; 0.056      ; 0.538      ;
; 0.338 ; paralelo_serie_384b:inst1|shift_reg[319] ; paralelo_serie_384b:inst1|shift_reg[320] ; inst|altpll_component|auto_generated|pll1|clk[0] ; inst|altpll_component|auto_generated|pll1|clk[0] ; 0.000        ; 0.055      ; 0.537      ;
; 0.338 ; paralelo_serie_384b:inst1|shift_reg[323] ; paralelo_serie_384b:inst1|shift_reg[324] ; inst|altpll_component|auto_generated|pll1|clk[0] ; inst|altpll_component|auto_generated|pll1|clk[0] ; 0.000        ; 0.055      ; 0.537      ;
; 0.338 ; paralelo_serie_384b:inst1|shift_reg[346] ; paralelo_serie_384b:inst1|shift_reg[347] ; inst|altpll_component|auto_generated|pll1|clk[0] ; inst|altpll_component|auto_generated|pll1|clk[0] ; 0.000        ; 0.055      ; 0.537      ;
; 0.338 ; paralelo_serie_384b:inst1|shift_reg[361] ; paralelo_serie_384b:inst1|shift_reg[362] ; inst|altpll_component|auto_generated|pll1|clk[0] ; inst|altpll_component|auto_generated|pll1|clk[0] ; 0.000        ; 0.056      ; 0.538      ;
; 0.338 ; paralelo_serie_384b:inst1|shift_reg[20]  ; paralelo_serie_384b:inst1|shift_reg[21]  ; inst|altpll_component|auto_generated|pll1|clk[0] ; inst|altpll_component|auto_generated|pll1|clk[0] ; 0.000        ; 0.055      ; 0.537      ;
; 0.338 ; paralelo_serie_384b:inst1|shift_reg[36]  ; paralelo_serie_384b:inst1|shift_reg[37]  ; inst|altpll_component|auto_generated|pll1|clk[0] ; inst|altpll_component|auto_generated|pll1|clk[0] ; 0.000        ; 0.056      ; 0.538      ;
; 0.338 ; paralelo_serie_384b:inst1|shift_reg[59]  ; paralelo_serie_384b:inst1|shift_reg[60]  ; inst|altpll_component|auto_generated|pll1|clk[0] ; inst|altpll_component|auto_generated|pll1|clk[0] ; 0.000        ; 0.056      ; 0.538      ;
; 0.338 ; paralelo_serie_384b:inst1|shift_reg[62]  ; paralelo_serie_384b:inst1|shift_reg[63]  ; inst|altpll_component|auto_generated|pll1|clk[0] ; inst|altpll_component|auto_generated|pll1|clk[0] ; 0.000        ; 0.056      ; 0.538      ;
; 0.338 ; paralelo_serie_384b:inst1|shift_reg[93]  ; paralelo_serie_384b:inst1|shift_reg[94]  ; inst|altpll_component|auto_generated|pll1|clk[0] ; inst|altpll_component|auto_generated|pll1|clk[0] ; 0.000        ; 0.056      ; 0.538      ;
; 0.338 ; paralelo_serie_384b:inst1|shift_reg[124] ; paralelo_serie_384b:inst1|shift_reg[125] ; inst|altpll_component|auto_generated|pll1|clk[0] ; inst|altpll_component|auto_generated|pll1|clk[0] ; 0.000        ; 0.055      ; 0.537      ;
; 0.339 ; paralelo_serie_384b:inst1|shift_reg[1]   ; paralelo_serie_384b:inst1|shift_reg[2]   ; inst|altpll_component|auto_generated|pll1|clk[0] ; inst|altpll_component|auto_generated|pll1|clk[0] ; 0.000        ; 0.056      ; 0.539      ;
; 0.339 ; paralelo_serie_384b:inst1|shift_reg[140] ; paralelo_serie_384b:inst1|shift_reg[141] ; inst|altpll_component|auto_generated|pll1|clk[0] ; inst|altpll_component|auto_generated|pll1|clk[0] ; 0.000        ; 0.055      ; 0.538      ;
; 0.339 ; paralelo_serie_384b:inst1|shift_reg[154] ; paralelo_serie_384b:inst1|shift_reg[155] ; inst|altpll_component|auto_generated|pll1|clk[0] ; inst|altpll_component|auto_generated|pll1|clk[0] ; 0.000        ; 0.056      ; 0.539      ;
; 0.339 ; paralelo_serie_384b:inst1|shift_reg[162] ; paralelo_serie_384b:inst1|shift_reg[163] ; inst|altpll_component|auto_generated|pll1|clk[0] ; inst|altpll_component|auto_generated|pll1|clk[0] ; 0.000        ; 0.056      ; 0.539      ;
; 0.339 ; paralelo_serie_384b:inst1|shift_reg[165] ; paralelo_serie_384b:inst1|shift_reg[166] ; inst|altpll_component|auto_generated|pll1|clk[0] ; inst|altpll_component|auto_generated|pll1|clk[0] ; 0.000        ; 0.056      ; 0.539      ;
; 0.339 ; paralelo_serie_384b:inst1|shift_reg[172] ; paralelo_serie_384b:inst1|shift_reg[173] ; inst|altpll_component|auto_generated|pll1|clk[0] ; inst|altpll_component|auto_generated|pll1|clk[0] ; 0.000        ; 0.056      ; 0.539      ;
; 0.339 ; paralelo_serie_384b:inst1|shift_reg[181] ; paralelo_serie_384b:inst1|shift_reg[182] ; inst|altpll_component|auto_generated|pll1|clk[0] ; inst|altpll_component|auto_generated|pll1|clk[0] ; 0.000        ; 0.056      ; 0.539      ;
; 0.339 ; paralelo_serie_384b:inst1|shift_reg[187] ; paralelo_serie_384b:inst1|shift_reg[188] ; inst|altpll_component|auto_generated|pll1|clk[0] ; inst|altpll_component|auto_generated|pll1|clk[0] ; 0.000        ; 0.056      ; 0.539      ;
; 0.339 ; paralelo_serie_384b:inst1|shift_reg[194] ; paralelo_serie_384b:inst1|shift_reg[195] ; inst|altpll_component|auto_generated|pll1|clk[0] ; inst|altpll_component|auto_generated|pll1|clk[0] ; 0.000        ; 0.055      ; 0.538      ;
; 0.339 ; paralelo_serie_384b:inst1|shift_reg[196] ; paralelo_serie_384b:inst1|shift_reg[197] ; inst|altpll_component|auto_generated|pll1|clk[0] ; inst|altpll_component|auto_generated|pll1|clk[0] ; 0.000        ; 0.055      ; 0.538      ;
; 0.339 ; paralelo_serie_384b:inst1|shift_reg[202] ; paralelo_serie_384b:inst1|shift_reg[203] ; inst|altpll_component|auto_generated|pll1|clk[0] ; inst|altpll_component|auto_generated|pll1|clk[0] ; 0.000        ; 0.056      ; 0.539      ;
; 0.339 ; paralelo_serie_384b:inst1|shift_reg[203] ; paralelo_serie_384b:inst1|shift_reg[204] ; inst|altpll_component|auto_generated|pll1|clk[0] ; inst|altpll_component|auto_generated|pll1|clk[0] ; 0.000        ; 0.056      ; 0.539      ;
; 0.339 ; paralelo_serie_384b:inst1|shift_reg[204] ; paralelo_serie_384b:inst1|shift_reg[205] ; inst|altpll_component|auto_generated|pll1|clk[0] ; inst|altpll_component|auto_generated|pll1|clk[0] ; 0.000        ; 0.056      ; 0.539      ;
; 0.339 ; paralelo_serie_384b:inst1|shift_reg[208] ; paralelo_serie_384b:inst1|shift_reg[209] ; inst|altpll_component|auto_generated|pll1|clk[0] ; inst|altpll_component|auto_generated|pll1|clk[0] ; 0.000        ; 0.056      ; 0.539      ;
; 0.339 ; paralelo_serie_384b:inst1|shift_reg[217] ; paralelo_serie_384b:inst1|shift_reg[218] ; inst|altpll_component|auto_generated|pll1|clk[0] ; inst|altpll_component|auto_generated|pll1|clk[0] ; 0.000        ; 0.055      ; 0.538      ;
; 0.339 ; paralelo_serie_384b:inst1|shift_reg[221] ; paralelo_serie_384b:inst1|shift_reg[222] ; inst|altpll_component|auto_generated|pll1|clk[0] ; inst|altpll_component|auto_generated|pll1|clk[0] ; 0.000        ; 0.055      ; 0.538      ;
; 0.339 ; paralelo_serie_384b:inst1|shift_reg[233] ; paralelo_serie_384b:inst1|shift_reg[234] ; inst|altpll_component|auto_generated|pll1|clk[0] ; inst|altpll_component|auto_generated|pll1|clk[0] ; 0.000        ; 0.055      ; 0.538      ;
; 0.339 ; paralelo_serie_384b:inst1|shift_reg[236] ; paralelo_serie_384b:inst1|shift_reg[237] ; inst|altpll_component|auto_generated|pll1|clk[0] ; inst|altpll_component|auto_generated|pll1|clk[0] ; 0.000        ; 0.055      ; 0.538      ;
; 0.339 ; paralelo_serie_384b:inst1|shift_reg[241] ; paralelo_serie_384b:inst1|shift_reg[242] ; inst|altpll_component|auto_generated|pll1|clk[0] ; inst|altpll_component|auto_generated|pll1|clk[0] ; 0.000        ; 0.055      ; 0.538      ;
; 0.339 ; paralelo_serie_384b:inst1|shift_reg[243] ; paralelo_serie_384b:inst1|shift_reg[244] ; inst|altpll_component|auto_generated|pll1|clk[0] ; inst|altpll_component|auto_generated|pll1|clk[0] ; 0.000        ; 0.055      ; 0.538      ;
; 0.339 ; paralelo_serie_384b:inst1|shift_reg[255] ; paralelo_serie_384b:inst1|shift_reg[256] ; inst|altpll_component|auto_generated|pll1|clk[0] ; inst|altpll_component|auto_generated|pll1|clk[0] ; 0.000        ; 0.056      ; 0.539      ;
; 0.339 ; paralelo_serie_384b:inst1|shift_reg[260] ; paralelo_serie_384b:inst1|shift_reg[261] ; inst|altpll_component|auto_generated|pll1|clk[0] ; inst|altpll_component|auto_generated|pll1|clk[0] ; 0.000        ; 0.055      ; 0.538      ;
; 0.339 ; paralelo_serie_384b:inst1|shift_reg[268] ; paralelo_serie_384b:inst1|shift_reg[269] ; inst|altpll_component|auto_generated|pll1|clk[0] ; inst|altpll_component|auto_generated|pll1|clk[0] ; 0.000        ; 0.056      ; 0.539      ;
; 0.339 ; paralelo_serie_384b:inst1|shift_reg[270] ; paralelo_serie_384b:inst1|shift_reg[271] ; inst|altpll_component|auto_generated|pll1|clk[0] ; inst|altpll_component|auto_generated|pll1|clk[0] ; 0.000        ; 0.056      ; 0.539      ;
; 0.339 ; paralelo_serie_384b:inst1|shift_reg[271] ; paralelo_serie_384b:inst1|shift_reg[272] ; inst|altpll_component|auto_generated|pll1|clk[0] ; inst|altpll_component|auto_generated|pll1|clk[0] ; 0.000        ; 0.056      ; 0.539      ;
+-------+------------------------------------------+------------------------------------------+--------------------------------------------------+--------------------------------------------------+--------------+------------+------------+


+--------------------------------------------------------------------------------------------------------------------------------------------------------------------------------------------------------------+
; Slow 1200mV 0C Model Hold: 'inst|altpll_component|auto_generated|pll1|clk[1]'                                                                                                                                ;
+-------+---------------------------+---------------------------+--------------------------------------------------+--------------------------------------------------+--------------+------------+------------+
; Slack ; From Node                 ; To Node                   ; Launch Clock                                     ; Latch Clock                                      ; Relationship ; Clock Skew ; Data Delay ;
+-------+---------------------------+---------------------------+--------------------------------------------------+--------------------------------------------------+--------------+------------+------------+
; 0.298 ; pulso_384:inst12|strt     ; pulso_384:inst12|strt     ; inst|altpll_component|auto_generated|pll1|clk[1] ; inst|altpll_component|auto_generated|pll1|clk[1] ; 0.000        ; 0.069      ; 0.511      ;
; 0.298 ; pulso_384:inst12|pulso    ; pulso_384:inst12|pulso    ; inst|altpll_component|auto_generated|pll1|clk[1] ; inst|altpll_component|auto_generated|pll1|clk[1] ; 0.000        ; 0.069      ; 0.511      ;
; 0.470 ; pulso_384:inst12|count[8] ; pulso_384:inst12|strt     ; inst|altpll_component|auto_generated|pll1|clk[1] ; inst|altpll_component|auto_generated|pll1|clk[1] ; 0.000        ; 0.096      ; 0.710      ;
; 0.471 ; pulso_384:inst12|count[7] ; pulso_384:inst12|strt     ; inst|altpll_component|auto_generated|pll1|clk[1] ; inst|altpll_component|auto_generated|pll1|clk[1] ; 0.000        ; 0.096      ; 0.711      ;
; 0.481 ; pulso_384:inst12|count[1] ; pulso_384:inst12|count[1] ; inst|altpll_component|auto_generated|pll1|clk[1] ; inst|altpll_component|auto_generated|pll1|clk[1] ; 0.000        ; 0.068      ; 0.693      ;
; 0.482 ; pulso_384:inst12|count[6] ; pulso_384:inst12|count[6] ; inst|altpll_component|auto_generated|pll1|clk[1] ; inst|altpll_component|auto_generated|pll1|clk[1] ; 0.000        ; 0.068      ; 0.694      ;
; 0.484 ; pulso_384:inst12|count[3] ; pulso_384:inst12|count[3] ; inst|altpll_component|auto_generated|pll1|clk[1] ; inst|altpll_component|auto_generated|pll1|clk[1] ; 0.000        ; 0.068      ; 0.696      ;
; 0.484 ; pulso_384:inst12|count[5] ; pulso_384:inst12|count[5] ; inst|altpll_component|auto_generated|pll1|clk[1] ; inst|altpll_component|auto_generated|pll1|clk[1] ; 0.000        ; 0.068      ; 0.696      ;
; 0.486 ; pulso_384:inst12|count[2] ; pulso_384:inst12|count[2] ; inst|altpll_component|auto_generated|pll1|clk[1] ; inst|altpll_component|auto_generated|pll1|clk[1] ; 0.000        ; 0.068      ; 0.698      ;
; 0.486 ; pulso_384:inst12|count[4] ; pulso_384:inst12|count[4] ; inst|altpll_component|auto_generated|pll1|clk[1] ; inst|altpll_component|auto_generated|pll1|clk[1] ; 0.000        ; 0.068      ; 0.698      ;
; 0.496 ; pulso_384:inst12|count[8] ; pulso_384:inst12|count[8] ; inst|altpll_component|auto_generated|pll1|clk[1] ; inst|altpll_component|auto_generated|pll1|clk[1] ; 0.000        ; 0.068      ; 0.708      ;
; 0.496 ; pulso_384:inst12|count[7] ; pulso_384:inst12|count[7] ; inst|altpll_component|auto_generated|pll1|clk[1] ; inst|altpll_component|auto_generated|pll1|clk[1] ; 0.000        ; 0.068      ; 0.708      ;
; 0.497 ; pulso_384:inst12|count[0] ; pulso_384:inst12|count[0] ; inst|altpll_component|auto_generated|pll1|clk[1] ; inst|altpll_component|auto_generated|pll1|clk[1] ; 0.000        ; 0.068      ; 0.709      ;
; 0.725 ; pulso_384:inst12|count[1] ; pulso_384:inst12|count[2] ; inst|altpll_component|auto_generated|pll1|clk[1] ; inst|altpll_component|auto_generated|pll1|clk[1] ; 0.000        ; 0.068      ; 0.937      ;
; 0.729 ; pulso_384:inst12|count[5] ; pulso_384:inst12|count[6] ; inst|altpll_component|auto_generated|pll1|clk[1] ; inst|altpll_component|auto_generated|pll1|clk[1] ; 0.000        ; 0.068      ; 0.941      ;
; 0.729 ; pulso_384:inst12|count[3] ; pulso_384:inst12|count[4] ; inst|altpll_component|auto_generated|pll1|clk[1] ; inst|altpll_component|auto_generated|pll1|clk[1] ; 0.000        ; 0.068      ; 0.941      ;
; 0.731 ; pulso_384:inst12|count[0] ; pulso_384:inst12|count[1] ; inst|altpll_component|auto_generated|pll1|clk[1] ; inst|altpll_component|auto_generated|pll1|clk[1] ; 0.000        ; 0.068      ; 0.943      ;
; 0.731 ; pulso_384:inst12|count[6] ; pulso_384:inst12|count[7] ; inst|altpll_component|auto_generated|pll1|clk[1] ; inst|altpll_component|auto_generated|pll1|clk[1] ; 0.000        ; 0.068      ; 0.943      ;
; 0.735 ; pulso_384:inst12|count[2] ; pulso_384:inst12|count[3] ; inst|altpll_component|auto_generated|pll1|clk[1] ; inst|altpll_component|auto_generated|pll1|clk[1] ; 0.000        ; 0.068      ; 0.947      ;
; 0.735 ; pulso_384:inst12|count[4] ; pulso_384:inst12|count[5] ; inst|altpll_component|auto_generated|pll1|clk[1] ; inst|altpll_component|auto_generated|pll1|clk[1] ; 0.000        ; 0.068      ; 0.947      ;
; 0.738 ; pulso_384:inst12|count[6] ; pulso_384:inst12|count[8] ; inst|altpll_component|auto_generated|pll1|clk[1] ; inst|altpll_component|auto_generated|pll1|clk[1] ; 0.000        ; 0.068      ; 0.950      ;
; 0.738 ; pulso_384:inst12|count[0] ; pulso_384:inst12|count[2] ; inst|altpll_component|auto_generated|pll1|clk[1] ; inst|altpll_component|auto_generated|pll1|clk[1] ; 0.000        ; 0.068      ; 0.950      ;
; 0.741 ; pulso_384:inst12|count[7] ; pulso_384:inst12|count[8] ; inst|altpll_component|auto_generated|pll1|clk[1] ; inst|altpll_component|auto_generated|pll1|clk[1] ; 0.000        ; 0.068      ; 0.953      ;
; 0.742 ; pulso_384:inst12|count[4] ; pulso_384:inst12|count[6] ; inst|altpll_component|auto_generated|pll1|clk[1] ; inst|altpll_component|auto_generated|pll1|clk[1] ; 0.000        ; 0.068      ; 0.954      ;
; 0.742 ; pulso_384:inst12|count[2] ; pulso_384:inst12|count[4] ; inst|altpll_component|auto_generated|pll1|clk[1] ; inst|altpll_component|auto_generated|pll1|clk[1] ; 0.000        ; 0.068      ; 0.954      ;
; 0.773 ; pulso_384:inst12|count[7] ; pulso_384:inst12|pulso    ; inst|altpll_component|auto_generated|pll1|clk[1] ; inst|altpll_component|auto_generated|pll1|clk[1] ; 0.000        ; 0.096      ; 1.013      ;
; 0.814 ; pulso_384:inst12|count[1] ; pulso_384:inst12|count[3] ; inst|altpll_component|auto_generated|pll1|clk[1] ; inst|altpll_component|auto_generated|pll1|clk[1] ; 0.000        ; 0.068      ; 1.026      ;
; 0.818 ; pulso_384:inst12|count[5] ; pulso_384:inst12|count[7] ; inst|altpll_component|auto_generated|pll1|clk[1] ; inst|altpll_component|auto_generated|pll1|clk[1] ; 0.000        ; 0.068      ; 1.030      ;
; 0.818 ; pulso_384:inst12|count[3] ; pulso_384:inst12|count[5] ; inst|altpll_component|auto_generated|pll1|clk[1] ; inst|altpll_component|auto_generated|pll1|clk[1] ; 0.000        ; 0.068      ; 1.030      ;
; 0.821 ; pulso_384:inst12|count[1] ; pulso_384:inst12|count[4] ; inst|altpll_component|auto_generated|pll1|clk[1] ; inst|altpll_component|auto_generated|pll1|clk[1] ; 0.000        ; 0.068      ; 1.033      ;
; 0.825 ; pulso_384:inst12|count[5] ; pulso_384:inst12|count[8] ; inst|altpll_component|auto_generated|pll1|clk[1] ; inst|altpll_component|auto_generated|pll1|clk[1] ; 0.000        ; 0.068      ; 1.037      ;
; 0.825 ; pulso_384:inst12|count[3] ; pulso_384:inst12|count[6] ; inst|altpll_component|auto_generated|pll1|clk[1] ; inst|altpll_component|auto_generated|pll1|clk[1] ; 0.000        ; 0.068      ; 1.037      ;
; 0.827 ; pulso_384:inst12|count[0] ; pulso_384:inst12|count[3] ; inst|altpll_component|auto_generated|pll1|clk[1] ; inst|altpll_component|auto_generated|pll1|clk[1] ; 0.000        ; 0.068      ; 1.039      ;
; 0.831 ; pulso_384:inst12|count[4] ; pulso_384:inst12|count[7] ; inst|altpll_component|auto_generated|pll1|clk[1] ; inst|altpll_component|auto_generated|pll1|clk[1] ; 0.000        ; 0.068      ; 1.043      ;
; 0.831 ; pulso_384:inst12|count[2] ; pulso_384:inst12|count[5] ; inst|altpll_component|auto_generated|pll1|clk[1] ; inst|altpll_component|auto_generated|pll1|clk[1] ; 0.000        ; 0.068      ; 1.043      ;
; 0.834 ; pulso_384:inst12|count[0] ; pulso_384:inst12|count[4] ; inst|altpll_component|auto_generated|pll1|clk[1] ; inst|altpll_component|auto_generated|pll1|clk[1] ; 0.000        ; 0.068      ; 1.046      ;
; 0.838 ; pulso_384:inst12|count[4] ; pulso_384:inst12|count[8] ; inst|altpll_component|auto_generated|pll1|clk[1] ; inst|altpll_component|auto_generated|pll1|clk[1] ; 0.000        ; 0.068      ; 1.050      ;
; 0.838 ; pulso_384:inst12|count[2] ; pulso_384:inst12|count[6] ; inst|altpll_component|auto_generated|pll1|clk[1] ; inst|altpll_component|auto_generated|pll1|clk[1] ; 0.000        ; 0.068      ; 1.050      ;
; 0.868 ; pulso_384:inst12|count[8] ; pulso_384:inst12|pulso    ; inst|altpll_component|auto_generated|pll1|clk[1] ; inst|altpll_component|auto_generated|pll1|clk[1] ; 0.000        ; 0.096      ; 1.108      ;
; 0.910 ; pulso_384:inst12|count[1] ; pulso_384:inst12|count[5] ; inst|altpll_component|auto_generated|pll1|clk[1] ; inst|altpll_component|auto_generated|pll1|clk[1] ; 0.000        ; 0.068      ; 1.122      ;
; 0.914 ; pulso_384:inst12|count[3] ; pulso_384:inst12|count[7] ; inst|altpll_component|auto_generated|pll1|clk[1] ; inst|altpll_component|auto_generated|pll1|clk[1] ; 0.000        ; 0.068      ; 1.126      ;
; 0.917 ; pulso_384:inst12|count[1] ; pulso_384:inst12|count[6] ; inst|altpll_component|auto_generated|pll1|clk[1] ; inst|altpll_component|auto_generated|pll1|clk[1] ; 0.000        ; 0.068      ; 1.129      ;
; 0.921 ; pulso_384:inst12|count[3] ; pulso_384:inst12|count[8] ; inst|altpll_component|auto_generated|pll1|clk[1] ; inst|altpll_component|auto_generated|pll1|clk[1] ; 0.000        ; 0.068      ; 1.133      ;
; 0.923 ; pulso_384:inst12|count[0] ; pulso_384:inst12|count[5] ; inst|altpll_component|auto_generated|pll1|clk[1] ; inst|altpll_component|auto_generated|pll1|clk[1] ; 0.000        ; 0.068      ; 1.135      ;
; 0.927 ; pulso_384:inst12|count[2] ; pulso_384:inst12|count[7] ; inst|altpll_component|auto_generated|pll1|clk[1] ; inst|altpll_component|auto_generated|pll1|clk[1] ; 0.000        ; 0.068      ; 1.139      ;
; 0.930 ; pulso_384:inst12|count[0] ; pulso_384:inst12|count[6] ; inst|altpll_component|auto_generated|pll1|clk[1] ; inst|altpll_component|auto_generated|pll1|clk[1] ; 0.000        ; 0.068      ; 1.142      ;
; 0.934 ; pulso_384:inst12|count[2] ; pulso_384:inst12|count[8] ; inst|altpll_component|auto_generated|pll1|clk[1] ; inst|altpll_component|auto_generated|pll1|clk[1] ; 0.000        ; 0.068      ; 1.146      ;
; 0.951 ; pulso_384:inst12|strt     ; pulso_384:inst12|pulso    ; inst|altpll_component|auto_generated|pll1|clk[1] ; inst|altpll_component|auto_generated|pll1|clk[1] ; 0.000        ; 0.069      ; 1.164      ;
; 1.006 ; pulso_384:inst12|count[1] ; pulso_384:inst12|count[7] ; inst|altpll_component|auto_generated|pll1|clk[1] ; inst|altpll_component|auto_generated|pll1|clk[1] ; 0.000        ; 0.068      ; 1.218      ;
; 1.013 ; pulso_384:inst12|count[1] ; pulso_384:inst12|count[8] ; inst|altpll_component|auto_generated|pll1|clk[1] ; inst|altpll_component|auto_generated|pll1|clk[1] ; 0.000        ; 0.068      ; 1.225      ;
; 1.019 ; pulso_384:inst12|count[0] ; pulso_384:inst12|count[7] ; inst|altpll_component|auto_generated|pll1|clk[1] ; inst|altpll_component|auto_generated|pll1|clk[1] ; 0.000        ; 0.068      ; 1.231      ;
; 1.026 ; pulso_384:inst12|count[0] ; pulso_384:inst12|count[8] ; inst|altpll_component|auto_generated|pll1|clk[1] ; inst|altpll_component|auto_generated|pll1|clk[1] ; 0.000        ; 0.068      ; 1.238      ;
; 1.038 ; pulso_384:inst12|count[7] ; pulso_384:inst12|count[0] ; inst|altpll_component|auto_generated|pll1|clk[1] ; inst|altpll_component|auto_generated|pll1|clk[1] ; 0.000        ; 0.068      ; 1.250      ;
; 1.038 ; pulso_384:inst12|count[7] ; pulso_384:inst12|count[1] ; inst|altpll_component|auto_generated|pll1|clk[1] ; inst|altpll_component|auto_generated|pll1|clk[1] ; 0.000        ; 0.068      ; 1.250      ;
; 1.038 ; pulso_384:inst12|count[7] ; pulso_384:inst12|count[2] ; inst|altpll_component|auto_generated|pll1|clk[1] ; inst|altpll_component|auto_generated|pll1|clk[1] ; 0.000        ; 0.068      ; 1.250      ;
; 1.038 ; pulso_384:inst12|count[7] ; pulso_384:inst12|count[3] ; inst|altpll_component|auto_generated|pll1|clk[1] ; inst|altpll_component|auto_generated|pll1|clk[1] ; 0.000        ; 0.068      ; 1.250      ;
; 1.038 ; pulso_384:inst12|count[7] ; pulso_384:inst12|count[4] ; inst|altpll_component|auto_generated|pll1|clk[1] ; inst|altpll_component|auto_generated|pll1|clk[1] ; 0.000        ; 0.068      ; 1.250      ;
; 1.038 ; pulso_384:inst12|count[7] ; pulso_384:inst12|count[5] ; inst|altpll_component|auto_generated|pll1|clk[1] ; inst|altpll_component|auto_generated|pll1|clk[1] ; 0.000        ; 0.068      ; 1.250      ;
; 1.038 ; pulso_384:inst12|count[7] ; pulso_384:inst12|count[6] ; inst|altpll_component|auto_generated|pll1|clk[1] ; inst|altpll_component|auto_generated|pll1|clk[1] ; 0.000        ; 0.068      ; 1.250      ;
; 1.133 ; pulso_384:inst12|count[8] ; pulso_384:inst12|count[0] ; inst|altpll_component|auto_generated|pll1|clk[1] ; inst|altpll_component|auto_generated|pll1|clk[1] ; 0.000        ; 0.068      ; 1.345      ;
; 1.133 ; pulso_384:inst12|count[8] ; pulso_384:inst12|count[1] ; inst|altpll_component|auto_generated|pll1|clk[1] ; inst|altpll_component|auto_generated|pll1|clk[1] ; 0.000        ; 0.068      ; 1.345      ;
; 1.133 ; pulso_384:inst12|count[8] ; pulso_384:inst12|count[2] ; inst|altpll_component|auto_generated|pll1|clk[1] ; inst|altpll_component|auto_generated|pll1|clk[1] ; 0.000        ; 0.068      ; 1.345      ;
; 1.133 ; pulso_384:inst12|count[8] ; pulso_384:inst12|count[3] ; inst|altpll_component|auto_generated|pll1|clk[1] ; inst|altpll_component|auto_generated|pll1|clk[1] ; 0.000        ; 0.068      ; 1.345      ;
; 1.133 ; pulso_384:inst12|count[8] ; pulso_384:inst12|count[4] ; inst|altpll_component|auto_generated|pll1|clk[1] ; inst|altpll_component|auto_generated|pll1|clk[1] ; 0.000        ; 0.068      ; 1.345      ;
; 1.133 ; pulso_384:inst12|count[8] ; pulso_384:inst12|count[5] ; inst|altpll_component|auto_generated|pll1|clk[1] ; inst|altpll_component|auto_generated|pll1|clk[1] ; 0.000        ; 0.068      ; 1.345      ;
; 1.133 ; pulso_384:inst12|count[8] ; pulso_384:inst12|count[6] ; inst|altpll_component|auto_generated|pll1|clk[1] ; inst|altpll_component|auto_generated|pll1|clk[1] ; 0.000        ; 0.068      ; 1.345      ;
; 1.133 ; pulso_384:inst12|count[8] ; pulso_384:inst12|count[7] ; inst|altpll_component|auto_generated|pll1|clk[1] ; inst|altpll_component|auto_generated|pll1|clk[1] ; 0.000        ; 0.068      ; 1.345      ;
; 1.216 ; pulso_384:inst12|strt     ; pulso_384:inst12|count[0] ; inst|altpll_component|auto_generated|pll1|clk[1] ; inst|altpll_component|auto_generated|pll1|clk[1] ; 0.000        ; 0.041      ; 1.401      ;
; 1.216 ; pulso_384:inst12|strt     ; pulso_384:inst12|count[1] ; inst|altpll_component|auto_generated|pll1|clk[1] ; inst|altpll_component|auto_generated|pll1|clk[1] ; 0.000        ; 0.041      ; 1.401      ;
; 1.216 ; pulso_384:inst12|strt     ; pulso_384:inst12|count[2] ; inst|altpll_component|auto_generated|pll1|clk[1] ; inst|altpll_component|auto_generated|pll1|clk[1] ; 0.000        ; 0.041      ; 1.401      ;
; 1.216 ; pulso_384:inst12|strt     ; pulso_384:inst12|count[3] ; inst|altpll_component|auto_generated|pll1|clk[1] ; inst|altpll_component|auto_generated|pll1|clk[1] ; 0.000        ; 0.041      ; 1.401      ;
; 1.216 ; pulso_384:inst12|strt     ; pulso_384:inst12|count[4] ; inst|altpll_component|auto_generated|pll1|clk[1] ; inst|altpll_component|auto_generated|pll1|clk[1] ; 0.000        ; 0.041      ; 1.401      ;
; 1.216 ; pulso_384:inst12|strt     ; pulso_384:inst12|count[5] ; inst|altpll_component|auto_generated|pll1|clk[1] ; inst|altpll_component|auto_generated|pll1|clk[1] ; 0.000        ; 0.041      ; 1.401      ;
; 1.216 ; pulso_384:inst12|strt     ; pulso_384:inst12|count[6] ; inst|altpll_component|auto_generated|pll1|clk[1] ; inst|altpll_component|auto_generated|pll1|clk[1] ; 0.000        ; 0.041      ; 1.401      ;
; 1.216 ; pulso_384:inst12|strt     ; pulso_384:inst12|count[8] ; inst|altpll_component|auto_generated|pll1|clk[1] ; inst|altpll_component|auto_generated|pll1|clk[1] ; 0.000        ; 0.041      ; 1.401      ;
; 1.216 ; pulso_384:inst12|strt     ; pulso_384:inst12|count[7] ; inst|altpll_component|auto_generated|pll1|clk[1] ; inst|altpll_component|auto_generated|pll1|clk[1] ; 0.000        ; 0.041      ; 1.401      ;
+-------+---------------------------+---------------------------+--------------------------------------------------+--------------------------------------------------+--------------+------------+------------+


+--------------------------------------------------------------------------------------------------------------------------------------------------------------------------+
; Slow 1200mV 0C Model Recovery: 'inst|altpll_component|auto_generated|pll1|clk[0]'                                                                                        ;
+--------+-----------+------------------------------------------+--------------+--------------------------------------------------+--------------+------------+------------+
; Slack  ; From Node ; To Node                                  ; Launch Clock ; Latch Clock                                      ; Relationship ; Clock Skew ; Data Delay ;
+--------+-----------+------------------------------------------+--------------+--------------------------------------------------+--------------+------------+------------+
; -1.783 ; inst4     ; paralelo_serie_384b:inst1|shift_reg[192] ; inst4        ; inst|altpll_component|auto_generated|pll1|clk[0] ; 0.500        ; -0.019     ; 2.379      ;
; -1.783 ; inst4     ; paralelo_serie_384b:inst1|shift_reg[193] ; inst4        ; inst|altpll_component|auto_generated|pll1|clk[0] ; 0.500        ; -0.019     ; 2.379      ;
; -1.783 ; inst4     ; paralelo_serie_384b:inst1|shift_reg[194] ; inst4        ; inst|altpll_component|auto_generated|pll1|clk[0] ; 0.500        ; -0.019     ; 2.379      ;
; -1.783 ; inst4     ; paralelo_serie_384b:inst1|shift_reg[195] ; inst4        ; inst|altpll_component|auto_generated|pll1|clk[0] ; 0.500        ; -0.019     ; 2.379      ;
; -1.783 ; inst4     ; paralelo_serie_384b:inst1|shift_reg[196] ; inst4        ; inst|altpll_component|auto_generated|pll1|clk[0] ; 0.500        ; -0.019     ; 2.379      ;
; -1.783 ; inst4     ; paralelo_serie_384b:inst1|shift_reg[197] ; inst4        ; inst|altpll_component|auto_generated|pll1|clk[0] ; 0.500        ; -0.019     ; 2.379      ;
; -1.783 ; inst4     ; paralelo_serie_384b:inst1|shift_reg[198] ; inst4        ; inst|altpll_component|auto_generated|pll1|clk[0] ; 0.500        ; -0.019     ; 2.379      ;
; -1.783 ; inst4     ; paralelo_serie_384b:inst1|shift_reg[199] ; inst4        ; inst|altpll_component|auto_generated|pll1|clk[0] ; 0.500        ; -0.019     ; 2.379      ;
; -1.783 ; inst4     ; paralelo_serie_384b:inst1|shift_reg[200] ; inst4        ; inst|altpll_component|auto_generated|pll1|clk[0] ; 0.500        ; -0.019     ; 2.379      ;
; -1.783 ; inst4     ; paralelo_serie_384b:inst1|shift_reg[229] ; inst4        ; inst|altpll_component|auto_generated|pll1|clk[0] ; 0.500        ; -0.013     ; 2.385      ;
; -1.783 ; inst4     ; paralelo_serie_384b:inst1|shift_reg[230] ; inst4        ; inst|altpll_component|auto_generated|pll1|clk[0] ; 0.500        ; -0.013     ; 2.385      ;
; -1.783 ; inst4     ; paralelo_serie_384b:inst1|shift_reg[231] ; inst4        ; inst|altpll_component|auto_generated|pll1|clk[0] ; 0.500        ; -0.013     ; 2.385      ;
; -1.783 ; inst4     ; paralelo_serie_384b:inst1|shift_reg[232] ; inst4        ; inst|altpll_component|auto_generated|pll1|clk[0] ; 0.500        ; -0.013     ; 2.385      ;
; -1.783 ; inst4     ; paralelo_serie_384b:inst1|shift_reg[233] ; inst4        ; inst|altpll_component|auto_generated|pll1|clk[0] ; 0.500        ; -0.012     ; 2.386      ;
; -1.783 ; inst4     ; paralelo_serie_384b:inst1|shift_reg[234] ; inst4        ; inst|altpll_component|auto_generated|pll1|clk[0] ; 0.500        ; -0.012     ; 2.386      ;
; -1.783 ; inst4     ; paralelo_serie_384b:inst1|shift_reg[235] ; inst4        ; inst|altpll_component|auto_generated|pll1|clk[0] ; 0.500        ; -0.012     ; 2.386      ;
; -1.783 ; inst4     ; paralelo_serie_384b:inst1|shift_reg[236] ; inst4        ; inst|altpll_component|auto_generated|pll1|clk[0] ; 0.500        ; -0.012     ; 2.386      ;
; -1.783 ; inst4     ; paralelo_serie_384b:inst1|shift_reg[237] ; inst4        ; inst|altpll_component|auto_generated|pll1|clk[0] ; 0.500        ; -0.012     ; 2.386      ;
; -1.783 ; inst4     ; paralelo_serie_384b:inst1|shift_reg[238] ; inst4        ; inst|altpll_component|auto_generated|pll1|clk[0] ; 0.500        ; -0.012     ; 2.386      ;
; -1.783 ; inst4     ; paralelo_serie_384b:inst1|shift_reg[239] ; inst4        ; inst|altpll_component|auto_generated|pll1|clk[0] ; 0.500        ; -0.012     ; 2.386      ;
; -1.783 ; inst4     ; paralelo_serie_384b:inst1|shift_reg[240] ; inst4        ; inst|altpll_component|auto_generated|pll1|clk[0] ; 0.500        ; -0.012     ; 2.386      ;
; -1.783 ; inst4     ; paralelo_serie_384b:inst1|shift_reg[241] ; inst4        ; inst|altpll_component|auto_generated|pll1|clk[0] ; 0.500        ; -0.012     ; 2.386      ;
; -1.783 ; inst4     ; paralelo_serie_384b:inst1|shift_reg[242] ; inst4        ; inst|altpll_component|auto_generated|pll1|clk[0] ; 0.500        ; -0.012     ; 2.386      ;
; -1.783 ; inst4     ; paralelo_serie_384b:inst1|shift_reg[243] ; inst4        ; inst|altpll_component|auto_generated|pll1|clk[0] ; 0.500        ; -0.012     ; 2.386      ;
; -1.783 ; inst4     ; paralelo_serie_384b:inst1|shift_reg[244] ; inst4        ; inst|altpll_component|auto_generated|pll1|clk[0] ; 0.500        ; -0.012     ; 2.386      ;
; -1.783 ; inst4     ; paralelo_serie_384b:inst1|shift_reg[245] ; inst4        ; inst|altpll_component|auto_generated|pll1|clk[0] ; 0.500        ; -0.012     ; 2.386      ;
; -1.783 ; inst4     ; paralelo_serie_384b:inst1|shift_reg[246] ; inst4        ; inst|altpll_component|auto_generated|pll1|clk[0] ; 0.500        ; -0.013     ; 2.385      ;
; -1.783 ; inst4     ; paralelo_serie_384b:inst1|shift_reg[247] ; inst4        ; inst|altpll_component|auto_generated|pll1|clk[0] ; 0.500        ; -0.013     ; 2.385      ;
; -1.783 ; inst4     ; paralelo_serie_384b:inst1|shift_reg[248] ; inst4        ; inst|altpll_component|auto_generated|pll1|clk[0] ; 0.500        ; -0.012     ; 2.386      ;
; -1.783 ; inst4     ; paralelo_serie_384b:inst1|shift_reg[249] ; inst4        ; inst|altpll_component|auto_generated|pll1|clk[0] ; 0.500        ; -0.012     ; 2.386      ;
; -1.783 ; inst4     ; paralelo_serie_384b:inst1|shift_reg[250] ; inst4        ; inst|altpll_component|auto_generated|pll1|clk[0] ; 0.500        ; -0.012     ; 2.386      ;
; -1.783 ; inst4     ; paralelo_serie_384b:inst1|shift_reg[251] ; inst4        ; inst|altpll_component|auto_generated|pll1|clk[0] ; 0.500        ; -0.012     ; 2.386      ;
; -1.783 ; inst4     ; paralelo_serie_384b:inst1|shift_reg[252] ; inst4        ; inst|altpll_component|auto_generated|pll1|clk[0] ; 0.500        ; -0.012     ; 2.386      ;
; -1.783 ; inst4     ; paralelo_serie_384b:inst1|shift_reg[253] ; inst4        ; inst|altpll_component|auto_generated|pll1|clk[0] ; 0.500        ; -0.012     ; 2.386      ;
; -1.783 ; inst4     ; paralelo_serie_384b:inst1|shift_reg[254] ; inst4        ; inst|altpll_component|auto_generated|pll1|clk[0] ; 0.500        ; -0.013     ; 2.385      ;
; -1.783 ; inst4     ; paralelo_serie_384b:inst1|shift_reg[255] ; inst4        ; inst|altpll_component|auto_generated|pll1|clk[0] ; 0.500        ; -0.013     ; 2.385      ;
; -1.783 ; inst4     ; paralelo_serie_384b:inst1|shift_reg[256] ; inst4        ; inst|altpll_component|auto_generated|pll1|clk[0] ; 0.500        ; -0.013     ; 2.385      ;
; -1.783 ; inst4     ; paralelo_serie_384b:inst1|shift_reg[266] ; inst4        ; inst|altpll_component|auto_generated|pll1|clk[0] ; 0.500        ; -0.013     ; 2.385      ;
; -1.783 ; inst4     ; paralelo_serie_384b:inst1|shift_reg[267] ; inst4        ; inst|altpll_component|auto_generated|pll1|clk[0] ; 0.500        ; -0.013     ; 2.385      ;
; -1.783 ; inst4     ; paralelo_serie_384b:inst1|shift_reg[268] ; inst4        ; inst|altpll_component|auto_generated|pll1|clk[0] ; 0.500        ; -0.013     ; 2.385      ;
; -1.783 ; inst4     ; paralelo_serie_384b:inst1|shift_reg[269] ; inst4        ; inst|altpll_component|auto_generated|pll1|clk[0] ; 0.500        ; -0.013     ; 2.385      ;
; -1.783 ; inst4     ; paralelo_serie_384b:inst1|shift_reg[270] ; inst4        ; inst|altpll_component|auto_generated|pll1|clk[0] ; 0.500        ; -0.013     ; 2.385      ;
; -1.783 ; inst4     ; paralelo_serie_384b:inst1|shift_reg[271] ; inst4        ; inst|altpll_component|auto_generated|pll1|clk[0] ; 0.500        ; -0.013     ; 2.385      ;
; -1.783 ; inst4     ; paralelo_serie_384b:inst1|shift_reg[272] ; inst4        ; inst|altpll_component|auto_generated|pll1|clk[0] ; 0.500        ; -0.013     ; 2.385      ;
; -1.783 ; inst4     ; paralelo_serie_384b:inst1|shift_reg[273] ; inst4        ; inst|altpll_component|auto_generated|pll1|clk[0] ; 0.500        ; -0.013     ; 2.385      ;
; -1.783 ; inst4     ; paralelo_serie_384b:inst1|shift_reg[274] ; inst4        ; inst|altpll_component|auto_generated|pll1|clk[0] ; 0.500        ; -0.013     ; 2.385      ;
; -1.783 ; inst4     ; paralelo_serie_384b:inst1|shift_reg[275] ; inst4        ; inst|altpll_component|auto_generated|pll1|clk[0] ; 0.500        ; -0.013     ; 2.385      ;
; -1.783 ; inst4     ; paralelo_serie_384b:inst1|shift_reg[276] ; inst4        ; inst|altpll_component|auto_generated|pll1|clk[0] ; 0.500        ; -0.013     ; 2.385      ;
; -1.783 ; inst4     ; paralelo_serie_384b:inst1|shift_reg[277] ; inst4        ; inst|altpll_component|auto_generated|pll1|clk[0] ; 0.500        ; -0.013     ; 2.385      ;
; -1.783 ; inst4     ; paralelo_serie_384b:inst1|shift_reg[278] ; inst4        ; inst|altpll_component|auto_generated|pll1|clk[0] ; 0.500        ; -0.013     ; 2.385      ;
; -1.783 ; inst4     ; paralelo_serie_384b:inst1|shift_reg[279] ; inst4        ; inst|altpll_component|auto_generated|pll1|clk[0] ; 0.500        ; -0.013     ; 2.385      ;
; -1.783 ; inst4     ; paralelo_serie_384b:inst1|shift_reg[280] ; inst4        ; inst|altpll_component|auto_generated|pll1|clk[0] ; 0.500        ; -0.013     ; 2.385      ;
; -1.783 ; inst4     ; paralelo_serie_384b:inst1|shift_reg[281] ; inst4        ; inst|altpll_component|auto_generated|pll1|clk[0] ; 0.500        ; -0.013     ; 2.385      ;
; -1.783 ; inst4     ; paralelo_serie_384b:inst1|shift_reg[282] ; inst4        ; inst|altpll_component|auto_generated|pll1|clk[0] ; 0.500        ; -0.013     ; 2.385      ;
; -1.783 ; inst4     ; paralelo_serie_384b:inst1|shift_reg[283] ; inst4        ; inst|altpll_component|auto_generated|pll1|clk[0] ; 0.500        ; -0.013     ; 2.385      ;
; -1.783 ; inst4     ; paralelo_serie_384b:inst1|shift_reg[284] ; inst4        ; inst|altpll_component|auto_generated|pll1|clk[0] ; 0.500        ; -0.013     ; 2.385      ;
; -1.783 ; inst4     ; paralelo_serie_384b:inst1|shift_reg[285] ; inst4        ; inst|altpll_component|auto_generated|pll1|clk[0] ; 0.500        ; -0.013     ; 2.385      ;
; -1.783 ; inst4     ; paralelo_serie_384b:inst1|shift_reg[286] ; inst4        ; inst|altpll_component|auto_generated|pll1|clk[0] ; 0.500        ; -0.013     ; 2.385      ;
; -1.783 ; inst4     ; paralelo_serie_384b:inst1|shift_reg[287] ; inst4        ; inst|altpll_component|auto_generated|pll1|clk[0] ; 0.500        ; -0.013     ; 2.385      ;
; -1.783 ; inst4     ; paralelo_serie_384b:inst1|shift_reg[288] ; inst4        ; inst|altpll_component|auto_generated|pll1|clk[0] ; 0.500        ; -0.013     ; 2.385      ;
; -1.783 ; inst4     ; paralelo_serie_384b:inst1|shift_reg[289] ; inst4        ; inst|altpll_component|auto_generated|pll1|clk[0] ; 0.500        ; -0.013     ; 2.385      ;
; -1.783 ; inst4     ; paralelo_serie_384b:inst1|shift_reg[290] ; inst4        ; inst|altpll_component|auto_generated|pll1|clk[0] ; 0.500        ; -0.013     ; 2.385      ;
; -1.783 ; inst4     ; paralelo_serie_384b:inst1|shift_reg[291] ; inst4        ; inst|altpll_component|auto_generated|pll1|clk[0] ; 0.500        ; -0.013     ; 2.385      ;
; -1.783 ; inst4     ; paralelo_serie_384b:inst1|shift_reg[292] ; inst4        ; inst|altpll_component|auto_generated|pll1|clk[0] ; 0.500        ; -0.013     ; 2.385      ;
; -1.783 ; inst4     ; paralelo_serie_384b:inst1|shift_reg[293] ; inst4        ; inst|altpll_component|auto_generated|pll1|clk[0] ; 0.500        ; -0.013     ; 2.385      ;
; -1.783 ; inst4     ; paralelo_serie_384b:inst1|shift_reg[294] ; inst4        ; inst|altpll_component|auto_generated|pll1|clk[0] ; 0.500        ; -0.013     ; 2.385      ;
; -1.783 ; inst4     ; paralelo_serie_384b:inst1|shift_reg[295] ; inst4        ; inst|altpll_component|auto_generated|pll1|clk[0] ; 0.500        ; -0.013     ; 2.385      ;
; -1.783 ; inst4     ; paralelo_serie_384b:inst1|shift_reg[296] ; inst4        ; inst|altpll_component|auto_generated|pll1|clk[0] ; 0.500        ; -0.013     ; 2.385      ;
; -1.783 ; inst4     ; paralelo_serie_384b:inst1|shift_reg[297] ; inst4        ; inst|altpll_component|auto_generated|pll1|clk[0] ; 0.500        ; -0.016     ; 2.382      ;
; -1.783 ; inst4     ; paralelo_serie_384b:inst1|shift_reg[298] ; inst4        ; inst|altpll_component|auto_generated|pll1|clk[0] ; 0.500        ; -0.016     ; 2.382      ;
; -1.783 ; inst4     ; paralelo_serie_384b:inst1|shift_reg[299] ; inst4        ; inst|altpll_component|auto_generated|pll1|clk[0] ; 0.500        ; -0.016     ; 2.382      ;
; -1.783 ; inst4     ; paralelo_serie_384b:inst1|shift_reg[300] ; inst4        ; inst|altpll_component|auto_generated|pll1|clk[0] ; 0.500        ; -0.016     ; 2.382      ;
; -1.783 ; inst4     ; paralelo_serie_384b:inst1|shift_reg[301] ; inst4        ; inst|altpll_component|auto_generated|pll1|clk[0] ; 0.500        ; -0.016     ; 2.382      ;
; -1.783 ; inst4     ; paralelo_serie_384b:inst1|shift_reg[302] ; inst4        ; inst|altpll_component|auto_generated|pll1|clk[0] ; 0.500        ; -0.016     ; 2.382      ;
; -1.783 ; inst4     ; paralelo_serie_384b:inst1|shift_reg[303] ; inst4        ; inst|altpll_component|auto_generated|pll1|clk[0] ; 0.500        ; -0.016     ; 2.382      ;
; -1.783 ; inst4     ; paralelo_serie_384b:inst1|shift_reg[304] ; inst4        ; inst|altpll_component|auto_generated|pll1|clk[0] ; 0.500        ; -0.016     ; 2.382      ;
; -1.783 ; inst4     ; paralelo_serie_384b:inst1|shift_reg[305] ; inst4        ; inst|altpll_component|auto_generated|pll1|clk[0] ; 0.500        ; -0.016     ; 2.382      ;
; -1.782 ; inst4     ; paralelo_serie_384b:inst1|shift_reg[202] ; inst4        ; inst|altpll_component|auto_generated|pll1|clk[0] ; 0.500        ; -0.015     ; 2.382      ;
; -1.782 ; inst4     ; paralelo_serie_384b:inst1|shift_reg[203] ; inst4        ; inst|altpll_component|auto_generated|pll1|clk[0] ; 0.500        ; -0.015     ; 2.382      ;
; -1.782 ; inst4     ; paralelo_serie_384b:inst1|shift_reg[204] ; inst4        ; inst|altpll_component|auto_generated|pll1|clk[0] ; 0.500        ; -0.015     ; 2.382      ;
; -1.782 ; inst4     ; paralelo_serie_384b:inst1|shift_reg[205] ; inst4        ; inst|altpll_component|auto_generated|pll1|clk[0] ; 0.500        ; -0.015     ; 2.382      ;
; -1.782 ; inst4     ; paralelo_serie_384b:inst1|shift_reg[206] ; inst4        ; inst|altpll_component|auto_generated|pll1|clk[0] ; 0.500        ; -0.015     ; 2.382      ;
; -1.782 ; inst4     ; paralelo_serie_384b:inst1|shift_reg[207] ; inst4        ; inst|altpll_component|auto_generated|pll1|clk[0] ; 0.500        ; -0.015     ; 2.382      ;
; -1.782 ; inst4     ; paralelo_serie_384b:inst1|shift_reg[208] ; inst4        ; inst|altpll_component|auto_generated|pll1|clk[0] ; 0.500        ; -0.015     ; 2.382      ;
; -1.782 ; inst4     ; paralelo_serie_384b:inst1|shift_reg[209] ; inst4        ; inst|altpll_component|auto_generated|pll1|clk[0] ; 0.500        ; -0.015     ; 2.382      ;
; -1.782 ; inst4     ; paralelo_serie_384b:inst1|shift_reg[210] ; inst4        ; inst|altpll_component|auto_generated|pll1|clk[0] ; 0.500        ; -0.015     ; 2.382      ;
; -1.782 ; inst4     ; paralelo_serie_384b:inst1|shift_reg[211] ; inst4        ; inst|altpll_component|auto_generated|pll1|clk[0] ; 0.500        ; -0.015     ; 2.382      ;
; -1.782 ; inst4     ; paralelo_serie_384b:inst1|shift_reg[212] ; inst4        ; inst|altpll_component|auto_generated|pll1|clk[0] ; 0.500        ; -0.015     ; 2.382      ;
; -1.782 ; inst4     ; paralelo_serie_384b:inst1|shift_reg[213] ; inst4        ; inst|altpll_component|auto_generated|pll1|clk[0] ; 0.500        ; -0.015     ; 2.382      ;
; -1.782 ; inst4     ; paralelo_serie_384b:inst1|shift_reg[214] ; inst4        ; inst|altpll_component|auto_generated|pll1|clk[0] ; 0.500        ; -0.015     ; 2.382      ;
; -1.782 ; inst4     ; paralelo_serie_384b:inst1|shift_reg[215] ; inst4        ; inst|altpll_component|auto_generated|pll1|clk[0] ; 0.500        ; -0.015     ; 2.382      ;
; -1.782 ; inst4     ; paralelo_serie_384b:inst1|shift_reg[216] ; inst4        ; inst|altpll_component|auto_generated|pll1|clk[0] ; 0.500        ; -0.015     ; 2.382      ;
; -1.782 ; inst4     ; paralelo_serie_384b:inst1|shift_reg[217] ; inst4        ; inst|altpll_component|auto_generated|pll1|clk[0] ; 0.500        ; -0.015     ; 2.382      ;
; -1.782 ; inst4     ; paralelo_serie_384b:inst1|shift_reg[218] ; inst4        ; inst|altpll_component|auto_generated|pll1|clk[0] ; 0.500        ; -0.015     ; 2.382      ;
; -1.782 ; inst4     ; paralelo_serie_384b:inst1|shift_reg[219] ; inst4        ; inst|altpll_component|auto_generated|pll1|clk[0] ; 0.500        ; -0.015     ; 2.382      ;
; -1.782 ; inst4     ; paralelo_serie_384b:inst1|shift_reg[220] ; inst4        ; inst|altpll_component|auto_generated|pll1|clk[0] ; 0.500        ; -0.015     ; 2.382      ;
; -1.782 ; inst4     ; paralelo_serie_384b:inst1|shift_reg[221] ; inst4        ; inst|altpll_component|auto_generated|pll1|clk[0] ; 0.500        ; -0.015     ; 2.382      ;
; -1.782 ; inst4     ; paralelo_serie_384b:inst1|shift_reg[222] ; inst4        ; inst|altpll_component|auto_generated|pll1|clk[0] ; 0.500        ; -0.015     ; 2.382      ;
; -1.782 ; inst4     ; paralelo_serie_384b:inst1|shift_reg[223] ; inst4        ; inst|altpll_component|auto_generated|pll1|clk[0] ; 0.500        ; -0.015     ; 2.382      ;
; -1.782 ; inst4     ; paralelo_serie_384b:inst1|shift_reg[224] ; inst4        ; inst|altpll_component|auto_generated|pll1|clk[0] ; 0.500        ; -0.015     ; 2.382      ;
+--------+-----------+------------------------------------------+--------------+--------------------------------------------------+--------------+------------+------------+


+-----------------------------------------------------------------------------------------------------------------------------------------------------------+
; Slow 1200mV 0C Model Recovery: 'inst|altpll_component|auto_generated|pll1|clk[1]'                                                                         ;
+--------+-----------+---------------------------+--------------+--------------------------------------------------+--------------+------------+------------+
; Slack  ; From Node ; To Node                   ; Launch Clock ; Latch Clock                                      ; Relationship ; Clock Skew ; Data Delay ;
+--------+-----------+---------------------------+--------------+--------------------------------------------------+--------------+------------+------------+
; -1.462 ; inst4     ; pulso_384:inst12|count[0] ; inst4        ; inst|altpll_component|auto_generated|pll1|clk[1] ; 0.500        ; 0.294      ; 2.371      ;
; -1.462 ; inst4     ; pulso_384:inst12|count[1] ; inst4        ; inst|altpll_component|auto_generated|pll1|clk[1] ; 0.500        ; 0.294      ; 2.371      ;
; -1.462 ; inst4     ; pulso_384:inst12|count[2] ; inst4        ; inst|altpll_component|auto_generated|pll1|clk[1] ; 0.500        ; 0.294      ; 2.371      ;
; -1.462 ; inst4     ; pulso_384:inst12|count[3] ; inst4        ; inst|altpll_component|auto_generated|pll1|clk[1] ; 0.500        ; 0.294      ; 2.371      ;
; -1.462 ; inst4     ; pulso_384:inst12|count[4] ; inst4        ; inst|altpll_component|auto_generated|pll1|clk[1] ; 0.500        ; 0.294      ; 2.371      ;
; -1.462 ; inst4     ; pulso_384:inst12|count[5] ; inst4        ; inst|altpll_component|auto_generated|pll1|clk[1] ; 0.500        ; 0.294      ; 2.371      ;
; -1.462 ; inst4     ; pulso_384:inst12|count[6] ; inst4        ; inst|altpll_component|auto_generated|pll1|clk[1] ; 0.500        ; 0.294      ; 2.371      ;
; -1.462 ; inst4     ; pulso_384:inst12|count[8] ; inst4        ; inst|altpll_component|auto_generated|pll1|clk[1] ; 0.500        ; 0.294      ; 2.371      ;
; -1.462 ; inst4     ; pulso_384:inst12|count[7] ; inst4        ; inst|altpll_component|auto_generated|pll1|clk[1] ; 0.500        ; 0.294      ; 2.371      ;
; -1.435 ; inst4     ; pulso_384:inst12|strt     ; inst4        ; inst|altpll_component|auto_generated|pll1|clk[1] ; 0.500        ; 0.321      ; 2.371      ;
; -1.435 ; inst4     ; pulso_384:inst12|pulso    ; inst4        ; inst|altpll_component|auto_generated|pll1|clk[1] ; 0.500        ; 0.321      ; 2.371      ;
; -0.935 ; inst4     ; pulso_384:inst12|count[0] ; inst4        ; inst|altpll_component|auto_generated|pll1|clk[1] ; 1.000        ; 0.294      ; 2.344      ;
; -0.935 ; inst4     ; pulso_384:inst12|count[1] ; inst4        ; inst|altpll_component|auto_generated|pll1|clk[1] ; 1.000        ; 0.294      ; 2.344      ;
; -0.935 ; inst4     ; pulso_384:inst12|count[2] ; inst4        ; inst|altpll_component|auto_generated|pll1|clk[1] ; 1.000        ; 0.294      ; 2.344      ;
; -0.935 ; inst4     ; pulso_384:inst12|count[3] ; inst4        ; inst|altpll_component|auto_generated|pll1|clk[1] ; 1.000        ; 0.294      ; 2.344      ;
; -0.935 ; inst4     ; pulso_384:inst12|count[4] ; inst4        ; inst|altpll_component|auto_generated|pll1|clk[1] ; 1.000        ; 0.294      ; 2.344      ;
; -0.935 ; inst4     ; pulso_384:inst12|count[5] ; inst4        ; inst|altpll_component|auto_generated|pll1|clk[1] ; 1.000        ; 0.294      ; 2.344      ;
; -0.935 ; inst4     ; pulso_384:inst12|count[6] ; inst4        ; inst|altpll_component|auto_generated|pll1|clk[1] ; 1.000        ; 0.294      ; 2.344      ;
; -0.935 ; inst4     ; pulso_384:inst12|count[8] ; inst4        ; inst|altpll_component|auto_generated|pll1|clk[1] ; 1.000        ; 0.294      ; 2.344      ;
; -0.935 ; inst4     ; pulso_384:inst12|count[7] ; inst4        ; inst|altpll_component|auto_generated|pll1|clk[1] ; 1.000        ; 0.294      ; 2.344      ;
; -0.908 ; inst4     ; pulso_384:inst12|strt     ; inst4        ; inst|altpll_component|auto_generated|pll1|clk[1] ; 1.000        ; 0.321      ; 2.344      ;
; -0.908 ; inst4     ; pulso_384:inst12|pulso    ; inst4        ; inst|altpll_component|auto_generated|pll1|clk[1] ; 1.000        ; 0.321      ; 2.344      ;
+--------+-----------+---------------------------+--------------+--------------------------------------------------+--------------+------------+------------+


+----------------------------------------------------------------------------------------------------------------------------------------------------------------------------------+
; Slow 1200mV 0C Model Removal: 'inst|altpll_component|auto_generated|pll1|clk[0]'                                                                                                 ;
+-------+-----------+---------------------------------------------------+--------------+--------------------------------------------------+--------------+------------+------------+
; Slack ; From Node ; To Node                                           ; Launch Clock ; Latch Clock                                      ; Relationship ; Clock Skew ; Data Delay ;
+-------+-----------+---------------------------------------------------+--------------+--------------------------------------------------+--------------+------------+------------+
; 1.124 ; inst4     ; paralelo_serie_384b:inst1|shift_reg[354]          ; inst4        ; inst|altpll_component|auto_generated|pll1|clk[0] ; 0.000        ; 0.695      ; 2.253      ;
; 1.131 ; inst4     ; paralelo_serie_384b:inst1|shift_reg[191]          ; inst4        ; inst|altpll_component|auto_generated|pll1|clk[0] ; 0.000        ; 0.692      ; 2.257      ;
; 1.131 ; inst4     ; paralelo_serie_384b:inst1|shift_reg[306]          ; inst4        ; inst|altpll_component|auto_generated|pll1|clk[0] ; 0.000        ; 0.688      ; 2.253      ;
; 1.147 ; inst4     ; paralelo_serie_384b:inst1|shift_reg[157]          ; inst4        ; inst|altpll_component|auto_generated|pll1|clk[0] ; 0.000        ; 0.670      ; 2.251      ;
; 1.147 ; inst4     ; paralelo_serie_384b:inst1|shift_reg[314]          ; inst4        ; inst|altpll_component|auto_generated|pll1|clk[0] ; 0.000        ; 0.674      ; 2.255      ;
; 1.147 ; inst4     ; paralelo_serie_384b:inst1|shift_reg[330]          ; inst4        ; inst|altpll_component|auto_generated|pll1|clk[0] ; 0.000        ; 0.678      ; 2.259      ;
; 1.148 ; inst4     ; paralelo_serie_384b:inst1|shift_reg[0]            ; inst4        ; inst|altpll_component|auto_generated|pll1|clk[0] ; 0.000        ; 0.685      ; 2.267      ;
; 1.148 ; inst4     ; paralelo_serie_384b:inst1|shift_reg[44]           ; inst4        ; inst|altpll_component|auto_generated|pll1|clk[0] ; 0.000        ; 0.676      ; 2.258      ;
; 1.148 ; inst4     ; paralelo_serie_384b:inst1|shift_reg[161]          ; inst4        ; inst|altpll_component|auto_generated|pll1|clk[0] ; 0.000        ; 0.672      ; 2.254      ;
; 1.156 ; inst4     ; paralelo_serie_384b:inst1|shift_reg[201]          ; inst4        ; inst|altpll_component|auto_generated|pll1|clk[0] ; 0.000        ; 0.671      ; 2.261      ;
; 1.156 ; inst4     ; paralelo_serie_384b:inst1|shift_reg[228]          ; inst4        ; inst|altpll_component|auto_generated|pll1|clk[0] ; 0.000        ; 0.673      ; 2.263      ;
; 1.156 ; inst4     ; paralelo_serie_384b:inst1|shift_reg[257]          ; inst4        ; inst|altpll_component|auto_generated|pll1|clk[0] ; 0.000        ; 0.667      ; 2.257      ;
; 1.156 ; inst4     ; paralelo_serie_384b:inst1|shift_reg[258]          ; inst4        ; inst|altpll_component|auto_generated|pll1|clk[0] ; 0.000        ; 0.667      ; 2.257      ;
; 1.156 ; inst4     ; paralelo_serie_384b:inst1|shift_reg[265]          ; inst4        ; inst|altpll_component|auto_generated|pll1|clk[0] ; 0.000        ; 0.673      ; 2.263      ;
; 1.177 ; inst4     ; paralelo_serie_384b:inst1|shift_reg[370]          ; inst4        ; inst|altpll_component|auto_generated|pll1|clk[0] ; 0.000        ; 0.645      ; 2.256      ;
; 1.177 ; inst4     ; paralelo_serie_384b:inst1|shift_reg[371]          ; inst4        ; inst|altpll_component|auto_generated|pll1|clk[0] ; 0.000        ; 0.645      ; 2.256      ;
; 1.177 ; inst4     ; paralelo_serie_384b:inst1|shift_reg[372]          ; inst4        ; inst|altpll_component|auto_generated|pll1|clk[0] ; 0.000        ; 0.645      ; 2.256      ;
; 1.177 ; inst4     ; paralelo_serie_384b:inst1|shift_reg[373]          ; inst4        ; inst|altpll_component|auto_generated|pll1|clk[0] ; 0.000        ; 0.645      ; 2.256      ;
; 1.177 ; inst4     ; paralelo_serie_384b:inst1|shift_reg[374]          ; inst4        ; inst|altpll_component|auto_generated|pll1|clk[0] ; 0.000        ; 0.645      ; 2.256      ;
; 1.177 ; inst4     ; paralelo_serie_384b:inst1|shift_reg[375]          ; inst4        ; inst|altpll_component|auto_generated|pll1|clk[0] ; 0.000        ; 0.645      ; 2.256      ;
; 1.177 ; inst4     ; paralelo_serie_384b:inst1|shift_reg[376]          ; inst4        ; inst|altpll_component|auto_generated|pll1|clk[0] ; 0.000        ; 0.645      ; 2.256      ;
; 1.177 ; inst4     ; paralelo_serie_384b:inst1|shift_reg[377]          ; inst4        ; inst|altpll_component|auto_generated|pll1|clk[0] ; 0.000        ; 0.645      ; 2.256      ;
; 1.177 ; inst4     ; paralelo_serie_384b:inst1|shift_reg[378]          ; inst4        ; inst|altpll_component|auto_generated|pll1|clk[0] ; 0.000        ; 0.645      ; 2.256      ;
; 1.177 ; inst4     ; paralelo_serie_384b:inst1|shift_reg[379]          ; inst4        ; inst|altpll_component|auto_generated|pll1|clk[0] ; 0.000        ; 0.645      ; 2.256      ;
; 1.177 ; inst4     ; paralelo_serie_384b:inst1|shift_reg[380]          ; inst4        ; inst|altpll_component|auto_generated|pll1|clk[0] ; 0.000        ; 0.645      ; 2.256      ;
; 1.177 ; inst4     ; paralelo_serie_384b:inst1|shift_reg[381]          ; inst4        ; inst|altpll_component|auto_generated|pll1|clk[0] ; 0.000        ; 0.645      ; 2.256      ;
; 1.177 ; inst4     ; paralelo_serie_384b:inst1|shift_reg[382]          ; inst4        ; inst|altpll_component|auto_generated|pll1|clk[0] ; 0.000        ; 0.645      ; 2.256      ;
; 1.177 ; inst4     ; paralelo_serie_384b:inst1|shift_reg[383]          ; inst4        ; inst|altpll_component|auto_generated|pll1|clk[0] ; 0.000        ; 0.645      ; 2.256      ;
; 1.476 ; inst4     ; paralelo_serie_384b:inst1|shift_reg[36]           ; inst4        ; inst|altpll_component|auto_generated|pll1|clk[0] ; 0.000        ; 0.349      ; 2.259      ;
; 1.476 ; inst4     ; paralelo_serie_384b:inst1|shift_reg[37]           ; inst4        ; inst|altpll_component|auto_generated|pll1|clk[0] ; 0.000        ; 0.349      ; 2.259      ;
; 1.476 ; inst4     ; paralelo_serie_384b:inst1|shift_reg[38]           ; inst4        ; inst|altpll_component|auto_generated|pll1|clk[0] ; 0.000        ; 0.349      ; 2.259      ;
; 1.476 ; inst4     ; paralelo_serie_384b:inst1|shift_reg[43]           ; inst4        ; inst|altpll_component|auto_generated|pll1|clk[0] ; 0.000        ; 0.348      ; 2.258      ;
; 1.477 ; inst4     ; paralelo_serie_384b:inst1|shift_reg[24]~_emulated ; inst4        ; inst|altpll_component|auto_generated|pll1|clk[0] ; 0.000        ; 0.348      ; 2.259      ;
; 1.477 ; inst4     ; paralelo_serie_384b:inst1|shift_reg[25]           ; inst4        ; inst|altpll_component|auto_generated|pll1|clk[0] ; 0.000        ; 0.348      ; 2.259      ;
; 1.477 ; inst4     ; paralelo_serie_384b:inst1|shift_reg[26]           ; inst4        ; inst|altpll_component|auto_generated|pll1|clk[0] ; 0.000        ; 0.348      ; 2.259      ;
; 1.477 ; inst4     ; paralelo_serie_384b:inst1|shift_reg[27]~_emulated ; inst4        ; inst|altpll_component|auto_generated|pll1|clk[0] ; 0.000        ; 0.348      ; 2.259      ;
; 1.477 ; inst4     ; paralelo_serie_384b:inst1|shift_reg[28]           ; inst4        ; inst|altpll_component|auto_generated|pll1|clk[0] ; 0.000        ; 0.348      ; 2.259      ;
; 1.477 ; inst4     ; paralelo_serie_384b:inst1|shift_reg[29]           ; inst4        ; inst|altpll_component|auto_generated|pll1|clk[0] ; 0.000        ; 0.348      ; 2.259      ;
; 1.477 ; inst4     ; paralelo_serie_384b:inst1|shift_reg[30]           ; inst4        ; inst|altpll_component|auto_generated|pll1|clk[0] ; 0.000        ; 0.348      ; 2.259      ;
; 1.477 ; inst4     ; paralelo_serie_384b:inst1|shift_reg[31]           ; inst4        ; inst|altpll_component|auto_generated|pll1|clk[0] ; 0.000        ; 0.348      ; 2.259      ;
; 1.477 ; inst4     ; paralelo_serie_384b:inst1|shift_reg[32]~_emulated ; inst4        ; inst|altpll_component|auto_generated|pll1|clk[0] ; 0.000        ; 0.348      ; 2.259      ;
; 1.477 ; inst4     ; paralelo_serie_384b:inst1|shift_reg[33]           ; inst4        ; inst|altpll_component|auto_generated|pll1|clk[0] ; 0.000        ; 0.348      ; 2.259      ;
; 1.477 ; inst4     ; paralelo_serie_384b:inst1|shift_reg[34]           ; inst4        ; inst|altpll_component|auto_generated|pll1|clk[0] ; 0.000        ; 0.348      ; 2.259      ;
; 1.477 ; inst4     ; paralelo_serie_384b:inst1|shift_reg[35]           ; inst4        ; inst|altpll_component|auto_generated|pll1|clk[0] ; 0.000        ; 0.348      ; 2.259      ;
; 1.477 ; inst4     ; paralelo_serie_384b:inst1|shift_reg[39]           ; inst4        ; inst|altpll_component|auto_generated|pll1|clk[0] ; 0.000        ; 0.348      ; 2.259      ;
; 1.477 ; inst4     ; paralelo_serie_384b:inst1|shift_reg[40]~_emulated ; inst4        ; inst|altpll_component|auto_generated|pll1|clk[0] ; 0.000        ; 0.348      ; 2.259      ;
; 1.477 ; inst4     ; paralelo_serie_384b:inst1|shift_reg[41]           ; inst4        ; inst|altpll_component|auto_generated|pll1|clk[0] ; 0.000        ; 0.348      ; 2.259      ;
; 1.477 ; inst4     ; paralelo_serie_384b:inst1|shift_reg[42]           ; inst4        ; inst|altpll_component|auto_generated|pll1|clk[0] ; 0.000        ; 0.348      ; 2.259      ;
; 1.477 ; inst4     ; paralelo_serie_384b:inst1|shift_reg[48]~_emulated ; inst4        ; inst|altpll_component|auto_generated|pll1|clk[0] ; 0.000        ; 0.346      ; 2.257      ;
; 1.477 ; inst4     ; paralelo_serie_384b:inst1|shift_reg[51]~_emulated ; inst4        ; inst|altpll_component|auto_generated|pll1|clk[0] ; 0.000        ; 0.346      ; 2.257      ;
; 1.477 ; inst4     ; paralelo_serie_384b:inst1|shift_reg[52]           ; inst4        ; inst|altpll_component|auto_generated|pll1|clk[0] ; 0.000        ; 0.346      ; 2.257      ;
; 1.477 ; inst4     ; paralelo_serie_384b:inst1|shift_reg[56]~_emulated ; inst4        ; inst|altpll_component|auto_generated|pll1|clk[0] ; 0.000        ; 0.346      ; 2.257      ;
; 1.477 ; inst4     ; paralelo_serie_384b:inst1|shift_reg[59]           ; inst4        ; inst|altpll_component|auto_generated|pll1|clk[0] ; 0.000        ; 0.347      ; 2.258      ;
; 1.477 ; inst4     ; paralelo_serie_384b:inst1|shift_reg[60]           ; inst4        ; inst|altpll_component|auto_generated|pll1|clk[0] ; 0.000        ; 0.347      ; 2.258      ;
; 1.477 ; inst4     ; paralelo_serie_384b:inst1|shift_reg[61]           ; inst4        ; inst|altpll_component|auto_generated|pll1|clk[0] ; 0.000        ; 0.347      ; 2.258      ;
; 1.477 ; inst4     ; paralelo_serie_384b:inst1|shift_reg[62]           ; inst4        ; inst|altpll_component|auto_generated|pll1|clk[0] ; 0.000        ; 0.347      ; 2.258      ;
; 1.477 ; inst4     ; paralelo_serie_384b:inst1|shift_reg[63]           ; inst4        ; inst|altpll_component|auto_generated|pll1|clk[0] ; 0.000        ; 0.347      ; 2.258      ;
; 1.477 ; inst4     ; paralelo_serie_384b:inst1|shift_reg[64]~_emulated ; inst4        ; inst|altpll_component|auto_generated|pll1|clk[0] ; 0.000        ; 0.346      ; 2.257      ;
; 1.477 ; inst4     ; paralelo_serie_384b:inst1|shift_reg[66]           ; inst4        ; inst|altpll_component|auto_generated|pll1|clk[0] ; 0.000        ; 0.347      ; 2.258      ;
; 1.477 ; inst4     ; paralelo_serie_384b:inst1|shift_reg[67]           ; inst4        ; inst|altpll_component|auto_generated|pll1|clk[0] ; 0.000        ; 0.347      ; 2.258      ;
; 1.477 ; inst4     ; paralelo_serie_384b:inst1|shift_reg[72]~_emulated ; inst4        ; inst|altpll_component|auto_generated|pll1|clk[0] ; 0.000        ; 0.346      ; 2.257      ;
; 1.477 ; inst4     ; paralelo_serie_384b:inst1|shift_reg[75]~_emulated ; inst4        ; inst|altpll_component|auto_generated|pll1|clk[0] ; 0.000        ; 0.346      ; 2.257      ;
; 1.477 ; inst4     ; paralelo_serie_384b:inst1|shift_reg[76]           ; inst4        ; inst|altpll_component|auto_generated|pll1|clk[0] ; 0.000        ; 0.346      ; 2.257      ;
; 1.477 ; inst4     ; paralelo_serie_384b:inst1|shift_reg[77]           ; inst4        ; inst|altpll_component|auto_generated|pll1|clk[0] ; 0.000        ; 0.346      ; 2.257      ;
; 1.477 ; inst4     ; paralelo_serie_384b:inst1|shift_reg[78]           ; inst4        ; inst|altpll_component|auto_generated|pll1|clk[0] ; 0.000        ; 0.346      ; 2.257      ;
; 1.477 ; inst4     ; paralelo_serie_384b:inst1|shift_reg[80]~_emulated ; inst4        ; inst|altpll_component|auto_generated|pll1|clk[0] ; 0.000        ; 0.346      ; 2.257      ;
; 1.477 ; inst4     ; paralelo_serie_384b:inst1|shift_reg[81]           ; inst4        ; inst|altpll_component|auto_generated|pll1|clk[0] ; 0.000        ; 0.346      ; 2.257      ;
; 1.477 ; inst4     ; paralelo_serie_384b:inst1|shift_reg[88]~_emulated ; inst4        ; inst|altpll_component|auto_generated|pll1|clk[0] ; 0.000        ; 0.346      ; 2.257      ;
; 1.477 ; inst4     ; paralelo_serie_384b:inst1|shift_reg[89]           ; inst4        ; inst|altpll_component|auto_generated|pll1|clk[0] ; 0.000        ; 0.346      ; 2.257      ;
; 1.477 ; inst4     ; paralelo_serie_384b:inst1|shift_reg[90]           ; inst4        ; inst|altpll_component|auto_generated|pll1|clk[0] ; 0.000        ; 0.346      ; 2.257      ;
; 1.477 ; inst4     ; paralelo_serie_384b:inst1|shift_reg[91]           ; inst4        ; inst|altpll_component|auto_generated|pll1|clk[0] ; 0.000        ; 0.346      ; 2.257      ;
; 1.477 ; inst4     ; paralelo_serie_384b:inst1|shift_reg[92]           ; inst4        ; inst|altpll_component|auto_generated|pll1|clk[0] ; 0.000        ; 0.346      ; 2.257      ;
; 1.477 ; inst4     ; paralelo_serie_384b:inst1|shift_reg[93]           ; inst4        ; inst|altpll_component|auto_generated|pll1|clk[0] ; 0.000        ; 0.346      ; 2.257      ;
; 1.477 ; inst4     ; paralelo_serie_384b:inst1|shift_reg[94]           ; inst4        ; inst|altpll_component|auto_generated|pll1|clk[0] ; 0.000        ; 0.346      ; 2.257      ;
; 1.477 ; inst4     ; paralelo_serie_384b:inst1|shift_reg[95]           ; inst4        ; inst|altpll_component|auto_generated|pll1|clk[0] ; 0.000        ; 0.346      ; 2.257      ;
; 1.477 ; inst4     ; paralelo_serie_384b:inst1|shift_reg[96]           ; inst4        ; inst|altpll_component|auto_generated|pll1|clk[0] ; 0.000        ; 0.346      ; 2.257      ;
; 1.477 ; inst4     ; paralelo_serie_384b:inst1|shift_reg[97]           ; inst4        ; inst|altpll_component|auto_generated|pll1|clk[0] ; 0.000        ; 0.346      ; 2.257      ;
; 1.477 ; inst4     ; paralelo_serie_384b:inst1|shift_reg[98]           ; inst4        ; inst|altpll_component|auto_generated|pll1|clk[0] ; 0.000        ; 0.346      ; 2.257      ;
; 1.477 ; inst4     ; paralelo_serie_384b:inst1|shift_reg[99]           ; inst4        ; inst|altpll_component|auto_generated|pll1|clk[0] ; 0.000        ; 0.346      ; 2.257      ;
; 1.477 ; inst4     ; paralelo_serie_384b:inst1|shift_reg[100]          ; inst4        ; inst|altpll_component|auto_generated|pll1|clk[0] ; 0.000        ; 0.346      ; 2.257      ;
; 1.477 ; inst4     ; paralelo_serie_384b:inst1|shift_reg[101]          ; inst4        ; inst|altpll_component|auto_generated|pll1|clk[0] ; 0.000        ; 0.346      ; 2.257      ;
; 1.477 ; inst4     ; paralelo_serie_384b:inst1|shift_reg[102]          ; inst4        ; inst|altpll_component|auto_generated|pll1|clk[0] ; 0.000        ; 0.346      ; 2.257      ;
; 1.477 ; inst4     ; paralelo_serie_384b:inst1|shift_reg[103]          ; inst4        ; inst|altpll_component|auto_generated|pll1|clk[0] ; 0.000        ; 0.346      ; 2.257      ;
; 1.477 ; inst4     ; paralelo_serie_384b:inst1|shift_reg[104]          ; inst4        ; inst|altpll_component|auto_generated|pll1|clk[0] ; 0.000        ; 0.346      ; 2.257      ;
; 1.477 ; inst4     ; paralelo_serie_384b:inst1|shift_reg[112]          ; inst4        ; inst|altpll_component|auto_generated|pll1|clk[0] ; 0.000        ; 0.346      ; 2.257      ;
; 1.477 ; inst4     ; paralelo_serie_384b:inst1|shift_reg[113]          ; inst4        ; inst|altpll_component|auto_generated|pll1|clk[0] ; 0.000        ; 0.340      ; 2.251      ;
; 1.477 ; inst4     ; paralelo_serie_384b:inst1|shift_reg[114]          ; inst4        ; inst|altpll_component|auto_generated|pll1|clk[0] ; 0.000        ; 0.340      ; 2.251      ;
; 1.477 ; inst4     ; paralelo_serie_384b:inst1|shift_reg[115]          ; inst4        ; inst|altpll_component|auto_generated|pll1|clk[0] ; 0.000        ; 0.340      ; 2.251      ;
; 1.477 ; inst4     ; paralelo_serie_384b:inst1|shift_reg[116]          ; inst4        ; inst|altpll_component|auto_generated|pll1|clk[0] ; 0.000        ; 0.340      ; 2.251      ;
; 1.477 ; inst4     ; paralelo_serie_384b:inst1|shift_reg[117]          ; inst4        ; inst|altpll_component|auto_generated|pll1|clk[0] ; 0.000        ; 0.340      ; 2.251      ;
; 1.477 ; inst4     ; paralelo_serie_384b:inst1|shift_reg[118]          ; inst4        ; inst|altpll_component|auto_generated|pll1|clk[0] ; 0.000        ; 0.340      ; 2.251      ;
; 1.477 ; inst4     ; paralelo_serie_384b:inst1|shift_reg[119]          ; inst4        ; inst|altpll_component|auto_generated|pll1|clk[0] ; 0.000        ; 0.340      ; 2.251      ;
; 1.477 ; inst4     ; paralelo_serie_384b:inst1|shift_reg[120]          ; inst4        ; inst|altpll_component|auto_generated|pll1|clk[0] ; 0.000        ; 0.340      ; 2.251      ;
; 1.477 ; inst4     ; paralelo_serie_384b:inst1|shift_reg[121]          ; inst4        ; inst|altpll_component|auto_generated|pll1|clk[0] ; 0.000        ; 0.340      ; 2.251      ;
; 1.477 ; inst4     ; paralelo_serie_384b:inst1|shift_reg[122]          ; inst4        ; inst|altpll_component|auto_generated|pll1|clk[0] ; 0.000        ; 0.340      ; 2.251      ;
; 1.477 ; inst4     ; paralelo_serie_384b:inst1|shift_reg[123]          ; inst4        ; inst|altpll_component|auto_generated|pll1|clk[0] ; 0.000        ; 0.340      ; 2.251      ;
; 1.477 ; inst4     ; paralelo_serie_384b:inst1|shift_reg[124]          ; inst4        ; inst|altpll_component|auto_generated|pll1|clk[0] ; 0.000        ; 0.340      ; 2.251      ;
; 1.477 ; inst4     ; paralelo_serie_384b:inst1|shift_reg[125]          ; inst4        ; inst|altpll_component|auto_generated|pll1|clk[0] ; 0.000        ; 0.340      ; 2.251      ;
; 1.477 ; inst4     ; paralelo_serie_384b:inst1|shift_reg[126]          ; inst4        ; inst|altpll_component|auto_generated|pll1|clk[0] ; 0.000        ; 0.340      ; 2.251      ;
; 1.477 ; inst4     ; paralelo_serie_384b:inst1|shift_reg[127]          ; inst4        ; inst|altpll_component|auto_generated|pll1|clk[0] ; 0.000        ; 0.340      ; 2.251      ;
+-------+-----------+---------------------------------------------------+--------------+--------------------------------------------------+--------------+------------+------------+


+----------------------------------------------------------------------------------------------------------------------------------------------------------+
; Slow 1200mV 0C Model Removal: 'inst|altpll_component|auto_generated|pll1|clk[1]'                                                                         ;
+-------+-----------+---------------------------+--------------+--------------------------------------------------+--------------+------------+------------+
; Slack ; From Node ; To Node                   ; Launch Clock ; Latch Clock                                      ; Relationship ; Clock Skew ; Data Delay ;
+-------+-----------+---------------------------+--------------+--------------------------------------------------+--------------+------------+------------+
; 1.125 ; inst4     ; pulso_384:inst12|strt     ; inst4        ; inst|altpll_component|auto_generated|pll1|clk[1] ; 0.000        ; 0.691      ; 2.250      ;
; 1.125 ; inst4     ; pulso_384:inst12|pulso    ; inst4        ; inst|altpll_component|auto_generated|pll1|clk[1] ; 0.000        ; 0.691      ; 2.250      ;
; 1.153 ; inst4     ; pulso_384:inst12|count[0] ; inst4        ; inst|altpll_component|auto_generated|pll1|clk[1] ; 0.000        ; 0.663      ; 2.250      ;
; 1.153 ; inst4     ; pulso_384:inst12|count[1] ; inst4        ; inst|altpll_component|auto_generated|pll1|clk[1] ; 0.000        ; 0.663      ; 2.250      ;
; 1.153 ; inst4     ; pulso_384:inst12|count[2] ; inst4        ; inst|altpll_component|auto_generated|pll1|clk[1] ; 0.000        ; 0.663      ; 2.250      ;
; 1.153 ; inst4     ; pulso_384:inst12|count[3] ; inst4        ; inst|altpll_component|auto_generated|pll1|clk[1] ; 0.000        ; 0.663      ; 2.250      ;
; 1.153 ; inst4     ; pulso_384:inst12|count[4] ; inst4        ; inst|altpll_component|auto_generated|pll1|clk[1] ; 0.000        ; 0.663      ; 2.250      ;
; 1.153 ; inst4     ; pulso_384:inst12|count[5] ; inst4        ; inst|altpll_component|auto_generated|pll1|clk[1] ; 0.000        ; 0.663      ; 2.250      ;
; 1.153 ; inst4     ; pulso_384:inst12|count[6] ; inst4        ; inst|altpll_component|auto_generated|pll1|clk[1] ; 0.000        ; 0.663      ; 2.250      ;
; 1.153 ; inst4     ; pulso_384:inst12|count[8] ; inst4        ; inst|altpll_component|auto_generated|pll1|clk[1] ; 0.000        ; 0.663      ; 2.250      ;
; 1.153 ; inst4     ; pulso_384:inst12|count[7] ; inst4        ; inst|altpll_component|auto_generated|pll1|clk[1] ; 0.000        ; 0.663      ; 2.250      ;
; 1.647 ; inst4     ; pulso_384:inst12|strt     ; inst4        ; inst|altpll_component|auto_generated|pll1|clk[1] ; -0.500       ; 0.691      ; 2.272      ;
; 1.647 ; inst4     ; pulso_384:inst12|pulso    ; inst4        ; inst|altpll_component|auto_generated|pll1|clk[1] ; -0.500       ; 0.691      ; 2.272      ;
; 1.675 ; inst4     ; pulso_384:inst12|count[0] ; inst4        ; inst|altpll_component|auto_generated|pll1|clk[1] ; -0.500       ; 0.663      ; 2.272      ;
; 1.675 ; inst4     ; pulso_384:inst12|count[1] ; inst4        ; inst|altpll_component|auto_generated|pll1|clk[1] ; -0.500       ; 0.663      ; 2.272      ;
; 1.675 ; inst4     ; pulso_384:inst12|count[2] ; inst4        ; inst|altpll_component|auto_generated|pll1|clk[1] ; -0.500       ; 0.663      ; 2.272      ;
; 1.675 ; inst4     ; pulso_384:inst12|count[3] ; inst4        ; inst|altpll_component|auto_generated|pll1|clk[1] ; -0.500       ; 0.663      ; 2.272      ;
; 1.675 ; inst4     ; pulso_384:inst12|count[4] ; inst4        ; inst|altpll_component|auto_generated|pll1|clk[1] ; -0.500       ; 0.663      ; 2.272      ;
; 1.675 ; inst4     ; pulso_384:inst12|count[5] ; inst4        ; inst|altpll_component|auto_generated|pll1|clk[1] ; -0.500       ; 0.663      ; 2.272      ;
; 1.675 ; inst4     ; pulso_384:inst12|count[6] ; inst4        ; inst|altpll_component|auto_generated|pll1|clk[1] ; -0.500       ; 0.663      ; 2.272      ;
; 1.675 ; inst4     ; pulso_384:inst12|count[8] ; inst4        ; inst|altpll_component|auto_generated|pll1|clk[1] ; -0.500       ; 0.663      ; 2.272      ;
; 1.675 ; inst4     ; pulso_384:inst12|count[7] ; inst4        ; inst|altpll_component|auto_generated|pll1|clk[1] ; -0.500       ; 0.663      ; 2.272      ;
+-------+-----------+---------------------------+--------------+--------------------------------------------------+--------------+------------+------------+


+----------------------------------------------------------------------------------------------------------------------------+
; Slow 1200mV 0C Model Minimum Pulse Width: 'inst4'                                                                          ;
+-------+--------------+----------------+------------------+-------+------------+--------------------------------------------+
; Slack ; Actual Width ; Required Width ; Type             ; Clock ; Clock Edge ; Target                                     ;
+-------+--------------+----------------+------------------+-------+------------+--------------------------------------------+
; 0.484 ; 0.484        ; 0.000          ; Low Pulse Width  ; inst4 ; Rise       ; inst1|shift_reg[64]~11|datad               ;
; 0.484 ; 0.484        ; 0.000          ; Low Pulse Width  ; inst4 ; Rise       ; inst1|shift_reg[88]~1|datad                ;
; 0.487 ; 0.487        ; 0.000          ; Low Pulse Width  ; inst4 ; Rise       ; inst1|shift_reg[40]~21|datad               ;
; 0.489 ; 0.489        ; 0.000          ; Low Pulse Width  ; inst4 ; Rise       ; inst4~clkctrl|inclk[0]                     ;
; 0.489 ; 0.489        ; 0.000          ; Low Pulse Width  ; inst4 ; Rise       ; inst4~clkctrl|outclk                       ;
; 0.489 ; 0.489        ; 0.000          ; Low Pulse Width  ; inst4 ; Fall       ; paralelo_serie_384b:inst1|shift_reg[40]~21 ;
; 0.492 ; 0.492        ; 0.000          ; Low Pulse Width  ; inst4 ; Fall       ; paralelo_serie_384b:inst1|shift_reg[64]~11 ;
; 0.492 ; 0.492        ; 0.000          ; Low Pulse Width  ; inst4 ; Fall       ; paralelo_serie_384b:inst1|shift_reg[88]~1  ;
; 0.500 ; 0.500        ; 0.000          ; High Pulse Width ; inst4 ; Rise       ; inst4|q                                    ;
; 0.500 ; 0.500        ; 0.000          ; Low Pulse Width  ; inst4 ; Rise       ; inst4|q                                    ;
; 0.506 ; 0.506        ; 0.000          ; High Pulse Width ; inst4 ; Fall       ; paralelo_serie_384b:inst1|shift_reg[88]~1  ;
; 0.507 ; 0.507        ; 0.000          ; High Pulse Width ; inst4 ; Fall       ; paralelo_serie_384b:inst1|shift_reg[64]~11 ;
; 0.509 ; 0.509        ; 0.000          ; High Pulse Width ; inst4 ; Fall       ; paralelo_serie_384b:inst1|shift_reg[40]~21 ;
; 0.511 ; 0.511        ; 0.000          ; High Pulse Width ; inst4 ; Rise       ; inst4~clkctrl|inclk[0]                     ;
; 0.511 ; 0.511        ; 0.000          ; High Pulse Width ; inst4 ; Rise       ; inst4~clkctrl|outclk                       ;
; 0.513 ; 0.513        ; 0.000          ; High Pulse Width ; inst4 ; Rise       ; inst1|shift_reg[40]~21|datad               ;
; 0.515 ; 0.515        ; 0.000          ; High Pulse Width ; inst4 ; Rise       ; inst1|shift_reg[64]~11|datad               ;
; 0.516 ; 0.516        ; 0.000          ; High Pulse Width ; inst4 ; Rise       ; inst1|shift_reg[88]~1|datad                ;
+-------+--------------+----------------+------------------+-------+------------+--------------------------------------------+


+----------------------------------------------------------------------------------------------------------------------------------------------+
; Slow 1200mV 0C Model Minimum Pulse Width: 'inclk0'                                                                                           ;
+--------+--------------+----------------+------------------+--------+------------+------------------------------------------------------------+
; Slack  ; Actual Width ; Required Width ; Type             ; Clock  ; Clock Edge ; Target                                                     ;
+--------+--------------+----------------+------------------+--------+------------+------------------------------------------------------------+
; 9.818  ; 9.818        ; 0.000          ; Low Pulse Width  ; inclk0 ; Rise       ; inst|altpll_component|auto_generated|pll1|clk[0]           ;
; 9.818  ; 9.818        ; 0.000          ; Low Pulse Width  ; inclk0 ; Rise       ; inst|altpll_component|auto_generated|pll1|clk[1]           ;
; 9.818  ; 9.818        ; 0.000          ; Low Pulse Width  ; inclk0 ; Rise       ; inst|altpll_component|auto_generated|pll1|clk[2]           ;
; 9.818  ; 9.818        ; 0.000          ; Low Pulse Width  ; inclk0 ; Rise       ; inst|altpll_component|auto_generated|pll1|observablevcoout ;
; 9.856  ; 9.856        ; 0.000          ; Low Pulse Width  ; inclk0 ; Rise       ; inclk0~input|o                                             ;
; 9.879  ; 9.879        ; 0.000          ; Low Pulse Width  ; inclk0 ; Rise       ; inst|altpll_component|auto_generated|pll1|inclk[0]         ;
; 10.000 ; 10.000       ; 0.000          ; High Pulse Width ; inclk0 ; Rise       ; inclk0~input|i                                             ;
; 10.000 ; 10.000       ; 0.000          ; Low Pulse Width  ; inclk0 ; Rise       ; inclk0~input|i                                             ;
; 10.120 ; 10.120       ; 0.000          ; High Pulse Width ; inclk0 ; Rise       ; inst|altpll_component|auto_generated|pll1|inclk[0]         ;
; 10.144 ; 10.144       ; 0.000          ; High Pulse Width ; inclk0 ; Rise       ; inclk0~input|o                                             ;
; 10.179 ; 10.179       ; 0.000          ; High Pulse Width ; inclk0 ; Rise       ; inst|altpll_component|auto_generated|pll1|clk[0]           ;
; 10.179 ; 10.179       ; 0.000          ; High Pulse Width ; inclk0 ; Rise       ; inst|altpll_component|auto_generated|pll1|clk[1]           ;
; 10.179 ; 10.179       ; 0.000          ; High Pulse Width ; inclk0 ; Rise       ; inst|altpll_component|auto_generated|pll1|clk[2]           ;
; 10.179 ; 10.179       ; 0.000          ; High Pulse Width ; inclk0 ; Rise       ; inst|altpll_component|auto_generated|pll1|observablevcoout ;
; 16.000 ; 20.000       ; 4.000          ; Port Rate        ; inclk0 ; Rise       ; inclk0                                                     ;
+--------+--------------+----------------+------------------+--------+------------+------------------------------------------------------------+


+--------------------------------------------------------------------------------------------------------------------------------------------------------------------------------+
; Slow 1200mV 0C Model Minimum Pulse Width: 'inst|altpll_component|auto_generated|pll1|clk[0]'                                                                                   ;
+---------+--------------+----------------+------------------+--------------------------------------------------+------------+---------------------------------------------------+
; Slack   ; Actual Width ; Required Width ; Type             ; Clock                                            ; Clock Edge ; Target                                            ;
+---------+--------------+----------------+------------------+--------------------------------------------------+------------+---------------------------------------------------+
; 399.744 ; 399.960      ; 0.216          ; High Pulse Width ; inst|altpll_component|auto_generated|pll1|clk[0] ; Rise       ; inst7                                             ;
; 399.779 ; 399.963      ; 0.184          ; Low Pulse Width  ; inst|altpll_component|auto_generated|pll1|clk[0] ; Fall       ; paralelo_serie_384b:inst1|shift_reg[370]          ;
; 399.779 ; 399.963      ; 0.184          ; Low Pulse Width  ; inst|altpll_component|auto_generated|pll1|clk[0] ; Fall       ; paralelo_serie_384b:inst1|shift_reg[371]          ;
; 399.779 ; 399.963      ; 0.184          ; Low Pulse Width  ; inst|altpll_component|auto_generated|pll1|clk[0] ; Fall       ; paralelo_serie_384b:inst1|shift_reg[372]          ;
; 399.779 ; 399.963      ; 0.184          ; Low Pulse Width  ; inst|altpll_component|auto_generated|pll1|clk[0] ; Fall       ; paralelo_serie_384b:inst1|shift_reg[373]          ;
; 399.779 ; 399.963      ; 0.184          ; Low Pulse Width  ; inst|altpll_component|auto_generated|pll1|clk[0] ; Fall       ; paralelo_serie_384b:inst1|shift_reg[374]          ;
; 399.779 ; 399.963      ; 0.184          ; Low Pulse Width  ; inst|altpll_component|auto_generated|pll1|clk[0] ; Fall       ; paralelo_serie_384b:inst1|shift_reg[375]          ;
; 399.779 ; 399.963      ; 0.184          ; Low Pulse Width  ; inst|altpll_component|auto_generated|pll1|clk[0] ; Fall       ; paralelo_serie_384b:inst1|shift_reg[376]          ;
; 399.779 ; 399.963      ; 0.184          ; Low Pulse Width  ; inst|altpll_component|auto_generated|pll1|clk[0] ; Fall       ; paralelo_serie_384b:inst1|shift_reg[377]          ;
; 399.779 ; 399.963      ; 0.184          ; Low Pulse Width  ; inst|altpll_component|auto_generated|pll1|clk[0] ; Fall       ; paralelo_serie_384b:inst1|shift_reg[378]          ;
; 399.779 ; 399.963      ; 0.184          ; Low Pulse Width  ; inst|altpll_component|auto_generated|pll1|clk[0] ; Fall       ; paralelo_serie_384b:inst1|shift_reg[379]          ;
; 399.779 ; 399.963      ; 0.184          ; Low Pulse Width  ; inst|altpll_component|auto_generated|pll1|clk[0] ; Fall       ; paralelo_serie_384b:inst1|shift_reg[380]          ;
; 399.779 ; 399.963      ; 0.184          ; Low Pulse Width  ; inst|altpll_component|auto_generated|pll1|clk[0] ; Fall       ; paralelo_serie_384b:inst1|shift_reg[381]          ;
; 399.779 ; 399.963      ; 0.184          ; Low Pulse Width  ; inst|altpll_component|auto_generated|pll1|clk[0] ; Fall       ; paralelo_serie_384b:inst1|shift_reg[382]          ;
; 399.779 ; 399.963      ; 0.184          ; Low Pulse Width  ; inst|altpll_component|auto_generated|pll1|clk[0] ; Fall       ; paralelo_serie_384b:inst1|shift_reg[383]          ;
; 399.784 ; 399.968      ; 0.184          ; Low Pulse Width  ; inst|altpll_component|auto_generated|pll1|clk[0] ; Fall       ; paralelo_serie_384b:inst1|shift_reg[105]          ;
; 399.784 ; 399.968      ; 0.184          ; Low Pulse Width  ; inst|altpll_component|auto_generated|pll1|clk[0] ; Fall       ; paralelo_serie_384b:inst1|shift_reg[106]          ;
; 399.784 ; 399.968      ; 0.184          ; Low Pulse Width  ; inst|altpll_component|auto_generated|pll1|clk[0] ; Fall       ; paralelo_serie_384b:inst1|shift_reg[107]          ;
; 399.784 ; 399.968      ; 0.184          ; Low Pulse Width  ; inst|altpll_component|auto_generated|pll1|clk[0] ; Fall       ; paralelo_serie_384b:inst1|shift_reg[108]          ;
; 399.784 ; 399.968      ; 0.184          ; Low Pulse Width  ; inst|altpll_component|auto_generated|pll1|clk[0] ; Fall       ; paralelo_serie_384b:inst1|shift_reg[109]          ;
; 399.784 ; 399.968      ; 0.184          ; Low Pulse Width  ; inst|altpll_component|auto_generated|pll1|clk[0] ; Fall       ; paralelo_serie_384b:inst1|shift_reg[110]          ;
; 399.784 ; 399.968      ; 0.184          ; Low Pulse Width  ; inst|altpll_component|auto_generated|pll1|clk[0] ; Fall       ; paralelo_serie_384b:inst1|shift_reg[111]          ;
; 399.784 ; 399.968      ; 0.184          ; Low Pulse Width  ; inst|altpll_component|auto_generated|pll1|clk[0] ; Fall       ; paralelo_serie_384b:inst1|shift_reg[190]          ;
; 399.784 ; 399.968      ; 0.184          ; Low Pulse Width  ; inst|altpll_component|auto_generated|pll1|clk[0] ; Fall       ; paralelo_serie_384b:inst1|shift_reg[192]          ;
; 399.784 ; 399.968      ; 0.184          ; Low Pulse Width  ; inst|altpll_component|auto_generated|pll1|clk[0] ; Fall       ; paralelo_serie_384b:inst1|shift_reg[193]          ;
; 399.784 ; 399.968      ; 0.184          ; Low Pulse Width  ; inst|altpll_component|auto_generated|pll1|clk[0] ; Fall       ; paralelo_serie_384b:inst1|shift_reg[194]          ;
; 399.784 ; 399.968      ; 0.184          ; Low Pulse Width  ; inst|altpll_component|auto_generated|pll1|clk[0] ; Fall       ; paralelo_serie_384b:inst1|shift_reg[195]          ;
; 399.784 ; 399.968      ; 0.184          ; Low Pulse Width  ; inst|altpll_component|auto_generated|pll1|clk[0] ; Fall       ; paralelo_serie_384b:inst1|shift_reg[196]          ;
; 399.784 ; 399.968      ; 0.184          ; Low Pulse Width  ; inst|altpll_component|auto_generated|pll1|clk[0] ; Fall       ; paralelo_serie_384b:inst1|shift_reg[197]          ;
; 399.784 ; 399.968      ; 0.184          ; Low Pulse Width  ; inst|altpll_component|auto_generated|pll1|clk[0] ; Fall       ; paralelo_serie_384b:inst1|shift_reg[198]          ;
; 399.784 ; 399.968      ; 0.184          ; Low Pulse Width  ; inst|altpll_component|auto_generated|pll1|clk[0] ; Fall       ; paralelo_serie_384b:inst1|shift_reg[199]          ;
; 399.784 ; 399.968      ; 0.184          ; Low Pulse Width  ; inst|altpll_component|auto_generated|pll1|clk[0] ; Fall       ; paralelo_serie_384b:inst1|shift_reg[1]            ;
; 399.784 ; 399.968      ; 0.184          ; Low Pulse Width  ; inst|altpll_component|auto_generated|pll1|clk[0] ; Fall       ; paralelo_serie_384b:inst1|shift_reg[200]          ;
; 399.784 ; 399.968      ; 0.184          ; Low Pulse Width  ; inst|altpll_component|auto_generated|pll1|clk[0] ; Fall       ; paralelo_serie_384b:inst1|shift_reg[233]          ;
; 399.784 ; 399.968      ; 0.184          ; Low Pulse Width  ; inst|altpll_component|auto_generated|pll1|clk[0] ; Fall       ; paralelo_serie_384b:inst1|shift_reg[234]          ;
; 399.784 ; 399.968      ; 0.184          ; Low Pulse Width  ; inst|altpll_component|auto_generated|pll1|clk[0] ; Fall       ; paralelo_serie_384b:inst1|shift_reg[235]          ;
; 399.784 ; 399.968      ; 0.184          ; Low Pulse Width  ; inst|altpll_component|auto_generated|pll1|clk[0] ; Fall       ; paralelo_serie_384b:inst1|shift_reg[236]          ;
; 399.784 ; 399.968      ; 0.184          ; Low Pulse Width  ; inst|altpll_component|auto_generated|pll1|clk[0] ; Fall       ; paralelo_serie_384b:inst1|shift_reg[237]          ;
; 399.784 ; 399.968      ; 0.184          ; Low Pulse Width  ; inst|altpll_component|auto_generated|pll1|clk[0] ; Fall       ; paralelo_serie_384b:inst1|shift_reg[238]          ;
; 399.784 ; 399.968      ; 0.184          ; Low Pulse Width  ; inst|altpll_component|auto_generated|pll1|clk[0] ; Fall       ; paralelo_serie_384b:inst1|shift_reg[24]~_emulated ;
; 399.784 ; 399.968      ; 0.184          ; Low Pulse Width  ; inst|altpll_component|auto_generated|pll1|clk[0] ; Fall       ; paralelo_serie_384b:inst1|shift_reg[259]          ;
; 399.784 ; 399.968      ; 0.184          ; Low Pulse Width  ; inst|altpll_component|auto_generated|pll1|clk[0] ; Fall       ; paralelo_serie_384b:inst1|shift_reg[25]           ;
; 399.784 ; 399.968      ; 0.184          ; Low Pulse Width  ; inst|altpll_component|auto_generated|pll1|clk[0] ; Fall       ; paralelo_serie_384b:inst1|shift_reg[260]          ;
; 399.784 ; 399.968      ; 0.184          ; Low Pulse Width  ; inst|altpll_component|auto_generated|pll1|clk[0] ; Fall       ; paralelo_serie_384b:inst1|shift_reg[261]          ;
; 399.784 ; 399.968      ; 0.184          ; Low Pulse Width  ; inst|altpll_component|auto_generated|pll1|clk[0] ; Fall       ; paralelo_serie_384b:inst1|shift_reg[262]          ;
; 399.784 ; 399.968      ; 0.184          ; Low Pulse Width  ; inst|altpll_component|auto_generated|pll1|clk[0] ; Fall       ; paralelo_serie_384b:inst1|shift_reg[263]          ;
; 399.784 ; 399.968      ; 0.184          ; Low Pulse Width  ; inst|altpll_component|auto_generated|pll1|clk[0] ; Fall       ; paralelo_serie_384b:inst1|shift_reg[264]          ;
; 399.784 ; 399.968      ; 0.184          ; Low Pulse Width  ; inst|altpll_component|auto_generated|pll1|clk[0] ; Fall       ; paralelo_serie_384b:inst1|shift_reg[26]           ;
; 399.784 ; 399.968      ; 0.184          ; Low Pulse Width  ; inst|altpll_component|auto_generated|pll1|clk[0] ; Fall       ; paralelo_serie_384b:inst1|shift_reg[27]~_emulated ;
; 399.784 ; 399.968      ; 0.184          ; Low Pulse Width  ; inst|altpll_component|auto_generated|pll1|clk[0] ; Fall       ; paralelo_serie_384b:inst1|shift_reg[28]           ;
; 399.784 ; 399.968      ; 0.184          ; Low Pulse Width  ; inst|altpll_component|auto_generated|pll1|clk[0] ; Fall       ; paralelo_serie_384b:inst1|shift_reg[29]           ;
; 399.784 ; 399.968      ; 0.184          ; Low Pulse Width  ; inst|altpll_component|auto_generated|pll1|clk[0] ; Fall       ; paralelo_serie_384b:inst1|shift_reg[2]            ;
; 399.784 ; 399.968      ; 0.184          ; Low Pulse Width  ; inst|altpll_component|auto_generated|pll1|clk[0] ; Fall       ; paralelo_serie_384b:inst1|shift_reg[307]          ;
; 399.784 ; 399.968      ; 0.184          ; Low Pulse Width  ; inst|altpll_component|auto_generated|pll1|clk[0] ; Fall       ; paralelo_serie_384b:inst1|shift_reg[308]          ;
; 399.784 ; 399.968      ; 0.184          ; Low Pulse Width  ; inst|altpll_component|auto_generated|pll1|clk[0] ; Fall       ; paralelo_serie_384b:inst1|shift_reg[309]          ;
; 399.784 ; 399.968      ; 0.184          ; Low Pulse Width  ; inst|altpll_component|auto_generated|pll1|clk[0] ; Fall       ; paralelo_serie_384b:inst1|shift_reg[30]           ;
; 399.784 ; 399.968      ; 0.184          ; Low Pulse Width  ; inst|altpll_component|auto_generated|pll1|clk[0] ; Fall       ; paralelo_serie_384b:inst1|shift_reg[310]          ;
; 399.784 ; 399.968      ; 0.184          ; Low Pulse Width  ; inst|altpll_component|auto_generated|pll1|clk[0] ; Fall       ; paralelo_serie_384b:inst1|shift_reg[311]          ;
; 399.784 ; 399.968      ; 0.184          ; Low Pulse Width  ; inst|altpll_component|auto_generated|pll1|clk[0] ; Fall       ; paralelo_serie_384b:inst1|shift_reg[312]          ;
; 399.784 ; 399.968      ; 0.184          ; Low Pulse Width  ; inst|altpll_component|auto_generated|pll1|clk[0] ; Fall       ; paralelo_serie_384b:inst1|shift_reg[313]          ;
; 399.784 ; 399.968      ; 0.184          ; Low Pulse Width  ; inst|altpll_component|auto_generated|pll1|clk[0] ; Fall       ; paralelo_serie_384b:inst1|shift_reg[31]           ;
; 399.784 ; 399.968      ; 0.184          ; Low Pulse Width  ; inst|altpll_component|auto_generated|pll1|clk[0] ; Fall       ; paralelo_serie_384b:inst1|shift_reg[32]~_emulated ;
; 399.784 ; 399.968      ; 0.184          ; Low Pulse Width  ; inst|altpll_component|auto_generated|pll1|clk[0] ; Fall       ; paralelo_serie_384b:inst1|shift_reg[33]           ;
; 399.784 ; 399.968      ; 0.184          ; Low Pulse Width  ; inst|altpll_component|auto_generated|pll1|clk[0] ; Fall       ; paralelo_serie_384b:inst1|shift_reg[34]           ;
; 399.784 ; 399.968      ; 0.184          ; Low Pulse Width  ; inst|altpll_component|auto_generated|pll1|clk[0] ; Fall       ; paralelo_serie_384b:inst1|shift_reg[35]           ;
; 399.784 ; 399.968      ; 0.184          ; Low Pulse Width  ; inst|altpll_component|auto_generated|pll1|clk[0] ; Fall       ; paralelo_serie_384b:inst1|shift_reg[39]           ;
; 399.784 ; 399.968      ; 0.184          ; Low Pulse Width  ; inst|altpll_component|auto_generated|pll1|clk[0] ; Fall       ; paralelo_serie_384b:inst1|shift_reg[3]            ;
; 399.784 ; 399.968      ; 0.184          ; Low Pulse Width  ; inst|altpll_component|auto_generated|pll1|clk[0] ; Fall       ; paralelo_serie_384b:inst1|shift_reg[40]~_emulated ;
; 399.784 ; 399.968      ; 0.184          ; Low Pulse Width  ; inst|altpll_component|auto_generated|pll1|clk[0] ; Fall       ; paralelo_serie_384b:inst1|shift_reg[41]           ;
; 399.784 ; 399.968      ; 0.184          ; Low Pulse Width  ; inst|altpll_component|auto_generated|pll1|clk[0] ; Fall       ; paralelo_serie_384b:inst1|shift_reg[42]           ;
; 399.784 ; 399.968      ; 0.184          ; Low Pulse Width  ; inst|altpll_component|auto_generated|pll1|clk[0] ; Fall       ; paralelo_serie_384b:inst1|shift_reg[43]           ;
; 399.784 ; 399.968      ; 0.184          ; Low Pulse Width  ; inst|altpll_component|auto_generated|pll1|clk[0] ; Fall       ; paralelo_serie_384b:inst1|shift_reg[48]~_emulated ;
; 399.784 ; 399.968      ; 0.184          ; Low Pulse Width  ; inst|altpll_component|auto_generated|pll1|clk[0] ; Fall       ; paralelo_serie_384b:inst1|shift_reg[49]           ;
; 399.784 ; 399.968      ; 0.184          ; Low Pulse Width  ; inst|altpll_component|auto_generated|pll1|clk[0] ; Fall       ; paralelo_serie_384b:inst1|shift_reg[4]            ;
; 399.784 ; 399.968      ; 0.184          ; Low Pulse Width  ; inst|altpll_component|auto_generated|pll1|clk[0] ; Fall       ; paralelo_serie_384b:inst1|shift_reg[50]           ;
; 399.784 ; 399.968      ; 0.184          ; Low Pulse Width  ; inst|altpll_component|auto_generated|pll1|clk[0] ; Fall       ; paralelo_serie_384b:inst1|shift_reg[51]~_emulated ;
; 399.784 ; 399.968      ; 0.184          ; Low Pulse Width  ; inst|altpll_component|auto_generated|pll1|clk[0] ; Fall       ; paralelo_serie_384b:inst1|shift_reg[52]           ;
; 399.784 ; 399.968      ; 0.184          ; Low Pulse Width  ; inst|altpll_component|auto_generated|pll1|clk[0] ; Fall       ; paralelo_serie_384b:inst1|shift_reg[56]~_emulated ;
; 399.784 ; 399.968      ; 0.184          ; Low Pulse Width  ; inst|altpll_component|auto_generated|pll1|clk[0] ; Fall       ; paralelo_serie_384b:inst1|shift_reg[57]           ;
; 399.784 ; 399.968      ; 0.184          ; Low Pulse Width  ; inst|altpll_component|auto_generated|pll1|clk[0] ; Fall       ; paralelo_serie_384b:inst1|shift_reg[58]           ;
; 399.784 ; 399.968      ; 0.184          ; Low Pulse Width  ; inst|altpll_component|auto_generated|pll1|clk[0] ; Fall       ; paralelo_serie_384b:inst1|shift_reg[5]            ;
; 399.784 ; 399.968      ; 0.184          ; Low Pulse Width  ; inst|altpll_component|auto_generated|pll1|clk[0] ; Fall       ; paralelo_serie_384b:inst1|shift_reg[64]~_emulated ;
; 399.784 ; 399.968      ; 0.184          ; Low Pulse Width  ; inst|altpll_component|auto_generated|pll1|clk[0] ; Fall       ; paralelo_serie_384b:inst1|shift_reg[65]           ;
; 399.784 ; 399.968      ; 0.184          ; Low Pulse Width  ; inst|altpll_component|auto_generated|pll1|clk[0] ; Fall       ; paralelo_serie_384b:inst1|shift_reg[68]           ;
; 399.784 ; 399.968      ; 0.184          ; Low Pulse Width  ; inst|altpll_component|auto_generated|pll1|clk[0] ; Fall       ; paralelo_serie_384b:inst1|shift_reg[69]           ;
; 399.784 ; 399.968      ; 0.184          ; Low Pulse Width  ; inst|altpll_component|auto_generated|pll1|clk[0] ; Fall       ; paralelo_serie_384b:inst1|shift_reg[6]            ;
; 399.784 ; 399.968      ; 0.184          ; Low Pulse Width  ; inst|altpll_component|auto_generated|pll1|clk[0] ; Fall       ; paralelo_serie_384b:inst1|shift_reg[70]           ;
; 399.784 ; 399.968      ; 0.184          ; Low Pulse Width  ; inst|altpll_component|auto_generated|pll1|clk[0] ; Fall       ; paralelo_serie_384b:inst1|shift_reg[71]           ;
; 399.784 ; 399.968      ; 0.184          ; Low Pulse Width  ; inst|altpll_component|auto_generated|pll1|clk[0] ; Fall       ; paralelo_serie_384b:inst1|shift_reg[72]~_emulated ;
; 399.784 ; 399.968      ; 0.184          ; Low Pulse Width  ; inst|altpll_component|auto_generated|pll1|clk[0] ; Fall       ; paralelo_serie_384b:inst1|shift_reg[73]           ;
; 399.784 ; 399.968      ; 0.184          ; Low Pulse Width  ; inst|altpll_component|auto_generated|pll1|clk[0] ; Fall       ; paralelo_serie_384b:inst1|shift_reg[74]           ;
; 399.784 ; 399.968      ; 0.184          ; Low Pulse Width  ; inst|altpll_component|auto_generated|pll1|clk[0] ; Fall       ; paralelo_serie_384b:inst1|shift_reg[75]~_emulated ;
; 399.784 ; 399.968      ; 0.184          ; Low Pulse Width  ; inst|altpll_component|auto_generated|pll1|clk[0] ; Fall       ; paralelo_serie_384b:inst1|shift_reg[76]           ;
; 399.784 ; 399.968      ; 0.184          ; Low Pulse Width  ; inst|altpll_component|auto_generated|pll1|clk[0] ; Fall       ; paralelo_serie_384b:inst1|shift_reg[77]           ;
; 399.784 ; 399.968      ; 0.184          ; Low Pulse Width  ; inst|altpll_component|auto_generated|pll1|clk[0] ; Fall       ; paralelo_serie_384b:inst1|shift_reg[78]           ;
; 399.784 ; 399.968      ; 0.184          ; Low Pulse Width  ; inst|altpll_component|auto_generated|pll1|clk[0] ; Fall       ; paralelo_serie_384b:inst1|shift_reg[79]           ;
; 399.784 ; 399.968      ; 0.184          ; Low Pulse Width  ; inst|altpll_component|auto_generated|pll1|clk[0] ; Fall       ; paralelo_serie_384b:inst1|shift_reg[7]            ;
; 399.784 ; 399.968      ; 0.184          ; Low Pulse Width  ; inst|altpll_component|auto_generated|pll1|clk[0] ; Fall       ; paralelo_serie_384b:inst1|shift_reg[80]~_emulated ;
; 399.784 ; 399.968      ; 0.184          ; Low Pulse Width  ; inst|altpll_component|auto_generated|pll1|clk[0] ; Fall       ; paralelo_serie_384b:inst1|shift_reg[81]           ;
; 399.784 ; 399.968      ; 0.184          ; Low Pulse Width  ; inst|altpll_component|auto_generated|pll1|clk[0] ; Fall       ; paralelo_serie_384b:inst1|shift_reg[88]~_emulated ;
+---------+--------------+----------------+------------------+--------------------------------------------------+------------+---------------------------------------------------+


+------------------------------------------------------------------------------------------------------------------------------------------------------------------------------------------------------+
; Slow 1200mV 0C Model Minimum Pulse Width: 'inst|altpll_component|auto_generated|pll1|clk[1]'                                                                                                         ;
+----------+--------------+----------------+------------------+--------------------------------------------------+------------+------------------------------------------------------------------------+
; Slack    ; Actual Width ; Required Width ; Type             ; Clock                                            ; Clock Edge ; Target                                                                 ;
+----------+--------------+----------------+------------------+--------------------------------------------------+------------+------------------------------------------------------------------------+
; 449.852  ; 450.036      ; 0.184          ; Low Pulse Width  ; inst|altpll_component|auto_generated|pll1|clk[1] ; Rise       ; pulso_384:inst12|pulso                                                 ;
; 449.852  ; 450.036      ; 0.184          ; Low Pulse Width  ; inst|altpll_component|auto_generated|pll1|clk[1] ; Rise       ; pulso_384:inst12|strt                                                  ;
; 449.860  ; 450.044      ; 0.184          ; Low Pulse Width  ; inst|altpll_component|auto_generated|pll1|clk[1] ; Rise       ; pulso_384:inst12|count[0]                                              ;
; 449.860  ; 450.044      ; 0.184          ; Low Pulse Width  ; inst|altpll_component|auto_generated|pll1|clk[1] ; Rise       ; pulso_384:inst12|count[1]                                              ;
; 449.860  ; 450.044      ; 0.184          ; Low Pulse Width  ; inst|altpll_component|auto_generated|pll1|clk[1] ; Rise       ; pulso_384:inst12|count[2]                                              ;
; 449.860  ; 450.044      ; 0.184          ; Low Pulse Width  ; inst|altpll_component|auto_generated|pll1|clk[1] ; Rise       ; pulso_384:inst12|count[3]                                              ;
; 449.860  ; 450.044      ; 0.184          ; Low Pulse Width  ; inst|altpll_component|auto_generated|pll1|clk[1] ; Rise       ; pulso_384:inst12|count[4]                                              ;
; 449.860  ; 450.044      ; 0.184          ; Low Pulse Width  ; inst|altpll_component|auto_generated|pll1|clk[1] ; Rise       ; pulso_384:inst12|count[5]                                              ;
; 449.860  ; 450.044      ; 0.184          ; Low Pulse Width  ; inst|altpll_component|auto_generated|pll1|clk[1] ; Rise       ; pulso_384:inst12|count[6]                                              ;
; 449.860  ; 450.044      ; 0.184          ; Low Pulse Width  ; inst|altpll_component|auto_generated|pll1|clk[1] ; Rise       ; pulso_384:inst12|count[7]                                              ;
; 449.860  ; 450.044      ; 0.184          ; Low Pulse Width  ; inst|altpll_component|auto_generated|pll1|clk[1] ; Rise       ; pulso_384:inst12|count[8]                                              ;
; 450.012  ; 450.012      ; 0.000          ; Low Pulse Width  ; inst|altpll_component|auto_generated|pll1|clk[1] ; Rise       ; inst12|pulso|clk                                                       ;
; 450.012  ; 450.012      ; 0.000          ; Low Pulse Width  ; inst|altpll_component|auto_generated|pll1|clk[1] ; Rise       ; inst12|strt|clk                                                        ;
; 450.018  ; 450.018      ; 0.000          ; Low Pulse Width  ; inst|altpll_component|auto_generated|pll1|clk[1] ; Rise       ; inst|altpll_component|auto_generated|wire_pll1_clk[1]~clkctrl|inclk[0] ;
; 450.018  ; 450.018      ; 0.000          ; Low Pulse Width  ; inst|altpll_component|auto_generated|pll1|clk[1] ; Rise       ; inst|altpll_component|auto_generated|wire_pll1_clk[1]~clkctrl|outclk   ;
; 450.020  ; 450.020      ; 0.000          ; Low Pulse Width  ; inst|altpll_component|auto_generated|pll1|clk[1] ; Rise       ; inst12|count[0]|clk                                                    ;
; 450.020  ; 450.020      ; 0.000          ; Low Pulse Width  ; inst|altpll_component|auto_generated|pll1|clk[1] ; Rise       ; inst12|count[1]|clk                                                    ;
; 450.020  ; 450.020      ; 0.000          ; Low Pulse Width  ; inst|altpll_component|auto_generated|pll1|clk[1] ; Rise       ; inst12|count[2]|clk                                                    ;
; 450.020  ; 450.020      ; 0.000          ; Low Pulse Width  ; inst|altpll_component|auto_generated|pll1|clk[1] ; Rise       ; inst12|count[3]|clk                                                    ;
; 450.020  ; 450.020      ; 0.000          ; Low Pulse Width  ; inst|altpll_component|auto_generated|pll1|clk[1] ; Rise       ; inst12|count[4]|clk                                                    ;
; 450.020  ; 450.020      ; 0.000          ; Low Pulse Width  ; inst|altpll_component|auto_generated|pll1|clk[1] ; Rise       ; inst12|count[5]|clk                                                    ;
; 450.020  ; 450.020      ; 0.000          ; Low Pulse Width  ; inst|altpll_component|auto_generated|pll1|clk[1] ; Rise       ; inst12|count[6]|clk                                                    ;
; 450.020  ; 450.020      ; 0.000          ; Low Pulse Width  ; inst|altpll_component|auto_generated|pll1|clk[1] ; Rise       ; inst12|count[7]|clk                                                    ;
; 450.020  ; 450.020      ; 0.000          ; Low Pulse Width  ; inst|altpll_component|auto_generated|pll1|clk[1] ; Rise       ; inst12|count[8]|clk                                                    ;
; 799.738  ; 799.954      ; 0.216          ; High Pulse Width ; inst|altpll_component|auto_generated|pll1|clk[1] ; Rise       ; pulso_384:inst12|count[0]                                              ;
; 799.738  ; 799.954      ; 0.216          ; High Pulse Width ; inst|altpll_component|auto_generated|pll1|clk[1] ; Rise       ; pulso_384:inst12|count[1]                                              ;
; 799.738  ; 799.954      ; 0.216          ; High Pulse Width ; inst|altpll_component|auto_generated|pll1|clk[1] ; Rise       ; pulso_384:inst12|count[2]                                              ;
; 799.738  ; 799.954      ; 0.216          ; High Pulse Width ; inst|altpll_component|auto_generated|pll1|clk[1] ; Rise       ; pulso_384:inst12|count[3]                                              ;
; 799.738  ; 799.954      ; 0.216          ; High Pulse Width ; inst|altpll_component|auto_generated|pll1|clk[1] ; Rise       ; pulso_384:inst12|count[4]                                              ;
; 799.738  ; 799.954      ; 0.216          ; High Pulse Width ; inst|altpll_component|auto_generated|pll1|clk[1] ; Rise       ; pulso_384:inst12|count[5]                                              ;
; 799.738  ; 799.954      ; 0.216          ; High Pulse Width ; inst|altpll_component|auto_generated|pll1|clk[1] ; Rise       ; pulso_384:inst12|count[6]                                              ;
; 799.738  ; 799.954      ; 0.216          ; High Pulse Width ; inst|altpll_component|auto_generated|pll1|clk[1] ; Rise       ; pulso_384:inst12|count[7]                                              ;
; 799.738  ; 799.954      ; 0.216          ; High Pulse Width ; inst|altpll_component|auto_generated|pll1|clk[1] ; Rise       ; pulso_384:inst12|count[8]                                              ;
; 799.746  ; 799.962      ; 0.216          ; High Pulse Width ; inst|altpll_component|auto_generated|pll1|clk[1] ; Rise       ; pulso_384:inst12|pulso                                                 ;
; 799.746  ; 799.962      ; 0.216          ; High Pulse Width ; inst|altpll_component|auto_generated|pll1|clk[1] ; Rise       ; pulso_384:inst12|strt                                                  ;
; 799.978  ; 799.978      ; 0.000          ; High Pulse Width ; inst|altpll_component|auto_generated|pll1|clk[1] ; Rise       ; inst12|count[0]|clk                                                    ;
; 799.978  ; 799.978      ; 0.000          ; High Pulse Width ; inst|altpll_component|auto_generated|pll1|clk[1] ; Rise       ; inst12|count[1]|clk                                                    ;
; 799.978  ; 799.978      ; 0.000          ; High Pulse Width ; inst|altpll_component|auto_generated|pll1|clk[1] ; Rise       ; inst12|count[2]|clk                                                    ;
; 799.978  ; 799.978      ; 0.000          ; High Pulse Width ; inst|altpll_component|auto_generated|pll1|clk[1] ; Rise       ; inst12|count[3]|clk                                                    ;
; 799.978  ; 799.978      ; 0.000          ; High Pulse Width ; inst|altpll_component|auto_generated|pll1|clk[1] ; Rise       ; inst12|count[4]|clk                                                    ;
; 799.978  ; 799.978      ; 0.000          ; High Pulse Width ; inst|altpll_component|auto_generated|pll1|clk[1] ; Rise       ; inst12|count[5]|clk                                                    ;
; 799.978  ; 799.978      ; 0.000          ; High Pulse Width ; inst|altpll_component|auto_generated|pll1|clk[1] ; Rise       ; inst12|count[6]|clk                                                    ;
; 799.978  ; 799.978      ; 0.000          ; High Pulse Width ; inst|altpll_component|auto_generated|pll1|clk[1] ; Rise       ; inst12|count[7]|clk                                                    ;
; 799.978  ; 799.978      ; 0.000          ; High Pulse Width ; inst|altpll_component|auto_generated|pll1|clk[1] ; Rise       ; inst12|count[8]|clk                                                    ;
; 799.981  ; 799.981      ; 0.000          ; High Pulse Width ; inst|altpll_component|auto_generated|pll1|clk[1] ; Rise       ; inst|altpll_component|auto_generated|wire_pll1_clk[1]~clkctrl|inclk[0] ;
; 799.981  ; 799.981      ; 0.000          ; High Pulse Width ; inst|altpll_component|auto_generated|pll1|clk[1] ; Rise       ; inst|altpll_component|auto_generated|wire_pll1_clk[1]~clkctrl|outclk   ;
; 799.986  ; 799.986      ; 0.000          ; High Pulse Width ; inst|altpll_component|auto_generated|pll1|clk[1] ; Rise       ; inst12|pulso|clk                                                       ;
; 799.986  ; 799.986      ; 0.000          ; High Pulse Width ; inst|altpll_component|auto_generated|pll1|clk[1] ; Rise       ; inst12|strt|clk                                                        ;
; 1248.000 ; 1250.000     ; 2.000          ; Min Period       ; inst|altpll_component|auto_generated|pll1|clk[1] ; Rise       ; pulso_384:inst12|count[0]                                              ;
; 1248.000 ; 1250.000     ; 2.000          ; Min Period       ; inst|altpll_component|auto_generated|pll1|clk[1] ; Rise       ; pulso_384:inst12|count[1]                                              ;
; 1248.000 ; 1250.000     ; 2.000          ; Min Period       ; inst|altpll_component|auto_generated|pll1|clk[1] ; Rise       ; pulso_384:inst12|count[2]                                              ;
; 1248.000 ; 1250.000     ; 2.000          ; Min Period       ; inst|altpll_component|auto_generated|pll1|clk[1] ; Rise       ; pulso_384:inst12|count[3]                                              ;
; 1248.000 ; 1250.000     ; 2.000          ; Min Period       ; inst|altpll_component|auto_generated|pll1|clk[1] ; Rise       ; pulso_384:inst12|count[4]                                              ;
; 1248.000 ; 1250.000     ; 2.000          ; Min Period       ; inst|altpll_component|auto_generated|pll1|clk[1] ; Rise       ; pulso_384:inst12|count[5]                                              ;
; 1248.000 ; 1250.000     ; 2.000          ; Min Period       ; inst|altpll_component|auto_generated|pll1|clk[1] ; Rise       ; pulso_384:inst12|count[6]                                              ;
; 1248.000 ; 1250.000     ; 2.000          ; Min Period       ; inst|altpll_component|auto_generated|pll1|clk[1] ; Rise       ; pulso_384:inst12|count[7]                                              ;
; 1248.000 ; 1250.000     ; 2.000          ; Min Period       ; inst|altpll_component|auto_generated|pll1|clk[1] ; Rise       ; pulso_384:inst12|count[8]                                              ;
; 1248.000 ; 1250.000     ; 2.000          ; Min Period       ; inst|altpll_component|auto_generated|pll1|clk[1] ; Rise       ; pulso_384:inst12|pulso                                                 ;
; 1248.000 ; 1250.000     ; 2.000          ; Min Period       ; inst|altpll_component|auto_generated|pll1|clk[1] ; Rise       ; pulso_384:inst12|strt                                                  ;
+----------+--------------+----------------+------------------+--------------------------------------------------+------------+------------------------------------------------------------------------+


+--------------------------------------------------------------------------------------------------------------------------------------------------------------------------------------------------------+
; Slow 1200mV 0C Model Minimum Pulse Width: 'inst|altpll_component|auto_generated|pll1|clk[2]'                                                                                                           ;
+------------+--------------+----------------+------------------+--------------------------------------------------+------------+------------------------------------------------------------------------+
; Slack      ; Actual Width ; Required Width ; Type             ; Clock                                            ; Clock Edge ; Target                                                                 ;
+------------+--------------+----------------+------------------+--------------------------------------------------+------------+------------------------------------------------------------------------+
; 249999.743 ; 249999.959   ; 0.216          ; High Pulse Width ; inst|altpll_component|auto_generated|pll1|clk[2] ; Rise       ; coloress2:inst17|D2[0]                                                 ;
; 249999.743 ; 249999.959   ; 0.216          ; High Pulse Width ; inst|altpll_component|auto_generated|pll1|clk[2] ; Rise       ; coloress2:inst17|D3[0]                                                 ;
; 249999.743 ; 249999.959   ; 0.216          ; High Pulse Width ; inst|altpll_component|auto_generated|pll1|clk[2] ; Rise       ; coloress2:inst17|D4[0]                                                 ;
; 249999.743 ; 249999.959   ; 0.216          ; High Pulse Width ; inst|altpll_component|auto_generated|pll1|clk[2] ; Rise       ; inst4                                                                  ;
; 249999.747 ; 249999.963   ; 0.216          ; High Pulse Width ; inst|altpll_component|auto_generated|pll1|clk[2] ; Rise       ; coloress2:inst17|bloqueo                                               ;
; 249999.747 ; 249999.963   ; 0.216          ; High Pulse Width ; inst|altpll_component|auto_generated|pll1|clk[2] ; Rise       ; coloress2:inst17|puntos1[0]                                            ;
; 249999.747 ; 249999.963   ; 0.216          ; High Pulse Width ; inst|altpll_component|auto_generated|pll1|clk[2] ; Rise       ; coloress2:inst17|puntos1[1]                                            ;
; 249999.852 ; 250000.036   ; 0.184          ; Low Pulse Width  ; inst|altpll_component|auto_generated|pll1|clk[2] ; Rise       ; coloress2:inst17|bloqueo                                               ;
; 249999.852 ; 250000.036   ; 0.184          ; Low Pulse Width  ; inst|altpll_component|auto_generated|pll1|clk[2] ; Rise       ; coloress2:inst17|puntos1[0]                                            ;
; 249999.852 ; 250000.036   ; 0.184          ; Low Pulse Width  ; inst|altpll_component|auto_generated|pll1|clk[2] ; Rise       ; coloress2:inst17|puntos1[1]                                            ;
; 249999.855 ; 250000.039   ; 0.184          ; Low Pulse Width  ; inst|altpll_component|auto_generated|pll1|clk[2] ; Rise       ; coloress2:inst17|D3[0]                                                 ;
; 249999.855 ; 250000.039   ; 0.184          ; Low Pulse Width  ; inst|altpll_component|auto_generated|pll1|clk[2] ; Rise       ; coloress2:inst17|D4[0]                                                 ;
; 249999.855 ; 250000.039   ; 0.184          ; Low Pulse Width  ; inst|altpll_component|auto_generated|pll1|clk[2] ; Rise       ; inst4                                                                  ;
; 249999.856 ; 250000.040   ; 0.184          ; Low Pulse Width  ; inst|altpll_component|auto_generated|pll1|clk[2] ; Rise       ; coloress2:inst17|D2[0]                                                 ;
; 249999.981 ; 249999.981   ; 0.000          ; High Pulse Width ; inst|altpll_component|auto_generated|pll1|clk[2] ; Rise       ; inst|altpll_component|auto_generated|wire_pll1_clk[2]~clkctrl|inclk[0] ;
; 249999.981 ; 249999.981   ; 0.000          ; High Pulse Width ; inst|altpll_component|auto_generated|pll1|clk[2] ; Rise       ; inst|altpll_component|auto_generated|wire_pll1_clk[2]~clkctrl|outclk   ;
; 249999.983 ; 249999.983   ; 0.000          ; High Pulse Width ; inst|altpll_component|auto_generated|pll1|clk[2] ; Rise       ; inst17|D2[0]|clk                                                       ;
; 249999.983 ; 249999.983   ; 0.000          ; High Pulse Width ; inst|altpll_component|auto_generated|pll1|clk[2] ; Rise       ; inst17|D3[0]|clk                                                       ;
; 249999.983 ; 249999.983   ; 0.000          ; High Pulse Width ; inst|altpll_component|auto_generated|pll1|clk[2] ; Rise       ; inst17|D4[0]|clk                                                       ;
; 249999.983 ; 249999.983   ; 0.000          ; High Pulse Width ; inst|altpll_component|auto_generated|pll1|clk[2] ; Rise       ; inst4|clk                                                              ;
; 249999.987 ; 249999.987   ; 0.000          ; High Pulse Width ; inst|altpll_component|auto_generated|pll1|clk[2] ; Rise       ; inst17|bloqueo|clk                                                     ;
; 249999.987 ; 249999.987   ; 0.000          ; High Pulse Width ; inst|altpll_component|auto_generated|pll1|clk[2] ; Rise       ; inst17|puntos1[0]|clk                                                  ;
; 249999.987 ; 249999.987   ; 0.000          ; High Pulse Width ; inst|altpll_component|auto_generated|pll1|clk[2] ; Rise       ; inst17|puntos1[1]|clk                                                  ;
; 250000.012 ; 250000.012   ; 0.000          ; Low Pulse Width  ; inst|altpll_component|auto_generated|pll1|clk[2] ; Rise       ; inst17|bloqueo|clk                                                     ;
; 250000.012 ; 250000.012   ; 0.000          ; Low Pulse Width  ; inst|altpll_component|auto_generated|pll1|clk[2] ; Rise       ; inst17|puntos1[0]|clk                                                  ;
; 250000.012 ; 250000.012   ; 0.000          ; Low Pulse Width  ; inst|altpll_component|auto_generated|pll1|clk[2] ; Rise       ; inst17|puntos1[1]|clk                                                  ;
; 250000.015 ; 250000.015   ; 0.000          ; Low Pulse Width  ; inst|altpll_component|auto_generated|pll1|clk[2] ; Rise       ; inst17|D3[0]|clk                                                       ;
; 250000.015 ; 250000.015   ; 0.000          ; Low Pulse Width  ; inst|altpll_component|auto_generated|pll1|clk[2] ; Rise       ; inst17|D4[0]|clk                                                       ;
; 250000.015 ; 250000.015   ; 0.000          ; Low Pulse Width  ; inst|altpll_component|auto_generated|pll1|clk[2] ; Rise       ; inst4|clk                                                              ;
; 250000.016 ; 250000.016   ; 0.000          ; Low Pulse Width  ; inst|altpll_component|auto_generated|pll1|clk[2] ; Rise       ; inst17|D2[0]|clk                                                       ;
; 250000.018 ; 250000.018   ; 0.000          ; Low Pulse Width  ; inst|altpll_component|auto_generated|pll1|clk[2] ; Rise       ; inst|altpll_component|auto_generated|wire_pll1_clk[2]~clkctrl|inclk[0] ;
; 250000.018 ; 250000.018   ; 0.000          ; Low Pulse Width  ; inst|altpll_component|auto_generated|pll1|clk[2] ; Rise       ; inst|altpll_component|auto_generated|wire_pll1_clk[2]~clkctrl|outclk   ;
; 499998.000 ; 500000.000   ; 2.000          ; Min Period       ; inst|altpll_component|auto_generated|pll1|clk[2] ; Rise       ; coloress2:inst17|D2[0]                                                 ;
; 499998.000 ; 500000.000   ; 2.000          ; Min Period       ; inst|altpll_component|auto_generated|pll1|clk[2] ; Rise       ; coloress2:inst17|D3[0]                                                 ;
; 499998.000 ; 500000.000   ; 2.000          ; Min Period       ; inst|altpll_component|auto_generated|pll1|clk[2] ; Rise       ; coloress2:inst17|D4[0]                                                 ;
; 499998.000 ; 500000.000   ; 2.000          ; Min Period       ; inst|altpll_component|auto_generated|pll1|clk[2] ; Rise       ; coloress2:inst17|bloqueo                                               ;
; 499998.000 ; 500000.000   ; 2.000          ; Min Period       ; inst|altpll_component|auto_generated|pll1|clk[2] ; Rise       ; coloress2:inst17|puntos1[0]                                            ;
; 499998.000 ; 500000.000   ; 2.000          ; Min Period       ; inst|altpll_component|auto_generated|pll1|clk[2] ; Rise       ; coloress2:inst17|puntos1[1]                                            ;
; 499998.000 ; 500000.000   ; 2.000          ; Min Period       ; inst|altpll_component|auto_generated|pll1|clk[2] ; Rise       ; inst4                                                                  ;
+------------+--------------+----------------+------------------+--------------------------------------------------+------------+------------------------------------------------------------------------+


+--------------------------------------------------------------------------------------------------------+
; Clock to Output Times                                                                                  ;
+-----------+------------+-------+-------+------------+--------------------------------------------------+
; Data Port ; Clock Port ; Rise  ; Fall  ; Clock Edge ; Clock Reference                                  ;
+-----------+------------+-------+-------+------------+--------------------------------------------------+
; Y         ; inclk0     ; 4.718 ; 4.712 ; Rise       ; inst|altpll_component|auto_generated|pll1|clk[0] ;
; Y         ; inclk0     ;       ; 4.118 ; Fall       ; inst|altpll_component|auto_generated|pll1|clk[0] ;
; Y         ; inclk0     ; 5.371 ; 5.390 ; Rise       ; inst|altpll_component|auto_generated|pll1|clk[1] ;
; Y         ; inclk0     ;       ; 4.364 ; Fall       ; inst|altpll_component|auto_generated|pll1|clk[1] ;
+-----------+------------+-------+-------+------------+--------------------------------------------------+


+--------------------------------------------------------------------------------------------------------+
; Minimum Clock to Output Times                                                                          ;
+-----------+------------+-------+-------+------------+--------------------------------------------------+
; Data Port ; Clock Port ; Rise  ; Fall  ; Clock Edge ; Clock Reference                                  ;
+-----------+------------+-------+-------+------------+--------------------------------------------------+
; Y         ; inclk0     ; 3.696 ; 4.165 ; Rise       ; inst|altpll_component|auto_generated|pll1|clk[0] ;
; Y         ; inclk0     ;       ; 3.642 ; Fall       ; inst|altpll_component|auto_generated|pll1|clk[0] ;
; Y         ; inclk0     ; 3.848 ; 4.828 ; Rise       ; inst|altpll_component|auto_generated|pll1|clk[1] ;
; Y         ; inclk0     ;       ; 3.841 ; Fall       ; inst|altpll_component|auto_generated|pll1|clk[1] ;
+-----------+------------+-------+-------+------------+--------------------------------------------------+


---------------------------------------------
; Slow 1200mV 0C Model Metastability Report ;
---------------------------------------------
No synchronizer chains to report.


+-----------------------------------------------------------------------------+
; Fast 1200mV 0C Model Setup Summary                                          ;
+--------------------------------------------------+----------+---------------+
; Clock                                            ; Slack    ; End Point TNS ;
+--------------------------------------------------+----------+---------------+
; inst|altpll_component|auto_generated|pll1|clk[0] ; -1.508   ; -31.684       ;
; inst|altpll_component|auto_generated|pll1|clk[2] ; 0.090    ; 0.000         ;
; inst4                                            ; 0.198    ; 0.000         ;
; inst|altpll_component|auto_generated|pll1|clk[1] ; 1248.919 ; 0.000         ;
+--------------------------------------------------+----------+---------------+


+---------------------------------------------------------------------------+
; Fast 1200mV 0C Model Hold Summary                                         ;
+--------------------------------------------------+--------+---------------+
; Clock                                            ; Slack  ; End Point TNS ;
+--------------------------------------------------+--------+---------------+
; inst4                                            ; -0.335 ; -0.941        ;
; inst|altpll_component|auto_generated|pll1|clk[2] ; -0.116 ; -0.116        ;
; inst|altpll_component|auto_generated|pll1|clk[0] ; 0.095  ; 0.000         ;
; inst|altpll_component|auto_generated|pll1|clk[1] ; 0.178  ; 0.000         ;
+--------------------------------------------------+--------+---------------+


+---------------------------------------------------------------------------+
; Fast 1200mV 0C Model Recovery Summary                                     ;
+--------------------------------------------------+--------+---------------+
; Clock                                            ; Slack  ; End Point TNS ;
+--------------------------------------------------+--------+---------------+
; inst|altpll_component|auto_generated|pll1|clk[0] ; -1.130 ; -425.961      ;
; inst|altpll_component|auto_generated|pll1|clk[1] ; -0.959 ; -10.519       ;
+--------------------------------------------------+--------+---------------+


+--------------------------------------------------------------------------+
; Fast 1200mV 0C Model Removal Summary                                     ;
+--------------------------------------------------+-------+---------------+
; Clock                                            ; Slack ; End Point TNS ;
+--------------------------------------------------+-------+---------------+
; inst|altpll_component|auto_generated|pll1|clk[0] ; 0.766 ; 0.000         ;
; inst|altpll_component|auto_generated|pll1|clk[1] ; 0.816 ; 0.000         ;
+--------------------------------------------------+-------+---------------+


+-------------------------------------------------------------------------------+
; Fast 1200mV 0C Model Minimum Pulse Width Summary                              ;
+--------------------------------------------------+------------+---------------+
; Clock                                            ; Slack      ; End Point TNS ;
+--------------------------------------------------+------------+---------------+
; inst4                                            ; 0.435      ; 0.000         ;
; inclk0                                           ; 9.587      ; 0.000         ;
; inst|altpll_component|auto_generated|pll1|clk[0] ; 399.783    ; 0.000         ;
; inst|altpll_component|auto_generated|pll1|clk[1] ; 449.791    ; 0.000         ;
; inst|altpll_component|auto_generated|pll1|clk[2] ; 249999.781 ; 0.000         ;
+--------------------------------------------------+------------+---------------+


+-----------------------------------------------------------------------------------------------------------------------------------------------------------------------------------------------------------------------------------------------------------------+
; Fast 1200mV 0C Model Setup: 'inst|altpll_component|auto_generated|pll1|clk[0]'                                                                                                                                                                                  ;
+----------+---------------------------------------------------+---------------------------------------------------+--------------------------------------------------+--------------------------------------------------+--------------+------------+------------+
; Slack    ; From Node                                         ; To Node                                           ; Launch Clock                                     ; Latch Clock                                      ; Relationship ; Clock Skew ; Data Delay ;
+----------+---------------------------------------------------+---------------------------------------------------+--------------------------------------------------+--------------------------------------------------+--------------+------------+------------+
; -1.508   ; paralelo_serie_384b:inst1|shift_reg[64]~11        ; paralelo_serie_384b:inst1|shift_reg[52]           ; inst4                                            ; inst|altpll_component|auto_generated|pll1|clk[0] ; 0.500        ; -1.425     ; 0.510      ;
; -1.355   ; paralelo_serie_384b:inst1|shift_reg[88]~1         ; paralelo_serie_384b:inst1|shift_reg[89]           ; inst4                                            ; inst|altpll_component|auto_generated|pll1|clk[0] ; 0.500        ; -1.424     ; 0.358      ;
; -1.354   ; paralelo_serie_384b:inst1|shift_reg[88]~1         ; paralelo_serie_384b:inst1|shift_reg[80]~_emulated ; inst4                                            ; inst|altpll_component|auto_generated|pll1|clk[0] ; 0.500        ; -1.424     ; 0.357      ;
; -1.354   ; paralelo_serie_384b:inst1|shift_reg[88]~1         ; paralelo_serie_384b:inst1|shift_reg[88]~_emulated ; inst4                                            ; inst|altpll_component|auto_generated|pll1|clk[0] ; 0.500        ; -1.424     ; 0.357      ;
; -1.353   ; paralelo_serie_384b:inst1|shift_reg[88]~1         ; paralelo_serie_384b:inst1|shift_reg[76]           ; inst4                                            ; inst|altpll_component|auto_generated|pll1|clk[0] ; 0.500        ; -1.424     ; 0.356      ;
; -1.352   ; paralelo_serie_384b:inst1|shift_reg[88]~1         ; paralelo_serie_384b:inst1|shift_reg[81]           ; inst4                                            ; inst|altpll_component|auto_generated|pll1|clk[0] ; 0.500        ; -1.424     ; 0.355      ;
; -1.351   ; paralelo_serie_384b:inst1|shift_reg[88]~1         ; paralelo_serie_384b:inst1|shift_reg[72]~_emulated ; inst4                                            ; inst|altpll_component|auto_generated|pll1|clk[0] ; 0.500        ; -1.424     ; 0.354      ;
; -1.349   ; paralelo_serie_384b:inst1|shift_reg[88]~1         ; paralelo_serie_384b:inst1|shift_reg[75]~_emulated ; inst4                                            ; inst|altpll_component|auto_generated|pll1|clk[0] ; 0.500        ; -1.424     ; 0.352      ;
; -1.344   ; paralelo_serie_384b:inst1|shift_reg[64]~11        ; paralelo_serie_384b:inst1|shift_reg[51]~_emulated ; inst4                                            ; inst|altpll_component|auto_generated|pll1|clk[0] ; 0.500        ; -1.425     ; 0.346      ;
; -1.342   ; paralelo_serie_384b:inst1|shift_reg[64]~11        ; paralelo_serie_384b:inst1|shift_reg[48]~_emulated ; inst4                                            ; inst|altpll_component|auto_generated|pll1|clk[0] ; 0.500        ; -1.425     ; 0.344      ;
; -1.342   ; paralelo_serie_384b:inst1|shift_reg[64]~11        ; paralelo_serie_384b:inst1|shift_reg[64]~_emulated ; inst4                                            ; inst|altpll_component|auto_generated|pll1|clk[0] ; 0.500        ; -1.425     ; 0.344      ;
; -1.341   ; paralelo_serie_384b:inst1|shift_reg[64]~11        ; paralelo_serie_384b:inst1|shift_reg[56]~_emulated ; inst4                                            ; inst|altpll_component|auto_generated|pll1|clk[0] ; 0.500        ; -1.425     ; 0.343      ;
; -1.320   ; paralelo_serie_384b:inst1|shift_reg[64]~11        ; paralelo_serie_384b:inst1|shift_reg[57]           ; inst4                                            ; inst|altpll_component|auto_generated|pll1|clk[0] ; 0.500        ; -1.425     ; 0.322      ;
; -1.319   ; paralelo_serie_384b:inst1|shift_reg[64]~11        ; paralelo_serie_384b:inst1|shift_reg[49]           ; inst4                                            ; inst|altpll_component|auto_generated|pll1|clk[0] ; 0.500        ; -1.425     ; 0.321      ;
; -1.317   ; paralelo_serie_384b:inst1|shift_reg[64]~11        ; paralelo_serie_384b:inst1|shift_reg[65]           ; inst4                                            ; inst|altpll_component|auto_generated|pll1|clk[0] ; 0.500        ; -1.425     ; 0.319      ;
; -1.306   ; paralelo_serie_384b:inst1|shift_reg[88]~1         ; paralelo_serie_384b:inst1|shift_reg[73]           ; inst4                                            ; inst|altpll_component|auto_generated|pll1|clk[0] ; 0.500        ; -1.424     ; 0.309      ;
; -1.265   ; paralelo_serie_384b:inst1|shift_reg[40]~21        ; paralelo_serie_384b:inst1|shift_reg[24]~_emulated ; inst4                                            ; inst|altpll_component|auto_generated|pll1|clk[0] ; 0.500        ; -1.419     ; 0.273      ;
; -1.262   ; paralelo_serie_384b:inst1|shift_reg[40]~21        ; paralelo_serie_384b:inst1|shift_reg[28]           ; inst4                                            ; inst|altpll_component|auto_generated|pll1|clk[0] ; 0.500        ; -1.419     ; 0.270      ;
; -1.262   ; paralelo_serie_384b:inst1|shift_reg[40]~21        ; paralelo_serie_384b:inst1|shift_reg[33]           ; inst4                                            ; inst|altpll_component|auto_generated|pll1|clk[0] ; 0.500        ; -1.419     ; 0.270      ;
; -1.259   ; paralelo_serie_384b:inst1|shift_reg[40]~21        ; paralelo_serie_384b:inst1|shift_reg[25]           ; inst4                                            ; inst|altpll_component|auto_generated|pll1|clk[0] ; 0.500        ; -1.419     ; 0.267      ;
; -1.259   ; paralelo_serie_384b:inst1|shift_reg[40]~21        ; paralelo_serie_384b:inst1|shift_reg[40]~_emulated ; inst4                                            ; inst|altpll_component|auto_generated|pll1|clk[0] ; 0.500        ; -1.419     ; 0.267      ;
; -1.258   ; paralelo_serie_384b:inst1|shift_reg[40]~21        ; paralelo_serie_384b:inst1|shift_reg[32]~_emulated ; inst4                                            ; inst|altpll_component|auto_generated|pll1|clk[0] ; 0.500        ; -1.419     ; 0.266      ;
; -1.257   ; paralelo_serie_384b:inst1|shift_reg[40]~21        ; paralelo_serie_384b:inst1|shift_reg[27]~_emulated ; inst4                                            ; inst|altpll_component|auto_generated|pll1|clk[0] ; 0.500        ; -1.419     ; 0.265      ;
; -1.255   ; paralelo_serie_384b:inst1|shift_reg[40]~21        ; paralelo_serie_384b:inst1|shift_reg[41]           ; inst4                                            ; inst|altpll_component|auto_generated|pll1|clk[0] ; 0.500        ; -1.419     ; 0.263      ;
; -0.326   ; inst4                                             ; paralelo_serie_384b:inst1|shift_reg[28]           ; inst4                                            ; inst|altpll_component|auto_generated|pll1|clk[0] ; 0.500        ; -0.086     ; 0.772      ;
; -0.324   ; inst4                                             ; paralelo_serie_384b:inst1|shift_reg[33]           ; inst4                                            ; inst|altpll_component|auto_generated|pll1|clk[0] ; 0.500        ; -0.086     ; 0.770      ;
; -0.323   ; inst4                                             ; paralelo_serie_384b:inst1|shift_reg[25]           ; inst4                                            ; inst|altpll_component|auto_generated|pll1|clk[0] ; 0.500        ; -0.086     ; 0.769      ;
; -0.322   ; inst4                                             ; paralelo_serie_384b:inst1|shift_reg[41]           ; inst4                                            ; inst|altpll_component|auto_generated|pll1|clk[0] ; 0.500        ; -0.086     ; 0.768      ;
; -0.310   ; inst4                                             ; paralelo_serie_384b:inst1|shift_reg[65]           ; inst4                                            ; inst|altpll_component|auto_generated|pll1|clk[0] ; 0.500        ; -0.088     ; 0.754      ;
; -0.306   ; inst4                                             ; paralelo_serie_384b:inst1|shift_reg[49]           ; inst4                                            ; inst|altpll_component|auto_generated|pll1|clk[0] ; 0.500        ; -0.088     ; 0.750      ;
; -0.305   ; inst4                                             ; paralelo_serie_384b:inst1|shift_reg[57]           ; inst4                                            ; inst|altpll_component|auto_generated|pll1|clk[0] ; 0.500        ; -0.088     ; 0.749      ;
; -0.305   ; inst4                                             ; paralelo_serie_384b:inst1|shift_reg[73]           ; inst4                                            ; inst|altpll_component|auto_generated|pll1|clk[0] ; 0.500        ; -0.088     ; 0.749      ;
; -0.220   ; inst4                                             ; paralelo_serie_384b:inst1|shift_reg[52]           ; inst4                                            ; inst|altpll_component|auto_generated|pll1|clk[0] ; 0.500        ; -0.088     ; 0.664      ;
; -0.217   ; inst4                                             ; paralelo_serie_384b:inst1|shift_reg[81]           ; inst4                                            ; inst|altpll_component|auto_generated|pll1|clk[0] ; 0.500        ; -0.088     ; 0.661      ;
; -0.216   ; inst4                                             ; paralelo_serie_384b:inst1|shift_reg[76]           ; inst4                                            ; inst|altpll_component|auto_generated|pll1|clk[0] ; 0.500        ; -0.088     ; 0.660      ;
; -0.215   ; inst4                                             ; paralelo_serie_384b:inst1|shift_reg[89]           ; inst4                                            ; inst|altpll_component|auto_generated|pll1|clk[0] ; 0.500        ; -0.088     ; 0.659      ;
; 0.239    ; inst4                                             ; paralelo_serie_384b:inst1|shift_reg[33]           ; inst4                                            ; inst|altpll_component|auto_generated|pll1|clk[0] ; 1.000        ; -0.086     ; 0.707      ;
; 0.240    ; inst4                                             ; paralelo_serie_384b:inst1|shift_reg[25]           ; inst4                                            ; inst|altpll_component|auto_generated|pll1|clk[0] ; 1.000        ; -0.086     ; 0.706      ;
; 0.241    ; inst4                                             ; paralelo_serie_384b:inst1|shift_reg[41]           ; inst4                                            ; inst|altpll_component|auto_generated|pll1|clk[0] ; 1.000        ; -0.086     ; 0.705      ;
; 0.260    ; inst4                                             ; paralelo_serie_384b:inst1|shift_reg[28]           ; inst4                                            ; inst|altpll_component|auto_generated|pll1|clk[0] ; 1.000        ; -0.086     ; 0.686      ;
; 0.282    ; inst4                                             ; paralelo_serie_384b:inst1|shift_reg[65]           ; inst4                                            ; inst|altpll_component|auto_generated|pll1|clk[0] ; 1.000        ; -0.088     ; 0.662      ;
; 0.285    ; inst4                                             ; paralelo_serie_384b:inst1|shift_reg[49]           ; inst4                                            ; inst|altpll_component|auto_generated|pll1|clk[0] ; 1.000        ; -0.088     ; 0.659      ;
; 0.286    ; inst4                                             ; paralelo_serie_384b:inst1|shift_reg[73]           ; inst4                                            ; inst|altpll_component|auto_generated|pll1|clk[0] ; 1.000        ; -0.088     ; 0.658      ;
; 0.287    ; inst4                                             ; paralelo_serie_384b:inst1|shift_reg[57]           ; inst4                                            ; inst|altpll_component|auto_generated|pll1|clk[0] ; 1.000        ; -0.088     ; 0.657      ;
; 0.354    ; inst4                                             ; paralelo_serie_384b:inst1|shift_reg[52]           ; inst4                                            ; inst|altpll_component|auto_generated|pll1|clk[0] ; 1.000        ; -0.088     ; 0.590      ;
; 0.357    ; inst4                                             ; paralelo_serie_384b:inst1|shift_reg[76]           ; inst4                                            ; inst|altpll_component|auto_generated|pll1|clk[0] ; 1.000        ; -0.088     ; 0.587      ;
; 0.357    ; inst4                                             ; paralelo_serie_384b:inst1|shift_reg[81]           ; inst4                                            ; inst|altpll_component|auto_generated|pll1|clk[0] ; 1.000        ; -0.088     ; 0.587      ;
; 0.358    ; inst4                                             ; paralelo_serie_384b:inst1|shift_reg[89]           ; inst4                                            ; inst|altpll_component|auto_generated|pll1|clk[0] ; 1.000        ; -0.088     ; 0.586      ;
; 398.960  ; coloress2:inst17|D2[0]                            ; paralelo_serie_384b:inst1|shift_reg[28]           ; inst|altpll_component|auto_generated|pll1|clk[2] ; inst|altpll_component|auto_generated|pll1|clk[0] ; 400.000      ; -0.075     ; 0.952      ;
; 399.034  ; coloress2:inst17|D4[0]                            ; paralelo_serie_384b:inst1|shift_reg[81]           ; inst|altpll_component|auto_generated|pll1|clk[2] ; inst|altpll_component|auto_generated|pll1|clk[0] ; 400.000      ; -0.077     ; 0.876      ;
; 399.035  ; coloress2:inst17|D4[0]                            ; paralelo_serie_384b:inst1|shift_reg[76]           ; inst|altpll_component|auto_generated|pll1|clk[2] ; inst|altpll_component|auto_generated|pll1|clk[0] ; 400.000      ; -0.077     ; 0.875      ;
; 399.036  ; coloress2:inst17|D4[0]                            ; paralelo_serie_384b:inst1|shift_reg[89]           ; inst|altpll_component|auto_generated|pll1|clk[2] ; inst|altpll_component|auto_generated|pll1|clk[0] ; 400.000      ; -0.077     ; 0.874      ;
; 399.048  ; coloress2:inst17|D4[0]                            ; paralelo_serie_384b:inst1|shift_reg[73]           ; inst|altpll_component|auto_generated|pll1|clk[2] ; inst|altpll_component|auto_generated|pll1|clk[0] ; 400.000      ; -0.077     ; 0.862      ;
; 399.049  ; coloress2:inst17|D2[0]                            ; paralelo_serie_384b:inst1|shift_reg[41]           ; inst|altpll_component|auto_generated|pll1|clk[2] ; inst|altpll_component|auto_generated|pll1|clk[0] ; 400.000      ; -0.075     ; 0.863      ;
; 399.051  ; coloress2:inst17|D2[0]                            ; paralelo_serie_384b:inst1|shift_reg[25]           ; inst|altpll_component|auto_generated|pll1|clk[2] ; inst|altpll_component|auto_generated|pll1|clk[0] ; 400.000      ; -0.075     ; 0.861      ;
; 399.054  ; coloress2:inst17|D2[0]                            ; paralelo_serie_384b:inst1|shift_reg[33]           ; inst|altpll_component|auto_generated|pll1|clk[2] ; inst|altpll_component|auto_generated|pll1|clk[0] ; 400.000      ; -0.075     ; 0.858      ;
; 399.056  ; coloress2:inst17|D3[0]                            ; paralelo_serie_384b:inst1|shift_reg[52]           ; inst|altpll_component|auto_generated|pll1|clk[2] ; inst|altpll_component|auto_generated|pll1|clk[0] ; 400.000      ; -0.077     ; 0.854      ;
; 399.147  ; coloress2:inst17|D3[0]                            ; paralelo_serie_384b:inst1|shift_reg[57]           ; inst|altpll_component|auto_generated|pll1|clk[2] ; inst|altpll_component|auto_generated|pll1|clk[0] ; 400.000      ; -0.077     ; 0.763      ;
; 399.148  ; coloress2:inst17|D3[0]                            ; paralelo_serie_384b:inst1|shift_reg[49]           ; inst|altpll_component|auto_generated|pll1|clk[2] ; inst|altpll_component|auto_generated|pll1|clk[0] ; 400.000      ; -0.077     ; 0.762      ;
; 399.274  ; coloress2:inst17|D3[0]                            ; paralelo_serie_384b:inst1|shift_reg[65]           ; inst|altpll_component|auto_generated|pll1|clk[2] ; inst|altpll_component|auto_generated|pll1|clk[0] ; 400.000      ; -0.077     ; 0.636      ;
; 849.291  ; paralelo_serie_384b:inst1|shift_reg[383]          ; inst7                                             ; inst|altpll_component|auto_generated|pll1|clk[0] ; inst|altpll_component|auto_generated|pll1|clk[0] ; 850.000      ; -0.257     ; 0.439      ;
; 1249.002 ; paralelo_serie_384b:inst1|shift_reg[51]~_emulated ; paralelo_serie_384b:inst1|shift_reg[52]           ; inst|altpll_component|auto_generated|pll1|clk[0] ; inst|altpll_component|auto_generated|pll1|clk[0] ; 1250.000     ; -0.038     ; 0.947      ;
; 1249.160 ; paralelo_serie_384b:inst1|shift_reg[63]           ; paralelo_serie_384b:inst1|shift_reg[64]~_emulated ; inst|altpll_component|auto_generated|pll1|clk[0] ; inst|altpll_component|auto_generated|pll1|clk[0] ; 1250.000     ; -0.039     ; 0.788      ;
; 1249.178 ; paralelo_serie_384b:inst1|shift_reg[23]           ; paralelo_serie_384b:inst1|shift_reg[24]~_emulated ; inst|altpll_component|auto_generated|pll1|clk[0] ; inst|altpll_component|auto_generated|pll1|clk[0] ; 1250.000     ; -0.036     ; 0.773      ;
; 1249.273 ; paralelo_serie_384b:inst1|shift_reg[78]           ; paralelo_serie_384b:inst1|shift_reg[79]           ; inst|altpll_component|auto_generated|pll1|clk[0] ; inst|altpll_component|auto_generated|pll1|clk[0] ; 1250.000     ; -0.038     ; 0.676      ;
; 1249.297 ; paralelo_serie_384b:inst1|shift_reg[112]          ; paralelo_serie_384b:inst1|shift_reg[113]          ; inst|altpll_component|auto_generated|pll1|clk[0] ; inst|altpll_component|auto_generated|pll1|clk[0] ; 1250.000     ; -0.045     ; 0.645      ;
; 1249.306 ; paralelo_serie_384b:inst1|shift_reg[76]           ; paralelo_serie_384b:inst1|shift_reg[77]           ; inst|altpll_component|auto_generated|pll1|clk[0] ; inst|altpll_component|auto_generated|pll1|clk[0] ; 1250.000     ; -0.038     ; 0.643      ;
; 1249.308 ; paralelo_serie_384b:inst1|shift_reg[345]          ; paralelo_serie_384b:inst1|shift_reg[346]          ; inst|altpll_component|auto_generated|pll1|clk[0] ; inst|altpll_component|auto_generated|pll1|clk[0] ; 1250.000     ; -0.041     ; 0.638      ;
; 1249.310 ; paralelo_serie_384b:inst1|shift_reg[50]           ; paralelo_serie_384b:inst1|shift_reg[51]~_emulated ; inst|altpll_component|auto_generated|pll1|clk[0] ; inst|altpll_component|auto_generated|pll1|clk[0] ; 1250.000     ; -0.038     ; 0.639      ;
; 1249.311 ; paralelo_serie_384b:inst1|shift_reg[71]           ; paralelo_serie_384b:inst1|shift_reg[72]~_emulated ; inst|altpll_component|auto_generated|pll1|clk[0] ; inst|altpll_component|auto_generated|pll1|clk[0] ; 1250.000     ; -0.038     ; 0.638      ;
; 1249.311 ; paralelo_serie_384b:inst1|shift_reg[74]           ; paralelo_serie_384b:inst1|shift_reg[75]~_emulated ; inst|altpll_component|auto_generated|pll1|clk[0] ; inst|altpll_component|auto_generated|pll1|clk[0] ; 1250.000     ; -0.038     ; 0.638      ;
; 1249.314 ; paralelo_serie_384b:inst1|shift_reg[55]           ; paralelo_serie_384b:inst1|shift_reg[56]~_emulated ; inst|altpll_component|auto_generated|pll1|clk[0] ; inst|altpll_component|auto_generated|pll1|clk[0] ; 1250.000     ; -0.038     ; 0.635      ;
; 1249.315 ; paralelo_serie_384b:inst1|shift_reg[56]~_emulated ; paralelo_serie_384b:inst1|shift_reg[57]           ; inst|altpll_component|auto_generated|pll1|clk[0] ; inst|altpll_component|auto_generated|pll1|clk[0] ; 1250.000     ; -0.038     ; 0.634      ;
; 1249.315 ; paralelo_serie_384b:inst1|shift_reg[72]~_emulated ; paralelo_serie_384b:inst1|shift_reg[73]           ; inst|altpll_component|auto_generated|pll1|clk[0] ; inst|altpll_component|auto_generated|pll1|clk[0] ; 1250.000     ; -0.038     ; 0.634      ;
; 1249.317 ; paralelo_serie_384b:inst1|shift_reg[48]~_emulated ; paralelo_serie_384b:inst1|shift_reg[49]           ; inst|altpll_component|auto_generated|pll1|clk[0] ; inst|altpll_component|auto_generated|pll1|clk[0] ; 1250.000     ; -0.038     ; 0.632      ;
; 1249.319 ; paralelo_serie_384b:inst1|shift_reg[87]           ; paralelo_serie_384b:inst1|shift_reg[88]~_emulated ; inst|altpll_component|auto_generated|pll1|clk[0] ; inst|altpll_component|auto_generated|pll1|clk[0] ; 1250.000     ; -0.038     ; 0.630      ;
; 1249.322 ; paralelo_serie_384b:inst1|shift_reg[79]           ; paralelo_serie_384b:inst1|shift_reg[80]~_emulated ; inst|altpll_component|auto_generated|pll1|clk[0] ; inst|altpll_component|auto_generated|pll1|clk[0] ; 1250.000     ; -0.038     ; 0.627      ;
; 1249.330 ; paralelo_serie_384b:inst1|shift_reg[296]          ; paralelo_serie_384b:inst1|shift_reg[297]          ; inst|altpll_component|auto_generated|pll1|clk[0] ; inst|altpll_component|auto_generated|pll1|clk[0] ; 1250.000     ; -0.041     ; 0.616      ;
; 1249.330 ; paralelo_serie_384b:inst1|shift_reg[88]~_emulated ; paralelo_serie_384b:inst1|shift_reg[89]           ; inst|altpll_component|auto_generated|pll1|clk[0] ; inst|altpll_component|auto_generated|pll1|clk[0] ; 1250.000     ; -0.038     ; 0.619      ;
; 1249.331 ; paralelo_serie_384b:inst1|shift_reg[47]           ; paralelo_serie_384b:inst1|shift_reg[48]~_emulated ; inst|altpll_component|auto_generated|pll1|clk[0] ; inst|altpll_component|auto_generated|pll1|clk[0] ; 1250.000     ; -0.038     ; 0.618      ;
; 1249.332 ; paralelo_serie_384b:inst1|shift_reg[153]          ; paralelo_serie_384b:inst1|shift_reg[154]          ; inst|altpll_component|auto_generated|pll1|clk[0] ; inst|altpll_component|auto_generated|pll1|clk[0] ; 1250.000     ; -0.041     ; 0.614      ;
; 1249.334 ; paralelo_serie_384b:inst1|shift_reg[64]~_emulated ; paralelo_serie_384b:inst1|shift_reg[65]           ; inst|altpll_component|auto_generated|pll1|clk[0] ; inst|altpll_component|auto_generated|pll1|clk[0] ; 1250.000     ; -0.038     ; 0.615      ;
; 1249.339 ; paralelo_serie_384b:inst1|shift_reg[306]          ; paralelo_serie_384b:inst1|shift_reg[307]          ; inst|altpll_component|auto_generated|pll1|clk[0] ; inst|altpll_component|auto_generated|pll1|clk[0] ; 1250.000     ; -0.275     ; 0.373      ;
; 1249.340 ; paralelo_serie_384b:inst1|shift_reg[191]          ; paralelo_serie_384b:inst1|shift_reg[192]          ; inst|altpll_component|auto_generated|pll1|clk[0] ; inst|altpll_component|auto_generated|pll1|clk[0] ; 1250.000     ; -0.275     ; 0.372      ;
; 1249.340 ; paralelo_serie_384b:inst1|shift_reg[354]          ; paralelo_serie_384b:inst1|shift_reg[355]          ; inst|altpll_component|auto_generated|pll1|clk[0] ; inst|altpll_component|auto_generated|pll1|clk[0] ; 1250.000     ; -0.275     ; 0.372      ;
; 1249.340 ; paralelo_serie_384b:inst1|shift_reg[156]          ; paralelo_serie_384b:inst1|shift_reg[157]          ; inst|altpll_component|auto_generated|pll1|clk[0] ; inst|altpll_component|auto_generated|pll1|clk[0] ; 1250.000     ; 0.162      ; 0.809      ;
; 1249.348 ; paralelo_serie_384b:inst1|shift_reg[264]          ; paralelo_serie_384b:inst1|shift_reg[265]          ; inst|altpll_component|auto_generated|pll1|clk[0] ; inst|altpll_component|auto_generated|pll1|clk[0] ; 1250.000     ; 0.181      ; 0.820      ;
; 1249.354 ; paralelo_serie_384b:inst1|shift_reg[314]          ; paralelo_serie_384b:inst1|shift_reg[315]          ; inst|altpll_component|auto_generated|pll1|clk[0] ; inst|altpll_component|auto_generated|pll1|clk[0] ; 1250.000     ; -0.261     ; 0.372      ;
; 1249.355 ; paralelo_serie_384b:inst1|shift_reg[161]          ; paralelo_serie_384b:inst1|shift_reg[162]          ; inst|altpll_component|auto_generated|pll1|clk[0] ; inst|altpll_component|auto_generated|pll1|clk[0] ; 1250.000     ; -0.260     ; 0.372      ;
; 1249.355 ; paralelo_serie_384b:inst1|shift_reg[228]          ; paralelo_serie_384b:inst1|shift_reg[229]          ; inst|altpll_component|auto_generated|pll1|clk[0] ; inst|altpll_component|auto_generated|pll1|clk[0] ; 1250.000     ; -0.260     ; 0.372      ;
; 1249.355 ; paralelo_serie_384b:inst1|shift_reg[232]          ; paralelo_serie_384b:inst1|shift_reg[233]          ; inst|altpll_component|auto_generated|pll1|clk[0] ; inst|altpll_component|auto_generated|pll1|clk[0] ; 1250.000     ; -0.037     ; 0.595      ;
; 1249.355 ; paralelo_serie_384b:inst1|shift_reg[256]          ; paralelo_serie_384b:inst1|shift_reg[257]          ; inst|altpll_component|auto_generated|pll1|clk[0] ; inst|altpll_component|auto_generated|pll1|clk[0] ; 1250.000     ; 0.170      ; 0.802      ;
; 1249.355 ; paralelo_serie_384b:inst1|shift_reg[258]          ; paralelo_serie_384b:inst1|shift_reg[259]          ; inst|altpll_component|auto_generated|pll1|clk[0] ; inst|altpll_component|auto_generated|pll1|clk[0] ; 1250.000     ; -0.260     ; 0.372      ;
; 1249.355 ; paralelo_serie_384b:inst1|shift_reg[265]          ; paralelo_serie_384b:inst1|shift_reg[266]          ; inst|altpll_component|auto_generated|pll1|clk[0] ; inst|altpll_component|auto_generated|pll1|clk[0] ; 1250.000     ; -0.260     ; 0.372      ;
; 1249.355 ; paralelo_serie_384b:inst1|shift_reg[330]          ; paralelo_serie_384b:inst1|shift_reg[331]          ; inst|altpll_component|auto_generated|pll1|clk[0] ; inst|altpll_component|auto_generated|pll1|clk[0] ; 1250.000     ; -0.260     ; 0.372      ;
; 1249.355 ; paralelo_serie_384b:inst1|shift_reg[44]           ; paralelo_serie_384b:inst1|shift_reg[45]           ; inst|altpll_component|auto_generated|pll1|clk[0] ; inst|altpll_component|auto_generated|pll1|clk[0] ; 1250.000     ; -0.260     ; 0.372      ;
; 1249.355 ; paralelo_serie_384b:inst1|shift_reg[157]          ; paralelo_serie_384b:inst1|shift_reg[158]          ; inst|altpll_component|auto_generated|pll1|clk[0] ; inst|altpll_component|auto_generated|pll1|clk[0] ; 1250.000     ; -0.260     ; 0.372      ;
; 1249.356 ; paralelo_serie_384b:inst1|shift_reg[176]          ; paralelo_serie_384b:inst1|shift_reg[177]          ; inst|altpll_component|auto_generated|pll1|clk[0] ; inst|altpll_component|auto_generated|pll1|clk[0] ; 1250.000     ; -0.035     ; 0.596      ;
; 1249.356 ; paralelo_serie_384b:inst1|shift_reg[201]          ; paralelo_serie_384b:inst1|shift_reg[202]          ; inst|altpll_component|auto_generated|pll1|clk[0] ; inst|altpll_component|auto_generated|pll1|clk[0] ; 1250.000     ; -0.259     ; 0.372      ;
; 1249.357 ; paralelo_serie_384b:inst1|shift_reg[0]            ; paralelo_serie_384b:inst1|shift_reg[1]            ; inst|altpll_component|auto_generated|pll1|clk[0] ; inst|altpll_component|auto_generated|pll1|clk[0] ; 1250.000     ; -0.261     ; 0.369      ;
+----------+---------------------------------------------------+---------------------------------------------------+--------------------------------------------------+--------------------------------------------------+--------------+------------+------------+


+-----------------------------------------------------------------------------------------------------------------------------------------------------------------------------------------------------------------------+
; Fast 1200mV 0C Model Setup: 'inst|altpll_component|auto_generated|pll1|clk[2]'                                                                                                                                        ;
+------------+-----------------------------+-----------------------------+--------------------------------------------------+--------------------------------------------------+--------------+------------+------------+
; Slack      ; From Node                   ; To Node                     ; Launch Clock                                     ; Latch Clock                                      ; Relationship ; Clock Skew ; Data Delay ;
+------------+-----------------------------+-----------------------------+--------------------------------------------------+--------------------------------------------------+--------------+------------+------------+
; 0.090      ; inst4                       ; inst4                       ; inst4                                            ; inst|altpll_component|auto_generated|pll1|clk[2] ; 0.500        ; -0.104     ; 0.338      ;
; 0.569      ; inst4                       ; inst4                       ; inst4                                            ; inst|altpll_component|auto_generated|pll1|clk[2] ; 1.000        ; -0.104     ; 0.359      ;
; 499998.864 ; coloress2:inst17|bloqueo    ; coloress2:inst17|D2[0]      ; inst|altpll_component|auto_generated|pll1|clk[2] ; inst|altpll_component|auto_generated|pll1|clk[2] ; 500000.000   ; -0.233     ; 0.890      ;
; 499998.888 ; coloress2:inst17|D2[0]      ; coloress2:inst17|D2[0]      ; inst|altpll_component|auto_generated|pll1|clk[2] ; inst|altpll_component|auto_generated|pll1|clk[2] ; 500000.000   ; -0.036     ; 1.063      ;
; 499998.898 ; coloress2:inst17|puntos1[0] ; coloress2:inst17|D2[0]      ; inst|altpll_component|auto_generated|pll1|clk[2] ; inst|altpll_component|auto_generated|pll1|clk[2] ; 500000.000   ; -0.233     ; 0.856      ;
; 499998.968 ; coloress2:inst17|bloqueo    ; coloress2:inst17|D4[0]      ; inst|altpll_component|auto_generated|pll1|clk[2] ; inst|altpll_component|auto_generated|pll1|clk[2] ; 500000.000   ; -0.234     ; 0.785      ;
; 499998.971 ; coloress2:inst17|bloqueo    ; coloress2:inst17|D3[0]      ; inst|altpll_component|auto_generated|pll1|clk[2] ; inst|altpll_component|auto_generated|pll1|clk[2] ; 500000.000   ; -0.234     ; 0.782      ;
; 499998.981 ; coloress2:inst17|puntos1[1] ; coloress2:inst17|D4[0]      ; inst|altpll_component|auto_generated|pll1|clk[2] ; inst|altpll_component|auto_generated|pll1|clk[2] ; 500000.000   ; -0.234     ; 0.772      ;
; 499999.006 ; coloress2:inst17|puntos1[1] ; coloress2:inst17|D3[0]      ; inst|altpll_component|auto_generated|pll1|clk[2] ; inst|altpll_component|auto_generated|pll1|clk[2] ; 500000.000   ; -0.234     ; 0.747      ;
; 499999.015 ; coloress2:inst17|puntos1[1] ; coloress2:inst17|D2[0]      ; inst|altpll_component|auto_generated|pll1|clk[2] ; inst|altpll_component|auto_generated|pll1|clk[2] ; 500000.000   ; -0.233     ; 0.739      ;
; 499999.268 ; coloress2:inst17|puntos1[0] ; coloress2:inst17|D3[0]      ; inst|altpll_component|auto_generated|pll1|clk[2] ; inst|altpll_component|auto_generated|pll1|clk[2] ; 500000.000   ; -0.234     ; 0.485      ;
; 499999.273 ; coloress2:inst17|puntos1[0] ; coloress2:inst17|D4[0]      ; inst|altpll_component|auto_generated|pll1|clk[2] ; inst|altpll_component|auto_generated|pll1|clk[2] ; 500000.000   ; -0.234     ; 0.480      ;
; 499999.383 ; coloress2:inst17|puntos1[0] ; coloress2:inst17|puntos1[1] ; inst|altpll_component|auto_generated|pll1|clk[2] ; inst|altpll_component|auto_generated|pll1|clk[2] ; 500000.000   ; -0.045     ; 0.559      ;
; 499999.583 ; coloress2:inst17|puntos1[0] ; coloress2:inst17|puntos1[0] ; inst|altpll_component|auto_generated|pll1|clk[2] ; inst|altpll_component|auto_generated|pll1|clk[2] ; 500000.000   ; -0.045     ; 0.359      ;
; 499999.583 ; coloress2:inst17|puntos1[1] ; coloress2:inst17|puntos1[1] ; inst|altpll_component|auto_generated|pll1|clk[2] ; inst|altpll_component|auto_generated|pll1|clk[2] ; 500000.000   ; -0.045     ; 0.359      ;
; 499999.600 ; coloress2:inst17|D4[0]      ; coloress2:inst17|D4[0]      ; inst|altpll_component|auto_generated|pll1|clk[2] ; inst|altpll_component|auto_generated|pll1|clk[2] ; 500000.000   ; -0.037     ; 0.350      ;
; 499999.600 ; coloress2:inst17|D3[0]      ; coloress2:inst17|D3[0]      ; inst|altpll_component|auto_generated|pll1|clk[2] ; inst|altpll_component|auto_generated|pll1|clk[2] ; 500000.000   ; -0.037     ; 0.350      ;
+------------+-----------------------------+-----------------------------+--------------------------------------------------+--------------------------------------------------+--------------+------------+------------+


+---------------------------------------------------------------------------------------------------------------------------------------------------------------------------------------+
; Fast 1200mV 0C Model Setup: 'inst4'                                                                                                                                                   ;
+-------+------------------------+--------------------------------------------+--------------------------------------------------+-------------+--------------+------------+------------+
; Slack ; From Node              ; To Node                                    ; Launch Clock                                     ; Latch Clock ; Relationship ; Clock Skew ; Data Delay ;
+-------+------------------------+--------------------------------------------+--------------------------------------------------+-------------+--------------+------------+------------+
; 0.198 ; coloress2:inst17|D2[0] ; paralelo_serie_384b:inst1|shift_reg[40]~21 ; inst|altpll_component|auto_generated|pll1|clk[2] ; inst4       ; 0.500        ; 1.139      ; 0.876      ;
; 0.199 ; coloress2:inst17|D3[0] ; paralelo_serie_384b:inst1|shift_reg[64]~11 ; inst|altpll_component|auto_generated|pll1|clk[2] ; inst4       ; 0.500        ; 1.144      ; 0.803      ;
; 0.235 ; coloress2:inst17|D4[0] ; paralelo_serie_384b:inst1|shift_reg[88]~1  ; inst|altpll_component|auto_generated|pll1|clk[2] ; inst4       ; 0.500        ; 1.143      ; 0.827      ;
+-------+------------------------+--------------------------------------------+--------------------------------------------------+-------------+--------------+------------+------------+


+-----------------------------------------------------------------------------------------------------------------------------------------------------------------------------------------------------------------+
; Fast 1200mV 0C Model Setup: 'inst|altpll_component|auto_generated|pll1|clk[1]'                                                                                                                                  ;
+----------+---------------------------+---------------------------+--------------------------------------------------+--------------------------------------------------+--------------+------------+------------+
; Slack    ; From Node                 ; To Node                   ; Launch Clock                                     ; Latch Clock                                      ; Relationship ; Clock Skew ; Data Delay ;
+----------+---------------------------+---------------------------+--------------------------------------------------+--------------------------------------------------+--------------+------------+------------+
; 1248.919 ; pulso_384:inst12|count[1] ; pulso_384:inst12|count[8] ; inst|altpll_component|auto_generated|pll1|clk[1] ; inst|altpll_component|auto_generated|pll1|clk[1] ; 1250.000     ; -0.044     ; 1.024      ;
; 1248.964 ; pulso_384:inst12|count[0] ; pulso_384:inst12|count[8] ; inst|altpll_component|auto_generated|pll1|clk[1] ; inst|altpll_component|auto_generated|pll1|clk[1] ; 1250.000     ; -0.044     ; 0.979      ;
; 1248.978 ; pulso_384:inst12|strt     ; pulso_384:inst12|count[0] ; inst|altpll_component|auto_generated|pll1|clk[1] ; inst|altpll_component|auto_generated|pll1|clk[1] ; 1250.000     ; -0.060     ; 0.949      ;
; 1248.978 ; pulso_384:inst12|strt     ; pulso_384:inst12|count[1] ; inst|altpll_component|auto_generated|pll1|clk[1] ; inst|altpll_component|auto_generated|pll1|clk[1] ; 1250.000     ; -0.060     ; 0.949      ;
; 1248.978 ; pulso_384:inst12|strt     ; pulso_384:inst12|count[2] ; inst|altpll_component|auto_generated|pll1|clk[1] ; inst|altpll_component|auto_generated|pll1|clk[1] ; 1250.000     ; -0.060     ; 0.949      ;
; 1248.978 ; pulso_384:inst12|strt     ; pulso_384:inst12|count[3] ; inst|altpll_component|auto_generated|pll1|clk[1] ; inst|altpll_component|auto_generated|pll1|clk[1] ; 1250.000     ; -0.060     ; 0.949      ;
; 1248.978 ; pulso_384:inst12|strt     ; pulso_384:inst12|count[4] ; inst|altpll_component|auto_generated|pll1|clk[1] ; inst|altpll_component|auto_generated|pll1|clk[1] ; 1250.000     ; -0.060     ; 0.949      ;
; 1248.978 ; pulso_384:inst12|strt     ; pulso_384:inst12|count[5] ; inst|altpll_component|auto_generated|pll1|clk[1] ; inst|altpll_component|auto_generated|pll1|clk[1] ; 1250.000     ; -0.060     ; 0.949      ;
; 1248.978 ; pulso_384:inst12|strt     ; pulso_384:inst12|count[6] ; inst|altpll_component|auto_generated|pll1|clk[1] ; inst|altpll_component|auto_generated|pll1|clk[1] ; 1250.000     ; -0.060     ; 0.949      ;
; 1248.978 ; pulso_384:inst12|strt     ; pulso_384:inst12|count[8] ; inst|altpll_component|auto_generated|pll1|clk[1] ; inst|altpll_component|auto_generated|pll1|clk[1] ; 1250.000     ; -0.060     ; 0.949      ;
; 1248.978 ; pulso_384:inst12|strt     ; pulso_384:inst12|count[7] ; inst|altpll_component|auto_generated|pll1|clk[1] ; inst|altpll_component|auto_generated|pll1|clk[1] ; 1250.000     ; -0.060     ; 0.949      ;
; 1248.983 ; pulso_384:inst12|count[1] ; pulso_384:inst12|count[7] ; inst|altpll_component|auto_generated|pll1|clk[1] ; inst|altpll_component|auto_generated|pll1|clk[1] ; 1250.000     ; -0.044     ; 0.960      ;
; 1248.983 ; pulso_384:inst12|count[3] ; pulso_384:inst12|count[8] ; inst|altpll_component|auto_generated|pll1|clk[1] ; inst|altpll_component|auto_generated|pll1|clk[1] ; 1250.000     ; -0.044     ; 0.960      ;
; 1248.987 ; pulso_384:inst12|count[1] ; pulso_384:inst12|count[6] ; inst|altpll_component|auto_generated|pll1|clk[1] ; inst|altpll_component|auto_generated|pll1|clk[1] ; 1250.000     ; -0.044     ; 0.956      ;
; 1248.993 ; pulso_384:inst12|count[0] ; pulso_384:inst12|count[7] ; inst|altpll_component|auto_generated|pll1|clk[1] ; inst|altpll_component|auto_generated|pll1|clk[1] ; 1250.000     ; -0.044     ; 0.950      ;
; 1249.031 ; pulso_384:inst12|count[2] ; pulso_384:inst12|count[8] ; inst|altpll_component|auto_generated|pll1|clk[1] ; inst|altpll_component|auto_generated|pll1|clk[1] ; 1250.000     ; -0.044     ; 0.912      ;
; 1249.032 ; pulso_384:inst12|count[0] ; pulso_384:inst12|count[6] ; inst|altpll_component|auto_generated|pll1|clk[1] ; inst|altpll_component|auto_generated|pll1|clk[1] ; 1250.000     ; -0.044     ; 0.911      ;
; 1249.047 ; pulso_384:inst12|count[3] ; pulso_384:inst12|count[7] ; inst|altpll_component|auto_generated|pll1|clk[1] ; inst|altpll_component|auto_generated|pll1|clk[1] ; 1250.000     ; -0.044     ; 0.896      ;
; 1249.051 ; pulso_384:inst12|count[1] ; pulso_384:inst12|count[5] ; inst|altpll_component|auto_generated|pll1|clk[1] ; inst|altpll_component|auto_generated|pll1|clk[1] ; 1250.000     ; -0.044     ; 0.892      ;
; 1249.051 ; pulso_384:inst12|count[5] ; pulso_384:inst12|count[8] ; inst|altpll_component|auto_generated|pll1|clk[1] ; inst|altpll_component|auto_generated|pll1|clk[1] ; 1250.000     ; -0.044     ; 0.892      ;
; 1249.051 ; pulso_384:inst12|count[3] ; pulso_384:inst12|count[6] ; inst|altpll_component|auto_generated|pll1|clk[1] ; inst|altpll_component|auto_generated|pll1|clk[1] ; 1250.000     ; -0.044     ; 0.892      ;
; 1249.055 ; pulso_384:inst12|count[1] ; pulso_384:inst12|count[4] ; inst|altpll_component|auto_generated|pll1|clk[1] ; inst|altpll_component|auto_generated|pll1|clk[1] ; 1250.000     ; -0.044     ; 0.888      ;
; 1249.061 ; pulso_384:inst12|count[2] ; pulso_384:inst12|count[7] ; inst|altpll_component|auto_generated|pll1|clk[1] ; inst|altpll_component|auto_generated|pll1|clk[1] ; 1250.000     ; -0.044     ; 0.882      ;
; 1249.061 ; pulso_384:inst12|count[0] ; pulso_384:inst12|count[5] ; inst|altpll_component|auto_generated|pll1|clk[1] ; inst|altpll_component|auto_generated|pll1|clk[1] ; 1250.000     ; -0.044     ; 0.882      ;
; 1249.069 ; pulso_384:inst12|strt     ; pulso_384:inst12|pulso    ; inst|altpll_component|auto_generated|pll1|clk[1] ; inst|altpll_component|auto_generated|pll1|clk[1] ; 1250.000     ; -0.045     ; 0.873      ;
; 1249.080 ; pulso_384:inst12|count[8] ; pulso_384:inst12|count[0] ; inst|altpll_component|auto_generated|pll1|clk[1] ; inst|altpll_component|auto_generated|pll1|clk[1] ; 1250.000     ; -0.044     ; 0.863      ;
; 1249.080 ; pulso_384:inst12|count[8] ; pulso_384:inst12|count[1] ; inst|altpll_component|auto_generated|pll1|clk[1] ; inst|altpll_component|auto_generated|pll1|clk[1] ; 1250.000     ; -0.044     ; 0.863      ;
; 1249.080 ; pulso_384:inst12|count[8] ; pulso_384:inst12|count[2] ; inst|altpll_component|auto_generated|pll1|clk[1] ; inst|altpll_component|auto_generated|pll1|clk[1] ; 1250.000     ; -0.044     ; 0.863      ;
; 1249.080 ; pulso_384:inst12|count[8] ; pulso_384:inst12|count[3] ; inst|altpll_component|auto_generated|pll1|clk[1] ; inst|altpll_component|auto_generated|pll1|clk[1] ; 1250.000     ; -0.044     ; 0.863      ;
; 1249.080 ; pulso_384:inst12|count[8] ; pulso_384:inst12|count[4] ; inst|altpll_component|auto_generated|pll1|clk[1] ; inst|altpll_component|auto_generated|pll1|clk[1] ; 1250.000     ; -0.044     ; 0.863      ;
; 1249.080 ; pulso_384:inst12|count[8] ; pulso_384:inst12|count[5] ; inst|altpll_component|auto_generated|pll1|clk[1] ; inst|altpll_component|auto_generated|pll1|clk[1] ; 1250.000     ; -0.044     ; 0.863      ;
; 1249.080 ; pulso_384:inst12|count[8] ; pulso_384:inst12|count[6] ; inst|altpll_component|auto_generated|pll1|clk[1] ; inst|altpll_component|auto_generated|pll1|clk[1] ; 1250.000     ; -0.044     ; 0.863      ;
; 1249.080 ; pulso_384:inst12|count[8] ; pulso_384:inst12|count[8] ; inst|altpll_component|auto_generated|pll1|clk[1] ; inst|altpll_component|auto_generated|pll1|clk[1] ; 1250.000     ; -0.044     ; 0.863      ;
; 1249.080 ; pulso_384:inst12|count[8] ; pulso_384:inst12|count[7] ; inst|altpll_component|auto_generated|pll1|clk[1] ; inst|altpll_component|auto_generated|pll1|clk[1] ; 1250.000     ; -0.044     ; 0.863      ;
; 1249.099 ; pulso_384:inst12|count[4] ; pulso_384:inst12|count[8] ; inst|altpll_component|auto_generated|pll1|clk[1] ; inst|altpll_component|auto_generated|pll1|clk[1] ; 1250.000     ; -0.044     ; 0.844      ;
; 1249.099 ; pulso_384:inst12|count[2] ; pulso_384:inst12|count[6] ; inst|altpll_component|auto_generated|pll1|clk[1] ; inst|altpll_component|auto_generated|pll1|clk[1] ; 1250.000     ; -0.044     ; 0.844      ;
; 1249.100 ; pulso_384:inst12|count[0] ; pulso_384:inst12|count[4] ; inst|altpll_component|auto_generated|pll1|clk[1] ; inst|altpll_component|auto_generated|pll1|clk[1] ; 1250.000     ; -0.044     ; 0.843      ;
; 1249.107 ; pulso_384:inst12|count[7] ; pulso_384:inst12|count[8] ; inst|altpll_component|auto_generated|pll1|clk[1] ; inst|altpll_component|auto_generated|pll1|clk[1] ; 1250.000     ; -0.044     ; 0.836      ;
; 1249.115 ; pulso_384:inst12|count[5] ; pulso_384:inst12|count[7] ; inst|altpll_component|auto_generated|pll1|clk[1] ; inst|altpll_component|auto_generated|pll1|clk[1] ; 1250.000     ; -0.044     ; 0.828      ;
; 1249.115 ; pulso_384:inst12|count[3] ; pulso_384:inst12|count[5] ; inst|altpll_component|auto_generated|pll1|clk[1] ; inst|altpll_component|auto_generated|pll1|clk[1] ; 1250.000     ; -0.044     ; 0.828      ;
; 1249.119 ; pulso_384:inst12|count[1] ; pulso_384:inst12|count[3] ; inst|altpll_component|auto_generated|pll1|clk[1] ; inst|altpll_component|auto_generated|pll1|clk[1] ; 1250.000     ; -0.044     ; 0.824      ;
; 1249.119 ; pulso_384:inst12|count[5] ; pulso_384:inst12|count[6] ; inst|altpll_component|auto_generated|pll1|clk[1] ; inst|altpll_component|auto_generated|pll1|clk[1] ; 1250.000     ; -0.044     ; 0.824      ;
; 1249.119 ; pulso_384:inst12|count[3] ; pulso_384:inst12|count[4] ; inst|altpll_component|auto_generated|pll1|clk[1] ; inst|altpll_component|auto_generated|pll1|clk[1] ; 1250.000     ; -0.044     ; 0.824      ;
; 1249.123 ; pulso_384:inst12|count[1] ; pulso_384:inst12|count[2] ; inst|altpll_component|auto_generated|pll1|clk[1] ; inst|altpll_component|auto_generated|pll1|clk[1] ; 1250.000     ; -0.044     ; 0.820      ;
; 1249.129 ; pulso_384:inst12|count[4] ; pulso_384:inst12|count[7] ; inst|altpll_component|auto_generated|pll1|clk[1] ; inst|altpll_component|auto_generated|pll1|clk[1] ; 1250.000     ; -0.044     ; 0.814      ;
; 1249.129 ; pulso_384:inst12|count[2] ; pulso_384:inst12|count[5] ; inst|altpll_component|auto_generated|pll1|clk[1] ; inst|altpll_component|auto_generated|pll1|clk[1] ; 1250.000     ; -0.044     ; 0.814      ;
; 1249.129 ; pulso_384:inst12|count[0] ; pulso_384:inst12|count[3] ; inst|altpll_component|auto_generated|pll1|clk[1] ; inst|altpll_component|auto_generated|pll1|clk[1] ; 1250.000     ; -0.044     ; 0.814      ;
; 1249.154 ; pulso_384:inst12|count[7] ; pulso_384:inst12|count[0] ; inst|altpll_component|auto_generated|pll1|clk[1] ; inst|altpll_component|auto_generated|pll1|clk[1] ; 1250.000     ; -0.044     ; 0.789      ;
; 1249.154 ; pulso_384:inst12|count[7] ; pulso_384:inst12|count[1] ; inst|altpll_component|auto_generated|pll1|clk[1] ; inst|altpll_component|auto_generated|pll1|clk[1] ; 1250.000     ; -0.044     ; 0.789      ;
; 1249.154 ; pulso_384:inst12|count[7] ; pulso_384:inst12|count[2] ; inst|altpll_component|auto_generated|pll1|clk[1] ; inst|altpll_component|auto_generated|pll1|clk[1] ; 1250.000     ; -0.044     ; 0.789      ;
; 1249.154 ; pulso_384:inst12|count[7] ; pulso_384:inst12|count[3] ; inst|altpll_component|auto_generated|pll1|clk[1] ; inst|altpll_component|auto_generated|pll1|clk[1] ; 1250.000     ; -0.044     ; 0.789      ;
; 1249.154 ; pulso_384:inst12|count[7] ; pulso_384:inst12|count[4] ; inst|altpll_component|auto_generated|pll1|clk[1] ; inst|altpll_component|auto_generated|pll1|clk[1] ; 1250.000     ; -0.044     ; 0.789      ;
; 1249.154 ; pulso_384:inst12|count[7] ; pulso_384:inst12|count[5] ; inst|altpll_component|auto_generated|pll1|clk[1] ; inst|altpll_component|auto_generated|pll1|clk[1] ; 1250.000     ; -0.044     ; 0.789      ;
; 1249.154 ; pulso_384:inst12|count[7] ; pulso_384:inst12|count[6] ; inst|altpll_component|auto_generated|pll1|clk[1] ; inst|altpll_component|auto_generated|pll1|clk[1] ; 1250.000     ; -0.044     ; 0.789      ;
; 1249.154 ; pulso_384:inst12|count[7] ; pulso_384:inst12|count[7] ; inst|altpll_component|auto_generated|pll1|clk[1] ; inst|altpll_component|auto_generated|pll1|clk[1] ; 1250.000     ; -0.044     ; 0.789      ;
; 1249.167 ; pulso_384:inst12|count[4] ; pulso_384:inst12|count[6] ; inst|altpll_component|auto_generated|pll1|clk[1] ; inst|altpll_component|auto_generated|pll1|clk[1] ; 1250.000     ; -0.044     ; 0.776      ;
; 1249.167 ; pulso_384:inst12|count[2] ; pulso_384:inst12|count[4] ; inst|altpll_component|auto_generated|pll1|clk[1] ; inst|altpll_component|auto_generated|pll1|clk[1] ; 1250.000     ; -0.044     ; 0.776      ;
; 1249.168 ; pulso_384:inst12|count[6] ; pulso_384:inst12|count[8] ; inst|altpll_component|auto_generated|pll1|clk[1] ; inst|altpll_component|auto_generated|pll1|clk[1] ; 1250.000     ; -0.044     ; 0.775      ;
; 1249.168 ; pulso_384:inst12|count[0] ; pulso_384:inst12|count[2] ; inst|altpll_component|auto_generated|pll1|clk[1] ; inst|altpll_component|auto_generated|pll1|clk[1] ; 1250.000     ; -0.044     ; 0.775      ;
; 1249.171 ; pulso_384:inst12|count[8] ; pulso_384:inst12|pulso    ; inst|altpll_component|auto_generated|pll1|clk[1] ; inst|altpll_component|auto_generated|pll1|clk[1] ; 1250.000     ; -0.029     ; 0.787      ;
; 1249.197 ; pulso_384:inst12|count[0] ; pulso_384:inst12|count[1] ; inst|altpll_component|auto_generated|pll1|clk[1] ; inst|altpll_component|auto_generated|pll1|clk[1] ; 1250.000     ; -0.044     ; 0.746      ;
; 1249.197 ; pulso_384:inst12|count[6] ; pulso_384:inst12|count[7] ; inst|altpll_component|auto_generated|pll1|clk[1] ; inst|altpll_component|auto_generated|pll1|clk[1] ; 1250.000     ; -0.044     ; 0.746      ;
; 1249.197 ; pulso_384:inst12|count[4] ; pulso_384:inst12|count[5] ; inst|altpll_component|auto_generated|pll1|clk[1] ; inst|altpll_component|auto_generated|pll1|clk[1] ; 1250.000     ; -0.044     ; 0.746      ;
; 1249.197 ; pulso_384:inst12|count[2] ; pulso_384:inst12|count[3] ; inst|altpll_component|auto_generated|pll1|clk[1] ; inst|altpll_component|auto_generated|pll1|clk[1] ; 1250.000     ; -0.044     ; 0.746      ;
; 1249.245 ; pulso_384:inst12|count[7] ; pulso_384:inst12|pulso    ; inst|altpll_component|auto_generated|pll1|clk[1] ; inst|altpll_component|auto_generated|pll1|clk[1] ; 1250.000     ; -0.029     ; 0.713      ;
; 1249.403 ; pulso_384:inst12|count[0] ; pulso_384:inst12|count[0] ; inst|altpll_component|auto_generated|pll1|clk[1] ; inst|altpll_component|auto_generated|pll1|clk[1] ; 1250.000     ; -0.044     ; 0.540      ;
; 1249.403 ; pulso_384:inst12|count[6] ; pulso_384:inst12|count[6] ; inst|altpll_component|auto_generated|pll1|clk[1] ; inst|altpll_component|auto_generated|pll1|clk[1] ; 1250.000     ; -0.044     ; 0.540      ;
; 1249.403 ; pulso_384:inst12|count[4] ; pulso_384:inst12|count[4] ; inst|altpll_component|auto_generated|pll1|clk[1] ; inst|altpll_component|auto_generated|pll1|clk[1] ; 1250.000     ; -0.044     ; 0.540      ;
; 1249.403 ; pulso_384:inst12|count[2] ; pulso_384:inst12|count[2] ; inst|altpll_component|auto_generated|pll1|clk[1] ; inst|altpll_component|auto_generated|pll1|clk[1] ; 1250.000     ; -0.044     ; 0.540      ;
; 1249.412 ; pulso_384:inst12|count[5] ; pulso_384:inst12|count[5] ; inst|altpll_component|auto_generated|pll1|clk[1] ; inst|altpll_component|auto_generated|pll1|clk[1] ; 1250.000     ; -0.044     ; 0.531      ;
; 1249.412 ; pulso_384:inst12|count[3] ; pulso_384:inst12|count[3] ; inst|altpll_component|auto_generated|pll1|clk[1] ; inst|altpll_component|auto_generated|pll1|clk[1] ; 1250.000     ; -0.044     ; 0.531      ;
; 1249.415 ; pulso_384:inst12|count[1] ; pulso_384:inst12|count[1] ; inst|altpll_component|auto_generated|pll1|clk[1] ; inst|altpll_component|auto_generated|pll1|clk[1] ; 1250.000     ; -0.044     ; 0.528      ;
; 1249.429 ; pulso_384:inst12|count[8] ; pulso_384:inst12|strt     ; inst|altpll_component|auto_generated|pll1|clk[1] ; inst|altpll_component|auto_generated|pll1|clk[1] ; 1250.000     ; -0.029     ; 0.529      ;
; 1249.432 ; pulso_384:inst12|count[7] ; pulso_384:inst12|strt     ; inst|altpll_component|auto_generated|pll1|clk[1] ; inst|altpll_component|auto_generated|pll1|clk[1] ; 1250.000     ; -0.029     ; 0.526      ;
; 1249.592 ; pulso_384:inst12|pulso    ; pulso_384:inst12|pulso    ; inst|altpll_component|auto_generated|pll1|clk[1] ; inst|altpll_component|auto_generated|pll1|clk[1] ; 1250.000     ; -0.045     ; 0.350      ;
; 1249.592 ; pulso_384:inst12|strt     ; pulso_384:inst12|strt     ; inst|altpll_component|auto_generated|pll1|clk[1] ; inst|altpll_component|auto_generated|pll1|clk[1] ; 1250.000     ; -0.045     ; 0.350      ;
+----------+---------------------------+---------------------------+--------------------------------------------------+--------------------------------------------------+--------------+------------+------------+


+----------------------------------------------------------------------------------------------------------------------------------------------------------------------------------------+
; Fast 1200mV 0C Model Hold: 'inst4'                                                                                                                                                     ;
+--------+------------------------+--------------------------------------------+--------------------------------------------------+-------------+--------------+------------+------------+
; Slack  ; From Node              ; To Node                                    ; Launch Clock                                     ; Latch Clock ; Relationship ; Clock Skew ; Data Delay ;
+--------+------------------------+--------------------------------------------+--------------------------------------------------+-------------+--------------+------------+------------+
; -0.335 ; coloress2:inst17|D3[0] ; paralelo_serie_384b:inst1|shift_reg[64]~11 ; inst|altpll_component|auto_generated|pll1|clk[2] ; inst4       ; -0.500       ; 1.441      ; 0.686      ;
; -0.324 ; coloress2:inst17|D4[0] ; paralelo_serie_384b:inst1|shift_reg[88]~1  ; inst|altpll_component|auto_generated|pll1|clk[2] ; inst4       ; -0.500       ; 1.440      ; 0.696      ;
; -0.282 ; coloress2:inst17|D2[0] ; paralelo_serie_384b:inst1|shift_reg[40]~21 ; inst|altpll_component|auto_generated|pll1|clk[2] ; inst4       ; -0.500       ; 1.436      ; 0.734      ;
+--------+------------------------+--------------------------------------------+--------------------------------------------------+-------------+--------------+------------+------------+


+-------------------------------------------------------------------------------------------------------------------------------------------------------------------------------------------------------------------+
; Fast 1200mV 0C Model Hold: 'inst|altpll_component|auto_generated|pll1|clk[2]'                                                                                                                                     ;
+--------+-----------------------------+-----------------------------+--------------------------------------------------+--------------------------------------------------+--------------+------------+------------+
; Slack  ; From Node                   ; To Node                     ; Launch Clock                                     ; Latch Clock                                      ; Relationship ; Clock Skew ; Data Delay ;
+--------+-----------------------------+-----------------------------+--------------------------------------------------+--------------------------------------------------+--------------+------------+------------+
; -0.116 ; inst4                       ; inst4                       ; inst4                                            ; inst|altpll_component|auto_generated|pll1|clk[2] ; 0.000        ; 0.140      ; 0.323      ;
; 0.178  ; coloress2:inst17|puntos1[1] ; coloress2:inst17|puntos1[1] ; inst|altpll_component|auto_generated|pll1|clk[2] ; inst|altpll_component|auto_generated|pll1|clk[2] ; 0.000        ; 0.045      ; 0.307      ;
; 0.185  ; coloress2:inst17|puntos1[0] ; coloress2:inst17|puntos1[0] ; inst|altpll_component|auto_generated|pll1|clk[2] ; inst|altpll_component|auto_generated|pll1|clk[2] ; 0.000        ; 0.045      ; 0.314      ;
; 0.186  ; coloress2:inst17|D4[0]      ; coloress2:inst17|D4[0]      ; inst|altpll_component|auto_generated|pll1|clk[2] ; inst|altpll_component|auto_generated|pll1|clk[2] ; 0.000        ; 0.037      ; 0.307      ;
; 0.186  ; coloress2:inst17|D3[0]      ; coloress2:inst17|D3[0]      ; inst|altpll_component|auto_generated|pll1|clk[2] ; inst|altpll_component|auto_generated|pll1|clk[2] ; 0.000        ; 0.037      ; 0.307      ;
; 0.301  ; coloress2:inst17|puntos1[0] ; coloress2:inst17|puntos1[1] ; inst|altpll_component|auto_generated|pll1|clk[2] ; inst|altpll_component|auto_generated|pll1|clk[2] ; 0.000        ; 0.045      ; 0.430      ;
; 0.375  ; inst4                       ; inst4                       ; inst4                                            ; inst|altpll_component|auto_generated|pll1|clk[2] ; -0.500       ; 0.140      ; 0.314      ;
; 0.476  ; coloress2:inst17|puntos1[0] ; coloress2:inst17|D3[0]      ; inst|altpll_component|auto_generated|pll1|clk[2] ; inst|altpll_component|auto_generated|pll1|clk[2] ; 0.000        ; -0.152     ; 0.408      ;
; 0.479  ; coloress2:inst17|puntos1[0] ; coloress2:inst17|D4[0]      ; inst|altpll_component|auto_generated|pll1|clk[2] ; inst|altpll_component|auto_generated|pll1|clk[2] ; 0.000        ; -0.152     ; 0.411      ;
; 0.699  ; coloress2:inst17|puntos1[1] ; coloress2:inst17|D3[0]      ; inst|altpll_component|auto_generated|pll1|clk[2] ; inst|altpll_component|auto_generated|pll1|clk[2] ; 0.000        ; -0.152     ; 0.631      ;
; 0.701  ; coloress2:inst17|bloqueo    ; coloress2:inst17|D3[0]      ; inst|altpll_component|auto_generated|pll1|clk[2] ; inst|altpll_component|auto_generated|pll1|clk[2] ; 0.000        ; -0.152     ; 0.633      ;
; 0.704  ; coloress2:inst17|bloqueo    ; coloress2:inst17|D4[0]      ; inst|altpll_component|auto_generated|pll1|clk[2] ; inst|altpll_component|auto_generated|pll1|clk[2] ; 0.000        ; -0.152     ; 0.636      ;
; 0.705  ; coloress2:inst17|puntos1[1] ; coloress2:inst17|D2[0]      ; inst|altpll_component|auto_generated|pll1|clk[2] ; inst|altpll_component|auto_generated|pll1|clk[2] ; 0.000        ; -0.152     ; 0.637      ;
; 0.718  ; coloress2:inst17|puntos1[1] ; coloress2:inst17|D4[0]      ; inst|altpll_component|auto_generated|pll1|clk[2] ; inst|altpll_component|auto_generated|pll1|clk[2] ; 0.000        ; -0.152     ; 0.650      ;
; 0.785  ; coloress2:inst17|D2[0]      ; coloress2:inst17|D2[0]      ; inst|altpll_component|auto_generated|pll1|clk[2] ; inst|altpll_component|auto_generated|pll1|clk[2] ; 0.000        ; 0.036      ; 0.905      ;
; 0.805  ; coloress2:inst17|bloqueo    ; coloress2:inst17|D2[0]      ; inst|altpll_component|auto_generated|pll1|clk[2] ; inst|altpll_component|auto_generated|pll1|clk[2] ; 0.000        ; -0.152     ; 0.737      ;
; 0.849  ; coloress2:inst17|puntos1[0] ; coloress2:inst17|D2[0]      ; inst|altpll_component|auto_generated|pll1|clk[2] ; inst|altpll_component|auto_generated|pll1|clk[2] ; 0.000        ; -0.152     ; 0.781      ;
+--------+-----------------------------+-----------------------------+--------------------------------------------------+--------------------------------------------------+--------------+------------+------------+


+--------------------------------------------------------------------------------------------------------------------------------------------------------------------------------------------------------------------------------------------+
; Fast 1200mV 0C Model Hold: 'inst|altpll_component|auto_generated|pll1|clk[0]'                                                                                                                                                              ;
+-------+------------------------------------------+------------------------------------------+--------------------------------------------------+--------------------------------------------------+--------------+------------+------------+
; Slack ; From Node                                ; To Node                                  ; Launch Clock                                     ; Latch Clock                                      ; Relationship ; Clock Skew ; Data Delay ;
+-------+------------------------------------------+------------------------------------------+--------------------------------------------------+--------------------------------------------------+--------------+------------+------------+
; 0.095 ; inst4                                    ; paralelo_serie_384b:inst1|shift_reg[89]  ; inst4                                            ; inst|altpll_component|auto_generated|pll1|clk[0] ; 0.000        ; 0.157      ; 0.551      ;
; 0.096 ; inst4                                    ; paralelo_serie_384b:inst1|shift_reg[76]  ; inst4                                            ; inst|altpll_component|auto_generated|pll1|clk[0] ; 0.000        ; 0.157      ; 0.552      ;
; 0.097 ; inst4                                    ; paralelo_serie_384b:inst1|shift_reg[81]  ; inst4                                            ; inst|altpll_component|auto_generated|pll1|clk[0] ; 0.000        ; 0.157      ; 0.553      ;
; 0.099 ; inst4                                    ; paralelo_serie_384b:inst1|shift_reg[52]  ; inst4                                            ; inst|altpll_component|auto_generated|pll1|clk[0] ; 0.000        ; 0.157      ; 0.555      ;
; 0.160 ; inst4                                    ; paralelo_serie_384b:inst1|shift_reg[41]  ; inst4                                            ; inst|altpll_component|auto_generated|pll1|clk[0] ; 0.000        ; 0.159      ; 0.618      ;
; 0.161 ; inst4                                    ; paralelo_serie_384b:inst1|shift_reg[25]  ; inst4                                            ; inst|altpll_component|auto_generated|pll1|clk[0] ; 0.000        ; 0.159      ; 0.619      ;
; 0.162 ; inst4                                    ; paralelo_serie_384b:inst1|shift_reg[33]  ; inst4                                            ; inst|altpll_component|auto_generated|pll1|clk[0] ; 0.000        ; 0.159      ; 0.620      ;
; 0.163 ; inst4                                    ; paralelo_serie_384b:inst1|shift_reg[28]  ; inst4                                            ; inst|altpll_component|auto_generated|pll1|clk[0] ; 0.000        ; 0.159      ; 0.621      ;
; 0.166 ; inst4                                    ; paralelo_serie_384b:inst1|shift_reg[57]  ; inst4                                            ; inst|altpll_component|auto_generated|pll1|clk[0] ; 0.000        ; 0.157      ; 0.622      ;
; 0.166 ; inst4                                    ; paralelo_serie_384b:inst1|shift_reg[73]  ; inst4                                            ; inst|altpll_component|auto_generated|pll1|clk[0] ; 0.000        ; 0.157      ; 0.622      ;
; 0.167 ; inst4                                    ; paralelo_serie_384b:inst1|shift_reg[49]  ; inst4                                            ; inst|altpll_component|auto_generated|pll1|clk[0] ; 0.000        ; 0.157      ; 0.623      ;
; 0.170 ; inst4                                    ; paralelo_serie_384b:inst1|shift_reg[65]  ; inst4                                            ; inst|altpll_component|auto_generated|pll1|clk[0] ; 0.000        ; 0.157      ; 0.626      ;
; 0.177 ; paralelo_serie_384b:inst1|shift_reg[43]  ; paralelo_serie_384b:inst1|shift_reg[44]  ; inst|altpll_component|auto_generated|pll1|clk[0] ; inst|altpll_component|auto_generated|pll1|clk[0] ; 0.000        ; 0.259      ; 0.520      ;
; 0.180 ; paralelo_serie_384b:inst1|shift_reg[190] ; paralelo_serie_384b:inst1|shift_reg[191] ; inst|altpll_component|auto_generated|pll1|clk[0] ; inst|altpll_component|auto_generated|pll1|clk[0] ; 0.000        ; 0.268      ; 0.532      ;
; 0.181 ; paralelo_serie_384b:inst1|shift_reg[353] ; paralelo_serie_384b:inst1|shift_reg[354] ; inst|altpll_component|auto_generated|pll1|clk[0] ; inst|altpll_component|auto_generated|pll1|clk[0] ; 0.000        ; 0.271      ; 0.536      ;
; 0.183 ; paralelo_serie_384b:inst1|shift_reg[257] ; paralelo_serie_384b:inst1|shift_reg[258] ; inst|altpll_component|auto_generated|pll1|clk[0] ; inst|altpll_component|auto_generated|pll1|clk[0] ; 0.000        ; 0.047      ; 0.314      ;
; 0.183 ; paralelo_serie_384b:inst1|shift_reg[370] ; paralelo_serie_384b:inst1|shift_reg[371] ; inst|altpll_component|auto_generated|pll1|clk[0] ; inst|altpll_component|auto_generated|pll1|clk[0] ; 0.000        ; 0.047      ; 0.314      ;
; 0.183 ; paralelo_serie_384b:inst1|shift_reg[372] ; paralelo_serie_384b:inst1|shift_reg[373] ; inst|altpll_component|auto_generated|pll1|clk[0] ; inst|altpll_component|auto_generated|pll1|clk[0] ; 0.000        ; 0.047      ; 0.314      ;
; 0.183 ; paralelo_serie_384b:inst1|shift_reg[378] ; paralelo_serie_384b:inst1|shift_reg[379] ; inst|altpll_component|auto_generated|pll1|clk[0] ; inst|altpll_component|auto_generated|pll1|clk[0] ; 0.000        ; 0.047      ; 0.314      ;
; 0.183 ; paralelo_serie_384b:inst1|shift_reg[381] ; paralelo_serie_384b:inst1|shift_reg[382] ; inst|altpll_component|auto_generated|pll1|clk[0] ; inst|altpll_component|auto_generated|pll1|clk[0] ; 0.000        ; 0.047      ; 0.314      ;
; 0.184 ; paralelo_serie_384b:inst1|shift_reg[377] ; paralelo_serie_384b:inst1|shift_reg[378] ; inst|altpll_component|auto_generated|pll1|clk[0] ; inst|altpll_component|auto_generated|pll1|clk[0] ; 0.000        ; 0.047      ; 0.315      ;
; 0.184 ; paralelo_serie_384b:inst1|shift_reg[379] ; paralelo_serie_384b:inst1|shift_reg[380] ; inst|altpll_component|auto_generated|pll1|clk[0] ; inst|altpll_component|auto_generated|pll1|clk[0] ; 0.000        ; 0.047      ; 0.315      ;
; 0.184 ; paralelo_serie_384b:inst1|shift_reg[380] ; paralelo_serie_384b:inst1|shift_reg[381] ; inst|altpll_component|auto_generated|pll1|clk[0] ; inst|altpll_component|auto_generated|pll1|clk[0] ; 0.000        ; 0.047      ; 0.315      ;
; 0.186 ; paralelo_serie_384b:inst1|shift_reg[374] ; paralelo_serie_384b:inst1|shift_reg[375] ; inst|altpll_component|auto_generated|pll1|clk[0] ; inst|altpll_component|auto_generated|pll1|clk[0] ; 0.000        ; 0.047      ; 0.317      ;
; 0.188 ; paralelo_serie_384b:inst1|shift_reg[227] ; paralelo_serie_384b:inst1|shift_reg[228] ; inst|altpll_component|auto_generated|pll1|clk[0] ; inst|altpll_component|auto_generated|pll1|clk[0] ; 0.000        ; 0.262      ; 0.534      ;
; 0.190 ; paralelo_serie_384b:inst1|shift_reg[99]  ; paralelo_serie_384b:inst1|shift_reg[100] ; inst|altpll_component|auto_generated|pll1|clk[0] ; inst|altpll_component|auto_generated|pll1|clk[0] ; 0.000        ; 0.039      ; 0.313      ;
; 0.190 ; paralelo_serie_384b:inst1|shift_reg[100] ; paralelo_serie_384b:inst1|shift_reg[101] ; inst|altpll_component|auto_generated|pll1|clk[0] ; inst|altpll_component|auto_generated|pll1|clk[0] ; 0.000        ; 0.039      ; 0.313      ;
; 0.191 ; paralelo_serie_384b:inst1|shift_reg[1]   ; paralelo_serie_384b:inst1|shift_reg[2]   ; inst|altpll_component|auto_generated|pll1|clk[0] ; inst|altpll_component|auto_generated|pll1|clk[0] ; 0.000        ; 0.039      ; 0.314      ;
; 0.191 ; paralelo_serie_384b:inst1|shift_reg[4]   ; paralelo_serie_384b:inst1|shift_reg[5]   ; inst|altpll_component|auto_generated|pll1|clk[0] ; inst|altpll_component|auto_generated|pll1|clk[0] ; 0.000        ; 0.039      ; 0.314      ;
; 0.191 ; paralelo_serie_384b:inst1|shift_reg[145] ; paralelo_serie_384b:inst1|shift_reg[146] ; inst|altpll_component|auto_generated|pll1|clk[0] ; inst|altpll_component|auto_generated|pll1|clk[0] ; 0.000        ; 0.038      ; 0.313      ;
; 0.191 ; paralelo_serie_384b:inst1|shift_reg[151] ; paralelo_serie_384b:inst1|shift_reg[152] ; inst|altpll_component|auto_generated|pll1|clk[0] ; inst|altpll_component|auto_generated|pll1|clk[0] ; 0.000        ; 0.038      ; 0.313      ;
; 0.191 ; paralelo_serie_384b:inst1|shift_reg[170] ; paralelo_serie_384b:inst1|shift_reg[171] ; inst|altpll_component|auto_generated|pll1|clk[0] ; inst|altpll_component|auto_generated|pll1|clk[0] ; 0.000        ; 0.038      ; 0.313      ;
; 0.191 ; paralelo_serie_384b:inst1|shift_reg[175] ; paralelo_serie_384b:inst1|shift_reg[176] ; inst|altpll_component|auto_generated|pll1|clk[0] ; inst|altpll_component|auto_generated|pll1|clk[0] ; 0.000        ; 0.038      ; 0.313      ;
; 0.191 ; paralelo_serie_384b:inst1|shift_reg[197] ; paralelo_serie_384b:inst1|shift_reg[198] ; inst|altpll_component|auto_generated|pll1|clk[0] ; inst|altpll_component|auto_generated|pll1|clk[0] ; 0.000        ; 0.038      ; 0.313      ;
; 0.191 ; paralelo_serie_384b:inst1|shift_reg[198] ; paralelo_serie_384b:inst1|shift_reg[199] ; inst|altpll_component|auto_generated|pll1|clk[0] ; inst|altpll_component|auto_generated|pll1|clk[0] ; 0.000        ; 0.038      ; 0.313      ;
; 0.191 ; paralelo_serie_384b:inst1|shift_reg[206] ; paralelo_serie_384b:inst1|shift_reg[207] ; inst|altpll_component|auto_generated|pll1|clk[0] ; inst|altpll_component|auto_generated|pll1|clk[0] ; 0.000        ; 0.038      ; 0.313      ;
; 0.191 ; paralelo_serie_384b:inst1|shift_reg[214] ; paralelo_serie_384b:inst1|shift_reg[215] ; inst|altpll_component|auto_generated|pll1|clk[0] ; inst|altpll_component|auto_generated|pll1|clk[0] ; 0.000        ; 0.038      ; 0.313      ;
; 0.191 ; paralelo_serie_384b:inst1|shift_reg[225] ; paralelo_serie_384b:inst1|shift_reg[226] ; inst|altpll_component|auto_generated|pll1|clk[0] ; inst|altpll_component|auto_generated|pll1|clk[0] ; 0.000        ; 0.038      ; 0.313      ;
; 0.191 ; paralelo_serie_384b:inst1|shift_reg[226] ; paralelo_serie_384b:inst1|shift_reg[227] ; inst|altpll_component|auto_generated|pll1|clk[0] ; inst|altpll_component|auto_generated|pll1|clk[0] ; 0.000        ; 0.038      ; 0.313      ;
; 0.191 ; paralelo_serie_384b:inst1|shift_reg[273] ; paralelo_serie_384b:inst1|shift_reg[274] ; inst|altpll_component|auto_generated|pll1|clk[0] ; inst|altpll_component|auto_generated|pll1|clk[0] ; 0.000        ; 0.038      ; 0.313      ;
; 0.191 ; paralelo_serie_384b:inst1|shift_reg[277] ; paralelo_serie_384b:inst1|shift_reg[278] ; inst|altpll_component|auto_generated|pll1|clk[0] ; inst|altpll_component|auto_generated|pll1|clk[0] ; 0.000        ; 0.038      ; 0.313      ;
; 0.191 ; paralelo_serie_384b:inst1|shift_reg[282] ; paralelo_serie_384b:inst1|shift_reg[283] ; inst|altpll_component|auto_generated|pll1|clk[0] ; inst|altpll_component|auto_generated|pll1|clk[0] ; 0.000        ; 0.038      ; 0.313      ;
; 0.191 ; paralelo_serie_384b:inst1|shift_reg[305] ; paralelo_serie_384b:inst1|shift_reg[306] ; inst|altpll_component|auto_generated|pll1|clk[0] ; inst|altpll_component|auto_generated|pll1|clk[0] ; 0.000        ; 0.269      ; 0.544      ;
; 0.191 ; paralelo_serie_384b:inst1|shift_reg[311] ; paralelo_serie_384b:inst1|shift_reg[312] ; inst|altpll_component|auto_generated|pll1|clk[0] ; inst|altpll_component|auto_generated|pll1|clk[0] ; 0.000        ; 0.038      ; 0.313      ;
; 0.191 ; paralelo_serie_384b:inst1|shift_reg[313] ; paralelo_serie_384b:inst1|shift_reg[314] ; inst|altpll_component|auto_generated|pll1|clk[0] ; inst|altpll_component|auto_generated|pll1|clk[0] ; 0.000        ; 0.270      ; 0.545      ;
; 0.191 ; paralelo_serie_384b:inst1|shift_reg[323] ; paralelo_serie_384b:inst1|shift_reg[324] ; inst|altpll_component|auto_generated|pll1|clk[0] ; inst|altpll_component|auto_generated|pll1|clk[0] ; 0.000        ; 0.038      ; 0.313      ;
; 0.191 ; paralelo_serie_384b:inst1|shift_reg[327] ; paralelo_serie_384b:inst1|shift_reg[328] ; inst|altpll_component|auto_generated|pll1|clk[0] ; inst|altpll_component|auto_generated|pll1|clk[0] ; 0.000        ; 0.038      ; 0.313      ;
; 0.191 ; paralelo_serie_384b:inst1|shift_reg[335] ; paralelo_serie_384b:inst1|shift_reg[336] ; inst|altpll_component|auto_generated|pll1|clk[0] ; inst|altpll_component|auto_generated|pll1|clk[0] ; 0.000        ; 0.038      ; 0.313      ;
; 0.191 ; paralelo_serie_384b:inst1|shift_reg[343] ; paralelo_serie_384b:inst1|shift_reg[344] ; inst|altpll_component|auto_generated|pll1|clk[0] ; inst|altpll_component|auto_generated|pll1|clk[0] ; 0.000        ; 0.038      ; 0.313      ;
; 0.191 ; paralelo_serie_384b:inst1|shift_reg[346] ; paralelo_serie_384b:inst1|shift_reg[347] ; inst|altpll_component|auto_generated|pll1|clk[0] ; inst|altpll_component|auto_generated|pll1|clk[0] ; 0.000        ; 0.038      ; 0.313      ;
; 0.191 ; paralelo_serie_384b:inst1|shift_reg[368] ; paralelo_serie_384b:inst1|shift_reg[369] ; inst|altpll_component|auto_generated|pll1|clk[0] ; inst|altpll_component|auto_generated|pll1|clk[0] ; 0.000        ; 0.038      ; 0.313      ;
; 0.191 ; paralelo_serie_384b:inst1|shift_reg[37]  ; paralelo_serie_384b:inst1|shift_reg[38]  ; inst|altpll_component|auto_generated|pll1|clk[0] ; inst|altpll_component|auto_generated|pll1|clk[0] ; 0.000        ; 0.038      ; 0.313      ;
; 0.191 ; paralelo_serie_384b:inst1|shift_reg[59]  ; paralelo_serie_384b:inst1|shift_reg[60]  ; inst|altpll_component|auto_generated|pll1|clk[0] ; inst|altpll_component|auto_generated|pll1|clk[0] ; 0.000        ; 0.039      ; 0.314      ;
; 0.191 ; paralelo_serie_384b:inst1|shift_reg[62]  ; paralelo_serie_384b:inst1|shift_reg[63]  ; inst|altpll_component|auto_generated|pll1|clk[0] ; inst|altpll_component|auto_generated|pll1|clk[0] ; 0.000        ; 0.039      ; 0.314      ;
; 0.191 ; paralelo_serie_384b:inst1|shift_reg[93]  ; paralelo_serie_384b:inst1|shift_reg[94]  ; inst|altpll_component|auto_generated|pll1|clk[0] ; inst|altpll_component|auto_generated|pll1|clk[0] ; 0.000        ; 0.039      ; 0.314      ;
; 0.191 ; paralelo_serie_384b:inst1|shift_reg[95]  ; paralelo_serie_384b:inst1|shift_reg[96]  ; inst|altpll_component|auto_generated|pll1|clk[0] ; inst|altpll_component|auto_generated|pll1|clk[0] ; 0.000        ; 0.039      ; 0.314      ;
; 0.191 ; paralelo_serie_384b:inst1|shift_reg[96]  ; paralelo_serie_384b:inst1|shift_reg[97]  ; inst|altpll_component|auto_generated|pll1|clk[0] ; inst|altpll_component|auto_generated|pll1|clk[0] ; 0.000        ; 0.039      ; 0.314      ;
; 0.191 ; paralelo_serie_384b:inst1|shift_reg[105] ; paralelo_serie_384b:inst1|shift_reg[106] ; inst|altpll_component|auto_generated|pll1|clk[0] ; inst|altpll_component|auto_generated|pll1|clk[0] ; 0.000        ; 0.038      ; 0.313      ;
; 0.192 ; paralelo_serie_384b:inst1|shift_reg[138] ; paralelo_serie_384b:inst1|shift_reg[139] ; inst|altpll_component|auto_generated|pll1|clk[0] ; inst|altpll_component|auto_generated|pll1|clk[0] ; 0.000        ; 0.038      ; 0.314      ;
; 0.192 ; paralelo_serie_384b:inst1|shift_reg[140] ; paralelo_serie_384b:inst1|shift_reg[141] ; inst|altpll_component|auto_generated|pll1|clk[0] ; inst|altpll_component|auto_generated|pll1|clk[0] ; 0.000        ; 0.038      ; 0.314      ;
; 0.192 ; paralelo_serie_384b:inst1|shift_reg[141] ; paralelo_serie_384b:inst1|shift_reg[142] ; inst|altpll_component|auto_generated|pll1|clk[0] ; inst|altpll_component|auto_generated|pll1|clk[0] ; 0.000        ; 0.038      ; 0.314      ;
; 0.192 ; paralelo_serie_384b:inst1|shift_reg[142] ; paralelo_serie_384b:inst1|shift_reg[143] ; inst|altpll_component|auto_generated|pll1|clk[0] ; inst|altpll_component|auto_generated|pll1|clk[0] ; 0.000        ; 0.038      ; 0.314      ;
; 0.192 ; paralelo_serie_384b:inst1|shift_reg[155] ; paralelo_serie_384b:inst1|shift_reg[156] ; inst|altpll_component|auto_generated|pll1|clk[0] ; inst|altpll_component|auto_generated|pll1|clk[0] ; 0.000        ; 0.038      ; 0.314      ;
; 0.192 ; paralelo_serie_384b:inst1|shift_reg[162] ; paralelo_serie_384b:inst1|shift_reg[163] ; inst|altpll_component|auto_generated|pll1|clk[0] ; inst|altpll_component|auto_generated|pll1|clk[0] ; 0.000        ; 0.038      ; 0.314      ;
; 0.192 ; paralelo_serie_384b:inst1|shift_reg[163] ; paralelo_serie_384b:inst1|shift_reg[164] ; inst|altpll_component|auto_generated|pll1|clk[0] ; inst|altpll_component|auto_generated|pll1|clk[0] ; 0.000        ; 0.038      ; 0.314      ;
; 0.192 ; paralelo_serie_384b:inst1|shift_reg[166] ; paralelo_serie_384b:inst1|shift_reg[167] ; inst|altpll_component|auto_generated|pll1|clk[0] ; inst|altpll_component|auto_generated|pll1|clk[0] ; 0.000        ; 0.038      ; 0.314      ;
; 0.192 ; paralelo_serie_384b:inst1|shift_reg[174] ; paralelo_serie_384b:inst1|shift_reg[175] ; inst|altpll_component|auto_generated|pll1|clk[0] ; inst|altpll_component|auto_generated|pll1|clk[0] ; 0.000        ; 0.038      ; 0.314      ;
; 0.192 ; paralelo_serie_384b:inst1|shift_reg[177] ; paralelo_serie_384b:inst1|shift_reg[178] ; inst|altpll_component|auto_generated|pll1|clk[0] ; inst|altpll_component|auto_generated|pll1|clk[0] ; 0.000        ; 0.038      ; 0.314      ;
; 0.192 ; paralelo_serie_384b:inst1|shift_reg[180] ; paralelo_serie_384b:inst1|shift_reg[181] ; inst|altpll_component|auto_generated|pll1|clk[0] ; inst|altpll_component|auto_generated|pll1|clk[0] ; 0.000        ; 0.038      ; 0.314      ;
; 0.192 ; paralelo_serie_384b:inst1|shift_reg[184] ; paralelo_serie_384b:inst1|shift_reg[185] ; inst|altpll_component|auto_generated|pll1|clk[0] ; inst|altpll_component|auto_generated|pll1|clk[0] ; 0.000        ; 0.038      ; 0.314      ;
; 0.192 ; paralelo_serie_384b:inst1|shift_reg[194] ; paralelo_serie_384b:inst1|shift_reg[195] ; inst|altpll_component|auto_generated|pll1|clk[0] ; inst|altpll_component|auto_generated|pll1|clk[0] ; 0.000        ; 0.038      ; 0.314      ;
; 0.192 ; paralelo_serie_384b:inst1|shift_reg[196] ; paralelo_serie_384b:inst1|shift_reg[197] ; inst|altpll_component|auto_generated|pll1|clk[0] ; inst|altpll_component|auto_generated|pll1|clk[0] ; 0.000        ; 0.038      ; 0.314      ;
; 0.192 ; paralelo_serie_384b:inst1|shift_reg[202] ; paralelo_serie_384b:inst1|shift_reg[203] ; inst|altpll_component|auto_generated|pll1|clk[0] ; inst|altpll_component|auto_generated|pll1|clk[0] ; 0.000        ; 0.038      ; 0.314      ;
; 0.192 ; paralelo_serie_384b:inst1|shift_reg[217] ; paralelo_serie_384b:inst1|shift_reg[218] ; inst|altpll_component|auto_generated|pll1|clk[0] ; inst|altpll_component|auto_generated|pll1|clk[0] ; 0.000        ; 0.038      ; 0.314      ;
; 0.192 ; paralelo_serie_384b:inst1|shift_reg[218] ; paralelo_serie_384b:inst1|shift_reg[219] ; inst|altpll_component|auto_generated|pll1|clk[0] ; inst|altpll_component|auto_generated|pll1|clk[0] ; 0.000        ; 0.038      ; 0.314      ;
; 0.192 ; paralelo_serie_384b:inst1|shift_reg[221] ; paralelo_serie_384b:inst1|shift_reg[222] ; inst|altpll_component|auto_generated|pll1|clk[0] ; inst|altpll_component|auto_generated|pll1|clk[0] ; 0.000        ; 0.038      ; 0.314      ;
; 0.192 ; paralelo_serie_384b:inst1|shift_reg[229] ; paralelo_serie_384b:inst1|shift_reg[230] ; inst|altpll_component|auto_generated|pll1|clk[0] ; inst|altpll_component|auto_generated|pll1|clk[0] ; 0.000        ; 0.038      ; 0.314      ;
; 0.192 ; paralelo_serie_384b:inst1|shift_reg[231] ; paralelo_serie_384b:inst1|shift_reg[232] ; inst|altpll_component|auto_generated|pll1|clk[0] ; inst|altpll_component|auto_generated|pll1|clk[0] ; 0.000        ; 0.038      ; 0.314      ;
; 0.192 ; paralelo_serie_384b:inst1|shift_reg[233] ; paralelo_serie_384b:inst1|shift_reg[234] ; inst|altpll_component|auto_generated|pll1|clk[0] ; inst|altpll_component|auto_generated|pll1|clk[0] ; 0.000        ; 0.038      ; 0.314      ;
; 0.192 ; paralelo_serie_384b:inst1|shift_reg[236] ; paralelo_serie_384b:inst1|shift_reg[237] ; inst|altpll_component|auto_generated|pll1|clk[0] ; inst|altpll_component|auto_generated|pll1|clk[0] ; 0.000        ; 0.038      ; 0.314      ;
; 0.192 ; paralelo_serie_384b:inst1|shift_reg[240] ; paralelo_serie_384b:inst1|shift_reg[241] ; inst|altpll_component|auto_generated|pll1|clk[0] ; inst|altpll_component|auto_generated|pll1|clk[0] ; 0.000        ; 0.038      ; 0.314      ;
; 0.192 ; paralelo_serie_384b:inst1|shift_reg[241] ; paralelo_serie_384b:inst1|shift_reg[242] ; inst|altpll_component|auto_generated|pll1|clk[0] ; inst|altpll_component|auto_generated|pll1|clk[0] ; 0.000        ; 0.038      ; 0.314      ;
; 0.192 ; paralelo_serie_384b:inst1|shift_reg[243] ; paralelo_serie_384b:inst1|shift_reg[244] ; inst|altpll_component|auto_generated|pll1|clk[0] ; inst|altpll_component|auto_generated|pll1|clk[0] ; 0.000        ; 0.038      ; 0.314      ;
; 0.192 ; paralelo_serie_384b:inst1|shift_reg[246] ; paralelo_serie_384b:inst1|shift_reg[247] ; inst|altpll_component|auto_generated|pll1|clk[0] ; inst|altpll_component|auto_generated|pll1|clk[0] ; 0.000        ; 0.038      ; 0.314      ;
; 0.192 ; paralelo_serie_384b:inst1|shift_reg[262] ; paralelo_serie_384b:inst1|shift_reg[263] ; inst|altpll_component|auto_generated|pll1|clk[0] ; inst|altpll_component|auto_generated|pll1|clk[0] ; 0.000        ; 0.037      ; 0.313      ;
; 0.192 ; paralelo_serie_384b:inst1|shift_reg[263] ; paralelo_serie_384b:inst1|shift_reg[264] ; inst|altpll_component|auto_generated|pll1|clk[0] ; inst|altpll_component|auto_generated|pll1|clk[0] ; 0.000        ; 0.037      ; 0.313      ;
; 0.192 ; paralelo_serie_384b:inst1|shift_reg[267] ; paralelo_serie_384b:inst1|shift_reg[268] ; inst|altpll_component|auto_generated|pll1|clk[0] ; inst|altpll_component|auto_generated|pll1|clk[0] ; 0.000        ; 0.038      ; 0.314      ;
; 0.192 ; paralelo_serie_384b:inst1|shift_reg[269] ; paralelo_serie_384b:inst1|shift_reg[270] ; inst|altpll_component|auto_generated|pll1|clk[0] ; inst|altpll_component|auto_generated|pll1|clk[0] ; 0.000        ; 0.038      ; 0.314      ;
; 0.192 ; paralelo_serie_384b:inst1|shift_reg[270] ; paralelo_serie_384b:inst1|shift_reg[271] ; inst|altpll_component|auto_generated|pll1|clk[0] ; inst|altpll_component|auto_generated|pll1|clk[0] ; 0.000        ; 0.038      ; 0.314      ;
; 0.192 ; paralelo_serie_384b:inst1|shift_reg[284] ; paralelo_serie_384b:inst1|shift_reg[285] ; inst|altpll_component|auto_generated|pll1|clk[0] ; inst|altpll_component|auto_generated|pll1|clk[0] ; 0.000        ; 0.038      ; 0.314      ;
; 0.192 ; paralelo_serie_384b:inst1|shift_reg[285] ; paralelo_serie_384b:inst1|shift_reg[286] ; inst|altpll_component|auto_generated|pll1|clk[0] ; inst|altpll_component|auto_generated|pll1|clk[0] ; 0.000        ; 0.038      ; 0.314      ;
; 0.192 ; paralelo_serie_384b:inst1|shift_reg[289] ; paralelo_serie_384b:inst1|shift_reg[290] ; inst|altpll_component|auto_generated|pll1|clk[0] ; inst|altpll_component|auto_generated|pll1|clk[0] ; 0.000        ; 0.038      ; 0.314      ;
; 0.192 ; paralelo_serie_384b:inst1|shift_reg[292] ; paralelo_serie_384b:inst1|shift_reg[293] ; inst|altpll_component|auto_generated|pll1|clk[0] ; inst|altpll_component|auto_generated|pll1|clk[0] ; 0.000        ; 0.038      ; 0.314      ;
; 0.192 ; paralelo_serie_384b:inst1|shift_reg[303] ; paralelo_serie_384b:inst1|shift_reg[304] ; inst|altpll_component|auto_generated|pll1|clk[0] ; inst|altpll_component|auto_generated|pll1|clk[0] ; 0.000        ; 0.037      ; 0.313      ;
; 0.192 ; paralelo_serie_384b:inst1|shift_reg[307] ; paralelo_serie_384b:inst1|shift_reg[308] ; inst|altpll_component|auto_generated|pll1|clk[0] ; inst|altpll_component|auto_generated|pll1|clk[0] ; 0.000        ; 0.038      ; 0.314      ;
; 0.192 ; paralelo_serie_384b:inst1|shift_reg[309] ; paralelo_serie_384b:inst1|shift_reg[310] ; inst|altpll_component|auto_generated|pll1|clk[0] ; inst|altpll_component|auto_generated|pll1|clk[0] ; 0.000        ; 0.038      ; 0.314      ;
; 0.192 ; paralelo_serie_384b:inst1|shift_reg[315] ; paralelo_serie_384b:inst1|shift_reg[316] ; inst|altpll_component|auto_generated|pll1|clk[0] ; inst|altpll_component|auto_generated|pll1|clk[0] ; 0.000        ; 0.038      ; 0.314      ;
; 0.192 ; paralelo_serie_384b:inst1|shift_reg[319] ; paralelo_serie_384b:inst1|shift_reg[320] ; inst|altpll_component|auto_generated|pll1|clk[0] ; inst|altpll_component|auto_generated|pll1|clk[0] ; 0.000        ; 0.038      ; 0.314      ;
; 0.192 ; paralelo_serie_384b:inst1|shift_reg[328] ; paralelo_serie_384b:inst1|shift_reg[329] ; inst|altpll_component|auto_generated|pll1|clk[0] ; inst|altpll_component|auto_generated|pll1|clk[0] ; 0.000        ; 0.038      ; 0.314      ;
; 0.192 ; paralelo_serie_384b:inst1|shift_reg[331] ; paralelo_serie_384b:inst1|shift_reg[332] ; inst|altpll_component|auto_generated|pll1|clk[0] ; inst|altpll_component|auto_generated|pll1|clk[0] ; 0.000        ; 0.038      ; 0.314      ;
+-------+------------------------------------------+------------------------------------------+--------------------------------------------------+--------------------------------------------------+--------------+------------+------------+


+--------------------------------------------------------------------------------------------------------------------------------------------------------------------------------------------------------------+
; Fast 1200mV 0C Model Hold: 'inst|altpll_component|auto_generated|pll1|clk[1]'                                                                                                                                ;
+-------+---------------------------+---------------------------+--------------------------------------------------+--------------------------------------------------+--------------+------------+------------+
; Slack ; From Node                 ; To Node                   ; Launch Clock                                     ; Latch Clock                                      ; Relationship ; Clock Skew ; Data Delay ;
+-------+---------------------------+---------------------------+--------------------------------------------------+--------------------------------------------------+--------------+------------+------------+
; 0.178 ; pulso_384:inst12|strt     ; pulso_384:inst12|strt     ; inst|altpll_component|auto_generated|pll1|clk[1] ; inst|altpll_component|auto_generated|pll1|clk[1] ; 0.000        ; 0.045      ; 0.307      ;
; 0.178 ; pulso_384:inst12|pulso    ; pulso_384:inst12|pulso    ; inst|altpll_component|auto_generated|pll1|clk[1] ; inst|altpll_component|auto_generated|pll1|clk[1] ; 0.000        ; 0.045      ; 0.307      ;
; 0.283 ; pulso_384:inst12|count[8] ; pulso_384:inst12|strt     ; inst|altpll_component|auto_generated|pll1|clk[1] ; inst|altpll_component|auto_generated|pll1|clk[1] ; 0.000        ; 0.060      ; 0.427      ;
; 0.283 ; pulso_384:inst12|count[7] ; pulso_384:inst12|strt     ; inst|altpll_component|auto_generated|pll1|clk[1] ; inst|altpll_component|auto_generated|pll1|clk[1] ; 0.000        ; 0.060      ; 0.427      ;
; 0.286 ; pulso_384:inst12|count[1] ; pulso_384:inst12|count[1] ; inst|altpll_component|auto_generated|pll1|clk[1] ; inst|altpll_component|auto_generated|pll1|clk[1] ; 0.000        ; 0.044      ; 0.414      ;
; 0.287 ; pulso_384:inst12|count[3] ; pulso_384:inst12|count[3] ; inst|altpll_component|auto_generated|pll1|clk[1] ; inst|altpll_component|auto_generated|pll1|clk[1] ; 0.000        ; 0.044      ; 0.415      ;
; 0.287 ; pulso_384:inst12|count[5] ; pulso_384:inst12|count[5] ; inst|altpll_component|auto_generated|pll1|clk[1] ; inst|altpll_component|auto_generated|pll1|clk[1] ; 0.000        ; 0.044      ; 0.415      ;
; 0.287 ; pulso_384:inst12|count[6] ; pulso_384:inst12|count[6] ; inst|altpll_component|auto_generated|pll1|clk[1] ; inst|altpll_component|auto_generated|pll1|clk[1] ; 0.000        ; 0.044      ; 0.415      ;
; 0.288 ; pulso_384:inst12|count[2] ; pulso_384:inst12|count[2] ; inst|altpll_component|auto_generated|pll1|clk[1] ; inst|altpll_component|auto_generated|pll1|clk[1] ; 0.000        ; 0.044      ; 0.416      ;
; 0.288 ; pulso_384:inst12|count[4] ; pulso_384:inst12|count[4] ; inst|altpll_component|auto_generated|pll1|clk[1] ; inst|altpll_component|auto_generated|pll1|clk[1] ; 0.000        ; 0.044      ; 0.416      ;
; 0.296 ; pulso_384:inst12|count[0] ; pulso_384:inst12|count[0] ; inst|altpll_component|auto_generated|pll1|clk[1] ; inst|altpll_component|auto_generated|pll1|clk[1] ; 0.000        ; 0.044      ; 0.424      ;
; 0.296 ; pulso_384:inst12|count[8] ; pulso_384:inst12|count[8] ; inst|altpll_component|auto_generated|pll1|clk[1] ; inst|altpll_component|auto_generated|pll1|clk[1] ; 0.000        ; 0.044      ; 0.424      ;
; 0.296 ; pulso_384:inst12|count[7] ; pulso_384:inst12|count[7] ; inst|altpll_component|auto_generated|pll1|clk[1] ; inst|altpll_component|auto_generated|pll1|clk[1] ; 0.000        ; 0.044      ; 0.424      ;
; 0.435 ; pulso_384:inst12|count[1] ; pulso_384:inst12|count[2] ; inst|altpll_component|auto_generated|pll1|clk[1] ; inst|altpll_component|auto_generated|pll1|clk[1] ; 0.000        ; 0.044      ; 0.563      ;
; 0.436 ; pulso_384:inst12|count[5] ; pulso_384:inst12|count[6] ; inst|altpll_component|auto_generated|pll1|clk[1] ; inst|altpll_component|auto_generated|pll1|clk[1] ; 0.000        ; 0.044      ; 0.564      ;
; 0.436 ; pulso_384:inst12|count[3] ; pulso_384:inst12|count[4] ; inst|altpll_component|auto_generated|pll1|clk[1] ; inst|altpll_component|auto_generated|pll1|clk[1] ; 0.000        ; 0.044      ; 0.564      ;
; 0.445 ; pulso_384:inst12|count[0] ; pulso_384:inst12|count[1] ; inst|altpll_component|auto_generated|pll1|clk[1] ; inst|altpll_component|auto_generated|pll1|clk[1] ; 0.000        ; 0.044      ; 0.573      ;
; 0.445 ; pulso_384:inst12|count[7] ; pulso_384:inst12|count[8] ; inst|altpll_component|auto_generated|pll1|clk[1] ; inst|altpll_component|auto_generated|pll1|clk[1] ; 0.000        ; 0.044      ; 0.573      ;
; 0.445 ; pulso_384:inst12|count[6] ; pulso_384:inst12|count[7] ; inst|altpll_component|auto_generated|pll1|clk[1] ; inst|altpll_component|auto_generated|pll1|clk[1] ; 0.000        ; 0.044      ; 0.573      ;
; 0.446 ; pulso_384:inst12|count[2] ; pulso_384:inst12|count[3] ; inst|altpll_component|auto_generated|pll1|clk[1] ; inst|altpll_component|auto_generated|pll1|clk[1] ; 0.000        ; 0.044      ; 0.574      ;
; 0.446 ; pulso_384:inst12|count[4] ; pulso_384:inst12|count[5] ; inst|altpll_component|auto_generated|pll1|clk[1] ; inst|altpll_component|auto_generated|pll1|clk[1] ; 0.000        ; 0.044      ; 0.574      ;
; 0.448 ; pulso_384:inst12|count[0] ; pulso_384:inst12|count[2] ; inst|altpll_component|auto_generated|pll1|clk[1] ; inst|altpll_component|auto_generated|pll1|clk[1] ; 0.000        ; 0.044      ; 0.576      ;
; 0.448 ; pulso_384:inst12|count[6] ; pulso_384:inst12|count[8] ; inst|altpll_component|auto_generated|pll1|clk[1] ; inst|altpll_component|auto_generated|pll1|clk[1] ; 0.000        ; 0.044      ; 0.576      ;
; 0.449 ; pulso_384:inst12|count[4] ; pulso_384:inst12|count[6] ; inst|altpll_component|auto_generated|pll1|clk[1] ; inst|altpll_component|auto_generated|pll1|clk[1] ; 0.000        ; 0.044      ; 0.577      ;
; 0.449 ; pulso_384:inst12|count[2] ; pulso_384:inst12|count[4] ; inst|altpll_component|auto_generated|pll1|clk[1] ; inst|altpll_component|auto_generated|pll1|clk[1] ; 0.000        ; 0.044      ; 0.577      ;
; 0.458 ; pulso_384:inst12|count[7] ; pulso_384:inst12|pulso    ; inst|altpll_component|auto_generated|pll1|clk[1] ; inst|altpll_component|auto_generated|pll1|clk[1] ; 0.000        ; 0.060      ; 0.602      ;
; 0.498 ; pulso_384:inst12|count[1] ; pulso_384:inst12|count[3] ; inst|altpll_component|auto_generated|pll1|clk[1] ; inst|altpll_component|auto_generated|pll1|clk[1] ; 0.000        ; 0.044      ; 0.626      ;
; 0.499 ; pulso_384:inst12|count[5] ; pulso_384:inst12|count[7] ; inst|altpll_component|auto_generated|pll1|clk[1] ; inst|altpll_component|auto_generated|pll1|clk[1] ; 0.000        ; 0.044      ; 0.627      ;
; 0.499 ; pulso_384:inst12|count[3] ; pulso_384:inst12|count[5] ; inst|altpll_component|auto_generated|pll1|clk[1] ; inst|altpll_component|auto_generated|pll1|clk[1] ; 0.000        ; 0.044      ; 0.627      ;
; 0.501 ; pulso_384:inst12|count[1] ; pulso_384:inst12|count[4] ; inst|altpll_component|auto_generated|pll1|clk[1] ; inst|altpll_component|auto_generated|pll1|clk[1] ; 0.000        ; 0.044      ; 0.629      ;
; 0.502 ; pulso_384:inst12|count[5] ; pulso_384:inst12|count[8] ; inst|altpll_component|auto_generated|pll1|clk[1] ; inst|altpll_component|auto_generated|pll1|clk[1] ; 0.000        ; 0.044      ; 0.630      ;
; 0.502 ; pulso_384:inst12|count[3] ; pulso_384:inst12|count[6] ; inst|altpll_component|auto_generated|pll1|clk[1] ; inst|altpll_component|auto_generated|pll1|clk[1] ; 0.000        ; 0.044      ; 0.630      ;
; 0.511 ; pulso_384:inst12|count[0] ; pulso_384:inst12|count[3] ; inst|altpll_component|auto_generated|pll1|clk[1] ; inst|altpll_component|auto_generated|pll1|clk[1] ; 0.000        ; 0.044      ; 0.639      ;
; 0.512 ; pulso_384:inst12|count[4] ; pulso_384:inst12|count[7] ; inst|altpll_component|auto_generated|pll1|clk[1] ; inst|altpll_component|auto_generated|pll1|clk[1] ; 0.000        ; 0.044      ; 0.640      ;
; 0.512 ; pulso_384:inst12|count[2] ; pulso_384:inst12|count[5] ; inst|altpll_component|auto_generated|pll1|clk[1] ; inst|altpll_component|auto_generated|pll1|clk[1] ; 0.000        ; 0.044      ; 0.640      ;
; 0.514 ; pulso_384:inst12|count[0] ; pulso_384:inst12|count[4] ; inst|altpll_component|auto_generated|pll1|clk[1] ; inst|altpll_component|auto_generated|pll1|clk[1] ; 0.000        ; 0.044      ; 0.642      ;
; 0.515 ; pulso_384:inst12|count[4] ; pulso_384:inst12|count[8] ; inst|altpll_component|auto_generated|pll1|clk[1] ; inst|altpll_component|auto_generated|pll1|clk[1] ; 0.000        ; 0.044      ; 0.643      ;
; 0.515 ; pulso_384:inst12|count[2] ; pulso_384:inst12|count[6] ; inst|altpll_component|auto_generated|pll1|clk[1] ; inst|altpll_component|auto_generated|pll1|clk[1] ; 0.000        ; 0.044      ; 0.643      ;
; 0.518 ; pulso_384:inst12|count[8] ; pulso_384:inst12|pulso    ; inst|altpll_component|auto_generated|pll1|clk[1] ; inst|altpll_component|auto_generated|pll1|clk[1] ; 0.000        ; 0.060      ; 0.662      ;
; 0.564 ; pulso_384:inst12|count[1] ; pulso_384:inst12|count[5] ; inst|altpll_component|auto_generated|pll1|clk[1] ; inst|altpll_component|auto_generated|pll1|clk[1] ; 0.000        ; 0.044      ; 0.692      ;
; 0.565 ; pulso_384:inst12|count[3] ; pulso_384:inst12|count[7] ; inst|altpll_component|auto_generated|pll1|clk[1] ; inst|altpll_component|auto_generated|pll1|clk[1] ; 0.000        ; 0.044      ; 0.693      ;
; 0.567 ; pulso_384:inst12|count[1] ; pulso_384:inst12|count[6] ; inst|altpll_component|auto_generated|pll1|clk[1] ; inst|altpll_component|auto_generated|pll1|clk[1] ; 0.000        ; 0.044      ; 0.695      ;
; 0.568 ; pulso_384:inst12|count[3] ; pulso_384:inst12|count[8] ; inst|altpll_component|auto_generated|pll1|clk[1] ; inst|altpll_component|auto_generated|pll1|clk[1] ; 0.000        ; 0.044      ; 0.696      ;
; 0.570 ; pulso_384:inst12|strt     ; pulso_384:inst12|pulso    ; inst|altpll_component|auto_generated|pll1|clk[1] ; inst|altpll_component|auto_generated|pll1|clk[1] ; 0.000        ; 0.045      ; 0.699      ;
; 0.577 ; pulso_384:inst12|count[0] ; pulso_384:inst12|count[5] ; inst|altpll_component|auto_generated|pll1|clk[1] ; inst|altpll_component|auto_generated|pll1|clk[1] ; 0.000        ; 0.044      ; 0.705      ;
; 0.578 ; pulso_384:inst12|count[2] ; pulso_384:inst12|count[7] ; inst|altpll_component|auto_generated|pll1|clk[1] ; inst|altpll_component|auto_generated|pll1|clk[1] ; 0.000        ; 0.044      ; 0.706      ;
; 0.580 ; pulso_384:inst12|count[0] ; pulso_384:inst12|count[6] ; inst|altpll_component|auto_generated|pll1|clk[1] ; inst|altpll_component|auto_generated|pll1|clk[1] ; 0.000        ; 0.044      ; 0.708      ;
; 0.581 ; pulso_384:inst12|count[2] ; pulso_384:inst12|count[8] ; inst|altpll_component|auto_generated|pll1|clk[1] ; inst|altpll_component|auto_generated|pll1|clk[1] ; 0.000        ; 0.044      ; 0.709      ;
; 0.590 ; pulso_384:inst12|count[7] ; pulso_384:inst12|count[0] ; inst|altpll_component|auto_generated|pll1|clk[1] ; inst|altpll_component|auto_generated|pll1|clk[1] ; 0.000        ; 0.044      ; 0.718      ;
; 0.590 ; pulso_384:inst12|count[7] ; pulso_384:inst12|count[1] ; inst|altpll_component|auto_generated|pll1|clk[1] ; inst|altpll_component|auto_generated|pll1|clk[1] ; 0.000        ; 0.044      ; 0.718      ;
; 0.590 ; pulso_384:inst12|count[7] ; pulso_384:inst12|count[2] ; inst|altpll_component|auto_generated|pll1|clk[1] ; inst|altpll_component|auto_generated|pll1|clk[1] ; 0.000        ; 0.044      ; 0.718      ;
; 0.590 ; pulso_384:inst12|count[7] ; pulso_384:inst12|count[3] ; inst|altpll_component|auto_generated|pll1|clk[1] ; inst|altpll_component|auto_generated|pll1|clk[1] ; 0.000        ; 0.044      ; 0.718      ;
; 0.590 ; pulso_384:inst12|count[7] ; pulso_384:inst12|count[4] ; inst|altpll_component|auto_generated|pll1|clk[1] ; inst|altpll_component|auto_generated|pll1|clk[1] ; 0.000        ; 0.044      ; 0.718      ;
; 0.590 ; pulso_384:inst12|count[7] ; pulso_384:inst12|count[5] ; inst|altpll_component|auto_generated|pll1|clk[1] ; inst|altpll_component|auto_generated|pll1|clk[1] ; 0.000        ; 0.044      ; 0.718      ;
; 0.590 ; pulso_384:inst12|count[7] ; pulso_384:inst12|count[6] ; inst|altpll_component|auto_generated|pll1|clk[1] ; inst|altpll_component|auto_generated|pll1|clk[1] ; 0.000        ; 0.044      ; 0.718      ;
; 0.630 ; pulso_384:inst12|count[1] ; pulso_384:inst12|count[7] ; inst|altpll_component|auto_generated|pll1|clk[1] ; inst|altpll_component|auto_generated|pll1|clk[1] ; 0.000        ; 0.044      ; 0.758      ;
; 0.633 ; pulso_384:inst12|count[1] ; pulso_384:inst12|count[8] ; inst|altpll_component|auto_generated|pll1|clk[1] ; inst|altpll_component|auto_generated|pll1|clk[1] ; 0.000        ; 0.044      ; 0.761      ;
; 0.643 ; pulso_384:inst12|count[0] ; pulso_384:inst12|count[7] ; inst|altpll_component|auto_generated|pll1|clk[1] ; inst|altpll_component|auto_generated|pll1|clk[1] ; 0.000        ; 0.044      ; 0.771      ;
; 0.646 ; pulso_384:inst12|count[0] ; pulso_384:inst12|count[8] ; inst|altpll_component|auto_generated|pll1|clk[1] ; inst|altpll_component|auto_generated|pll1|clk[1] ; 0.000        ; 0.044      ; 0.774      ;
; 0.650 ; pulso_384:inst12|count[8] ; pulso_384:inst12|count[0] ; inst|altpll_component|auto_generated|pll1|clk[1] ; inst|altpll_component|auto_generated|pll1|clk[1] ; 0.000        ; 0.044      ; 0.778      ;
; 0.650 ; pulso_384:inst12|count[8] ; pulso_384:inst12|count[1] ; inst|altpll_component|auto_generated|pll1|clk[1] ; inst|altpll_component|auto_generated|pll1|clk[1] ; 0.000        ; 0.044      ; 0.778      ;
; 0.650 ; pulso_384:inst12|count[8] ; pulso_384:inst12|count[2] ; inst|altpll_component|auto_generated|pll1|clk[1] ; inst|altpll_component|auto_generated|pll1|clk[1] ; 0.000        ; 0.044      ; 0.778      ;
; 0.650 ; pulso_384:inst12|count[8] ; pulso_384:inst12|count[3] ; inst|altpll_component|auto_generated|pll1|clk[1] ; inst|altpll_component|auto_generated|pll1|clk[1] ; 0.000        ; 0.044      ; 0.778      ;
; 0.650 ; pulso_384:inst12|count[8] ; pulso_384:inst12|count[4] ; inst|altpll_component|auto_generated|pll1|clk[1] ; inst|altpll_component|auto_generated|pll1|clk[1] ; 0.000        ; 0.044      ; 0.778      ;
; 0.650 ; pulso_384:inst12|count[8] ; pulso_384:inst12|count[5] ; inst|altpll_component|auto_generated|pll1|clk[1] ; inst|altpll_component|auto_generated|pll1|clk[1] ; 0.000        ; 0.044      ; 0.778      ;
; 0.650 ; pulso_384:inst12|count[8] ; pulso_384:inst12|count[6] ; inst|altpll_component|auto_generated|pll1|clk[1] ; inst|altpll_component|auto_generated|pll1|clk[1] ; 0.000        ; 0.044      ; 0.778      ;
; 0.650 ; pulso_384:inst12|count[8] ; pulso_384:inst12|count[7] ; inst|altpll_component|auto_generated|pll1|clk[1] ; inst|altpll_component|auto_generated|pll1|clk[1] ; 0.000        ; 0.044      ; 0.778      ;
; 0.702 ; pulso_384:inst12|strt     ; pulso_384:inst12|count[0] ; inst|altpll_component|auto_generated|pll1|clk[1] ; inst|altpll_component|auto_generated|pll1|clk[1] ; 0.000        ; 0.029      ; 0.815      ;
; 0.702 ; pulso_384:inst12|strt     ; pulso_384:inst12|count[1] ; inst|altpll_component|auto_generated|pll1|clk[1] ; inst|altpll_component|auto_generated|pll1|clk[1] ; 0.000        ; 0.029      ; 0.815      ;
; 0.702 ; pulso_384:inst12|strt     ; pulso_384:inst12|count[2] ; inst|altpll_component|auto_generated|pll1|clk[1] ; inst|altpll_component|auto_generated|pll1|clk[1] ; 0.000        ; 0.029      ; 0.815      ;
; 0.702 ; pulso_384:inst12|strt     ; pulso_384:inst12|count[3] ; inst|altpll_component|auto_generated|pll1|clk[1] ; inst|altpll_component|auto_generated|pll1|clk[1] ; 0.000        ; 0.029      ; 0.815      ;
; 0.702 ; pulso_384:inst12|strt     ; pulso_384:inst12|count[4] ; inst|altpll_component|auto_generated|pll1|clk[1] ; inst|altpll_component|auto_generated|pll1|clk[1] ; 0.000        ; 0.029      ; 0.815      ;
; 0.702 ; pulso_384:inst12|strt     ; pulso_384:inst12|count[5] ; inst|altpll_component|auto_generated|pll1|clk[1] ; inst|altpll_component|auto_generated|pll1|clk[1] ; 0.000        ; 0.029      ; 0.815      ;
; 0.702 ; pulso_384:inst12|strt     ; pulso_384:inst12|count[6] ; inst|altpll_component|auto_generated|pll1|clk[1] ; inst|altpll_component|auto_generated|pll1|clk[1] ; 0.000        ; 0.029      ; 0.815      ;
; 0.702 ; pulso_384:inst12|strt     ; pulso_384:inst12|count[8] ; inst|altpll_component|auto_generated|pll1|clk[1] ; inst|altpll_component|auto_generated|pll1|clk[1] ; 0.000        ; 0.029      ; 0.815      ;
; 0.702 ; pulso_384:inst12|strt     ; pulso_384:inst12|count[7] ; inst|altpll_component|auto_generated|pll1|clk[1] ; inst|altpll_component|auto_generated|pll1|clk[1] ; 0.000        ; 0.029      ; 0.815      ;
+-------+---------------------------+---------------------------+--------------------------------------------------+--------------------------------------------------+--------------+------------+------------+


+--------------------------------------------------------------------------------------------------------------------------------------------------------------------------+
; Fast 1200mV 0C Model Recovery: 'inst|altpll_component|auto_generated|pll1|clk[0]'                                                                                        ;
+--------+-----------+------------------------------------------+--------------+--------------------------------------------------+--------------+------------+------------+
; Slack  ; From Node ; To Node                                  ; Launch Clock ; Latch Clock                                      ; Relationship ; Clock Skew ; Data Delay ;
+--------+-----------+------------------------------------------+--------------+--------------------------------------------------+--------------+------------+------------+
; -1.130 ; inst4     ; paralelo_serie_384b:inst1|shift_reg[229] ; inst4        ; inst|altpll_component|auto_generated|pll1|clk[0] ; 0.500        ; -0.094     ; 1.568      ;
; -1.130 ; inst4     ; paralelo_serie_384b:inst1|shift_reg[230] ; inst4        ; inst|altpll_component|auto_generated|pll1|clk[0] ; 0.500        ; -0.094     ; 1.568      ;
; -1.130 ; inst4     ; paralelo_serie_384b:inst1|shift_reg[231] ; inst4        ; inst|altpll_component|auto_generated|pll1|clk[0] ; 0.500        ; -0.094     ; 1.568      ;
; -1.130 ; inst4     ; paralelo_serie_384b:inst1|shift_reg[232] ; inst4        ; inst|altpll_component|auto_generated|pll1|clk[0] ; 0.500        ; -0.094     ; 1.568      ;
; -1.130 ; inst4     ; paralelo_serie_384b:inst1|shift_reg[240] ; inst4        ; inst|altpll_component|auto_generated|pll1|clk[0] ; 0.500        ; -0.094     ; 1.568      ;
; -1.130 ; inst4     ; paralelo_serie_384b:inst1|shift_reg[241] ; inst4        ; inst|altpll_component|auto_generated|pll1|clk[0] ; 0.500        ; -0.094     ; 1.568      ;
; -1.130 ; inst4     ; paralelo_serie_384b:inst1|shift_reg[242] ; inst4        ; inst|altpll_component|auto_generated|pll1|clk[0] ; 0.500        ; -0.094     ; 1.568      ;
; -1.130 ; inst4     ; paralelo_serie_384b:inst1|shift_reg[243] ; inst4        ; inst|altpll_component|auto_generated|pll1|clk[0] ; 0.500        ; -0.094     ; 1.568      ;
; -1.130 ; inst4     ; paralelo_serie_384b:inst1|shift_reg[244] ; inst4        ; inst|altpll_component|auto_generated|pll1|clk[0] ; 0.500        ; -0.094     ; 1.568      ;
; -1.130 ; inst4     ; paralelo_serie_384b:inst1|shift_reg[245] ; inst4        ; inst|altpll_component|auto_generated|pll1|clk[0] ; 0.500        ; -0.094     ; 1.568      ;
; -1.130 ; inst4     ; paralelo_serie_384b:inst1|shift_reg[246] ; inst4        ; inst|altpll_component|auto_generated|pll1|clk[0] ; 0.500        ; -0.094     ; 1.568      ;
; -1.130 ; inst4     ; paralelo_serie_384b:inst1|shift_reg[247] ; inst4        ; inst|altpll_component|auto_generated|pll1|clk[0] ; 0.500        ; -0.094     ; 1.568      ;
; -1.130 ; inst4     ; paralelo_serie_384b:inst1|shift_reg[248] ; inst4        ; inst|altpll_component|auto_generated|pll1|clk[0] ; 0.500        ; -0.094     ; 1.568      ;
; -1.130 ; inst4     ; paralelo_serie_384b:inst1|shift_reg[249] ; inst4        ; inst|altpll_component|auto_generated|pll1|clk[0] ; 0.500        ; -0.094     ; 1.568      ;
; -1.130 ; inst4     ; paralelo_serie_384b:inst1|shift_reg[250] ; inst4        ; inst|altpll_component|auto_generated|pll1|clk[0] ; 0.500        ; -0.094     ; 1.568      ;
; -1.130 ; inst4     ; paralelo_serie_384b:inst1|shift_reg[251] ; inst4        ; inst|altpll_component|auto_generated|pll1|clk[0] ; 0.500        ; -0.094     ; 1.568      ;
; -1.130 ; inst4     ; paralelo_serie_384b:inst1|shift_reg[252] ; inst4        ; inst|altpll_component|auto_generated|pll1|clk[0] ; 0.500        ; -0.094     ; 1.568      ;
; -1.130 ; inst4     ; paralelo_serie_384b:inst1|shift_reg[253] ; inst4        ; inst|altpll_component|auto_generated|pll1|clk[0] ; 0.500        ; -0.094     ; 1.568      ;
; -1.130 ; inst4     ; paralelo_serie_384b:inst1|shift_reg[254] ; inst4        ; inst|altpll_component|auto_generated|pll1|clk[0] ; 0.500        ; -0.094     ; 1.568      ;
; -1.130 ; inst4     ; paralelo_serie_384b:inst1|shift_reg[255] ; inst4        ; inst|altpll_component|auto_generated|pll1|clk[0] ; 0.500        ; -0.094     ; 1.568      ;
; -1.130 ; inst4     ; paralelo_serie_384b:inst1|shift_reg[256] ; inst4        ; inst|altpll_component|auto_generated|pll1|clk[0] ; 0.500        ; -0.094     ; 1.568      ;
; -1.130 ; inst4     ; paralelo_serie_384b:inst1|shift_reg[266] ; inst4        ; inst|altpll_component|auto_generated|pll1|clk[0] ; 0.500        ; -0.094     ; 1.568      ;
; -1.130 ; inst4     ; paralelo_serie_384b:inst1|shift_reg[267] ; inst4        ; inst|altpll_component|auto_generated|pll1|clk[0] ; 0.500        ; -0.094     ; 1.568      ;
; -1.130 ; inst4     ; paralelo_serie_384b:inst1|shift_reg[268] ; inst4        ; inst|altpll_component|auto_generated|pll1|clk[0] ; 0.500        ; -0.094     ; 1.568      ;
; -1.130 ; inst4     ; paralelo_serie_384b:inst1|shift_reg[269] ; inst4        ; inst|altpll_component|auto_generated|pll1|clk[0] ; 0.500        ; -0.094     ; 1.568      ;
; -1.130 ; inst4     ; paralelo_serie_384b:inst1|shift_reg[270] ; inst4        ; inst|altpll_component|auto_generated|pll1|clk[0] ; 0.500        ; -0.094     ; 1.568      ;
; -1.130 ; inst4     ; paralelo_serie_384b:inst1|shift_reg[271] ; inst4        ; inst|altpll_component|auto_generated|pll1|clk[0] ; 0.500        ; -0.094     ; 1.568      ;
; -1.130 ; inst4     ; paralelo_serie_384b:inst1|shift_reg[272] ; inst4        ; inst|altpll_component|auto_generated|pll1|clk[0] ; 0.500        ; -0.094     ; 1.568      ;
; -1.130 ; inst4     ; paralelo_serie_384b:inst1|shift_reg[273] ; inst4        ; inst|altpll_component|auto_generated|pll1|clk[0] ; 0.500        ; -0.094     ; 1.568      ;
; -1.130 ; inst4     ; paralelo_serie_384b:inst1|shift_reg[274] ; inst4        ; inst|altpll_component|auto_generated|pll1|clk[0] ; 0.500        ; -0.094     ; 1.568      ;
; -1.130 ; inst4     ; paralelo_serie_384b:inst1|shift_reg[275] ; inst4        ; inst|altpll_component|auto_generated|pll1|clk[0] ; 0.500        ; -0.094     ; 1.568      ;
; -1.130 ; inst4     ; paralelo_serie_384b:inst1|shift_reg[276] ; inst4        ; inst|altpll_component|auto_generated|pll1|clk[0] ; 0.500        ; -0.094     ; 1.568      ;
; -1.130 ; inst4     ; paralelo_serie_384b:inst1|shift_reg[277] ; inst4        ; inst|altpll_component|auto_generated|pll1|clk[0] ; 0.500        ; -0.094     ; 1.568      ;
; -1.130 ; inst4     ; paralelo_serie_384b:inst1|shift_reg[278] ; inst4        ; inst|altpll_component|auto_generated|pll1|clk[0] ; 0.500        ; -0.094     ; 1.568      ;
; -1.130 ; inst4     ; paralelo_serie_384b:inst1|shift_reg[279] ; inst4        ; inst|altpll_component|auto_generated|pll1|clk[0] ; 0.500        ; -0.094     ; 1.568      ;
; -1.130 ; inst4     ; paralelo_serie_384b:inst1|shift_reg[280] ; inst4        ; inst|altpll_component|auto_generated|pll1|clk[0] ; 0.500        ; -0.094     ; 1.568      ;
; -1.129 ; inst4     ; paralelo_serie_384b:inst1|shift_reg[192] ; inst4        ; inst|altpll_component|auto_generated|pll1|clk[0] ; 0.500        ; -0.099     ; 1.562      ;
; -1.129 ; inst4     ; paralelo_serie_384b:inst1|shift_reg[193] ; inst4        ; inst|altpll_component|auto_generated|pll1|clk[0] ; 0.500        ; -0.099     ; 1.562      ;
; -1.129 ; inst4     ; paralelo_serie_384b:inst1|shift_reg[194] ; inst4        ; inst|altpll_component|auto_generated|pll1|clk[0] ; 0.500        ; -0.099     ; 1.562      ;
; -1.129 ; inst4     ; paralelo_serie_384b:inst1|shift_reg[195] ; inst4        ; inst|altpll_component|auto_generated|pll1|clk[0] ; 0.500        ; -0.099     ; 1.562      ;
; -1.129 ; inst4     ; paralelo_serie_384b:inst1|shift_reg[196] ; inst4        ; inst|altpll_component|auto_generated|pll1|clk[0] ; 0.500        ; -0.099     ; 1.562      ;
; -1.129 ; inst4     ; paralelo_serie_384b:inst1|shift_reg[197] ; inst4        ; inst|altpll_component|auto_generated|pll1|clk[0] ; 0.500        ; -0.099     ; 1.562      ;
; -1.129 ; inst4     ; paralelo_serie_384b:inst1|shift_reg[198] ; inst4        ; inst|altpll_component|auto_generated|pll1|clk[0] ; 0.500        ; -0.099     ; 1.562      ;
; -1.129 ; inst4     ; paralelo_serie_384b:inst1|shift_reg[199] ; inst4        ; inst|altpll_component|auto_generated|pll1|clk[0] ; 0.500        ; -0.099     ; 1.562      ;
; -1.129 ; inst4     ; paralelo_serie_384b:inst1|shift_reg[200] ; inst4        ; inst|altpll_component|auto_generated|pll1|clk[0] ; 0.500        ; -0.099     ; 1.562      ;
; -1.129 ; inst4     ; paralelo_serie_384b:inst1|shift_reg[217] ; inst4        ; inst|altpll_component|auto_generated|pll1|clk[0] ; 0.500        ; -0.096     ; 1.565      ;
; -1.129 ; inst4     ; paralelo_serie_384b:inst1|shift_reg[218] ; inst4        ; inst|altpll_component|auto_generated|pll1|clk[0] ; 0.500        ; -0.096     ; 1.565      ;
; -1.129 ; inst4     ; paralelo_serie_384b:inst1|shift_reg[219] ; inst4        ; inst|altpll_component|auto_generated|pll1|clk[0] ; 0.500        ; -0.096     ; 1.565      ;
; -1.129 ; inst4     ; paralelo_serie_384b:inst1|shift_reg[220] ; inst4        ; inst|altpll_component|auto_generated|pll1|clk[0] ; 0.500        ; -0.096     ; 1.565      ;
; -1.129 ; inst4     ; paralelo_serie_384b:inst1|shift_reg[221] ; inst4        ; inst|altpll_component|auto_generated|pll1|clk[0] ; 0.500        ; -0.096     ; 1.565      ;
; -1.129 ; inst4     ; paralelo_serie_384b:inst1|shift_reg[222] ; inst4        ; inst|altpll_component|auto_generated|pll1|clk[0] ; 0.500        ; -0.096     ; 1.565      ;
; -1.129 ; inst4     ; paralelo_serie_384b:inst1|shift_reg[223] ; inst4        ; inst|altpll_component|auto_generated|pll1|clk[0] ; 0.500        ; -0.096     ; 1.565      ;
; -1.129 ; inst4     ; paralelo_serie_384b:inst1|shift_reg[224] ; inst4        ; inst|altpll_component|auto_generated|pll1|clk[0] ; 0.500        ; -0.096     ; 1.565      ;
; -1.129 ; inst4     ; paralelo_serie_384b:inst1|shift_reg[225] ; inst4        ; inst|altpll_component|auto_generated|pll1|clk[0] ; 0.500        ; -0.096     ; 1.565      ;
; -1.129 ; inst4     ; paralelo_serie_384b:inst1|shift_reg[226] ; inst4        ; inst|altpll_component|auto_generated|pll1|clk[0] ; 0.500        ; -0.096     ; 1.565      ;
; -1.129 ; inst4     ; paralelo_serie_384b:inst1|shift_reg[227] ; inst4        ; inst|altpll_component|auto_generated|pll1|clk[0] ; 0.500        ; -0.096     ; 1.565      ;
; -1.129 ; inst4     ; paralelo_serie_384b:inst1|shift_reg[233] ; inst4        ; inst|altpll_component|auto_generated|pll1|clk[0] ; 0.500        ; -0.093     ; 1.568      ;
; -1.129 ; inst4     ; paralelo_serie_384b:inst1|shift_reg[234] ; inst4        ; inst|altpll_component|auto_generated|pll1|clk[0] ; 0.500        ; -0.093     ; 1.568      ;
; -1.129 ; inst4     ; paralelo_serie_384b:inst1|shift_reg[235] ; inst4        ; inst|altpll_component|auto_generated|pll1|clk[0] ; 0.500        ; -0.093     ; 1.568      ;
; -1.129 ; inst4     ; paralelo_serie_384b:inst1|shift_reg[236] ; inst4        ; inst|altpll_component|auto_generated|pll1|clk[0] ; 0.500        ; -0.093     ; 1.568      ;
; -1.129 ; inst4     ; paralelo_serie_384b:inst1|shift_reg[237] ; inst4        ; inst|altpll_component|auto_generated|pll1|clk[0] ; 0.500        ; -0.093     ; 1.568      ;
; -1.129 ; inst4     ; paralelo_serie_384b:inst1|shift_reg[238] ; inst4        ; inst|altpll_component|auto_generated|pll1|clk[0] ; 0.500        ; -0.093     ; 1.568      ;
; -1.129 ; inst4     ; paralelo_serie_384b:inst1|shift_reg[239] ; inst4        ; inst|altpll_component|auto_generated|pll1|clk[0] ; 0.500        ; -0.093     ; 1.568      ;
; -1.129 ; inst4     ; paralelo_serie_384b:inst1|shift_reg[281] ; inst4        ; inst|altpll_component|auto_generated|pll1|clk[0] ; 0.500        ; -0.094     ; 1.567      ;
; -1.129 ; inst4     ; paralelo_serie_384b:inst1|shift_reg[282] ; inst4        ; inst|altpll_component|auto_generated|pll1|clk[0] ; 0.500        ; -0.094     ; 1.567      ;
; -1.129 ; inst4     ; paralelo_serie_384b:inst1|shift_reg[283] ; inst4        ; inst|altpll_component|auto_generated|pll1|clk[0] ; 0.500        ; -0.094     ; 1.567      ;
; -1.129 ; inst4     ; paralelo_serie_384b:inst1|shift_reg[284] ; inst4        ; inst|altpll_component|auto_generated|pll1|clk[0] ; 0.500        ; -0.094     ; 1.567      ;
; -1.129 ; inst4     ; paralelo_serie_384b:inst1|shift_reg[285] ; inst4        ; inst|altpll_component|auto_generated|pll1|clk[0] ; 0.500        ; -0.094     ; 1.567      ;
; -1.129 ; inst4     ; paralelo_serie_384b:inst1|shift_reg[286] ; inst4        ; inst|altpll_component|auto_generated|pll1|clk[0] ; 0.500        ; -0.094     ; 1.567      ;
; -1.129 ; inst4     ; paralelo_serie_384b:inst1|shift_reg[287] ; inst4        ; inst|altpll_component|auto_generated|pll1|clk[0] ; 0.500        ; -0.094     ; 1.567      ;
; -1.129 ; inst4     ; paralelo_serie_384b:inst1|shift_reg[288] ; inst4        ; inst|altpll_component|auto_generated|pll1|clk[0] ; 0.500        ; -0.094     ; 1.567      ;
; -1.129 ; inst4     ; paralelo_serie_384b:inst1|shift_reg[289] ; inst4        ; inst|altpll_component|auto_generated|pll1|clk[0] ; 0.500        ; -0.094     ; 1.567      ;
; -1.129 ; inst4     ; paralelo_serie_384b:inst1|shift_reg[290] ; inst4        ; inst|altpll_component|auto_generated|pll1|clk[0] ; 0.500        ; -0.094     ; 1.567      ;
; -1.129 ; inst4     ; paralelo_serie_384b:inst1|shift_reg[291] ; inst4        ; inst|altpll_component|auto_generated|pll1|clk[0] ; 0.500        ; -0.094     ; 1.567      ;
; -1.129 ; inst4     ; paralelo_serie_384b:inst1|shift_reg[292] ; inst4        ; inst|altpll_component|auto_generated|pll1|clk[0] ; 0.500        ; -0.094     ; 1.567      ;
; -1.129 ; inst4     ; paralelo_serie_384b:inst1|shift_reg[293] ; inst4        ; inst|altpll_component|auto_generated|pll1|clk[0] ; 0.500        ; -0.094     ; 1.567      ;
; -1.129 ; inst4     ; paralelo_serie_384b:inst1|shift_reg[294] ; inst4        ; inst|altpll_component|auto_generated|pll1|clk[0] ; 0.500        ; -0.094     ; 1.567      ;
; -1.129 ; inst4     ; paralelo_serie_384b:inst1|shift_reg[295] ; inst4        ; inst|altpll_component|auto_generated|pll1|clk[0] ; 0.500        ; -0.094     ; 1.567      ;
; -1.129 ; inst4     ; paralelo_serie_384b:inst1|shift_reg[296] ; inst4        ; inst|altpll_component|auto_generated|pll1|clk[0] ; 0.500        ; -0.094     ; 1.567      ;
; -1.129 ; inst4     ; paralelo_serie_384b:inst1|shift_reg[297] ; inst4        ; inst|altpll_component|auto_generated|pll1|clk[0] ; 0.500        ; -0.097     ; 1.564      ;
; -1.129 ; inst4     ; paralelo_serie_384b:inst1|shift_reg[298] ; inst4        ; inst|altpll_component|auto_generated|pll1|clk[0] ; 0.500        ; -0.097     ; 1.564      ;
; -1.129 ; inst4     ; paralelo_serie_384b:inst1|shift_reg[299] ; inst4        ; inst|altpll_component|auto_generated|pll1|clk[0] ; 0.500        ; -0.097     ; 1.564      ;
; -1.129 ; inst4     ; paralelo_serie_384b:inst1|shift_reg[300] ; inst4        ; inst|altpll_component|auto_generated|pll1|clk[0] ; 0.500        ; -0.097     ; 1.564      ;
; -1.129 ; inst4     ; paralelo_serie_384b:inst1|shift_reg[301] ; inst4        ; inst|altpll_component|auto_generated|pll1|clk[0] ; 0.500        ; -0.097     ; 1.564      ;
; -1.129 ; inst4     ; paralelo_serie_384b:inst1|shift_reg[302] ; inst4        ; inst|altpll_component|auto_generated|pll1|clk[0] ; 0.500        ; -0.097     ; 1.564      ;
; -1.129 ; inst4     ; paralelo_serie_384b:inst1|shift_reg[303] ; inst4        ; inst|altpll_component|auto_generated|pll1|clk[0] ; 0.500        ; -0.097     ; 1.564      ;
; -1.129 ; inst4     ; paralelo_serie_384b:inst1|shift_reg[304] ; inst4        ; inst|altpll_component|auto_generated|pll1|clk[0] ; 0.500        ; -0.097     ; 1.564      ;
; -1.129 ; inst4     ; paralelo_serie_384b:inst1|shift_reg[305] ; inst4        ; inst|altpll_component|auto_generated|pll1|clk[0] ; 0.500        ; -0.097     ; 1.564      ;
; -1.129 ; inst4     ; paralelo_serie_384b:inst1|shift_reg[307] ; inst4        ; inst|altpll_component|auto_generated|pll1|clk[0] ; 0.500        ; -0.103     ; 1.558      ;
; -1.129 ; inst4     ; paralelo_serie_384b:inst1|shift_reg[308] ; inst4        ; inst|altpll_component|auto_generated|pll1|clk[0] ; 0.500        ; -0.103     ; 1.558      ;
; -1.129 ; inst4     ; paralelo_serie_384b:inst1|shift_reg[309] ; inst4        ; inst|altpll_component|auto_generated|pll1|clk[0] ; 0.500        ; -0.103     ; 1.558      ;
; -1.129 ; inst4     ; paralelo_serie_384b:inst1|shift_reg[310] ; inst4        ; inst|altpll_component|auto_generated|pll1|clk[0] ; 0.500        ; -0.103     ; 1.558      ;
; -1.129 ; inst4     ; paralelo_serie_384b:inst1|shift_reg[311] ; inst4        ; inst|altpll_component|auto_generated|pll1|clk[0] ; 0.500        ; -0.103     ; 1.558      ;
; -1.129 ; inst4     ; paralelo_serie_384b:inst1|shift_reg[312] ; inst4        ; inst|altpll_component|auto_generated|pll1|clk[0] ; 0.500        ; -0.103     ; 1.558      ;
; -1.129 ; inst4     ; paralelo_serie_384b:inst1|shift_reg[313] ; inst4        ; inst|altpll_component|auto_generated|pll1|clk[0] ; 0.500        ; -0.103     ; 1.558      ;
; -1.128 ; inst4     ; paralelo_serie_384b:inst1|shift_reg[202] ; inst4        ; inst|altpll_component|auto_generated|pll1|clk[0] ; 0.500        ; -0.095     ; 1.565      ;
; -1.128 ; inst4     ; paralelo_serie_384b:inst1|shift_reg[203] ; inst4        ; inst|altpll_component|auto_generated|pll1|clk[0] ; 0.500        ; -0.095     ; 1.565      ;
; -1.128 ; inst4     ; paralelo_serie_384b:inst1|shift_reg[204] ; inst4        ; inst|altpll_component|auto_generated|pll1|clk[0] ; 0.500        ; -0.095     ; 1.565      ;
; -1.128 ; inst4     ; paralelo_serie_384b:inst1|shift_reg[205] ; inst4        ; inst|altpll_component|auto_generated|pll1|clk[0] ; 0.500        ; -0.095     ; 1.565      ;
; -1.128 ; inst4     ; paralelo_serie_384b:inst1|shift_reg[206] ; inst4        ; inst|altpll_component|auto_generated|pll1|clk[0] ; 0.500        ; -0.095     ; 1.565      ;
+--------+-----------+------------------------------------------+--------------+--------------------------------------------------+--------------+------------+------------+


+-----------------------------------------------------------------------------------------------------------------------------------------------------------+
; Fast 1200mV 0C Model Recovery: 'inst|altpll_component|auto_generated|pll1|clk[1]'                                                                         ;
+--------+-----------+---------------------------+--------------+--------------------------------------------------+--------------+------------+------------+
; Slack  ; From Node ; To Node                   ; Launch Clock ; Latch Clock                                      ; Relationship ; Clock Skew ; Data Delay ;
+--------+-----------+---------------------------+--------------+--------------------------------------------------+--------------+------------+------------+
; -0.959 ; inst4     ; pulso_384:inst12|count[0] ; inst4        ; inst|altpll_component|auto_generated|pll1|clk[1] ; 0.500        ; 0.065      ; 1.556      ;
; -0.959 ; inst4     ; pulso_384:inst12|count[1] ; inst4        ; inst|altpll_component|auto_generated|pll1|clk[1] ; 0.500        ; 0.065      ; 1.556      ;
; -0.959 ; inst4     ; pulso_384:inst12|count[2] ; inst4        ; inst|altpll_component|auto_generated|pll1|clk[1] ; 0.500        ; 0.065      ; 1.556      ;
; -0.959 ; inst4     ; pulso_384:inst12|count[3] ; inst4        ; inst|altpll_component|auto_generated|pll1|clk[1] ; 0.500        ; 0.065      ; 1.556      ;
; -0.959 ; inst4     ; pulso_384:inst12|count[4] ; inst4        ; inst|altpll_component|auto_generated|pll1|clk[1] ; 0.500        ; 0.065      ; 1.556      ;
; -0.959 ; inst4     ; pulso_384:inst12|count[5] ; inst4        ; inst|altpll_component|auto_generated|pll1|clk[1] ; 0.500        ; 0.065      ; 1.556      ;
; -0.959 ; inst4     ; pulso_384:inst12|count[6] ; inst4        ; inst|altpll_component|auto_generated|pll1|clk[1] ; 0.500        ; 0.065      ; 1.556      ;
; -0.959 ; inst4     ; pulso_384:inst12|count[8] ; inst4        ; inst|altpll_component|auto_generated|pll1|clk[1] ; 0.500        ; 0.065      ; 1.556      ;
; -0.959 ; inst4     ; pulso_384:inst12|count[7] ; inst4        ; inst|altpll_component|auto_generated|pll1|clk[1] ; 0.500        ; 0.065      ; 1.556      ;
; -0.944 ; inst4     ; pulso_384:inst12|strt     ; inst4        ; inst|altpll_component|auto_generated|pll1|clk[1] ; 0.500        ; 0.080      ; 1.556      ;
; -0.944 ; inst4     ; pulso_384:inst12|pulso    ; inst4        ; inst|altpll_component|auto_generated|pll1|clk[1] ; 0.500        ; 0.080      ; 1.556      ;
; -0.410 ; inst4     ; pulso_384:inst12|count[0] ; inst4        ; inst|altpll_component|auto_generated|pll1|clk[1] ; 1.000        ; 0.065      ; 1.507      ;
; -0.410 ; inst4     ; pulso_384:inst12|count[1] ; inst4        ; inst|altpll_component|auto_generated|pll1|clk[1] ; 1.000        ; 0.065      ; 1.507      ;
; -0.410 ; inst4     ; pulso_384:inst12|count[2] ; inst4        ; inst|altpll_component|auto_generated|pll1|clk[1] ; 1.000        ; 0.065      ; 1.507      ;
; -0.410 ; inst4     ; pulso_384:inst12|count[3] ; inst4        ; inst|altpll_component|auto_generated|pll1|clk[1] ; 1.000        ; 0.065      ; 1.507      ;
; -0.410 ; inst4     ; pulso_384:inst12|count[4] ; inst4        ; inst|altpll_component|auto_generated|pll1|clk[1] ; 1.000        ; 0.065      ; 1.507      ;
; -0.410 ; inst4     ; pulso_384:inst12|count[5] ; inst4        ; inst|altpll_component|auto_generated|pll1|clk[1] ; 1.000        ; 0.065      ; 1.507      ;
; -0.410 ; inst4     ; pulso_384:inst12|count[6] ; inst4        ; inst|altpll_component|auto_generated|pll1|clk[1] ; 1.000        ; 0.065      ; 1.507      ;
; -0.410 ; inst4     ; pulso_384:inst12|count[8] ; inst4        ; inst|altpll_component|auto_generated|pll1|clk[1] ; 1.000        ; 0.065      ; 1.507      ;
; -0.410 ; inst4     ; pulso_384:inst12|count[7] ; inst4        ; inst|altpll_component|auto_generated|pll1|clk[1] ; 1.000        ; 0.065      ; 1.507      ;
; -0.395 ; inst4     ; pulso_384:inst12|strt     ; inst4        ; inst|altpll_component|auto_generated|pll1|clk[1] ; 1.000        ; 0.080      ; 1.507      ;
; -0.395 ; inst4     ; pulso_384:inst12|pulso    ; inst4        ; inst|altpll_component|auto_generated|pll1|clk[1] ; 1.000        ; 0.080      ; 1.507      ;
+--------+-----------+---------------------------+--------------+--------------------------------------------------+--------------+------------+------------+


+----------------------------------------------------------------------------------------------------------------------------------------------------------------------------------+
; Fast 1200mV 0C Model Removal: 'inst|altpll_component|auto_generated|pll1|clk[0]'                                                                                                 ;
+-------+-----------+---------------------------------------------------+--------------+--------------------------------------------------+--------------+------------+------------+
; Slack ; From Node ; To Node                                           ; Launch Clock ; Latch Clock                                      ; Relationship ; Clock Skew ; Data Delay ;
+-------+-----------+---------------------------------------------------+--------------+--------------------------------------------------+--------------+------------+------------+
; 0.766 ; inst4     ; paralelo_serie_384b:inst1|shift_reg[354]          ; inst4        ; inst|altpll_component|auto_generated|pll1|clk[0] ; 0.000        ; 0.385      ; 1.450      ;
; 0.771 ; inst4     ; paralelo_serie_384b:inst1|shift_reg[306]          ; inst4        ; inst|altpll_component|auto_generated|pll1|clk[0] ; 0.000        ; 0.379      ; 1.449      ;
; 0.772 ; inst4     ; paralelo_serie_384b:inst1|shift_reg[191]          ; inst4        ; inst|altpll_component|auto_generated|pll1|clk[0] ; 0.000        ; 0.383      ; 1.454      ;
; 0.779 ; inst4     ; paralelo_serie_384b:inst1|shift_reg[44]           ; inst4        ; inst|altpll_component|auto_generated|pll1|clk[0] ; 0.000        ; 0.379      ; 1.457      ;
; 0.779 ; inst4     ; paralelo_serie_384b:inst1|shift_reg[314]          ; inst4        ; inst|altpll_component|auto_generated|pll1|clk[0] ; 0.000        ; 0.374      ; 1.452      ;
; 0.780 ; inst4     ; paralelo_serie_384b:inst1|shift_reg[0]            ; inst4        ; inst|altpll_component|auto_generated|pll1|clk[0] ; 0.000        ; 0.385      ; 1.464      ;
; 0.780 ; inst4     ; paralelo_serie_384b:inst1|shift_reg[157]          ; inst4        ; inst|altpll_component|auto_generated|pll1|clk[0] ; 0.000        ; 0.372      ; 1.451      ;
; 0.780 ; inst4     ; paralelo_serie_384b:inst1|shift_reg[330]          ; inst4        ; inst|altpll_component|auto_generated|pll1|clk[0] ; 0.000        ; 0.377      ; 1.456      ;
; 0.781 ; inst4     ; paralelo_serie_384b:inst1|shift_reg[161]          ; inst4        ; inst|altpll_component|auto_generated|pll1|clk[0] ; 0.000        ; 0.372      ; 1.452      ;
; 0.786 ; inst4     ; paralelo_serie_384b:inst1|shift_reg[257]          ; inst4        ; inst|altpll_component|auto_generated|pll1|clk[0] ; 0.000        ; 0.368      ; 1.453      ;
; 0.786 ; inst4     ; paralelo_serie_384b:inst1|shift_reg[258]          ; inst4        ; inst|altpll_component|auto_generated|pll1|clk[0] ; 0.000        ; 0.368      ; 1.453      ;
; 0.787 ; inst4     ; paralelo_serie_384b:inst1|shift_reg[228]          ; inst4        ; inst|altpll_component|auto_generated|pll1|clk[0] ; 0.000        ; 0.373      ; 1.459      ;
; 0.787 ; inst4     ; paralelo_serie_384b:inst1|shift_reg[265]          ; inst4        ; inst|altpll_component|auto_generated|pll1|clk[0] ; 0.000        ; 0.373      ; 1.459      ;
; 0.788 ; inst4     ; paralelo_serie_384b:inst1|shift_reg[201]          ; inst4        ; inst|altpll_component|auto_generated|pll1|clk[0] ; 0.000        ; 0.371      ; 1.458      ;
; 0.800 ; inst4     ; paralelo_serie_384b:inst1|shift_reg[370]          ; inst4        ; inst|altpll_component|auto_generated|pll1|clk[0] ; 0.000        ; 0.354      ; 1.453      ;
; 0.800 ; inst4     ; paralelo_serie_384b:inst1|shift_reg[371]          ; inst4        ; inst|altpll_component|auto_generated|pll1|clk[0] ; 0.000        ; 0.354      ; 1.453      ;
; 0.800 ; inst4     ; paralelo_serie_384b:inst1|shift_reg[372]          ; inst4        ; inst|altpll_component|auto_generated|pll1|clk[0] ; 0.000        ; 0.354      ; 1.453      ;
; 0.800 ; inst4     ; paralelo_serie_384b:inst1|shift_reg[373]          ; inst4        ; inst|altpll_component|auto_generated|pll1|clk[0] ; 0.000        ; 0.354      ; 1.453      ;
; 0.800 ; inst4     ; paralelo_serie_384b:inst1|shift_reg[374]          ; inst4        ; inst|altpll_component|auto_generated|pll1|clk[0] ; 0.000        ; 0.354      ; 1.453      ;
; 0.800 ; inst4     ; paralelo_serie_384b:inst1|shift_reg[375]          ; inst4        ; inst|altpll_component|auto_generated|pll1|clk[0] ; 0.000        ; 0.354      ; 1.453      ;
; 0.800 ; inst4     ; paralelo_serie_384b:inst1|shift_reg[376]          ; inst4        ; inst|altpll_component|auto_generated|pll1|clk[0] ; 0.000        ; 0.354      ; 1.453      ;
; 0.800 ; inst4     ; paralelo_serie_384b:inst1|shift_reg[377]          ; inst4        ; inst|altpll_component|auto_generated|pll1|clk[0] ; 0.000        ; 0.354      ; 1.453      ;
; 0.800 ; inst4     ; paralelo_serie_384b:inst1|shift_reg[378]          ; inst4        ; inst|altpll_component|auto_generated|pll1|clk[0] ; 0.000        ; 0.354      ; 1.453      ;
; 0.800 ; inst4     ; paralelo_serie_384b:inst1|shift_reg[379]          ; inst4        ; inst|altpll_component|auto_generated|pll1|clk[0] ; 0.000        ; 0.354      ; 1.453      ;
; 0.800 ; inst4     ; paralelo_serie_384b:inst1|shift_reg[380]          ; inst4        ; inst|altpll_component|auto_generated|pll1|clk[0] ; 0.000        ; 0.354      ; 1.453      ;
; 0.800 ; inst4     ; paralelo_serie_384b:inst1|shift_reg[381]          ; inst4        ; inst|altpll_component|auto_generated|pll1|clk[0] ; 0.000        ; 0.354      ; 1.453      ;
; 0.800 ; inst4     ; paralelo_serie_384b:inst1|shift_reg[382]          ; inst4        ; inst|altpll_component|auto_generated|pll1|clk[0] ; 0.000        ; 0.354      ; 1.453      ;
; 0.800 ; inst4     ; paralelo_serie_384b:inst1|shift_reg[383]          ; inst4        ; inst|altpll_component|auto_generated|pll1|clk[0] ; 0.000        ; 0.354      ; 1.453      ;
; 0.999 ; inst4     ; paralelo_serie_384b:inst1|shift_reg[24]~_emulated ; inst4        ; inst|altpll_component|auto_generated|pll1|clk[0] ; 0.000        ; 0.159      ; 1.457      ;
; 0.999 ; inst4     ; paralelo_serie_384b:inst1|shift_reg[25]           ; inst4        ; inst|altpll_component|auto_generated|pll1|clk[0] ; 0.000        ; 0.159      ; 1.457      ;
; 0.999 ; inst4     ; paralelo_serie_384b:inst1|shift_reg[26]           ; inst4        ; inst|altpll_component|auto_generated|pll1|clk[0] ; 0.000        ; 0.159      ; 1.457      ;
; 0.999 ; inst4     ; paralelo_serie_384b:inst1|shift_reg[27]~_emulated ; inst4        ; inst|altpll_component|auto_generated|pll1|clk[0] ; 0.000        ; 0.159      ; 1.457      ;
; 0.999 ; inst4     ; paralelo_serie_384b:inst1|shift_reg[28]           ; inst4        ; inst|altpll_component|auto_generated|pll1|clk[0] ; 0.000        ; 0.159      ; 1.457      ;
; 0.999 ; inst4     ; paralelo_serie_384b:inst1|shift_reg[29]           ; inst4        ; inst|altpll_component|auto_generated|pll1|clk[0] ; 0.000        ; 0.159      ; 1.457      ;
; 0.999 ; inst4     ; paralelo_serie_384b:inst1|shift_reg[30]           ; inst4        ; inst|altpll_component|auto_generated|pll1|clk[0] ; 0.000        ; 0.159      ; 1.457      ;
; 0.999 ; inst4     ; paralelo_serie_384b:inst1|shift_reg[31]           ; inst4        ; inst|altpll_component|auto_generated|pll1|clk[0] ; 0.000        ; 0.159      ; 1.457      ;
; 0.999 ; inst4     ; paralelo_serie_384b:inst1|shift_reg[32]~_emulated ; inst4        ; inst|altpll_component|auto_generated|pll1|clk[0] ; 0.000        ; 0.159      ; 1.457      ;
; 0.999 ; inst4     ; paralelo_serie_384b:inst1|shift_reg[33]           ; inst4        ; inst|altpll_component|auto_generated|pll1|clk[0] ; 0.000        ; 0.159      ; 1.457      ;
; 0.999 ; inst4     ; paralelo_serie_384b:inst1|shift_reg[34]           ; inst4        ; inst|altpll_component|auto_generated|pll1|clk[0] ; 0.000        ; 0.159      ; 1.457      ;
; 0.999 ; inst4     ; paralelo_serie_384b:inst1|shift_reg[35]           ; inst4        ; inst|altpll_component|auto_generated|pll1|clk[0] ; 0.000        ; 0.159      ; 1.457      ;
; 0.999 ; inst4     ; paralelo_serie_384b:inst1|shift_reg[39]           ; inst4        ; inst|altpll_component|auto_generated|pll1|clk[0] ; 0.000        ; 0.159      ; 1.457      ;
; 0.999 ; inst4     ; paralelo_serie_384b:inst1|shift_reg[40]~_emulated ; inst4        ; inst|altpll_component|auto_generated|pll1|clk[0] ; 0.000        ; 0.159      ; 1.457      ;
; 0.999 ; inst4     ; paralelo_serie_384b:inst1|shift_reg[41]           ; inst4        ; inst|altpll_component|auto_generated|pll1|clk[0] ; 0.000        ; 0.159      ; 1.457      ;
; 0.999 ; inst4     ; paralelo_serie_384b:inst1|shift_reg[43]           ; inst4        ; inst|altpll_component|auto_generated|pll1|clk[0] ; 0.000        ; 0.159      ; 1.457      ;
; 1.000 ; inst4     ; paralelo_serie_384b:inst1|shift_reg[36]           ; inst4        ; inst|altpll_component|auto_generated|pll1|clk[0] ; 0.000        ; 0.159      ; 1.458      ;
; 1.000 ; inst4     ; paralelo_serie_384b:inst1|shift_reg[37]           ; inst4        ; inst|altpll_component|auto_generated|pll1|clk[0] ; 0.000        ; 0.159      ; 1.458      ;
; 1.000 ; inst4     ; paralelo_serie_384b:inst1|shift_reg[38]           ; inst4        ; inst|altpll_component|auto_generated|pll1|clk[0] ; 0.000        ; 0.159      ; 1.458      ;
; 1.000 ; inst4     ; paralelo_serie_384b:inst1|shift_reg[42]           ; inst4        ; inst|altpll_component|auto_generated|pll1|clk[0] ; 0.000        ; 0.159      ; 1.458      ;
; 1.001 ; inst4     ; paralelo_serie_384b:inst1|shift_reg[8]            ; inst4        ; inst|altpll_component|auto_generated|pll1|clk[0] ; 0.000        ; 0.157      ; 1.457      ;
; 1.001 ; inst4     ; paralelo_serie_384b:inst1|shift_reg[9]            ; inst4        ; inst|altpll_component|auto_generated|pll1|clk[0] ; 0.000        ; 0.157      ; 1.457      ;
; 1.001 ; inst4     ; paralelo_serie_384b:inst1|shift_reg[10]           ; inst4        ; inst|altpll_component|auto_generated|pll1|clk[0] ; 0.000        ; 0.157      ; 1.457      ;
; 1.001 ; inst4     ; paralelo_serie_384b:inst1|shift_reg[11]           ; inst4        ; inst|altpll_component|auto_generated|pll1|clk[0] ; 0.000        ; 0.157      ; 1.457      ;
; 1.001 ; inst4     ; paralelo_serie_384b:inst1|shift_reg[12]           ; inst4        ; inst|altpll_component|auto_generated|pll1|clk[0] ; 0.000        ; 0.157      ; 1.457      ;
; 1.001 ; inst4     ; paralelo_serie_384b:inst1|shift_reg[13]           ; inst4        ; inst|altpll_component|auto_generated|pll1|clk[0] ; 0.000        ; 0.157      ; 1.457      ;
; 1.001 ; inst4     ; paralelo_serie_384b:inst1|shift_reg[14]           ; inst4        ; inst|altpll_component|auto_generated|pll1|clk[0] ; 0.000        ; 0.157      ; 1.457      ;
; 1.001 ; inst4     ; paralelo_serie_384b:inst1|shift_reg[15]           ; inst4        ; inst|altpll_component|auto_generated|pll1|clk[0] ; 0.000        ; 0.157      ; 1.457      ;
; 1.001 ; inst4     ; paralelo_serie_384b:inst1|shift_reg[16]           ; inst4        ; inst|altpll_component|auto_generated|pll1|clk[0] ; 0.000        ; 0.157      ; 1.457      ;
; 1.001 ; inst4     ; paralelo_serie_384b:inst1|shift_reg[17]           ; inst4        ; inst|altpll_component|auto_generated|pll1|clk[0] ; 0.000        ; 0.157      ; 1.457      ;
; 1.001 ; inst4     ; paralelo_serie_384b:inst1|shift_reg[18]           ; inst4        ; inst|altpll_component|auto_generated|pll1|clk[0] ; 0.000        ; 0.157      ; 1.457      ;
; 1.001 ; inst4     ; paralelo_serie_384b:inst1|shift_reg[19]           ; inst4        ; inst|altpll_component|auto_generated|pll1|clk[0] ; 0.000        ; 0.157      ; 1.457      ;
; 1.001 ; inst4     ; paralelo_serie_384b:inst1|shift_reg[20]           ; inst4        ; inst|altpll_component|auto_generated|pll1|clk[0] ; 0.000        ; 0.157      ; 1.457      ;
; 1.001 ; inst4     ; paralelo_serie_384b:inst1|shift_reg[21]           ; inst4        ; inst|altpll_component|auto_generated|pll1|clk[0] ; 0.000        ; 0.157      ; 1.457      ;
; 1.001 ; inst4     ; paralelo_serie_384b:inst1|shift_reg[22]           ; inst4        ; inst|altpll_component|auto_generated|pll1|clk[0] ; 0.000        ; 0.157      ; 1.457      ;
; 1.001 ; inst4     ; paralelo_serie_384b:inst1|shift_reg[23]           ; inst4        ; inst|altpll_component|auto_generated|pll1|clk[0] ; 0.000        ; 0.157      ; 1.457      ;
; 1.001 ; inst4     ; paralelo_serie_384b:inst1|shift_reg[45]           ; inst4        ; inst|altpll_component|auto_generated|pll1|clk[0] ; 0.000        ; 0.157      ; 1.457      ;
; 1.001 ; inst4     ; paralelo_serie_384b:inst1|shift_reg[46]           ; inst4        ; inst|altpll_component|auto_generated|pll1|clk[0] ; 0.000        ; 0.157      ; 1.457      ;
; 1.001 ; inst4     ; paralelo_serie_384b:inst1|shift_reg[47]           ; inst4        ; inst|altpll_component|auto_generated|pll1|clk[0] ; 0.000        ; 0.157      ; 1.457      ;
; 1.001 ; inst4     ; paralelo_serie_384b:inst1|shift_reg[48]~_emulated ; inst4        ; inst|altpll_component|auto_generated|pll1|clk[0] ; 0.000        ; 0.157      ; 1.457      ;
; 1.001 ; inst4     ; paralelo_serie_384b:inst1|shift_reg[49]           ; inst4        ; inst|altpll_component|auto_generated|pll1|clk[0] ; 0.000        ; 0.157      ; 1.457      ;
; 1.001 ; inst4     ; paralelo_serie_384b:inst1|shift_reg[50]           ; inst4        ; inst|altpll_component|auto_generated|pll1|clk[0] ; 0.000        ; 0.157      ; 1.457      ;
; 1.001 ; inst4     ; paralelo_serie_384b:inst1|shift_reg[51]~_emulated ; inst4        ; inst|altpll_component|auto_generated|pll1|clk[0] ; 0.000        ; 0.157      ; 1.457      ;
; 1.001 ; inst4     ; paralelo_serie_384b:inst1|shift_reg[52]           ; inst4        ; inst|altpll_component|auto_generated|pll1|clk[0] ; 0.000        ; 0.157      ; 1.457      ;
; 1.001 ; inst4     ; paralelo_serie_384b:inst1|shift_reg[53]           ; inst4        ; inst|altpll_component|auto_generated|pll1|clk[0] ; 0.000        ; 0.157      ; 1.457      ;
; 1.001 ; inst4     ; paralelo_serie_384b:inst1|shift_reg[54]           ; inst4        ; inst|altpll_component|auto_generated|pll1|clk[0] ; 0.000        ; 0.157      ; 1.457      ;
; 1.001 ; inst4     ; paralelo_serie_384b:inst1|shift_reg[55]           ; inst4        ; inst|altpll_component|auto_generated|pll1|clk[0] ; 0.000        ; 0.157      ; 1.457      ;
; 1.001 ; inst4     ; paralelo_serie_384b:inst1|shift_reg[56]~_emulated ; inst4        ; inst|altpll_component|auto_generated|pll1|clk[0] ; 0.000        ; 0.157      ; 1.457      ;
; 1.001 ; inst4     ; paralelo_serie_384b:inst1|shift_reg[57]           ; inst4        ; inst|altpll_component|auto_generated|pll1|clk[0] ; 0.000        ; 0.157      ; 1.457      ;
; 1.001 ; inst4     ; paralelo_serie_384b:inst1|shift_reg[58]           ; inst4        ; inst|altpll_component|auto_generated|pll1|clk[0] ; 0.000        ; 0.157      ; 1.457      ;
; 1.001 ; inst4     ; paralelo_serie_384b:inst1|shift_reg[59]           ; inst4        ; inst|altpll_component|auto_generated|pll1|clk[0] ; 0.000        ; 0.158      ; 1.458      ;
; 1.001 ; inst4     ; paralelo_serie_384b:inst1|shift_reg[60]           ; inst4        ; inst|altpll_component|auto_generated|pll1|clk[0] ; 0.000        ; 0.158      ; 1.458      ;
; 1.001 ; inst4     ; paralelo_serie_384b:inst1|shift_reg[61]           ; inst4        ; inst|altpll_component|auto_generated|pll1|clk[0] ; 0.000        ; 0.158      ; 1.458      ;
; 1.001 ; inst4     ; paralelo_serie_384b:inst1|shift_reg[62]           ; inst4        ; inst|altpll_component|auto_generated|pll1|clk[0] ; 0.000        ; 0.158      ; 1.458      ;
; 1.001 ; inst4     ; paralelo_serie_384b:inst1|shift_reg[63]           ; inst4        ; inst|altpll_component|auto_generated|pll1|clk[0] ; 0.000        ; 0.158      ; 1.458      ;
; 1.001 ; inst4     ; paralelo_serie_384b:inst1|shift_reg[64]~_emulated ; inst4        ; inst|altpll_component|auto_generated|pll1|clk[0] ; 0.000        ; 0.157      ; 1.457      ;
; 1.001 ; inst4     ; paralelo_serie_384b:inst1|shift_reg[65]           ; inst4        ; inst|altpll_component|auto_generated|pll1|clk[0] ; 0.000        ; 0.157      ; 1.457      ;
; 1.001 ; inst4     ; paralelo_serie_384b:inst1|shift_reg[66]           ; inst4        ; inst|altpll_component|auto_generated|pll1|clk[0] ; 0.000        ; 0.158      ; 1.458      ;
; 1.001 ; inst4     ; paralelo_serie_384b:inst1|shift_reg[67]           ; inst4        ; inst|altpll_component|auto_generated|pll1|clk[0] ; 0.000        ; 0.158      ; 1.458      ;
; 1.001 ; inst4     ; paralelo_serie_384b:inst1|shift_reg[68]           ; inst4        ; inst|altpll_component|auto_generated|pll1|clk[0] ; 0.000        ; 0.157      ; 1.457      ;
; 1.001 ; inst4     ; paralelo_serie_384b:inst1|shift_reg[69]           ; inst4        ; inst|altpll_component|auto_generated|pll1|clk[0] ; 0.000        ; 0.157      ; 1.457      ;
; 1.001 ; inst4     ; paralelo_serie_384b:inst1|shift_reg[70]           ; inst4        ; inst|altpll_component|auto_generated|pll1|clk[0] ; 0.000        ; 0.157      ; 1.457      ;
; 1.001 ; inst4     ; paralelo_serie_384b:inst1|shift_reg[71]           ; inst4        ; inst|altpll_component|auto_generated|pll1|clk[0] ; 0.000        ; 0.157      ; 1.457      ;
; 1.001 ; inst4     ; paralelo_serie_384b:inst1|shift_reg[72]~_emulated ; inst4        ; inst|altpll_component|auto_generated|pll1|clk[0] ; 0.000        ; 0.157      ; 1.457      ;
; 1.001 ; inst4     ; paralelo_serie_384b:inst1|shift_reg[73]           ; inst4        ; inst|altpll_component|auto_generated|pll1|clk[0] ; 0.000        ; 0.157      ; 1.457      ;
; 1.001 ; inst4     ; paralelo_serie_384b:inst1|shift_reg[74]           ; inst4        ; inst|altpll_component|auto_generated|pll1|clk[0] ; 0.000        ; 0.157      ; 1.457      ;
; 1.001 ; inst4     ; paralelo_serie_384b:inst1|shift_reg[75]~_emulated ; inst4        ; inst|altpll_component|auto_generated|pll1|clk[0] ; 0.000        ; 0.157      ; 1.457      ;
; 1.001 ; inst4     ; paralelo_serie_384b:inst1|shift_reg[76]           ; inst4        ; inst|altpll_component|auto_generated|pll1|clk[0] ; 0.000        ; 0.157      ; 1.457      ;
; 1.001 ; inst4     ; paralelo_serie_384b:inst1|shift_reg[77]           ; inst4        ; inst|altpll_component|auto_generated|pll1|clk[0] ; 0.000        ; 0.157      ; 1.457      ;
; 1.001 ; inst4     ; paralelo_serie_384b:inst1|shift_reg[78]           ; inst4        ; inst|altpll_component|auto_generated|pll1|clk[0] ; 0.000        ; 0.157      ; 1.457      ;
; 1.001 ; inst4     ; paralelo_serie_384b:inst1|shift_reg[79]           ; inst4        ; inst|altpll_component|auto_generated|pll1|clk[0] ; 0.000        ; 0.157      ; 1.457      ;
; 1.001 ; inst4     ; paralelo_serie_384b:inst1|shift_reg[80]~_emulated ; inst4        ; inst|altpll_component|auto_generated|pll1|clk[0] ; 0.000        ; 0.157      ; 1.457      ;
+-------+-----------+---------------------------------------------------+--------------+--------------------------------------------------+--------------+------------+------------+


+----------------------------------------------------------------------------------------------------------------------------------------------------------+
; Fast 1200mV 0C Model Removal: 'inst|altpll_component|auto_generated|pll1|clk[1]'                                                                         ;
+-------+-----------+---------------------------+--------------+--------------------------------------------------+--------------+------------+------------+
; Slack ; From Node ; To Node                   ; Launch Clock ; Latch Clock                                      ; Relationship ; Clock Skew ; Data Delay ;
+-------+-----------+---------------------------+--------------+--------------------------------------------------+--------------+------------+------------+
; 0.816 ; inst4     ; pulso_384:inst12|strt     ; inst4        ; inst|altpll_component|auto_generated|pll1|clk[1] ; 0.000        ; 0.332      ; 1.447      ;
; 0.816 ; inst4     ; pulso_384:inst12|pulso    ; inst4        ; inst|altpll_component|auto_generated|pll1|clk[1] ; 0.000        ; 0.332      ; 1.447      ;
; 0.832 ; inst4     ; pulso_384:inst12|count[0] ; inst4        ; inst|altpll_component|auto_generated|pll1|clk[1] ; 0.000        ; 0.316      ; 1.447      ;
; 0.832 ; inst4     ; pulso_384:inst12|count[1] ; inst4        ; inst|altpll_component|auto_generated|pll1|clk[1] ; 0.000        ; 0.316      ; 1.447      ;
; 0.832 ; inst4     ; pulso_384:inst12|count[2] ; inst4        ; inst|altpll_component|auto_generated|pll1|clk[1] ; 0.000        ; 0.316      ; 1.447      ;
; 0.832 ; inst4     ; pulso_384:inst12|count[3] ; inst4        ; inst|altpll_component|auto_generated|pll1|clk[1] ; 0.000        ; 0.316      ; 1.447      ;
; 0.832 ; inst4     ; pulso_384:inst12|count[4] ; inst4        ; inst|altpll_component|auto_generated|pll1|clk[1] ; 0.000        ; 0.316      ; 1.447      ;
; 0.832 ; inst4     ; pulso_384:inst12|count[5] ; inst4        ; inst|altpll_component|auto_generated|pll1|clk[1] ; 0.000        ; 0.316      ; 1.447      ;
; 0.832 ; inst4     ; pulso_384:inst12|count[6] ; inst4        ; inst|altpll_component|auto_generated|pll1|clk[1] ; 0.000        ; 0.316      ; 1.447      ;
; 0.832 ; inst4     ; pulso_384:inst12|count[8] ; inst4        ; inst|altpll_component|auto_generated|pll1|clk[1] ; 0.000        ; 0.316      ; 1.447      ;
; 0.832 ; inst4     ; pulso_384:inst12|count[7] ; inst4        ; inst|altpll_component|auto_generated|pll1|clk[1] ; 0.000        ; 0.316      ; 1.447      ;
; 1.357 ; inst4     ; pulso_384:inst12|strt     ; inst4        ; inst|altpll_component|auto_generated|pll1|clk[1] ; -0.500       ; 0.332      ; 1.488      ;
; 1.357 ; inst4     ; pulso_384:inst12|pulso    ; inst4        ; inst|altpll_component|auto_generated|pll1|clk[1] ; -0.500       ; 0.332      ; 1.488      ;
; 1.373 ; inst4     ; pulso_384:inst12|count[0] ; inst4        ; inst|altpll_component|auto_generated|pll1|clk[1] ; -0.500       ; 0.316      ; 1.488      ;
; 1.373 ; inst4     ; pulso_384:inst12|count[1] ; inst4        ; inst|altpll_component|auto_generated|pll1|clk[1] ; -0.500       ; 0.316      ; 1.488      ;
; 1.373 ; inst4     ; pulso_384:inst12|count[2] ; inst4        ; inst|altpll_component|auto_generated|pll1|clk[1] ; -0.500       ; 0.316      ; 1.488      ;
; 1.373 ; inst4     ; pulso_384:inst12|count[3] ; inst4        ; inst|altpll_component|auto_generated|pll1|clk[1] ; -0.500       ; 0.316      ; 1.488      ;
; 1.373 ; inst4     ; pulso_384:inst12|count[4] ; inst4        ; inst|altpll_component|auto_generated|pll1|clk[1] ; -0.500       ; 0.316      ; 1.488      ;
; 1.373 ; inst4     ; pulso_384:inst12|count[5] ; inst4        ; inst|altpll_component|auto_generated|pll1|clk[1] ; -0.500       ; 0.316      ; 1.488      ;
; 1.373 ; inst4     ; pulso_384:inst12|count[6] ; inst4        ; inst|altpll_component|auto_generated|pll1|clk[1] ; -0.500       ; 0.316      ; 1.488      ;
; 1.373 ; inst4     ; pulso_384:inst12|count[8] ; inst4        ; inst|altpll_component|auto_generated|pll1|clk[1] ; -0.500       ; 0.316      ; 1.488      ;
; 1.373 ; inst4     ; pulso_384:inst12|count[7] ; inst4        ; inst|altpll_component|auto_generated|pll1|clk[1] ; -0.500       ; 0.316      ; 1.488      ;
+-------+-----------+---------------------------+--------------+--------------------------------------------------+--------------+------------+------------+


+----------------------------------------------------------------------------------------------------------------------------+
; Fast 1200mV 0C Model Minimum Pulse Width: 'inst4'                                                                          ;
+-------+--------------+----------------+------------------+-------+------------+--------------------------------------------+
; Slack ; Actual Width ; Required Width ; Type             ; Clock ; Clock Edge ; Target                                     ;
+-------+--------------+----------------+------------------+-------+------------+--------------------------------------------+
; 0.435 ; 0.435        ; 0.000          ; Low Pulse Width  ; inst4 ; Rise       ; inst1|shift_reg[64]~11|datad               ;
; 0.435 ; 0.435        ; 0.000          ; Low Pulse Width  ; inst4 ; Rise       ; inst1|shift_reg[88]~1|datad                ;
; 0.436 ; 0.436        ; 0.000          ; Low Pulse Width  ; inst4 ; Rise       ; inst1|shift_reg[40]~21|datad               ;
; 0.440 ; 0.440        ; 0.000          ; High Pulse Width ; inst4 ; Fall       ; paralelo_serie_384b:inst1|shift_reg[64]~11 ;
; 0.440 ; 0.440        ; 0.000          ; High Pulse Width ; inst4 ; Fall       ; paralelo_serie_384b:inst1|shift_reg[88]~1  ;
; 0.441 ; 0.441        ; 0.000          ; High Pulse Width ; inst4 ; Fall       ; paralelo_serie_384b:inst1|shift_reg[40]~21 ;
; 0.466 ; 0.466        ; 0.000          ; Low Pulse Width  ; inst4 ; Rise       ; inst4~clkctrl|inclk[0]                     ;
; 0.466 ; 0.466        ; 0.000          ; Low Pulse Width  ; inst4 ; Rise       ; inst4~clkctrl|outclk                       ;
; 0.500 ; 0.500        ; 0.000          ; High Pulse Width ; inst4 ; Rise       ; inst4|q                                    ;
; 0.500 ; 0.500        ; 0.000          ; Low Pulse Width  ; inst4 ; Rise       ; inst4|q                                    ;
; 0.532 ; 0.532        ; 0.000          ; High Pulse Width ; inst4 ; Rise       ; inst4~clkctrl|inclk[0]                     ;
; 0.532 ; 0.532        ; 0.000          ; High Pulse Width ; inst4 ; Rise       ; inst4~clkctrl|outclk                       ;
; 0.556 ; 0.556        ; 0.000          ; Low Pulse Width  ; inst4 ; Fall       ; paralelo_serie_384b:inst1|shift_reg[40]~21 ;
; 0.558 ; 0.558        ; 0.000          ; Low Pulse Width  ; inst4 ; Fall       ; paralelo_serie_384b:inst1|shift_reg[64]~11 ;
; 0.558 ; 0.558        ; 0.000          ; Low Pulse Width  ; inst4 ; Fall       ; paralelo_serie_384b:inst1|shift_reg[88]~1  ;
; 0.560 ; 0.560        ; 0.000          ; High Pulse Width ; inst4 ; Rise       ; inst1|shift_reg[40]~21|datad               ;
; 0.562 ; 0.562        ; 0.000          ; High Pulse Width ; inst4 ; Rise       ; inst1|shift_reg[64]~11|datad               ;
; 0.562 ; 0.562        ; 0.000          ; High Pulse Width ; inst4 ; Rise       ; inst1|shift_reg[88]~1|datad                ;
+-------+--------------+----------------+------------------+-------+------------+--------------------------------------------+


+----------------------------------------------------------------------------------------------------------------------------------------------+
; Fast 1200mV 0C Model Minimum Pulse Width: 'inclk0'                                                                                           ;
+--------+--------------+----------------+------------------+--------+------------+------------------------------------------------------------+
; Slack  ; Actual Width ; Required Width ; Type             ; Clock  ; Clock Edge ; Target                                                     ;
+--------+--------------+----------------+------------------+--------+------------+------------------------------------------------------------+
; 9.587  ; 9.587        ; 0.000          ; Low Pulse Width  ; inclk0 ; Rise       ; inst|altpll_component|auto_generated|pll1|clk[0]           ;
; 9.587  ; 9.587        ; 0.000          ; Low Pulse Width  ; inclk0 ; Rise       ; inst|altpll_component|auto_generated|pll1|clk[1]           ;
; 9.587  ; 9.587        ; 0.000          ; Low Pulse Width  ; inclk0 ; Rise       ; inst|altpll_component|auto_generated|pll1|clk[2]           ;
; 9.587  ; 9.587        ; 0.000          ; Low Pulse Width  ; inclk0 ; Rise       ; inst|altpll_component|auto_generated|pll1|observablevcoout ;
; 9.621  ; 9.621        ; 0.000          ; Low Pulse Width  ; inclk0 ; Rise       ; inclk0~input|o                                             ;
; 9.631  ; 9.631        ; 0.000          ; Low Pulse Width  ; inclk0 ; Rise       ; inst|altpll_component|auto_generated|pll1|inclk[0]         ;
; 10.000 ; 10.000       ; 0.000          ; High Pulse Width ; inclk0 ; Rise       ; inclk0~input|i                                             ;
; 10.000 ; 10.000       ; 0.000          ; Low Pulse Width  ; inclk0 ; Rise       ; inclk0~input|i                                             ;
; 10.369 ; 10.369       ; 0.000          ; High Pulse Width ; inclk0 ; Rise       ; inst|altpll_component|auto_generated|pll1|inclk[0]         ;
; 10.379 ; 10.379       ; 0.000          ; High Pulse Width ; inclk0 ; Rise       ; inclk0~input|o                                             ;
; 10.412 ; 10.412       ; 0.000          ; High Pulse Width ; inclk0 ; Rise       ; inst|altpll_component|auto_generated|pll1|clk[0]           ;
; 10.412 ; 10.412       ; 0.000          ; High Pulse Width ; inclk0 ; Rise       ; inst|altpll_component|auto_generated|pll1|clk[1]           ;
; 10.412 ; 10.412       ; 0.000          ; High Pulse Width ; inclk0 ; Rise       ; inst|altpll_component|auto_generated|pll1|clk[2]           ;
; 10.412 ; 10.412       ; 0.000          ; High Pulse Width ; inclk0 ; Rise       ; inst|altpll_component|auto_generated|pll1|observablevcoout ;
; 16.000 ; 20.000       ; 4.000          ; Port Rate        ; inclk0 ; Rise       ; inclk0                                                     ;
+--------+--------------+----------------+------------------+--------+------------+------------------------------------------------------------+


+--------------------------------------------------------------------------------------------------------------------------------------------------------------------------------+
; Fast 1200mV 0C Model Minimum Pulse Width: 'inst|altpll_component|auto_generated|pll1|clk[0]'                                                                                   ;
+---------+--------------+----------------+------------------+--------------------------------------------------+------------+---------------------------------------------------+
; Slack   ; Actual Width ; Required Width ; Type             ; Clock                                            ; Clock Edge ; Target                                            ;
+---------+--------------+----------------+------------------+--------------------------------------------------+------------+---------------------------------------------------+
; 399.783 ; 399.999      ; 0.216          ; High Pulse Width ; inst|altpll_component|auto_generated|pll1|clk[0] ; Rise       ; inst7                                             ;
; 399.824 ; 400.008      ; 0.184          ; Low Pulse Width  ; inst|altpll_component|auto_generated|pll1|clk[0] ; Fall       ; paralelo_serie_384b:inst1|shift_reg[105]          ;
; 399.824 ; 400.008      ; 0.184          ; Low Pulse Width  ; inst|altpll_component|auto_generated|pll1|clk[0] ; Fall       ; paralelo_serie_384b:inst1|shift_reg[106]          ;
; 399.824 ; 400.008      ; 0.184          ; Low Pulse Width  ; inst|altpll_component|auto_generated|pll1|clk[0] ; Fall       ; paralelo_serie_384b:inst1|shift_reg[107]          ;
; 399.824 ; 400.008      ; 0.184          ; Low Pulse Width  ; inst|altpll_component|auto_generated|pll1|clk[0] ; Fall       ; paralelo_serie_384b:inst1|shift_reg[108]          ;
; 399.824 ; 400.008      ; 0.184          ; Low Pulse Width  ; inst|altpll_component|auto_generated|pll1|clk[0] ; Fall       ; paralelo_serie_384b:inst1|shift_reg[109]          ;
; 399.824 ; 400.008      ; 0.184          ; Low Pulse Width  ; inst|altpll_component|auto_generated|pll1|clk[0] ; Fall       ; paralelo_serie_384b:inst1|shift_reg[110]          ;
; 399.824 ; 400.008      ; 0.184          ; Low Pulse Width  ; inst|altpll_component|auto_generated|pll1|clk[0] ; Fall       ; paralelo_serie_384b:inst1|shift_reg[111]          ;
; 399.824 ; 400.008      ; 0.184          ; Low Pulse Width  ; inst|altpll_component|auto_generated|pll1|clk[0] ; Fall       ; paralelo_serie_384b:inst1|shift_reg[154]          ;
; 399.824 ; 400.008      ; 0.184          ; Low Pulse Width  ; inst|altpll_component|auto_generated|pll1|clk[0] ; Fall       ; paralelo_serie_384b:inst1|shift_reg[155]          ;
; 399.824 ; 400.008      ; 0.184          ; Low Pulse Width  ; inst|altpll_component|auto_generated|pll1|clk[0] ; Fall       ; paralelo_serie_384b:inst1|shift_reg[156]          ;
; 399.824 ; 400.008      ; 0.184          ; Low Pulse Width  ; inst|altpll_component|auto_generated|pll1|clk[0] ; Fall       ; paralelo_serie_384b:inst1|shift_reg[162]          ;
; 399.824 ; 400.008      ; 0.184          ; Low Pulse Width  ; inst|altpll_component|auto_generated|pll1|clk[0] ; Fall       ; paralelo_serie_384b:inst1|shift_reg[163]          ;
; 399.824 ; 400.008      ; 0.184          ; Low Pulse Width  ; inst|altpll_component|auto_generated|pll1|clk[0] ; Fall       ; paralelo_serie_384b:inst1|shift_reg[164]          ;
; 399.824 ; 400.008      ; 0.184          ; Low Pulse Width  ; inst|altpll_component|auto_generated|pll1|clk[0] ; Fall       ; paralelo_serie_384b:inst1|shift_reg[165]          ;
; 399.824 ; 400.008      ; 0.184          ; Low Pulse Width  ; inst|altpll_component|auto_generated|pll1|clk[0] ; Fall       ; paralelo_serie_384b:inst1|shift_reg[166]          ;
; 399.824 ; 400.008      ; 0.184          ; Low Pulse Width  ; inst|altpll_component|auto_generated|pll1|clk[0] ; Fall       ; paralelo_serie_384b:inst1|shift_reg[167]          ;
; 399.824 ; 400.008      ; 0.184          ; Low Pulse Width  ; inst|altpll_component|auto_generated|pll1|clk[0] ; Fall       ; paralelo_serie_384b:inst1|shift_reg[168]          ;
; 399.824 ; 400.008      ; 0.184          ; Low Pulse Width  ; inst|altpll_component|auto_generated|pll1|clk[0] ; Fall       ; paralelo_serie_384b:inst1|shift_reg[169]          ;
; 399.824 ; 400.008      ; 0.184          ; Low Pulse Width  ; inst|altpll_component|auto_generated|pll1|clk[0] ; Fall       ; paralelo_serie_384b:inst1|shift_reg[170]          ;
; 399.824 ; 400.008      ; 0.184          ; Low Pulse Width  ; inst|altpll_component|auto_generated|pll1|clk[0] ; Fall       ; paralelo_serie_384b:inst1|shift_reg[171]          ;
; 399.824 ; 400.008      ; 0.184          ; Low Pulse Width  ; inst|altpll_component|auto_generated|pll1|clk[0] ; Fall       ; paralelo_serie_384b:inst1|shift_reg[172]          ;
; 399.824 ; 400.008      ; 0.184          ; Low Pulse Width  ; inst|altpll_component|auto_generated|pll1|clk[0] ; Fall       ; paralelo_serie_384b:inst1|shift_reg[173]          ;
; 399.824 ; 400.008      ; 0.184          ; Low Pulse Width  ; inst|altpll_component|auto_generated|pll1|clk[0] ; Fall       ; paralelo_serie_384b:inst1|shift_reg[174]          ;
; 399.824 ; 400.008      ; 0.184          ; Low Pulse Width  ; inst|altpll_component|auto_generated|pll1|clk[0] ; Fall       ; paralelo_serie_384b:inst1|shift_reg[175]          ;
; 399.824 ; 400.008      ; 0.184          ; Low Pulse Width  ; inst|altpll_component|auto_generated|pll1|clk[0] ; Fall       ; paralelo_serie_384b:inst1|shift_reg[176]          ;
; 399.824 ; 400.008      ; 0.184          ; Low Pulse Width  ; inst|altpll_component|auto_generated|pll1|clk[0] ; Fall       ; paralelo_serie_384b:inst1|shift_reg[177]          ;
; 399.824 ; 400.008      ; 0.184          ; Low Pulse Width  ; inst|altpll_component|auto_generated|pll1|clk[0] ; Fall       ; paralelo_serie_384b:inst1|shift_reg[178]          ;
; 399.824 ; 400.008      ; 0.184          ; Low Pulse Width  ; inst|altpll_component|auto_generated|pll1|clk[0] ; Fall       ; paralelo_serie_384b:inst1|shift_reg[179]          ;
; 399.824 ; 400.008      ; 0.184          ; Low Pulse Width  ; inst|altpll_component|auto_generated|pll1|clk[0] ; Fall       ; paralelo_serie_384b:inst1|shift_reg[180]          ;
; 399.824 ; 400.008      ; 0.184          ; Low Pulse Width  ; inst|altpll_component|auto_generated|pll1|clk[0] ; Fall       ; paralelo_serie_384b:inst1|shift_reg[181]          ;
; 399.824 ; 400.008      ; 0.184          ; Low Pulse Width  ; inst|altpll_component|auto_generated|pll1|clk[0] ; Fall       ; paralelo_serie_384b:inst1|shift_reg[182]          ;
; 399.824 ; 400.008      ; 0.184          ; Low Pulse Width  ; inst|altpll_component|auto_generated|pll1|clk[0] ; Fall       ; paralelo_serie_384b:inst1|shift_reg[183]          ;
; 399.824 ; 400.008      ; 0.184          ; Low Pulse Width  ; inst|altpll_component|auto_generated|pll1|clk[0] ; Fall       ; paralelo_serie_384b:inst1|shift_reg[184]          ;
; 399.824 ; 400.008      ; 0.184          ; Low Pulse Width  ; inst|altpll_component|auto_generated|pll1|clk[0] ; Fall       ; paralelo_serie_384b:inst1|shift_reg[185]          ;
; 399.824 ; 400.008      ; 0.184          ; Low Pulse Width  ; inst|altpll_component|auto_generated|pll1|clk[0] ; Fall       ; paralelo_serie_384b:inst1|shift_reg[186]          ;
; 399.824 ; 400.008      ; 0.184          ; Low Pulse Width  ; inst|altpll_component|auto_generated|pll1|clk[0] ; Fall       ; paralelo_serie_384b:inst1|shift_reg[187]          ;
; 399.824 ; 400.008      ; 0.184          ; Low Pulse Width  ; inst|altpll_component|auto_generated|pll1|clk[0] ; Fall       ; paralelo_serie_384b:inst1|shift_reg[188]          ;
; 399.824 ; 400.008      ; 0.184          ; Low Pulse Width  ; inst|altpll_component|auto_generated|pll1|clk[0] ; Fall       ; paralelo_serie_384b:inst1|shift_reg[189]          ;
; 399.824 ; 400.008      ; 0.184          ; Low Pulse Width  ; inst|altpll_component|auto_generated|pll1|clk[0] ; Fall       ; paralelo_serie_384b:inst1|shift_reg[190]          ;
; 399.824 ; 400.008      ; 0.184          ; Low Pulse Width  ; inst|altpll_component|auto_generated|pll1|clk[0] ; Fall       ; paralelo_serie_384b:inst1|shift_reg[217]          ;
; 399.824 ; 400.008      ; 0.184          ; Low Pulse Width  ; inst|altpll_component|auto_generated|pll1|clk[0] ; Fall       ; paralelo_serie_384b:inst1|shift_reg[218]          ;
; 399.824 ; 400.008      ; 0.184          ; Low Pulse Width  ; inst|altpll_component|auto_generated|pll1|clk[0] ; Fall       ; paralelo_serie_384b:inst1|shift_reg[219]          ;
; 399.824 ; 400.008      ; 0.184          ; Low Pulse Width  ; inst|altpll_component|auto_generated|pll1|clk[0] ; Fall       ; paralelo_serie_384b:inst1|shift_reg[220]          ;
; 399.824 ; 400.008      ; 0.184          ; Low Pulse Width  ; inst|altpll_component|auto_generated|pll1|clk[0] ; Fall       ; paralelo_serie_384b:inst1|shift_reg[221]          ;
; 399.824 ; 400.008      ; 0.184          ; Low Pulse Width  ; inst|altpll_component|auto_generated|pll1|clk[0] ; Fall       ; paralelo_serie_384b:inst1|shift_reg[222]          ;
; 399.824 ; 400.008      ; 0.184          ; Low Pulse Width  ; inst|altpll_component|auto_generated|pll1|clk[0] ; Fall       ; paralelo_serie_384b:inst1|shift_reg[223]          ;
; 399.824 ; 400.008      ; 0.184          ; Low Pulse Width  ; inst|altpll_component|auto_generated|pll1|clk[0] ; Fall       ; paralelo_serie_384b:inst1|shift_reg[224]          ;
; 399.824 ; 400.008      ; 0.184          ; Low Pulse Width  ; inst|altpll_component|auto_generated|pll1|clk[0] ; Fall       ; paralelo_serie_384b:inst1|shift_reg[225]          ;
; 399.824 ; 400.008      ; 0.184          ; Low Pulse Width  ; inst|altpll_component|auto_generated|pll1|clk[0] ; Fall       ; paralelo_serie_384b:inst1|shift_reg[226]          ;
; 399.824 ; 400.008      ; 0.184          ; Low Pulse Width  ; inst|altpll_component|auto_generated|pll1|clk[0] ; Fall       ; paralelo_serie_384b:inst1|shift_reg[227]          ;
; 399.824 ; 400.008      ; 0.184          ; Low Pulse Width  ; inst|altpll_component|auto_generated|pll1|clk[0] ; Fall       ; paralelo_serie_384b:inst1|shift_reg[229]          ;
; 399.824 ; 400.008      ; 0.184          ; Low Pulse Width  ; inst|altpll_component|auto_generated|pll1|clk[0] ; Fall       ; paralelo_serie_384b:inst1|shift_reg[230]          ;
; 399.824 ; 400.008      ; 0.184          ; Low Pulse Width  ; inst|altpll_component|auto_generated|pll1|clk[0] ; Fall       ; paralelo_serie_384b:inst1|shift_reg[231]          ;
; 399.824 ; 400.008      ; 0.184          ; Low Pulse Width  ; inst|altpll_component|auto_generated|pll1|clk[0] ; Fall       ; paralelo_serie_384b:inst1|shift_reg[232]          ;
; 399.824 ; 400.008      ; 0.184          ; Low Pulse Width  ; inst|altpll_component|auto_generated|pll1|clk[0] ; Fall       ; paralelo_serie_384b:inst1|shift_reg[233]          ;
; 399.824 ; 400.008      ; 0.184          ; Low Pulse Width  ; inst|altpll_component|auto_generated|pll1|clk[0] ; Fall       ; paralelo_serie_384b:inst1|shift_reg[234]          ;
; 399.824 ; 400.008      ; 0.184          ; Low Pulse Width  ; inst|altpll_component|auto_generated|pll1|clk[0] ; Fall       ; paralelo_serie_384b:inst1|shift_reg[235]          ;
; 399.824 ; 400.008      ; 0.184          ; Low Pulse Width  ; inst|altpll_component|auto_generated|pll1|clk[0] ; Fall       ; paralelo_serie_384b:inst1|shift_reg[236]          ;
; 399.824 ; 400.008      ; 0.184          ; Low Pulse Width  ; inst|altpll_component|auto_generated|pll1|clk[0] ; Fall       ; paralelo_serie_384b:inst1|shift_reg[237]          ;
; 399.824 ; 400.008      ; 0.184          ; Low Pulse Width  ; inst|altpll_component|auto_generated|pll1|clk[0] ; Fall       ; paralelo_serie_384b:inst1|shift_reg[238]          ;
; 399.824 ; 400.008      ; 0.184          ; Low Pulse Width  ; inst|altpll_component|auto_generated|pll1|clk[0] ; Fall       ; paralelo_serie_384b:inst1|shift_reg[239]          ;
; 399.824 ; 400.008      ; 0.184          ; Low Pulse Width  ; inst|altpll_component|auto_generated|pll1|clk[0] ; Fall       ; paralelo_serie_384b:inst1|shift_reg[240]          ;
; 399.824 ; 400.008      ; 0.184          ; Low Pulse Width  ; inst|altpll_component|auto_generated|pll1|clk[0] ; Fall       ; paralelo_serie_384b:inst1|shift_reg[241]          ;
; 399.824 ; 400.008      ; 0.184          ; Low Pulse Width  ; inst|altpll_component|auto_generated|pll1|clk[0] ; Fall       ; paralelo_serie_384b:inst1|shift_reg[242]          ;
; 399.824 ; 400.008      ; 0.184          ; Low Pulse Width  ; inst|altpll_component|auto_generated|pll1|clk[0] ; Fall       ; paralelo_serie_384b:inst1|shift_reg[243]          ;
; 399.824 ; 400.008      ; 0.184          ; Low Pulse Width  ; inst|altpll_component|auto_generated|pll1|clk[0] ; Fall       ; paralelo_serie_384b:inst1|shift_reg[244]          ;
; 399.824 ; 400.008      ; 0.184          ; Low Pulse Width  ; inst|altpll_component|auto_generated|pll1|clk[0] ; Fall       ; paralelo_serie_384b:inst1|shift_reg[245]          ;
; 399.824 ; 400.008      ; 0.184          ; Low Pulse Width  ; inst|altpll_component|auto_generated|pll1|clk[0] ; Fall       ; paralelo_serie_384b:inst1|shift_reg[246]          ;
; 399.824 ; 400.008      ; 0.184          ; Low Pulse Width  ; inst|altpll_component|auto_generated|pll1|clk[0] ; Fall       ; paralelo_serie_384b:inst1|shift_reg[247]          ;
; 399.824 ; 400.008      ; 0.184          ; Low Pulse Width  ; inst|altpll_component|auto_generated|pll1|clk[0] ; Fall       ; paralelo_serie_384b:inst1|shift_reg[248]          ;
; 399.824 ; 400.008      ; 0.184          ; Low Pulse Width  ; inst|altpll_component|auto_generated|pll1|clk[0] ; Fall       ; paralelo_serie_384b:inst1|shift_reg[249]          ;
; 399.824 ; 400.008      ; 0.184          ; Low Pulse Width  ; inst|altpll_component|auto_generated|pll1|clk[0] ; Fall       ; paralelo_serie_384b:inst1|shift_reg[24]~_emulated ;
; 399.824 ; 400.008      ; 0.184          ; Low Pulse Width  ; inst|altpll_component|auto_generated|pll1|clk[0] ; Fall       ; paralelo_serie_384b:inst1|shift_reg[250]          ;
; 399.824 ; 400.008      ; 0.184          ; Low Pulse Width  ; inst|altpll_component|auto_generated|pll1|clk[0] ; Fall       ; paralelo_serie_384b:inst1|shift_reg[251]          ;
; 399.824 ; 400.008      ; 0.184          ; Low Pulse Width  ; inst|altpll_component|auto_generated|pll1|clk[0] ; Fall       ; paralelo_serie_384b:inst1|shift_reg[252]          ;
; 399.824 ; 400.008      ; 0.184          ; Low Pulse Width  ; inst|altpll_component|auto_generated|pll1|clk[0] ; Fall       ; paralelo_serie_384b:inst1|shift_reg[253]          ;
; 399.824 ; 400.008      ; 0.184          ; Low Pulse Width  ; inst|altpll_component|auto_generated|pll1|clk[0] ; Fall       ; paralelo_serie_384b:inst1|shift_reg[254]          ;
; 399.824 ; 400.008      ; 0.184          ; Low Pulse Width  ; inst|altpll_component|auto_generated|pll1|clk[0] ; Fall       ; paralelo_serie_384b:inst1|shift_reg[255]          ;
; 399.824 ; 400.008      ; 0.184          ; Low Pulse Width  ; inst|altpll_component|auto_generated|pll1|clk[0] ; Fall       ; paralelo_serie_384b:inst1|shift_reg[256]          ;
; 399.824 ; 400.008      ; 0.184          ; Low Pulse Width  ; inst|altpll_component|auto_generated|pll1|clk[0] ; Fall       ; paralelo_serie_384b:inst1|shift_reg[259]          ;
; 399.824 ; 400.008      ; 0.184          ; Low Pulse Width  ; inst|altpll_component|auto_generated|pll1|clk[0] ; Fall       ; paralelo_serie_384b:inst1|shift_reg[25]           ;
; 399.824 ; 400.008      ; 0.184          ; Low Pulse Width  ; inst|altpll_component|auto_generated|pll1|clk[0] ; Fall       ; paralelo_serie_384b:inst1|shift_reg[260]          ;
; 399.824 ; 400.008      ; 0.184          ; Low Pulse Width  ; inst|altpll_component|auto_generated|pll1|clk[0] ; Fall       ; paralelo_serie_384b:inst1|shift_reg[261]          ;
; 399.824 ; 400.008      ; 0.184          ; Low Pulse Width  ; inst|altpll_component|auto_generated|pll1|clk[0] ; Fall       ; paralelo_serie_384b:inst1|shift_reg[262]          ;
; 399.824 ; 400.008      ; 0.184          ; Low Pulse Width  ; inst|altpll_component|auto_generated|pll1|clk[0] ; Fall       ; paralelo_serie_384b:inst1|shift_reg[263]          ;
; 399.824 ; 400.008      ; 0.184          ; Low Pulse Width  ; inst|altpll_component|auto_generated|pll1|clk[0] ; Fall       ; paralelo_serie_384b:inst1|shift_reg[264]          ;
; 399.824 ; 400.008      ; 0.184          ; Low Pulse Width  ; inst|altpll_component|auto_generated|pll1|clk[0] ; Fall       ; paralelo_serie_384b:inst1|shift_reg[266]          ;
; 399.824 ; 400.008      ; 0.184          ; Low Pulse Width  ; inst|altpll_component|auto_generated|pll1|clk[0] ; Fall       ; paralelo_serie_384b:inst1|shift_reg[267]          ;
; 399.824 ; 400.008      ; 0.184          ; Low Pulse Width  ; inst|altpll_component|auto_generated|pll1|clk[0] ; Fall       ; paralelo_serie_384b:inst1|shift_reg[268]          ;
; 399.824 ; 400.008      ; 0.184          ; Low Pulse Width  ; inst|altpll_component|auto_generated|pll1|clk[0] ; Fall       ; paralelo_serie_384b:inst1|shift_reg[269]          ;
; 399.824 ; 400.008      ; 0.184          ; Low Pulse Width  ; inst|altpll_component|auto_generated|pll1|clk[0] ; Fall       ; paralelo_serie_384b:inst1|shift_reg[26]           ;
; 399.824 ; 400.008      ; 0.184          ; Low Pulse Width  ; inst|altpll_component|auto_generated|pll1|clk[0] ; Fall       ; paralelo_serie_384b:inst1|shift_reg[270]          ;
; 399.824 ; 400.008      ; 0.184          ; Low Pulse Width  ; inst|altpll_component|auto_generated|pll1|clk[0] ; Fall       ; paralelo_serie_384b:inst1|shift_reg[271]          ;
; 399.824 ; 400.008      ; 0.184          ; Low Pulse Width  ; inst|altpll_component|auto_generated|pll1|clk[0] ; Fall       ; paralelo_serie_384b:inst1|shift_reg[272]          ;
; 399.824 ; 400.008      ; 0.184          ; Low Pulse Width  ; inst|altpll_component|auto_generated|pll1|clk[0] ; Fall       ; paralelo_serie_384b:inst1|shift_reg[273]          ;
; 399.824 ; 400.008      ; 0.184          ; Low Pulse Width  ; inst|altpll_component|auto_generated|pll1|clk[0] ; Fall       ; paralelo_serie_384b:inst1|shift_reg[274]          ;
; 399.824 ; 400.008      ; 0.184          ; Low Pulse Width  ; inst|altpll_component|auto_generated|pll1|clk[0] ; Fall       ; paralelo_serie_384b:inst1|shift_reg[275]          ;
; 399.824 ; 400.008      ; 0.184          ; Low Pulse Width  ; inst|altpll_component|auto_generated|pll1|clk[0] ; Fall       ; paralelo_serie_384b:inst1|shift_reg[276]          ;
; 399.824 ; 400.008      ; 0.184          ; Low Pulse Width  ; inst|altpll_component|auto_generated|pll1|clk[0] ; Fall       ; paralelo_serie_384b:inst1|shift_reg[277]          ;
+---------+--------------+----------------+------------------+--------------------------------------------------+------------+---------------------------------------------------+


+------------------------------------------------------------------------------------------------------------------------------------------------------------------------------------------------------+
; Fast 1200mV 0C Model Minimum Pulse Width: 'inst|altpll_component|auto_generated|pll1|clk[1]'                                                                                                         ;
+----------+--------------+----------------+------------------+--------------------------------------------------+------------+------------------------------------------------------------------------+
; Slack    ; Actual Width ; Required Width ; Type             ; Clock                                            ; Clock Edge ; Target                                                                 ;
+----------+--------------+----------------+------------------+--------------------------------------------------+------------+------------------------------------------------------------------------+
; 449.791  ; 449.975      ; 0.184          ; Low Pulse Width  ; inst|altpll_component|auto_generated|pll1|clk[1] ; Rise       ; pulso_384:inst12|pulso                                                 ;
; 449.791  ; 449.975      ; 0.184          ; Low Pulse Width  ; inst|altpll_component|auto_generated|pll1|clk[1] ; Rise       ; pulso_384:inst12|strt                                                  ;
; 449.801  ; 449.985      ; 0.184          ; Low Pulse Width  ; inst|altpll_component|auto_generated|pll1|clk[1] ; Rise       ; pulso_384:inst12|count[0]                                              ;
; 449.801  ; 449.985      ; 0.184          ; Low Pulse Width  ; inst|altpll_component|auto_generated|pll1|clk[1] ; Rise       ; pulso_384:inst12|count[1]                                              ;
; 449.801  ; 449.985      ; 0.184          ; Low Pulse Width  ; inst|altpll_component|auto_generated|pll1|clk[1] ; Rise       ; pulso_384:inst12|count[2]                                              ;
; 449.801  ; 449.985      ; 0.184          ; Low Pulse Width  ; inst|altpll_component|auto_generated|pll1|clk[1] ; Rise       ; pulso_384:inst12|count[3]                                              ;
; 449.801  ; 449.985      ; 0.184          ; Low Pulse Width  ; inst|altpll_component|auto_generated|pll1|clk[1] ; Rise       ; pulso_384:inst12|count[4]                                              ;
; 449.801  ; 449.985      ; 0.184          ; Low Pulse Width  ; inst|altpll_component|auto_generated|pll1|clk[1] ; Rise       ; pulso_384:inst12|count[5]                                              ;
; 449.801  ; 449.985      ; 0.184          ; Low Pulse Width  ; inst|altpll_component|auto_generated|pll1|clk[1] ; Rise       ; pulso_384:inst12|count[6]                                              ;
; 449.801  ; 449.985      ; 0.184          ; Low Pulse Width  ; inst|altpll_component|auto_generated|pll1|clk[1] ; Rise       ; pulso_384:inst12|count[7]                                              ;
; 449.801  ; 449.985      ; 0.184          ; Low Pulse Width  ; inst|altpll_component|auto_generated|pll1|clk[1] ; Rise       ; pulso_384:inst12|count[8]                                              ;
; 449.971  ; 449.971      ; 0.000          ; Low Pulse Width  ; inst|altpll_component|auto_generated|pll1|clk[1] ; Rise       ; inst12|pulso|clk                                                       ;
; 449.971  ; 449.971      ; 0.000          ; Low Pulse Width  ; inst|altpll_component|auto_generated|pll1|clk[1] ; Rise       ; inst12|strt|clk                                                        ;
; 449.981  ; 449.981      ; 0.000          ; Low Pulse Width  ; inst|altpll_component|auto_generated|pll1|clk[1] ; Rise       ; inst12|count[0]|clk                                                    ;
; 449.981  ; 449.981      ; 0.000          ; Low Pulse Width  ; inst|altpll_component|auto_generated|pll1|clk[1] ; Rise       ; inst12|count[1]|clk                                                    ;
; 449.981  ; 449.981      ; 0.000          ; Low Pulse Width  ; inst|altpll_component|auto_generated|pll1|clk[1] ; Rise       ; inst12|count[2]|clk                                                    ;
; 449.981  ; 449.981      ; 0.000          ; Low Pulse Width  ; inst|altpll_component|auto_generated|pll1|clk[1] ; Rise       ; inst12|count[3]|clk                                                    ;
; 449.981  ; 449.981      ; 0.000          ; Low Pulse Width  ; inst|altpll_component|auto_generated|pll1|clk[1] ; Rise       ; inst12|count[4]|clk                                                    ;
; 449.981  ; 449.981      ; 0.000          ; Low Pulse Width  ; inst|altpll_component|auto_generated|pll1|clk[1] ; Rise       ; inst12|count[5]|clk                                                    ;
; 449.981  ; 449.981      ; 0.000          ; Low Pulse Width  ; inst|altpll_component|auto_generated|pll1|clk[1] ; Rise       ; inst12|count[6]|clk                                                    ;
; 449.981  ; 449.981      ; 0.000          ; Low Pulse Width  ; inst|altpll_component|auto_generated|pll1|clk[1] ; Rise       ; inst12|count[7]|clk                                                    ;
; 449.981  ; 449.981      ; 0.000          ; Low Pulse Width  ; inst|altpll_component|auto_generated|pll1|clk[1] ; Rise       ; inst12|count[8]|clk                                                    ;
; 450.004  ; 450.004      ; 0.000          ; Low Pulse Width  ; inst|altpll_component|auto_generated|pll1|clk[1] ; Rise       ; inst|altpll_component|auto_generated|wire_pll1_clk[1]~clkctrl|inclk[0] ;
; 450.004  ; 450.004      ; 0.000          ; Low Pulse Width  ; inst|altpll_component|auto_generated|pll1|clk[1] ; Rise       ; inst|altpll_component|auto_generated|wire_pll1_clk[1]~clkctrl|outclk   ;
; 799.797  ; 800.013      ; 0.216          ; High Pulse Width ; inst|altpll_component|auto_generated|pll1|clk[1] ; Rise       ; pulso_384:inst12|count[0]                                              ;
; 799.797  ; 800.013      ; 0.216          ; High Pulse Width ; inst|altpll_component|auto_generated|pll1|clk[1] ; Rise       ; pulso_384:inst12|count[1]                                              ;
; 799.797  ; 800.013      ; 0.216          ; High Pulse Width ; inst|altpll_component|auto_generated|pll1|clk[1] ; Rise       ; pulso_384:inst12|count[2]                                              ;
; 799.797  ; 800.013      ; 0.216          ; High Pulse Width ; inst|altpll_component|auto_generated|pll1|clk[1] ; Rise       ; pulso_384:inst12|count[3]                                              ;
; 799.797  ; 800.013      ; 0.216          ; High Pulse Width ; inst|altpll_component|auto_generated|pll1|clk[1] ; Rise       ; pulso_384:inst12|count[4]                                              ;
; 799.797  ; 800.013      ; 0.216          ; High Pulse Width ; inst|altpll_component|auto_generated|pll1|clk[1] ; Rise       ; pulso_384:inst12|count[5]                                              ;
; 799.797  ; 800.013      ; 0.216          ; High Pulse Width ; inst|altpll_component|auto_generated|pll1|clk[1] ; Rise       ; pulso_384:inst12|count[6]                                              ;
; 799.797  ; 800.013      ; 0.216          ; High Pulse Width ; inst|altpll_component|auto_generated|pll1|clk[1] ; Rise       ; pulso_384:inst12|count[7]                                              ;
; 799.797  ; 800.013      ; 0.216          ; High Pulse Width ; inst|altpll_component|auto_generated|pll1|clk[1] ; Rise       ; pulso_384:inst12|count[8]                                              ;
; 799.807  ; 800.023      ; 0.216          ; High Pulse Width ; inst|altpll_component|auto_generated|pll1|clk[1] ; Rise       ; pulso_384:inst12|pulso                                                 ;
; 799.807  ; 800.023      ; 0.216          ; High Pulse Width ; inst|altpll_component|auto_generated|pll1|clk[1] ; Rise       ; pulso_384:inst12|strt                                                  ;
; 799.995  ; 799.995      ; 0.000          ; High Pulse Width ; inst|altpll_component|auto_generated|pll1|clk[1] ; Rise       ; inst|altpll_component|auto_generated|wire_pll1_clk[1]~clkctrl|inclk[0] ;
; 799.995  ; 799.995      ; 0.000          ; High Pulse Width ; inst|altpll_component|auto_generated|pll1|clk[1] ; Rise       ; inst|altpll_component|auto_generated|wire_pll1_clk[1]~clkctrl|outclk   ;
; 800.019  ; 800.019      ; 0.000          ; High Pulse Width ; inst|altpll_component|auto_generated|pll1|clk[1] ; Rise       ; inst12|count[0]|clk                                                    ;
; 800.019  ; 800.019      ; 0.000          ; High Pulse Width ; inst|altpll_component|auto_generated|pll1|clk[1] ; Rise       ; inst12|count[1]|clk                                                    ;
; 800.019  ; 800.019      ; 0.000          ; High Pulse Width ; inst|altpll_component|auto_generated|pll1|clk[1] ; Rise       ; inst12|count[2]|clk                                                    ;
; 800.019  ; 800.019      ; 0.000          ; High Pulse Width ; inst|altpll_component|auto_generated|pll1|clk[1] ; Rise       ; inst12|count[3]|clk                                                    ;
; 800.019  ; 800.019      ; 0.000          ; High Pulse Width ; inst|altpll_component|auto_generated|pll1|clk[1] ; Rise       ; inst12|count[4]|clk                                                    ;
; 800.019  ; 800.019      ; 0.000          ; High Pulse Width ; inst|altpll_component|auto_generated|pll1|clk[1] ; Rise       ; inst12|count[5]|clk                                                    ;
; 800.019  ; 800.019      ; 0.000          ; High Pulse Width ; inst|altpll_component|auto_generated|pll1|clk[1] ; Rise       ; inst12|count[6]|clk                                                    ;
; 800.019  ; 800.019      ; 0.000          ; High Pulse Width ; inst|altpll_component|auto_generated|pll1|clk[1] ; Rise       ; inst12|count[7]|clk                                                    ;
; 800.019  ; 800.019      ; 0.000          ; High Pulse Width ; inst|altpll_component|auto_generated|pll1|clk[1] ; Rise       ; inst12|count[8]|clk                                                    ;
; 800.029  ; 800.029      ; 0.000          ; High Pulse Width ; inst|altpll_component|auto_generated|pll1|clk[1] ; Rise       ; inst12|pulso|clk                                                       ;
; 800.029  ; 800.029      ; 0.000          ; High Pulse Width ; inst|altpll_component|auto_generated|pll1|clk[1] ; Rise       ; inst12|strt|clk                                                        ;
; 1248.000 ; 1250.000     ; 2.000          ; Min Period       ; inst|altpll_component|auto_generated|pll1|clk[1] ; Rise       ; pulso_384:inst12|count[0]                                              ;
; 1248.000 ; 1250.000     ; 2.000          ; Min Period       ; inst|altpll_component|auto_generated|pll1|clk[1] ; Rise       ; pulso_384:inst12|count[1]                                              ;
; 1248.000 ; 1250.000     ; 2.000          ; Min Period       ; inst|altpll_component|auto_generated|pll1|clk[1] ; Rise       ; pulso_384:inst12|count[2]                                              ;
; 1248.000 ; 1250.000     ; 2.000          ; Min Period       ; inst|altpll_component|auto_generated|pll1|clk[1] ; Rise       ; pulso_384:inst12|count[3]                                              ;
; 1248.000 ; 1250.000     ; 2.000          ; Min Period       ; inst|altpll_component|auto_generated|pll1|clk[1] ; Rise       ; pulso_384:inst12|count[4]                                              ;
; 1248.000 ; 1250.000     ; 2.000          ; Min Period       ; inst|altpll_component|auto_generated|pll1|clk[1] ; Rise       ; pulso_384:inst12|count[5]                                              ;
; 1248.000 ; 1250.000     ; 2.000          ; Min Period       ; inst|altpll_component|auto_generated|pll1|clk[1] ; Rise       ; pulso_384:inst12|count[6]                                              ;
; 1248.000 ; 1250.000     ; 2.000          ; Min Period       ; inst|altpll_component|auto_generated|pll1|clk[1] ; Rise       ; pulso_384:inst12|count[7]                                              ;
; 1248.000 ; 1250.000     ; 2.000          ; Min Period       ; inst|altpll_component|auto_generated|pll1|clk[1] ; Rise       ; pulso_384:inst12|count[8]                                              ;
; 1248.000 ; 1250.000     ; 2.000          ; Min Period       ; inst|altpll_component|auto_generated|pll1|clk[1] ; Rise       ; pulso_384:inst12|pulso                                                 ;
; 1248.000 ; 1250.000     ; 2.000          ; Min Period       ; inst|altpll_component|auto_generated|pll1|clk[1] ; Rise       ; pulso_384:inst12|strt                                                  ;
+----------+--------------+----------------+------------------+--------------------------------------------------+------------+------------------------------------------------------------------------+


+--------------------------------------------------------------------------------------------------------------------------------------------------------------------------------------------------------+
; Fast 1200mV 0C Model Minimum Pulse Width: 'inst|altpll_component|auto_generated|pll1|clk[2]'                                                                                                           ;
+------------+--------------+----------------+------------------+--------------------------------------------------+------------+------------------------------------------------------------------------+
; Slack      ; Actual Width ; Required Width ; Type             ; Clock                                            ; Clock Edge ; Target                                                                 ;
+------------+--------------+----------------+------------------+--------------------------------------------------+------------+------------------------------------------------------------------------+
; 249999.781 ; 249999.997   ; 0.216          ; High Pulse Width ; inst|altpll_component|auto_generated|pll1|clk[2] ; Rise       ; coloress2:inst17|D2[0]                                                 ;
; 249999.782 ; 249999.998   ; 0.216          ; High Pulse Width ; inst|altpll_component|auto_generated|pll1|clk[2] ; Rise       ; coloress2:inst17|D3[0]                                                 ;
; 249999.782 ; 249999.998   ; 0.216          ; High Pulse Width ; inst|altpll_component|auto_generated|pll1|clk[2] ; Rise       ; coloress2:inst17|D4[0]                                                 ;
; 249999.782 ; 249999.998   ; 0.216          ; High Pulse Width ; inst|altpll_component|auto_generated|pll1|clk[2] ; Rise       ; inst4                                                                  ;
; 249999.791 ; 249999.975   ; 0.184          ; Low Pulse Width  ; inst|altpll_component|auto_generated|pll1|clk[2] ; Rise       ; coloress2:inst17|bloqueo                                               ;
; 249999.791 ; 249999.975   ; 0.184          ; Low Pulse Width  ; inst|altpll_component|auto_generated|pll1|clk[2] ; Rise       ; coloress2:inst17|puntos1[0]                                            ;
; 249999.791 ; 249999.975   ; 0.184          ; Low Pulse Width  ; inst|altpll_component|auto_generated|pll1|clk[2] ; Rise       ; coloress2:inst17|puntos1[1]                                            ;
; 249999.807 ; 250000.023   ; 0.216          ; High Pulse Width ; inst|altpll_component|auto_generated|pll1|clk[2] ; Rise       ; coloress2:inst17|bloqueo                                               ;
; 249999.807 ; 250000.023   ; 0.216          ; High Pulse Width ; inst|altpll_component|auto_generated|pll1|clk[2] ; Rise       ; coloress2:inst17|puntos1[0]                                            ;
; 249999.807 ; 250000.023   ; 0.216          ; High Pulse Width ; inst|altpll_component|auto_generated|pll1|clk[2] ; Rise       ; coloress2:inst17|puntos1[1]                                            ;
; 249999.817 ; 250000.001   ; 0.184          ; Low Pulse Width  ; inst|altpll_component|auto_generated|pll1|clk[2] ; Rise       ; coloress2:inst17|D2[0]                                                 ;
; 249999.817 ; 250000.001   ; 0.184          ; Low Pulse Width  ; inst|altpll_component|auto_generated|pll1|clk[2] ; Rise       ; coloress2:inst17|D3[0]                                                 ;
; 249999.817 ; 250000.001   ; 0.184          ; Low Pulse Width  ; inst|altpll_component|auto_generated|pll1|clk[2] ; Rise       ; coloress2:inst17|D4[0]                                                 ;
; 249999.817 ; 250000.001   ; 0.184          ; Low Pulse Width  ; inst|altpll_component|auto_generated|pll1|clk[2] ; Rise       ; inst4                                                                  ;
; 249999.971 ; 249999.971   ; 0.000          ; Low Pulse Width  ; inst|altpll_component|auto_generated|pll1|clk[2] ; Rise       ; inst17|bloqueo|clk                                                     ;
; 249999.971 ; 249999.971   ; 0.000          ; Low Pulse Width  ; inst|altpll_component|auto_generated|pll1|clk[2] ; Rise       ; inst17|puntos1[0]|clk                                                  ;
; 249999.971 ; 249999.971   ; 0.000          ; Low Pulse Width  ; inst|altpll_component|auto_generated|pll1|clk[2] ; Rise       ; inst17|puntos1[1]|clk                                                  ;
; 249999.995 ; 249999.995   ; 0.000          ; High Pulse Width ; inst|altpll_component|auto_generated|pll1|clk[2] ; Rise       ; inst|altpll_component|auto_generated|wire_pll1_clk[2]~clkctrl|inclk[0] ;
; 249999.995 ; 249999.995   ; 0.000          ; High Pulse Width ; inst|altpll_component|auto_generated|pll1|clk[2] ; Rise       ; inst|altpll_component|auto_generated|wire_pll1_clk[2]~clkctrl|outclk   ;
; 249999.996 ; 249999.996   ; 0.000          ; Low Pulse Width  ; inst|altpll_component|auto_generated|pll1|clk[2] ; Rise       ; inst17|D3[0]|clk                                                       ;
; 249999.996 ; 249999.996   ; 0.000          ; Low Pulse Width  ; inst|altpll_component|auto_generated|pll1|clk[2] ; Rise       ; inst17|D4[0]|clk                                                       ;
; 249999.996 ; 249999.996   ; 0.000          ; Low Pulse Width  ; inst|altpll_component|auto_generated|pll1|clk[2] ; Rise       ; inst4|clk                                                              ;
; 249999.997 ; 249999.997   ; 0.000          ; Low Pulse Width  ; inst|altpll_component|auto_generated|pll1|clk[2] ; Rise       ; inst17|D2[0]|clk                                                       ;
; 250000.003 ; 250000.003   ; 0.000          ; High Pulse Width ; inst|altpll_component|auto_generated|pll1|clk[2] ; Rise       ; inst17|D2[0]|clk                                                       ;
; 250000.003 ; 250000.003   ; 0.000          ; High Pulse Width ; inst|altpll_component|auto_generated|pll1|clk[2] ; Rise       ; inst17|D3[0]|clk                                                       ;
; 250000.003 ; 250000.003   ; 0.000          ; High Pulse Width ; inst|altpll_component|auto_generated|pll1|clk[2] ; Rise       ; inst17|D4[0]|clk                                                       ;
; 250000.003 ; 250000.003   ; 0.000          ; High Pulse Width ; inst|altpll_component|auto_generated|pll1|clk[2] ; Rise       ; inst4|clk                                                              ;
; 250000.004 ; 250000.004   ; 0.000          ; Low Pulse Width  ; inst|altpll_component|auto_generated|pll1|clk[2] ; Rise       ; inst|altpll_component|auto_generated|wire_pll1_clk[2]~clkctrl|inclk[0] ;
; 250000.004 ; 250000.004   ; 0.000          ; Low Pulse Width  ; inst|altpll_component|auto_generated|pll1|clk[2] ; Rise       ; inst|altpll_component|auto_generated|wire_pll1_clk[2]~clkctrl|outclk   ;
; 250000.029 ; 250000.029   ; 0.000          ; High Pulse Width ; inst|altpll_component|auto_generated|pll1|clk[2] ; Rise       ; inst17|bloqueo|clk                                                     ;
; 250000.029 ; 250000.029   ; 0.000          ; High Pulse Width ; inst|altpll_component|auto_generated|pll1|clk[2] ; Rise       ; inst17|puntos1[0]|clk                                                  ;
; 250000.029 ; 250000.029   ; 0.000          ; High Pulse Width ; inst|altpll_component|auto_generated|pll1|clk[2] ; Rise       ; inst17|puntos1[1]|clk                                                  ;
; 499998.000 ; 500000.000   ; 2.000          ; Min Period       ; inst|altpll_component|auto_generated|pll1|clk[2] ; Rise       ; coloress2:inst17|D2[0]                                                 ;
; 499998.000 ; 500000.000   ; 2.000          ; Min Period       ; inst|altpll_component|auto_generated|pll1|clk[2] ; Rise       ; coloress2:inst17|D3[0]                                                 ;
; 499998.000 ; 500000.000   ; 2.000          ; Min Period       ; inst|altpll_component|auto_generated|pll1|clk[2] ; Rise       ; coloress2:inst17|D4[0]                                                 ;
; 499998.000 ; 500000.000   ; 2.000          ; Min Period       ; inst|altpll_component|auto_generated|pll1|clk[2] ; Rise       ; coloress2:inst17|bloqueo                                               ;
; 499998.000 ; 500000.000   ; 2.000          ; Min Period       ; inst|altpll_component|auto_generated|pll1|clk[2] ; Rise       ; coloress2:inst17|puntos1[0]                                            ;
; 499998.000 ; 500000.000   ; 2.000          ; Min Period       ; inst|altpll_component|auto_generated|pll1|clk[2] ; Rise       ; coloress2:inst17|puntos1[1]                                            ;
; 499998.000 ; 500000.000   ; 2.000          ; Min Period       ; inst|altpll_component|auto_generated|pll1|clk[2] ; Rise       ; inst4                                                                  ;
+------------+--------------+----------------+------------------+--------------------------------------------------+------------+------------------------------------------------------------------------+


+--------------------------------------------------------------------------------------------------------+
; Clock to Output Times                                                                                  ;
+-----------+------------+-------+-------+------------+--------------------------------------------------+
; Data Port ; Clock Port ; Rise  ; Fall  ; Clock Edge ; Clock Reference                                  ;
+-----------+------------+-------+-------+------------+--------------------------------------------------+
; Y         ; inclk0     ; 2.977 ; 3.109 ; Rise       ; inst|altpll_component|auto_generated|pll1|clk[0] ;
; Y         ; inclk0     ;       ; 2.775 ; Fall       ; inst|altpll_component|auto_generated|pll1|clk[0] ;
; Y         ; inclk0     ; 3.362 ; 3.558 ; Rise       ; inst|altpll_component|auto_generated|pll1|clk[1] ;
; Y         ; inclk0     ;       ; 2.929 ; Fall       ; inst|altpll_component|auto_generated|pll1|clk[1] ;
+-----------+------------+-------+-------+------------+--------------------------------------------------+


+--------------------------------------------------------------------------------------------------------+
; Minimum Clock to Output Times                                                                          ;
+-----------+------------+-------+-------+------------+--------------------------------------------------+
; Data Port ; Clock Port ; Rise  ; Fall  ; Clock Edge ; Clock Reference                                  ;
+-----------+------------+-------+-------+------------+--------------------------------------------------+
; Y         ; inclk0     ; 2.317 ; 2.748 ; Rise       ; inst|altpll_component|auto_generated|pll1|clk[0] ;
; Y         ; inclk0     ;       ; 2.457 ; Fall       ; inst|altpll_component|auto_generated|pll1|clk[0] ;
; Y         ; inclk0     ; 2.415 ; 3.186 ; Rise       ; inst|altpll_component|auto_generated|pll1|clk[1] ;
; Y         ; inclk0     ;       ; 2.585 ; Fall       ; inst|altpll_component|auto_generated|pll1|clk[1] ;
+-----------+------------+-------+-------+------------+--------------------------------------------------+


---------------------------------------------
; Fast 1200mV 0C Model Metastability Report ;
---------------------------------------------
No synchronizer chains to report.


+------------------------------------------------------------------------------------------------------------------+
; Multicorner Timing Analysis Summary                                                                              ;
+---------------------------------------------------+----------+--------+----------+---------+---------------------+
; Clock                                             ; Setup    ; Hold   ; Recovery ; Removal ; Minimum Pulse Width ;
+---------------------------------------------------+----------+--------+----------+---------+---------------------+
; Worst-case Slack                                  ; -2.794   ; -0.590 ; -2.129   ; 0.766   ; 0.435               ;
;  inclk0                                           ; N/A      ; N/A    ; N/A      ; N/A     ; 9.587               ;
;  inst4                                            ; -0.165   ; -0.590 ; N/A      ; N/A     ; 0.435               ;
;  inst|altpll_component|auto_generated|pll1|clk[0] ; -2.794   ; 0.095  ; -2.129   ; 0.766   ; 399.744             ;
;  inst|altpll_component|auto_generated|pll1|clk[1] ; 1248.075 ; 0.178  ; -1.782   ; 0.816   ; 449.791             ;
;  inst|altpll_component|auto_generated|pll1|clk[2] ; -0.062   ; -0.266 ; N/A      ; N/A     ; 249999.743          ;
; Design-wide TNS                                   ; -59.489  ; -1.883 ; -824.979 ; 0.0     ; 0.0                 ;
;  inclk0                                           ; N/A      ; N/A    ; N/A      ; N/A     ; 0.000               ;
;  inst4                                            ; -0.388   ; -1.684 ; N/A      ; N/A     ; 0.000               ;
;  inst|altpll_component|auto_generated|pll1|clk[0] ; -59.096  ; 0.000  ; -805.433 ; 0.000   ; 0.000               ;
;  inst|altpll_component|auto_generated|pll1|clk[1] ; 0.000    ; 0.000  ; -19.546  ; 0.000   ; 0.000               ;
;  inst|altpll_component|auto_generated|pll1|clk[2] ; -0.062   ; -0.266 ; N/A      ; N/A     ; 0.000               ;
+---------------------------------------------------+----------+--------+----------+---------+---------------------+


+--------------------------------------------------------------------------------------------------------+
; Clock to Output Times                                                                                  ;
+-----------+------------+-------+-------+------------+--------------------------------------------------+
; Data Port ; Clock Port ; Rise  ; Fall  ; Clock Edge ; Clock Reference                                  ;
+-----------+------------+-------+-------+------------+--------------------------------------------------+
; Y         ; inclk0     ; 5.184 ; 5.220 ; Rise       ; inst|altpll_component|auto_generated|pll1|clk[0] ;
; Y         ; inclk0     ;       ; 4.575 ; Fall       ; inst|altpll_component|auto_generated|pll1|clk[0] ;
; Y         ; inclk0     ; 5.894 ; 5.971 ; Rise       ; inst|altpll_component|auto_generated|pll1|clk[1] ;
; Y         ; inclk0     ;       ; 4.850 ; Fall       ; inst|altpll_component|auto_generated|pll1|clk[1] ;
+-----------+------------+-------+-------+------------+--------------------------------------------------+


+--------------------------------------------------------------------------------------------------------+
; Minimum Clock to Output Times                                                                          ;
+-----------+------------+-------+-------+------------+--------------------------------------------------+
; Data Port ; Clock Port ; Rise  ; Fall  ; Clock Edge ; Clock Reference                                  ;
+-----------+------------+-------+-------+------------+--------------------------------------------------+
; Y         ; inclk0     ; 2.317 ; 2.748 ; Rise       ; inst|altpll_component|auto_generated|pll1|clk[0] ;
; Y         ; inclk0     ;       ; 2.457 ; Fall       ; inst|altpll_component|auto_generated|pll1|clk[0] ;
; Y         ; inclk0     ; 2.415 ; 3.186 ; Rise       ; inst|altpll_component|auto_generated|pll1|clk[1] ;
; Y         ; inclk0     ;       ; 2.585 ; Fall       ; inst|altpll_component|auto_generated|pll1|clk[1] ;
+-----------+------------+-------+-------+------------+--------------------------------------------------+


+------------------------------------------------------------------------------------------------------------------------------------------------------------------------------------------------------------------------------------------------------------------------------------------------------------------------------------------------------------------------------------------------------------------+
; Board Trace Model Assignments                                                                                                                                                                                                                                                                                                                                                                                    ;
+---------------+--------------+-------------------+-------------------------+-------------------------+---------------+---------------------+----------------+------------------+--------+------------------+------------------------+------------------------+--------------+---------------+-----------------+-------+---------------------+--------------------+---------------+-----------------+-------------+
; Pin           ; I/O Standard ; Near Tline Length ; Near Tline L per Length ; Near Tline C per Length ; Near Series R ; Near Differential R ; Near Pull-up R ; Near Pull-down R ; Near C ; Far Tline Length ; Far Tline L per Length ; Far Tline C per Length ; Far Series R ; Far Pull-up R ; Far Pull-down R ; Far C ; Termination Voltage ; Far Differential R ; EBD File Name ; EBD Signal Name ; EBD Far-end ;
+---------------+--------------+-------------------+-------------------------+-------------------------+---------------+---------------------+----------------+------------------+--------+------------------+------------------------+------------------------+--------------+---------------+-----------------+-------+---------------------+--------------------+---------------+-----------------+-------------+
; locked        ; 2.5 V        ; 0 in              ; 0 H/in                  ; 0 F/in                  ; short         ; -                   ; open           ; open             ; open   ; 0 in             ; 0 H/in                 ; 0 F/in                 ; short        ; open          ; open            ; open  ; 0 V                 ; -                  ; n/a           ; n/a             ; n/a         ;
; Y             ; 2.5 V        ; 0 in              ; 0 H/in                  ; 0 F/in                  ; short         ; -                   ; open           ; open             ; open   ; 0 in             ; 0 H/in                 ; 0 F/in                 ; short        ; open          ; open            ; open  ; 0 V                 ; -                  ; n/a           ; n/a             ; n/a         ;
; pin_name1     ; 2.5 V        ; 0 in              ; 0 H/in                  ; 0 F/in                  ; short         ; -                   ; open           ; open             ; open   ; 0 in             ; 0 H/in                 ; 0 F/in                 ; short        ; open          ; open            ; open  ; 0 V                 ; -                  ; n/a           ; n/a             ; n/a         ;
; ~ALTERA_DCLK~ ; 2.5 V        ; 0 in              ; 0 H/in                  ; 0 F/in                  ; short         ; -                   ; open           ; open             ; open   ; 0 in             ; 0 H/in                 ; 0 F/in                 ; short        ; open          ; open            ; open  ; 0 V                 ; -                  ; n/a           ; n/a             ; n/a         ;
; ~ALTERA_nCEO~ ; 2.5 V        ; 0 in              ; 0 H/in                  ; 0 F/in                  ; short         ; -                   ; open           ; open             ; open   ; 0 in             ; 0 H/in                 ; 0 F/in                 ; short        ; open          ; open            ; open  ; 0 V                 ; -                  ; n/a           ; n/a             ; n/a         ;
+---------------+--------------+-------------------+-------------------------+-------------------------+---------------+---------------------+----------------+------------------+--------+------------------+------------------------+------------------------+--------------+---------------+-----------------+-------+---------------------+--------------------+---------------+-----------------+-------------+


+----------------------------------------------------------------------------+
; Input Transition Times                                                     ;
+-------------------------+--------------+-----------------+-----------------+
; Pin                     ; I/O Standard ; 10-90 Rise Time ; 90-10 Fall Time ;
+-------------------------+--------------+-----------------+-----------------+
; load                    ; 2.5 V        ; 2000 ps         ; 2000 ps         ;
; inclk0                  ; 2.5 V        ; 2000 ps         ; 2000 ps         ;
; ~ALTERA_ASDO_DATA1~     ; 2.5 V        ; 2000 ps         ; 2000 ps         ;
; ~ALTERA_FLASH_nCE_nCSO~ ; 2.5 V        ; 2000 ps         ; 2000 ps         ;
; ~ALTERA_DATA0~          ; 2.5 V        ; 2000 ps         ; 2000 ps         ;
+-------------------------+--------------+-----------------+-----------------+


+--------------------------------------------------------------------------------------------------------------------------------------------------------------------------------------------------------------------------------------------------------------------------------------------------------------------------------------------------------------------------------------------------------------------------------------------------------------------------------------------------------------------------------------------------------------------------------------------------------------------------------------------------------------------------------------------+
; Signal Integrity Metrics (Slow 1200mv 0c Model)                                                                                                                                                                                                                                                                                                                                                                                                                                                                                                                                                                                                                                            ;
+---------------+--------------+---------------------+---------------------+------------------------------+------------------------------+---------------------+---------------------+--------------------------------------+--------------------------------------+-----------------------------+-----------------------------+----------------------------+----------------------------+-----------------------------+-----------------------------+--------------------+--------------------+-------------------------------------+-------------------------------------+----------------------------+----------------------------+---------------------------+---------------------------+
; Pin           ; I/O Standard ; Board Delay on Rise ; Board Delay on Fall ; Steady State Voh at FPGA Pin ; Steady State Vol at FPGA Pin ; Voh Max at FPGA Pin ; Vol Min at FPGA Pin ; Ringback Voltage on Rise at FPGA Pin ; Ringback Voltage on Fall at FPGA Pin ; 10-90 Rise Time at FPGA Pin ; 90-10 Fall Time at FPGA Pin ; Monotonic Rise at FPGA Pin ; Monotonic Fall at FPGA Pin ; Steady State Voh at Far-end ; Steady State Vol at Far-end ; Voh Max at Far-end ; Vol Min at Far-end ; Ringback Voltage on Rise at Far-end ; Ringback Voltage on Fall at Far-end ; 10-90 Rise Time at Far-end ; 90-10 Fall Time at Far-end ; Monotonic Rise at Far-end ; Monotonic Fall at Far-end ;
+---------------+--------------+---------------------+---------------------+------------------------------+------------------------------+---------------------+---------------------+--------------------------------------+--------------------------------------+-----------------------------+-----------------------------+----------------------------+----------------------------+-----------------------------+-----------------------------+--------------------+--------------------+-------------------------------------+-------------------------------------+----------------------------+----------------------------+---------------------------+---------------------------+
; locked        ; 2.5 V        ; 0 s                 ; 0 s                 ; 2.32 V                       ; 4.44e-09 V                   ; 2.38 V              ; -0.0145 V           ; 0.169 V                              ; 0.026 V                              ; 4.83e-10 s                  ; 4.71e-10 s                  ; Yes                        ; Yes                        ; 2.32 V                      ; 4.44e-09 V                  ; 2.38 V             ; -0.0145 V          ; 0.169 V                             ; 0.026 V                             ; 4.83e-10 s                 ; 4.71e-10 s                 ; Yes                       ; Yes                       ;
; Y             ; 2.5 V        ; 0 s                 ; 0 s                 ; 2.32 V                       ; 5.95e-09 V                   ; 2.38 V              ; -0.016 V            ; 0.22 V                               ; 0.025 V                              ; 3.06e-10 s                  ; 3.3e-10 s                   ; Yes                        ; Yes                        ; 2.32 V                      ; 5.95e-09 V                  ; 2.38 V             ; -0.016 V           ; 0.22 V                              ; 0.025 V                             ; 3.06e-10 s                 ; 3.3e-10 s                  ; Yes                       ; Yes                       ;
; pin_name1     ; 2.5 V        ; 0 s                 ; 0 s                 ; 2.32 V                       ; 4.44e-09 V                   ; 2.39 V              ; -0.0265 V           ; 0.2 V                                ; 0.033 V                              ; 2.94e-10 s                  ; 3.12e-10 s                  ; Yes                        ; Yes                        ; 2.32 V                      ; 4.44e-09 V                  ; 2.39 V             ; -0.0265 V          ; 0.2 V                               ; 0.033 V                             ; 2.94e-10 s                 ; 3.12e-10 s                 ; Yes                       ; Yes                       ;
; ~ALTERA_DCLK~ ; 2.5 V        ; 0 s                 ; 0 s                 ; 2.32 V                       ; 3.45e-09 V                   ; 2.38 V              ; -0.0609 V           ; 0.148 V                              ; 0.095 V                              ; 2.82e-10 s                  ; 2.59e-10 s                  ; Yes                        ; Yes                        ; 2.32 V                      ; 3.45e-09 V                  ; 2.38 V             ; -0.0609 V          ; 0.148 V                             ; 0.095 V                             ; 2.82e-10 s                 ; 2.59e-10 s                 ; Yes                       ; Yes                       ;
; ~ALTERA_nCEO~ ; 2.5 V        ; 0 s                 ; 0 s                 ; 2.32 V                       ; 5.61e-09 V                   ; 2.38 V              ; -0.00274 V          ; 0.141 V                              ; 0.006 V                              ; 4.7e-10 s                   ; 6.02e-10 s                  ; Yes                        ; Yes                        ; 2.32 V                      ; 5.61e-09 V                  ; 2.38 V             ; -0.00274 V         ; 0.141 V                             ; 0.006 V                             ; 4.7e-10 s                  ; 6.02e-10 s                 ; Yes                       ; Yes                       ;
+---------------+--------------+---------------------+---------------------+------------------------------+------------------------------+---------------------+---------------------+--------------------------------------+--------------------------------------+-----------------------------+-----------------------------+----------------------------+----------------------------+-----------------------------+-----------------------------+--------------------+--------------------+-------------------------------------+-------------------------------------+----------------------------+----------------------------+---------------------------+---------------------------+


+--------------------------------------------------------------------------------------------------------------------------------------------------------------------------------------------------------------------------------------------------------------------------------------------------------------------------------------------------------------------------------------------------------------------------------------------------------------------------------------------------------------------------------------------------------------------------------------------------------------------------------------------------------------------------------------------+
; Signal Integrity Metrics (Slow 1200mv 85c Model)                                                                                                                                                                                                                                                                                                                                                                                                                                                                                                                                                                                                                                           ;
+---------------+--------------+---------------------+---------------------+------------------------------+------------------------------+---------------------+---------------------+--------------------------------------+--------------------------------------+-----------------------------+-----------------------------+----------------------------+----------------------------+-----------------------------+-----------------------------+--------------------+--------------------+-------------------------------------+-------------------------------------+----------------------------+----------------------------+---------------------------+---------------------------+
; Pin           ; I/O Standard ; Board Delay on Rise ; Board Delay on Fall ; Steady State Voh at FPGA Pin ; Steady State Vol at FPGA Pin ; Voh Max at FPGA Pin ; Vol Min at FPGA Pin ; Ringback Voltage on Rise at FPGA Pin ; Ringback Voltage on Fall at FPGA Pin ; 10-90 Rise Time at FPGA Pin ; 90-10 Fall Time at FPGA Pin ; Monotonic Rise at FPGA Pin ; Monotonic Fall at FPGA Pin ; Steady State Voh at Far-end ; Steady State Vol at Far-end ; Voh Max at Far-end ; Vol Min at Far-end ; Ringback Voltage on Rise at Far-end ; Ringback Voltage on Fall at Far-end ; 10-90 Rise Time at Far-end ; 90-10 Fall Time at Far-end ; Monotonic Rise at Far-end ; Monotonic Fall at Far-end ;
+---------------+--------------+---------------------+---------------------+------------------------------+------------------------------+---------------------+---------------------+--------------------------------------+--------------------------------------+-----------------------------+-----------------------------+----------------------------+----------------------------+-----------------------------+-----------------------------+--------------------+--------------------+-------------------------------------+-------------------------------------+----------------------------+----------------------------+---------------------------+---------------------------+
; locked        ; 2.5 V        ; 0 s                 ; 0 s                 ; 2.32 V                       ; 7.16e-07 V                   ; 2.35 V              ; -0.00832 V          ; 0.101 V                              ; 0.024 V                              ; 6.39e-10 s                  ; 6e-10 s                     ; Yes                        ; Yes                        ; 2.32 V                      ; 7.16e-07 V                  ; 2.35 V             ; -0.00832 V         ; 0.101 V                             ; 0.024 V                             ; 6.39e-10 s                 ; 6e-10 s                    ; Yes                       ; Yes                       ;
; Y             ; 2.5 V        ; 0 s                 ; 0 s                 ; 2.32 V                       ; 1.06e-06 V                   ; 2.36 V              ; -0.00724 V          ; 0.107 V                              ; 0.02 V                               ; 4.5e-10 s                   ; 4.25e-10 s                  ; Yes                        ; Yes                        ; 2.32 V                      ; 1.06e-06 V                  ; 2.36 V             ; -0.00724 V         ; 0.107 V                             ; 0.02 V                              ; 4.5e-10 s                  ; 4.25e-10 s                 ; Yes                       ; Yes                       ;
; pin_name1     ; 2.5 V        ; 0 s                 ; 0 s                 ; 2.32 V                       ; 7.16e-07 V                   ; 2.36 V              ; -0.00476 V          ; 0.096 V                              ; 0.013 V                              ; 4.39e-10 s                  ; 4.15e-10 s                  ; Yes                        ; Yes                        ; 2.32 V                      ; 7.16e-07 V                  ; 2.36 V             ; -0.00476 V         ; 0.096 V                             ; 0.013 V                             ; 4.39e-10 s                 ; 4.15e-10 s                 ; Yes                       ; Yes                       ;
; ~ALTERA_DCLK~ ; 2.5 V        ; 0 s                 ; 0 s                 ; 2.32 V                       ; 5.74e-07 V                   ; 2.36 V              ; -0.0201 V           ; 0.072 V                              ; 0.033 V                              ; 4.04e-10 s                  ; 3.29e-10 s                  ; Yes                        ; Yes                        ; 2.32 V                      ; 5.74e-07 V                  ; 2.36 V             ; -0.0201 V          ; 0.072 V                             ; 0.033 V                             ; 4.04e-10 s                 ; 3.29e-10 s                 ; Yes                       ; Yes                       ;
; ~ALTERA_nCEO~ ; 2.5 V        ; 0 s                 ; 0 s                 ; 2.32 V                       ; 9.45e-07 V                   ; 2.35 V              ; -0.00643 V          ; 0.081 V                              ; 0.031 V                              ; 5.31e-10 s                  ; 7.59e-10 s                  ; Yes                        ; Yes                        ; 2.32 V                      ; 9.45e-07 V                  ; 2.35 V             ; -0.00643 V         ; 0.081 V                             ; 0.031 V                             ; 5.31e-10 s                 ; 7.59e-10 s                 ; Yes                       ; Yes                       ;
+---------------+--------------+---------------------+---------------------+------------------------------+------------------------------+---------------------+---------------------+--------------------------------------+--------------------------------------+-----------------------------+-----------------------------+----------------------------+----------------------------+-----------------------------+-----------------------------+--------------------+--------------------+-------------------------------------+-------------------------------------+----------------------------+----------------------------+---------------------------+---------------------------+


+--------------------------------------------------------------------------------------------------------------------------------------------------------------------------------------------------------------------------------------------------------------------------------------------------------------------------------------------------------------------------------------------------------------------------------------------------------------------------------------------------------------------------------------------------------------------------------------------------------------------------------------------------------------------------------------------+
; Signal Integrity Metrics (Fast 1200mv 0c Model)                                                                                                                                                                                                                                                                                                                                                                                                                                                                                                                                                                                                                                            ;
+---------------+--------------+---------------------+---------------------+------------------------------+------------------------------+---------------------+---------------------+--------------------------------------+--------------------------------------+-----------------------------+-----------------------------+----------------------------+----------------------------+-----------------------------+-----------------------------+--------------------+--------------------+-------------------------------------+-------------------------------------+----------------------------+----------------------------+---------------------------+---------------------------+
; Pin           ; I/O Standard ; Board Delay on Rise ; Board Delay on Fall ; Steady State Voh at FPGA Pin ; Steady State Vol at FPGA Pin ; Voh Max at FPGA Pin ; Vol Min at FPGA Pin ; Ringback Voltage on Rise at FPGA Pin ; Ringback Voltage on Fall at FPGA Pin ; 10-90 Rise Time at FPGA Pin ; 90-10 Fall Time at FPGA Pin ; Monotonic Rise at FPGA Pin ; Monotonic Fall at FPGA Pin ; Steady State Voh at Far-end ; Steady State Vol at Far-end ; Voh Max at Far-end ; Vol Min at Far-end ; Ringback Voltage on Rise at Far-end ; Ringback Voltage on Fall at Far-end ; 10-90 Rise Time at Far-end ; 90-10 Fall Time at Far-end ; Monotonic Rise at Far-end ; Monotonic Fall at Far-end ;
+---------------+--------------+---------------------+---------------------+------------------------------+------------------------------+---------------------+---------------------+--------------------------------------+--------------------------------------+-----------------------------+-----------------------------+----------------------------+----------------------------+-----------------------------+-----------------------------+--------------------+--------------------+-------------------------------------+-------------------------------------+----------------------------+----------------------------+---------------------------+---------------------------+
; locked        ; 2.5 V        ; 0 s                 ; 0 s                 ; 2.62 V                       ; 2.74e-08 V                   ; 2.71 V              ; -0.0317 V           ; 0.148 V                              ; 0.064 V                              ; 4.51e-10 s                  ; 4.15e-10 s                  ; No                         ; Yes                        ; 2.62 V                      ; 2.74e-08 V                  ; 2.71 V             ; -0.0317 V          ; 0.148 V                             ; 0.064 V                             ; 4.51e-10 s                 ; 4.15e-10 s                 ; No                        ; Yes                       ;
; Y             ; 2.5 V        ; 0 s                 ; 0 s                 ; 2.62 V                       ; 4.05e-08 V                   ; 2.72 V              ; -0.0349 V           ; 0.173 V                              ; 0.1 V                                ; 2.72e-10 s                  ; 2.69e-10 s                  ; Yes                        ; Yes                        ; 2.62 V                      ; 4.05e-08 V                  ; 2.72 V             ; -0.0349 V          ; 0.173 V                             ; 0.1 V                               ; 2.72e-10 s                 ; 2.69e-10 s                 ; Yes                       ; Yes                       ;
; pin_name1     ; 2.5 V        ; 0 s                 ; 0 s                 ; 2.62 V                       ; 2.74e-08 V                   ; 2.73 V              ; -0.0384 V           ; 0.169 V                              ; 0.089 V                              ; 2.7e-10 s                   ; 2.62e-10 s                  ; Yes                        ; Yes                        ; 2.62 V                      ; 2.74e-08 V                  ; 2.73 V             ; -0.0384 V          ; 0.169 V                             ; 0.089 V                             ; 2.7e-10 s                  ; 2.62e-10 s                 ; Yes                       ; Yes                       ;
; ~ALTERA_DCLK~ ; 2.5 V        ; 0 s                 ; 0 s                 ; 2.62 V                       ; 2.22e-08 V                   ; 2.74 V              ; -0.06 V             ; 0.158 V                              ; 0.08 V                               ; 2.68e-10 s                  ; 2.19e-10 s                  ; Yes                        ; Yes                        ; 2.62 V                      ; 2.22e-08 V                  ; 2.74 V             ; -0.06 V            ; 0.158 V                             ; 0.08 V                              ; 2.68e-10 s                 ; 2.19e-10 s                 ; Yes                       ; Yes                       ;
; ~ALTERA_nCEO~ ; 2.5 V        ; 0 s                 ; 0 s                 ; 2.62 V                       ; 3.54e-08 V                   ; 2.7 V               ; -0.00943 V          ; 0.276 V                              ; 0.035 V                              ; 3.19e-10 s                  ; 4.99e-10 s                  ; No                         ; Yes                        ; 2.62 V                      ; 3.54e-08 V                  ; 2.7 V              ; -0.00943 V         ; 0.276 V                             ; 0.035 V                             ; 3.19e-10 s                 ; 4.99e-10 s                 ; No                        ; Yes                       ;
+---------------+--------------+---------------------+---------------------+------------------------------+------------------------------+---------------------+---------------------+--------------------------------------+--------------------------------------+-----------------------------+-----------------------------+----------------------------+----------------------------+-----------------------------+-----------------------------+--------------------+--------------------+-------------------------------------+-------------------------------------+----------------------------+----------------------------+---------------------------+---------------------------+


+-------------------------------------------------------------------------------------------------------------------------------------------------+
; Setup Transfers                                                                                                                                 ;
+--------------------------------------------------+--------------------------------------------------+----------+----------+----------+----------+
; From Clock                                       ; To Clock                                         ; RR Paths ; FR Paths ; RF Paths ; FF Paths ;
+--------------------------------------------------+--------------------------------------------------+----------+----------+----------+----------+
; inst|altpll_component|auto_generated|pll1|clk[2] ; inst4                                            ; 0        ; 0        ; 3        ; 0        ;
; inst4                                            ; inst|altpll_component|auto_generated|pll1|clk[0] ; 0        ; 0        ; 12       ; 36       ;
; inst|altpll_component|auto_generated|pll1|clk[0] ; inst|altpll_component|auto_generated|pll1|clk[0] ; 0        ; 1        ; 0        ; 383      ;
; inst|altpll_component|auto_generated|pll1|clk[2] ; inst|altpll_component|auto_generated|pll1|clk[0] ; 0        ; 0        ; 12       ; 0        ;
; inst|altpll_component|auto_generated|pll1|clk[1] ; inst|altpll_component|auto_generated|pll1|clk[1] ; 79       ; 0        ; 0        ; 0        ;
; inst4                                            ; inst|altpll_component|auto_generated|pll1|clk[2] ; 1        ; 1        ; 0        ; 0        ;
; inst|altpll_component|auto_generated|pll1|clk[2] ; inst|altpll_component|auto_generated|pll1|clk[2] ; 15       ; 0        ; 0        ; 0        ;
+--------------------------------------------------+--------------------------------------------------+----------+----------+----------+----------+
Entries labeled "false path" only account for clock-to-clock false paths and not path-based false paths. As a result, actual path counts may be lower than reported.


+-------------------------------------------------------------------------------------------------------------------------------------------------+
; Hold Transfers                                                                                                                                  ;
+--------------------------------------------------+--------------------------------------------------+----------+----------+----------+----------+
; From Clock                                       ; To Clock                                         ; RR Paths ; FR Paths ; RF Paths ; FF Paths ;
+--------------------------------------------------+--------------------------------------------------+----------+----------+----------+----------+
; inst|altpll_component|auto_generated|pll1|clk[2] ; inst4                                            ; 0        ; 0        ; 3        ; 0        ;
; inst4                                            ; inst|altpll_component|auto_generated|pll1|clk[0] ; 0        ; 0        ; 12       ; 36       ;
; inst|altpll_component|auto_generated|pll1|clk[0] ; inst|altpll_component|auto_generated|pll1|clk[0] ; 0        ; 1        ; 0        ; 383      ;
; inst|altpll_component|auto_generated|pll1|clk[2] ; inst|altpll_component|auto_generated|pll1|clk[0] ; 0        ; 0        ; 12       ; 0        ;
; inst|altpll_component|auto_generated|pll1|clk[1] ; inst|altpll_component|auto_generated|pll1|clk[1] ; 79       ; 0        ; 0        ; 0        ;
; inst4                                            ; inst|altpll_component|auto_generated|pll1|clk[2] ; 1        ; 1        ; 0        ; 0        ;
; inst|altpll_component|auto_generated|pll1|clk[2] ; inst|altpll_component|auto_generated|pll1|clk[2] ; 15       ; 0        ; 0        ; 0        ;
+--------------------------------------------------+--------------------------------------------------+----------+----------+----------+----------+
Entries labeled "false path" only account for clock-to-clock false paths and not path-based false paths. As a result, actual path counts may be lower than reported.


+-----------------------------------------------------------------------------------------------------------+
; Recovery Transfers                                                                                        ;
+------------+--------------------------------------------------+----------+----------+----------+----------+
; From Clock ; To Clock                                         ; RR Paths ; FR Paths ; RF Paths ; FF Paths ;
+------------+--------------------------------------------------+----------+----------+----------+----------+
; inst4      ; inst|altpll_component|auto_generated|pll1|clk[0] ; 0        ; 0        ; 384      ; 384      ;
; inst4      ; inst|altpll_component|auto_generated|pll1|clk[1] ; 11       ; 11       ; 0        ; 0        ;
+------------+--------------------------------------------------+----------+----------+----------+----------+
Entries labeled "false path" only account for clock-to-clock false paths and not path-based false paths. As a result, actual path counts may be lower than reported.


+-----------------------------------------------------------------------------------------------------------+
; Removal Transfers                                                                                         ;
+------------+--------------------------------------------------+----------+----------+----------+----------+
; From Clock ; To Clock                                         ; RR Paths ; FR Paths ; RF Paths ; FF Paths ;
+------------+--------------------------------------------------+----------+----------+----------+----------+
; inst4      ; inst|altpll_component|auto_generated|pll1|clk[0] ; 0        ; 0        ; 384      ; 384      ;
; inst4      ; inst|altpll_component|auto_generated|pll1|clk[1] ; 11       ; 11       ; 0        ; 0        ;
+------------+--------------------------------------------------+----------+----------+----------+----------+
Entries labeled "false path" only account for clock-to-clock false paths and not path-based false paths. As a result, actual path counts may be lower than reported.


---------------
; Report TCCS ;
---------------
No dedicated SERDES Transmitter circuitry present in device or used in design


---------------
; Report RSKM ;
---------------
No dedicated SERDES Receiver circuitry present in device or used in design


+------------------------------------------------+
; Unconstrained Paths                            ;
+---------------------------------+-------+------+
; Property                        ; Setup ; Hold ;
+---------------------------------+-------+------+
; Illegal Clocks                  ; 0     ; 0    ;
; Unconstrained Clocks            ; 0     ; 0    ;
; Unconstrained Input Ports       ; 0     ; 0    ;
; Unconstrained Input Port Paths  ; 0     ; 0    ;
; Unconstrained Output Ports      ; 1     ; 1    ;
; Unconstrained Output Port Paths ; 4     ; 4    ;
+---------------------------------+-------+------+


+------------------------------------+
; TimeQuest Timing Analyzer Messages ;
+------------------------------------+
Info: *******************************************************************
Info: Running Quartus II 64-Bit TimeQuest Timing Analyzer
    Info: Version 13.0.1 Build 232 06/12/2013 Service Pack 1 SJ Web Edition
    Info: Processing started: Thu Nov 27 14:28:33 2025
Info: Command: quartus_sta prubaleds -c prubaleds
Info: qsta_default_script.tcl version: #1
Warning (20028): Parallel compilation is not licensed and has been disabled
Info (21077): Low junction temperature is 0 degrees C
Info (21077): High junction temperature is 85 degrees C
Warning (335093): TimeQuest Timing Analyzer is analyzing 3 combinational loops as latches.
Critical Warning (332012): Synopsys Design Constraints File file not found: 'prubaleds.sdc'. A Synopsys Design Constraints File is required by the TimeQuest Timing Analyzer to get proper timing constraints. Without it, the Compiler will not properly optimize the design.
Info (332142): No user constrained generated clocks found in the design. Calling "derive_pll_clocks -create_base_clocks"
Info (332110): Deriving PLL clocks
    Info (332110): create_clock -period 20.000 -waveform {0.000 10.000} -name inclk0 inclk0
    Info (332110): create_generated_clock -source {inst|altpll_component|auto_generated|pll1|inclk[0]} -divide_by 125 -multiply_by 2 -duty_cycle 32.00 -name {inst|altpll_component|auto_generated|pll1|clk[0]} {inst|altpll_component|auto_generated|pll1|clk[0]}
    Info (332110): create_generated_clock -source {inst|altpll_component|auto_generated|pll1|inclk[0]} -divide_by 125 -multiply_by 2 -duty_cycle 64.00 -name {inst|altpll_component|auto_generated|pll1|clk[1]} {inst|altpll_component|auto_generated|pll1|clk[1]}
    Info (332110): create_generated_clock -source {inst|altpll_component|auto_generated|pll1|inclk[0]} -divide_by 25000 -duty_cycle 50.00 -name {inst|altpll_component|auto_generated|pll1|clk[2]} {inst|altpll_component|auto_generated|pll1|clk[2]}
Info (332142): No user constrained base clocks found in the design. Calling "derive_clocks -period 1.0"
Info (332105): Deriving Clocks
    Info (332105): create_clock -period 1.000 -name inst4 inst4
Info (332143): No user constrained clock uncertainty found in the design. Calling "derive_clock_uncertainty"
Info (332123): Deriving Clock Uncertainty. Please refer to report_sdc in TimeQuest to see clock uncertainties.
Info: Found TIMEQUEST_REPORT_SCRIPT_INCLUDE_DEFAULT_ANALYSIS = ON
Info: Analyzing Slow 1200mV 85C Model
Critical Warning (332148): Timing requirements not met
    Info (11105): For recommendations on closing timing, run Report Timing Closure Recommendations in the TimeQuest Timing Analyzer.
Info (332146): Worst-case setup slack is -2.794
    Info (332119):     Slack End Point TNS Clock 
    Info (332119): ========= ============= =====================
    Info (332119):    -2.794       -59.096 inst|altpll_component|auto_generated|pll1|clk[0] 
    Info (332119):    -0.153        -0.331 inst4 
    Info (332119):    -0.062        -0.062 inst|altpll_component|auto_generated|pll1|clk[2] 
    Info (332119):  1248.075         0.000 inst|altpll_component|auto_generated|pll1|clk[1] 
Info (332146): Worst-case hold slack is -0.590
    Info (332119):     Slack End Point TNS Clock 
    Info (332119): ========= ============= =====================
    Info (332119):    -0.590        -1.684 inst4 
    Info (332119):    -0.199        -0.199 inst|altpll_component|auto_generated|pll1|clk[2] 
    Info (332119):     0.239         0.000 inst|altpll_component|auto_generated|pll1|clk[0] 
    Info (332119):     0.343         0.000 inst|altpll_component|auto_generated|pll1|clk[1] 
Info (332146): Worst-case recovery slack is -2.129
    Info (332119):     Slack End Point TNS Clock 
    Info (332119): ========= ============= =====================
    Info (332119):    -2.129      -805.433 inst|altpll_component|auto_generated|pll1|clk[0] 
    Info (332119):    -1.782       -19.546 inst|altpll_component|auto_generated|pll1|clk[1] 
Info (332146): Worst-case removal slack is 1.335
    Info (332119):     Slack End Point TNS Clock 
    Info (332119): ========= ============= =====================
    Info (332119):     1.335         0.000 inst|altpll_component|auto_generated|pll1|clk[0] 
    Info (332119):     1.357         0.000 inst|altpll_component|auto_generated|pll1|clk[1] 
Info (332146): Worst-case minimum pulse width slack is 0.460
    Info (332119):     Slack End Point TNS Clock 
    Info (332119): ========= ============= =====================
    Info (332119):     0.460         0.000 inst4 
    Info (332119):     9.835         0.000 inclk0 
    Info (332119):   399.747         0.000 inst|altpll_component|auto_generated|pll1|clk[0] 
    Info (332119):   449.841         0.000 inst|altpll_component|auto_generated|pll1|clk[1] 
    Info (332119): 249999.746         0.000 inst|altpll_component|auto_generated|pll1|clk[2] 
Info: Analyzing Slow 1200mV 0C Model
Info (334003): Started post-fitting delay annotation
Info (334004): Delay annotation completed successfully
Info (332123): Deriving Clock Uncertainty. Please refer to report_sdc in TimeQuest to see clock uncertainties.
Critical Warning (332148): Timing requirements not met
    Info (11105): For recommendations on closing timing, run Report Timing Closure Recommendations in the TimeQuest Timing Analyzer.
Info (332146): Worst-case setup slack is -2.357
    Info (332119):     Slack End Point TNS Clock 
    Info (332119): ========= ============= =====================
    Info (332119):    -2.357       -49.665 inst|altpll_component|auto_generated|pll1|clk[0] 
    Info (332119):    -0.165        -0.388 inst4 
    Info (332119):     0.063         0.000 inst|altpll_component|auto_generated|pll1|clk[2] 
    Info (332119):  1248.299         0.000 inst|altpll_component|auto_generated|pll1|clk[1] 
Info (332146): Worst-case hold slack is -0.370
    Info (332119):     Slack End Point TNS Clock 
    Info (332119): ========= ============= =====================
    Info (332119):    -0.370        -1.022 inst4 
    Info (332119):    -0.266        -0.266 inst|altpll_component|auto_generated|pll1|clk[2] 
    Info (332119):     0.163         0.000 inst|altpll_component|auto_generated|pll1|clk[0] 
    Info (332119):     0.298         0.000 inst|altpll_component|auto_generated|pll1|clk[1] 
Info (332146): Worst-case recovery slack is -1.783
    Info (332119):     Slack End Point TNS Clock 
    Info (332119): ========= ============= =====================
    Info (332119):    -1.783      -673.833 inst|altpll_component|auto_generated|pll1|clk[0] 
    Info (332119):    -1.462       -16.028 inst|altpll_component|auto_generated|pll1|clk[1] 
Info (332146): Worst-case removal slack is 1.124
    Info (332119):     Slack End Point TNS Clock 
    Info (332119): ========= ============= =====================
    Info (332119):     1.124         0.000 inst|altpll_component|auto_generated|pll1|clk[0] 
    Info (332119):     1.125         0.000 inst|altpll_component|auto_generated|pll1|clk[1] 
Info (332146): Worst-case minimum pulse width slack is 0.484
    Info (332119):     Slack End Point TNS Clock 
    Info (332119): ========= ============= =====================
    Info (332119):     0.484         0.000 inst4 
    Info (332119):     9.818         0.000 inclk0 
    Info (332119):   399.744         0.000 inst|altpll_component|auto_generated|pll1|clk[0] 
    Info (332119):   449.852         0.000 inst|altpll_component|auto_generated|pll1|clk[1] 
    Info (332119): 249999.743         0.000 inst|altpll_component|auto_generated|pll1|clk[2] 
Info: Analyzing Fast 1200mV 0C Model
Info (332123): Deriving Clock Uncertainty. Please refer to report_sdc in TimeQuest to see clock uncertainties.
Critical Warning (332148): Timing requirements not met
    Info (11105): For recommendations on closing timing, run Report Timing Closure Recommendations in the TimeQuest Timing Analyzer.
Info (332146): Worst-case setup slack is -1.508
    Info (332119):     Slack End Point TNS Clock 
    Info (332119): ========= ============= =====================
    Info (332119):    -1.508       -31.684 inst|altpll_component|auto_generated|pll1|clk[0] 
    Info (332119):     0.090         0.000 inst|altpll_component|auto_generated|pll1|clk[2] 
    Info (332119):     0.198         0.000 inst4 
    Info (332119):  1248.919         0.000 inst|altpll_component|auto_generated|pll1|clk[1] 
Info (332146): Worst-case hold slack is -0.335
    Info (332119):     Slack End Point TNS Clock 
    Info (332119): ========= ============= =====================
    Info (332119):    -0.335        -0.941 inst4 
    Info (332119):    -0.116        -0.116 inst|altpll_component|auto_generated|pll1|clk[2] 
    Info (332119):     0.095         0.000 inst|altpll_component|auto_generated|pll1|clk[0] 
    Info (332119):     0.178         0.000 inst|altpll_component|auto_generated|pll1|clk[1] 
Info (332146): Worst-case recovery slack is -1.130
    Info (332119):     Slack End Point TNS Clock 
    Info (332119): ========= ============= =====================
    Info (332119):    -1.130      -425.961 inst|altpll_component|auto_generated|pll1|clk[0] 
    Info (332119):    -0.959       -10.519 inst|altpll_component|auto_generated|pll1|clk[1] 
Info (332146): Worst-case removal slack is 0.766
    Info (332119):     Slack End Point TNS Clock 
    Info (332119): ========= ============= =====================
    Info (332119):     0.766         0.000 inst|altpll_component|auto_generated|pll1|clk[0] 
    Info (332119):     0.816         0.000 inst|altpll_component|auto_generated|pll1|clk[1] 
Info (332146): Worst-case minimum pulse width slack is 0.435
    Info (332119):     Slack End Point TNS Clock 
    Info (332119): ========= ============= =====================
    Info (332119):     0.435         0.000 inst4 
    Info (332119):     9.587         0.000 inclk0 
    Info (332119):   399.783         0.000 inst|altpll_component|auto_generated|pll1|clk[0] 
    Info (332119):   449.791         0.000 inst|altpll_component|auto_generated|pll1|clk[1] 
    Info (332119): 249999.781         0.000 inst|altpll_component|auto_generated|pll1|clk[2] 
Info (332102): Design is not fully constrained for setup requirements
Info (332102): Design is not fully constrained for hold requirements
Info: Quartus II 64-Bit TimeQuest Timing Analyzer was successful. 0 errors, 6 warnings
    Info: Peak virtual memory: 4614 megabytes
    Info: Processing ended: Thu Nov 27 14:28:40 2025
    Info: Elapsed time: 00:00:07
    Info: Total CPU time (on all processors): 00:00:05


