Fitter report for proyecto_final_ahora_si
Tue Dec 09 21:49:41 2025
Quartus II 64-Bit Version 13.0.1 Build 232 06/12/2013 Service Pack 1 SJ Web Edition


---------------------
; Table of Contents ;
---------------------
  1. Legal Notice
  2. Fitter Summary
  3. Fitter Settings
  4. Parallel Compilation
  5. I/O Assignment Warnings
  6. Ignored Assignments
  7. Incremental Compilation Preservation Summary
  8. Incremental Compilation Partition Settings
  9. Incremental Compilation Placement Preservation
 10. Pin-Out File
 11. Fitter Resource Usage Summary
 12. Fitter Partition Statistics
 13. Input Pins
 14. Output Pins
 15. Dual Purpose and Dedicated Pins
 16. I/O Bank Usage
 17. All Package Pins
 18. PLL Summary
 19. PLL Usage
 20. Fitter Resource Utilization by Entity
 21. Delay Chain Summary
 22. Pad To Core Delay Chain Fanout
 23. Control Signals
 24. Global & Other Fast Signals
 25. Non-Global High Fan-Out Signals
 26. Other Routing Usage Summary
 27. LAB Logic Elements
 28. LAB-wide Signals
 29. LAB Signals Sourced
 30. LAB Signals Sourced Out
 31. LAB Distinct Inputs
 32. I/O Rules Summary
 33. I/O Rules Details
 34. I/O Rules Matrix
 35. Fitter Device Options
 36. Operating Settings and Conditions
 37. Estimated Delay Added for Hold Timing Summary
 38. Estimated Delay Added for Hold Timing Details
 39. Fitter Messages
 40. Fitter Suppressed Messages



----------------
; Legal Notice ;
----------------
Copyright (C) 1991-2013 Altera Corporation
Your use of Altera Corporation's design tools, logic functions 
and other software and tools, and its AMPP partner logic 
functions, and any output files from any of the foregoing 
(including device programming or simulation files), and any 
associated documentation or information are expressly subject 
to the terms and conditions of the Altera Program License 
Subscription Agreement, Altera MegaCore Function License 
Agreement, or other applicable license agreement, including, 
without limitation, that your use is for the sole purpose of 
programming logic devices manufactured by Altera and sold by 
Altera or its authorized distributors.  Please refer to the 
applicable agreement for further details.



+--------------------------------------------------------------------------------------+
; Fitter Summary                                                                       ;
+------------------------------------+-------------------------------------------------+
; Fitter Status                      ; Successful - Tue Dec 09 21:49:41 2025           ;
; Quartus II 64-Bit Version          ; 13.0.1 Build 232 06/12/2013 SP 1 SJ Web Edition ;
; Revision Name                      ; proyecto_final_ahora_si                         ;
; Top-level Entity Name              ; proyecto_final                                  ;
; Family                             ; Cyclone IV E                                    ;
; Device                             ; EP4CE22F17C6                                    ;
; Timing Models                      ; Final                                           ;
; Total logic elements               ; 1,359 / 22,320 ( 6 % )                          ;
;     Total combinational functions  ; 1,268 / 22,320 ( 6 % )                          ;
;     Dedicated logic registers      ; 777 / 22,320 ( 3 % )                            ;
; Total registers                    ; 777                                             ;
; Total pins                         ; 20 / 154 ( 13 % )                               ;
; Total virtual pins                 ; 0                                               ;
; Total memory bits                  ; 0 / 608,256 ( 0 % )                             ;
; Embedded Multiplier 9-bit elements ; 0 / 132 ( 0 % )                                 ;
; Total PLLs                         ; 1 / 4 ( 25 % )                                  ;
+------------------------------------+-------------------------------------------------+


+------------------------------------------------------------------------------------------------------------------------------------------------------------+
; Fitter Settings                                                                                                                                            ;
+----------------------------------------------------------------------------+---------------------------------------+---------------------------------------+
; Option                                                                     ; Setting                               ; Default Value                         ;
+----------------------------------------------------------------------------+---------------------------------------+---------------------------------------+
; Device                                                                     ; EP4CE22F17C6                          ;                                       ;
; Nominal Core Supply Voltage                                                ; 1.2V                                  ;                                       ;
; Minimum Core Junction Temperature                                          ; 0                                     ;                                       ;
; Maximum Core Junction Temperature                                          ; 85                                    ;                                       ;
; Fit Attempts to Skip                                                       ; 0                                     ; 0.0                                   ;
; Device I/O Standard                                                        ; 2.5 V                                 ;                                       ;
; Use smart compilation                                                      ; Off                                   ; Off                                   ;
; Enable parallel Assembler and TimeQuest Timing Analyzer during compilation ; On                                    ; On                                    ;
; Enable compact report table                                                ; Off                                   ; Off                                   ;
; Auto Merge PLLs                                                            ; On                                    ; On                                    ;
; Router Timing Optimization Level                                           ; Normal                                ; Normal                                ;
; Perform Clocking Topology Analysis During Routing                          ; Off                                   ; Off                                   ;
; Placement Effort Multiplier                                                ; 1.0                                   ; 1.0                                   ;
; Router Effort Multiplier                                                   ; 1.0                                   ; 1.0                                   ;
; Optimize Hold Timing                                                       ; All Paths                             ; All Paths                             ;
; Optimize Multi-Corner Timing                                               ; On                                    ; On                                    ;
; PowerPlay Power Optimization                                               ; Normal compilation                    ; Normal compilation                    ;
; SSN Optimization                                                           ; Off                                   ; Off                                   ;
; Optimize Timing                                                            ; Normal compilation                    ; Normal compilation                    ;
; Optimize Timing for ECOs                                                   ; Off                                   ; Off                                   ;
; Regenerate full fit report during ECO compiles                             ; Off                                   ; Off                                   ;
; Optimize IOC Register Placement for Timing                                 ; Normal                                ; Normal                                ;
; Limit to One Fitting Attempt                                               ; Off                                   ; Off                                   ;
; Final Placement Optimizations                                              ; Automatically                         ; Automatically                         ;
; Fitter Aggressive Routability Optimizations                                ; Automatically                         ; Automatically                         ;
; Fitter Initial Placement Seed                                              ; 1                                     ; 1                                     ;
; PCI I/O                                                                    ; Off                                   ; Off                                   ;
; Weak Pull-Up Resistor                                                      ; Off                                   ; Off                                   ;
; Enable Bus-Hold Circuitry                                                  ; Off                                   ; Off                                   ;
; Auto Packed Registers                                                      ; Auto                                  ; Auto                                  ;
; Auto Delay Chains                                                          ; On                                    ; On                                    ;
; Auto Delay Chains for High Fanout Input Pins                               ; Off                                   ; Off                                   ;
; Allow Single-ended Buffer for Differential-XSTL Input                      ; Off                                   ; Off                                   ;
; Treat Bidirectional Pin as Output Pin                                      ; Off                                   ; Off                                   ;
; Perform Physical Synthesis for Combinational Logic for Fitting             ; Off                                   ; Off                                   ;
; Perform Physical Synthesis for Combinational Logic for Performance         ; Off                                   ; Off                                   ;
; Perform Register Duplication for Performance                               ; Off                                   ; Off                                   ;
; Perform Logic to Memory Mapping for Fitting                                ; Off                                   ; Off                                   ;
; Perform Register Retiming for Performance                                  ; Off                                   ; Off                                   ;
; Perform Asynchronous Signal Pipelining                                     ; Off                                   ; Off                                   ;
; Fitter Effort                                                              ; Auto Fit                              ; Auto Fit                              ;
; Physical Synthesis Effort Level                                            ; Normal                                ; Normal                                ;
; Logic Cell Insertion - Logic Duplication                                   ; Auto                                  ; Auto                                  ;
; Auto Register Duplication                                                  ; Auto                                  ; Auto                                  ;
; Auto Global Clock                                                          ; On                                    ; On                                    ;
; Auto Global Register Control Signals                                       ; On                                    ; On                                    ;
; Reserve all unused pins                                                    ; As input tri-stated with weak pull-up ; As input tri-stated with weak pull-up ;
; Synchronizer Identification                                                ; Off                                   ; Off                                   ;
; Enable Beneficial Skew Optimization                                        ; On                                    ; On                                    ;
; Optimize Design for Metastability                                          ; On                                    ; On                                    ;
; Force Fitter to Avoid Periphery Placement Warnings                         ; Off                                   ; Off                                   ;
; Enable input tri-state on active configuration pins in user mode           ; Off                                   ; Off                                   ;
+----------------------------------------------------------------------------+---------------------------------------+---------------------------------------+


Parallel compilation was disabled, but you have multiple processors available. Enable parallel compilation to reduce compilation time.
+-------------------------------------+
; Parallel Compilation                ;
+----------------------------+--------+
; Processors                 ; Number ;
+----------------------------+--------+
; Number detected on machine ; 2      ;
; Maximum allowed            ; 1      ;
+----------------------------+--------+


+--------------------------------------------------+
; I/O Assignment Warnings                          ;
+-----------+--------------------------------------+
; Pin Name  ; Reason                               ;
+-----------+--------------------------------------+
; Y         ; Missing drive strength and slew rate ;
; l         ; Missing drive strength and slew rate ;
; l1        ; Missing drive strength and slew rate ;
; l2        ; Missing drive strength and slew rate ;
; l3        ; Missing drive strength and slew rate ;
; l4        ; Missing drive strength and slew rate ;
; LOCK      ; Missing drive strength and slew rate ;
; F1        ; Missing drive strength and slew rate ;
; F2        ; Missing drive strength and slew rate ;
; F3        ; Missing drive strength and slew rate ;
; F4        ; Missing drive strength and slew rate ;
; modo      ; Missing drive strength and slew rate ;
; empateeee ; Missing drive strength and slew rate ;
; vjug1     ; Missing drive strength and slew rate ;
; vjug2     ; Missing drive strength and slew rate ;
+-----------+--------------------------------------+


+-------------------------------------------------------------------------------------------+
; Ignored Assignments                                                                       ;
+----------+----------------+--------------+---------------+---------------+----------------+
; Name     ; Ignored Entity ; Ignored From ; Ignored To    ; Ignored Value ; Ignored Source ;
+----------+----------------+--------------+---------------+---------------+----------------+
; Location ;                ;              ; botonn        ; PIN_J15       ; QSF Assignment ;
; Location ;                ;              ; movimientoinv ; PIN_B1        ; QSF Assignment ;
; Location ;                ;              ; pin_name4     ; PIN_E1        ; QSF Assignment ;
+----------+----------------+--------------+---------------+---------------+----------------+


+----------------------------------------------+
; Incremental Compilation Preservation Summary ;
+---------------------+------------------------+
; Type                ; Value                  ;
+---------------------+------------------------+
; Placement (by node) ;                        ;
;     -- Requested    ; 0 / 2100 ( 0.00 % )    ;
;     -- Achieved     ; 0 / 2100 ( 0.00 % )    ;
;                     ;                        ;
; Routing (by net)    ;                        ;
;     -- Requested    ; 0 / 0 ( 0.00 % )       ;
;     -- Achieved     ; 0 / 0 ( 0.00 % )       ;
+---------------------+------------------------+


+----------------------------------------------------------------------------------------------------------------------------------------------------------------------------------------+
; Incremental Compilation Partition Settings                                                                                                                                             ;
+--------------------------------+----------------+-------------------+-------------------------+------------------------+------------------------------+--------------------------------+
; Partition Name                 ; Partition Type ; Netlist Type Used ; Preservation Level Used ; Netlist Type Requested ; Preservation Level Requested ; Contents                       ;
+--------------------------------+----------------+-------------------+-------------------------+------------------------+------------------------------+--------------------------------+
; Top                            ; User-created   ; Source File       ; N/A                     ; Source File            ; N/A                          ;                                ;
; hard_block:auto_generated_inst ; Auto-generated ; Source File       ; N/A                     ; Source File            ; N/A                          ; hard_block:auto_generated_inst ;
+--------------------------------+----------------+-------------------+-------------------------+------------------------+------------------------------+--------------------------------+


+------------------------------------------------------------------------------------------------------------+
; Incremental Compilation Placement Preservation                                                             ;
+--------------------------------+---------+-------------------+-------------------------+-------------------+
; Partition Name                 ; # Nodes ; # Preserved Nodes ; Preservation Level Used ; Netlist Type Used ;
+--------------------------------+---------+-------------------+-------------------------+-------------------+
; Top                            ; 2086    ; 0                 ; N/A                     ; Source File       ;
; hard_block:auto_generated_inst ; 14      ; 0                 ; N/A                     ; Source File       ;
+--------------------------------+---------+-------------------+-------------------------+-------------------+


+--------------+
; Pin-Out File ;
+--------------+
The pin-out file can be found in C:/Users/iniak/Desktop/pff1/output_files/proyecto_final_ahora_si.pin.


+----------------------------------------------------------------------+
; Fitter Resource Usage Summary                                        ;
+---------------------------------------------+------------------------+
; Resource                                    ; Usage                  ;
+---------------------------------------------+------------------------+
; Total logic elements                        ; 1,359 / 22,320 ( 6 % ) ;
;     -- Combinational with no register       ; 582                    ;
;     -- Register only                        ; 91                     ;
;     -- Combinational with a register        ; 686                    ;
;                                             ;                        ;
; Logic element usage by number of LUT inputs ;                        ;
;     -- 4 input functions                    ; 478                    ;
;     -- 3 input functions                    ; 414                    ;
;     -- <=2 input functions                  ; 376                    ;
;     -- Register only                        ; 91                     ;
;                                             ;                        ;
; Logic elements by mode                      ;                        ;
;     -- normal mode                          ; 1244                   ;
;     -- arithmetic mode                      ; 24                     ;
;                                             ;                        ;
; Total registers*                            ; 777 / 23,018 ( 3 % )   ;
;     -- Dedicated logic registers            ; 777 / 22,320 ( 3 % )   ;
;     -- I/O registers                        ; 0 / 698 ( 0 % )        ;
;                                             ;                        ;
; Total LABs:  partially or completely used   ; 103 / 1,395 ( 7 % )    ;
; Virtual pins                                ; 0                      ;
; I/O pins                                    ; 20 / 154 ( 13 % )      ;
;     -- Clock pins                           ; 1 / 7 ( 14 % )         ;
;     -- Dedicated input pins                 ; 0 / 9 ( 0 % )          ;
;                                             ;                        ;
; Global signals                              ; 12                     ;
; M9Ks                                        ; 0 / 66 ( 0 % )         ;
; Total block memory bits                     ; 0 / 608,256 ( 0 % )    ;
; Total block memory implementation bits      ; 0 / 608,256 ( 0 % )    ;
; Embedded Multiplier 9-bit elements          ; 0 / 132 ( 0 % )        ;
; PLLs                                        ; 1 / 4 ( 25 % )         ;
; Global clocks                               ; 12 / 20 ( 60 % )       ;
; JTAGs                                       ; 0 / 1 ( 0 % )          ;
; CRC blocks                                  ; 0 / 1 ( 0 % )          ;
; ASMI blocks                                 ; 0 / 1 ( 0 % )          ;
; Impedance control blocks                    ; 0 / 4 ( 0 % )          ;
; Average interconnect usage (total/H/V)      ; 1% / 1% / 1%           ;
; Peak interconnect usage (total/H/V)         ; 16% / 15% / 18%        ;
; Maximum fan-out                             ; 670                    ;
; Highest non-global fan-out                  ; 262                    ;
; Total fan-out                               ; 6306                   ;
; Average fan-out                             ; 2.89                   ;
+---------------------------------------------+------------------------+
*  Register count does not include registers inside RAM blocks or DSP blocks.



+-----------------------------------------------------------------------------------------------------+
; Fitter Partition Statistics                                                                         ;
+---------------------------------------------+----------------------+--------------------------------+
; Statistic                                   ; Top                  ; hard_block:auto_generated_inst ;
+---------------------------------------------+----------------------+--------------------------------+
; Difficulty Clustering Region                ; Low                  ; Low                            ;
;                                             ;                      ;                                ;
; Total logic elements                        ; 1359 / 22320 ( 6 % ) ; 0 / 22320 ( 0 % )              ;
;     -- Combinational with no register       ; 582                  ; 0                              ;
;     -- Register only                        ; 91                   ; 0                              ;
;     -- Combinational with a register        ; 686                  ; 0                              ;
;                                             ;                      ;                                ;
; Logic element usage by number of LUT inputs ;                      ;                                ;
;     -- 4 input functions                    ; 478                  ; 0                              ;
;     -- 3 input functions                    ; 414                  ; 0                              ;
;     -- <=2 input functions                  ; 376                  ; 0                              ;
;     -- Register only                        ; 91                   ; 0                              ;
;                                             ;                      ;                                ;
; Logic elements by mode                      ;                      ;                                ;
;     -- normal mode                          ; 1244                 ; 0                              ;
;     -- arithmetic mode                      ; 24                   ; 0                              ;
;                                             ;                      ;                                ;
; Total registers                             ; 777                  ; 0                              ;
;     -- Dedicated logic registers            ; 777 / 22320 ( 3 % )  ; 0 / 22320 ( 0 % )              ;
;                                             ;                      ;                                ;
; Total LABs:  partially or completely used   ; 103 / 1395 ( 7 % )   ; 0 / 1395 ( 0 % )               ;
;                                             ;                      ;                                ;
; Virtual pins                                ; 0                    ; 0                              ;
; I/O pins                                    ; 20                   ; 0                              ;
; Embedded Multiplier 9-bit elements          ; 0 / 132 ( 0 % )      ; 0 / 132 ( 0 % )                ;
; Total memory bits                           ; 0                    ; 0                              ;
; Total RAM block bits                        ; 0                    ; 0                              ;
; PLL                                         ; 0 / 4 ( 0 % )        ; 1 / 4 ( 25 % )                 ;
; Clock control block                         ; 9 / 24 ( 37 % )      ; 3 / 24 ( 12 % )                ;
;                                             ;                      ;                                ;
; Connections                                 ;                      ;                                ;
;     -- Input Connections                    ; 477                  ; 1                              ;
;     -- Registered Input Connections         ; 471                  ; 0                              ;
;     -- Output Connections                   ; 1                    ; 477                            ;
;     -- Registered Output Connections        ; 0                    ; 0                              ;
;                                             ;                      ;                                ;
; Internal Connections                        ;                      ;                                ;
;     -- Total Connections                    ; 6297                 ; 487                            ;
;     -- Registered Connections               ; 2366                 ; 0                              ;
;                                             ;                      ;                                ;
; External Connections                        ;                      ;                                ;
;     -- Top                                  ; 0                    ; 478                            ;
;     -- hard_block:auto_generated_inst       ; 478                  ; 0                              ;
;                                             ;                      ;                                ;
; Partition Interface                         ;                      ;                                ;
;     -- Input Ports                          ; 5                    ; 1                              ;
;     -- Output Ports                         ; 15                   ; 4                              ;
;     -- Bidir Ports                          ; 0                    ; 0                              ;
;                                             ;                      ;                                ;
; Registered Ports                            ;                      ;                                ;
;     -- Registered Input Ports               ; 0                    ; 0                              ;
;     -- Registered Output Ports              ; 0                    ; 0                              ;
;                                             ;                      ;                                ;
; Port Connectivity                           ;                      ;                                ;
;     -- Input Ports driven by GND            ; 0                    ; 0                              ;
;     -- Output Ports driven by GND           ; 0                    ; 0                              ;
;     -- Input Ports driven by VCC            ; 0                    ; 0                              ;
;     -- Output Ports driven by VCC           ; 0                    ; 0                              ;
;     -- Input Ports with no Source           ; 0                    ; 0                              ;
;     -- Output Ports with no Source          ; 0                    ; 0                              ;
;     -- Input Ports with no Fanout           ; 0                    ; 0                              ;
;     -- Output Ports with no Fanout          ; 0                    ; 0                              ;
+---------------------------------------------+----------------------+--------------------------------+


+-----------------------------------------------------------------------------------------------------------------------------------------------------------------------------------------------------------------------------------------------------------------------------+
; Input Pins                                                                                                                                                                                                                                                                  ;
+--------+-------+----------+--------------+--------------+--------------+-----------------------+--------------------+--------+----------------+---------------+-----------------+----------+--------------+--------------+---------------------------+----------------------+
; Name   ; Pin # ; I/O Bank ; X coordinate ; Y coordinate ; Z coordinate ; Combinational Fan-Out ; Registered Fan-Out ; Global ; Input Register ; Power Up High ; PCI I/O Enabled ; Bus Hold ; Weak Pull Up ; I/O Standard ; Termination Control Block ; Location assigned by ;
+--------+-------+----------+--------------+--------------+--------------+-----------------------+--------------------+--------+----------------+---------------+-----------------+----------+--------------+--------------+---------------------------+----------------------+
; C1     ; C6    ; 8        ; 18           ; 34           ; 21           ; 4                     ; 0                  ; no     ; no             ; no            ; yes             ; no       ; Off          ; 2.5 V        ; --                        ; User                 ;
; C2     ; D6    ; 8        ; 9            ; 34           ; 7            ; 4                     ; 0                  ; no     ; no             ; no            ; yes             ; no       ; Off          ; 2.5 V        ; --                        ; User                 ;
; C3     ; A6    ; 8        ; 16           ; 34           ; 0            ; 4                     ; 0                  ; no     ; no             ; no            ; yes             ; no       ; Off          ; 2.5 V        ; --                        ; User                 ;
; C4     ; D5    ; 8        ; 5            ; 34           ; 14           ; 4                     ; 0                  ; no     ; no             ; no            ; yes             ; no       ; Off          ; 2.5 V        ; --                        ; User                 ;
; inclk0 ; R8    ; 3        ; 27           ; 0            ; 21           ; 1                     ; 0                  ; no     ; no             ; no            ; yes             ; no       ; Off          ; 2.5 V        ; --                        ; User                 ;
+--------+-------+----------+--------------+--------------+--------------+-----------------------+--------------------+--------+----------------+---------------+-----------------+----------+--------------+--------------+---------------------------+----------------------+


+------------------------------------------------------------------------------------------------------------------------------------------------------------------------------------------------------------------------------------------------------------------------------------------------------------------------------------------------------------------------------------------------------------------------------------------------------------+
; Output Pins                                                                                                                                                                                                                                                                                                                                                                                                                                                ;
+-----------+-------+----------+--------------+--------------+--------------+-----------------+------------------------+---------------+-----------+-----------------+------------+---------------+----------+--------------+--------------+------------------+-----------------------------------+---------------------------+----------------------------+-----------------------------+----------------------+----------------------+---------------------+
; Name      ; Pin # ; I/O Bank ; X coordinate ; Y coordinate ; Z coordinate ; Output Register ; Output Enable Register ; Power Up High ; Slew Rate ; PCI I/O Enabled ; Open Drain ; TRI Primitive ; Bus Hold ; Weak Pull Up ; I/O Standard ; Current Strength ; Termination                       ; Termination Control Block ; Output Buffer Pre-emphasis ; Voltage Output Differential ; Location assigned by ; Output Enable Source ; Output Enable Group ;
+-----------+-------+----------+--------------+--------------+--------------+-----------------+------------------------+---------------+-----------+-----------------+------------+---------------+----------+--------------+--------------+------------------+-----------------------------------+---------------------------+----------------------------+-----------------------------+----------------------+----------------------+---------------------+
; F1        ; E6    ; 8        ; 14           ; 34           ; 14           ; no              ; no                     ; no            ; 2         ; yes             ; no         ; yes           ; no       ; Off          ; 2.5 V        ; Default          ; Series 50 Ohm without Calibration ; --                        ; no                         ; no                          ; User                 ; -                    ; -                   ;
; F2        ; D8    ; 8        ; 23           ; 34           ; 21           ; no              ; no                     ; no            ; 2         ; yes             ; no         ; yes           ; no       ; Off          ; 2.5 V        ; Default          ; Series 50 Ohm without Calibration ; --                        ; no                         ; no                          ; User                 ; -                    ; -                   ;
; F3        ; F8    ; 8        ; 20           ; 34           ; 14           ; no              ; no                     ; no            ; 2         ; yes             ; no         ; yes           ; no       ; Off          ; 2.5 V        ; Default          ; Series 50 Ohm without Calibration ; --                        ; no                         ; no                          ; User                 ; -                    ; -                   ;
; F4        ; E9    ; 7        ; 29           ; 34           ; 14           ; no              ; no                     ; no            ; 2         ; yes             ; no         ; yes           ; no       ; Off          ; 2.5 V        ; Default          ; Series 50 Ohm without Calibration ; --                        ; no                         ; no                          ; User                 ; -                    ; -                   ;
; LOCK      ; L3    ; 2        ; 0            ; 10           ; 21           ; no              ; no                     ; no            ; 2         ; no              ; no         ; no            ; no       ; Off          ; 2.5 V        ; Default          ; Series 50 Ohm without Calibration ; --                        ; no                         ; no                          ; User                 ; -                    ; -                   ;
; Y         ; D3    ; 8        ; 1            ; 34           ; 7            ; no              ; no                     ; no            ; 2         ; no              ; no         ; no            ; no       ; Off          ; 2.5 V        ; Default          ; Series 50 Ohm without Calibration ; --                        ; no                         ; no                          ; User                 ; -                    ; -                   ;
; empateeee ; C8    ; 8        ; 23           ; 34           ; 14           ; no              ; no                     ; no            ; 2         ; no              ; no         ; no            ; no       ; Off          ; 2.5 V        ; Default          ; Series 50 Ohm without Calibration ; --                        ; no                         ; no                          ; Fitter               ; -                    ; -                   ;
; l         ; D1    ; 1        ; 0            ; 25           ; 7            ; no              ; no                     ; no            ; 2         ; no              ; no         ; no            ; no       ; Off          ; 2.5 V        ; Default          ; Series 50 Ohm without Calibration ; --                        ; no                         ; no                          ; User                 ; -                    ; -                   ;
; l1        ; A11   ; 7        ; 40           ; 34           ; 0            ; no              ; no                     ; no            ; 2         ; no              ; no         ; no            ; no       ; Off          ; 2.5 V        ; Default          ; Series 50 Ohm without Calibration ; --                        ; no                         ; no                          ; User                 ; -                    ; -                   ;
; l2        ; B13   ; 7        ; 49           ; 34           ; 7            ; no              ; no                     ; no            ; 2         ; no              ; no         ; no            ; no       ; Off          ; 2.5 V        ; Default          ; Series 50 Ohm without Calibration ; --                        ; no                         ; no                          ; User                 ; -                    ; -                   ;
; l3        ; A13   ; 7        ; 49           ; 34           ; 0            ; no              ; no                     ; no            ; 2         ; no              ; no         ; no            ; no       ; Off          ; 2.5 V        ; Default          ; Series 50 Ohm without Calibration ; --                        ; no                         ; no                          ; User                 ; -                    ; -                   ;
; l4        ; A15   ; 7        ; 38           ; 34           ; 14           ; no              ; no                     ; no            ; 2         ; no              ; no         ; no            ; no       ; Off          ; 2.5 V        ; Default          ; Series 50 Ohm without Calibration ; --                        ; no                         ; no                          ; User                 ; -                    ; -                   ;
; modo      ; R5    ; 3        ; 14           ; 0            ; 21           ; no              ; no                     ; no            ; 2         ; no              ; no         ; no            ; no       ; Off          ; 2.5 V        ; Default          ; Series 50 Ohm without Calibration ; --                        ; no                         ; no                          ; Fitter               ; -                    ; -                   ;
; vjug1     ; E8    ; 8        ; 20           ; 34           ; 7            ; no              ; no                     ; no            ; 2         ; no              ; no         ; no            ; no       ; Off          ; 2.5 V        ; Default          ; Series 50 Ohm without Calibration ; --                        ; no                         ; no                          ; Fitter               ; -                    ; -                   ;
; vjug2     ; D9    ; 7        ; 31           ; 34           ; 7            ; no              ; no                     ; no            ; 2         ; no              ; no         ; no            ; no       ; Off          ; 2.5 V        ; Default          ; Series 50 Ohm without Calibration ; --                        ; no                         ; no                          ; Fitter               ; -                    ; -                   ;
+-----------+-------+----------+--------------+--------------+--------------+-----------------+------------------------+---------------+-----------+-----------------+------------+---------------+----------+--------------+--------------+------------------+-----------------------------------+---------------------------+----------------------------+-----------------------------+----------------------+----------------------+---------------------+


+--------------------------------------------------------------------------------------------------------------------------------------+
; Dual Purpose and Dedicated Pins                                                                                                      ;
+----------+------------------------------------------+--------------------------+-------------------------+---------------------------+
; Location ; Pin Name                                 ; Reserved As              ; User Signal Name        ; Pin Type                  ;
+----------+------------------------------------------+--------------------------+-------------------------+---------------------------+
; C1       ; DIFFIO_L3n, DATA1, ASDO                  ; As input tri-stated      ; ~ALTERA_ASDO_DATA1~     ; Dual Purpose Pin          ;
; D2       ; DIFFIO_L4p, FLASH_nCE, nCSO              ; As input tri-stated      ; ~ALTERA_FLASH_nCE_nCSO~ ; Dual Purpose Pin          ;
; F4       ; nSTATUS                                  ; -                        ; -                       ; Dedicated Programming Pin ;
; H1       ; DCLK                                     ; As output driving ground ; ~ALTERA_DCLK~           ; Dual Purpose Pin          ;
; H2       ; DATA0                                    ; As input tri-stated      ; ~ALTERA_DATA0~          ; Dual Purpose Pin          ;
; H5       ; nCONFIG                                  ; -                        ; -                       ; Dedicated Programming Pin ;
; J3       ; nCE                                      ; -                        ; -                       ; Dedicated Programming Pin ;
; H14      ; CONF_DONE                                ; -                        ; -                       ; Dedicated Programming Pin ;
; H13      ; MSEL0                                    ; -                        ; -                       ; Dedicated Programming Pin ;
; H12      ; MSEL1                                    ; -                        ; -                       ; Dedicated Programming Pin ;
; G12      ; MSEL2                                    ; -                        ; -                       ; Dedicated Programming Pin ;
; G12      ; MSEL3                                    ; -                        ; -                       ; Dedicated Programming Pin ;
; F16      ; DIFFIO_R4n, nCEO                         ; Use as programming pin   ; ~ALTERA_nCEO~           ; Dual Purpose Pin          ;
; A15      ; DIFFIO_T19n, PADD1                       ; Use as regular IO        ; l4                      ; Dual Purpose Pin          ;
; D9       ; DIFFIO_T15p, PADD8                       ; Use as regular IO        ; vjug2                   ; Dual Purpose Pin          ;
; E9       ; DIFFIO_T13p, PADD12, DQS4T/CQ5T,DPCLK9   ; Use as regular IO        ; F4                      ; Dual Purpose Pin          ;
; C8       ; DIFFIO_T11p, PADD17, DQS5T/CQ5T#,DPCLK10 ; Use as regular IO        ; empateeee               ; Dual Purpose Pin          ;
; E8       ; DIFFIO_T10n, DATA2                       ; Use as regular IO        ; vjug1                   ; Dual Purpose Pin          ;
; F8       ; DIFFIO_T10p, DATA3                       ; Use as regular IO        ; F3                      ; Dual Purpose Pin          ;
; A6       ; DIFFIO_T7n, DATA14, DQS3T/CQ3T#,DPCLK11  ; Use as regular IO        ; C3                      ; Dual Purpose Pin          ;
; E6       ; DIFFIO_T6p, DATA6                        ; Use as regular IO        ; F1                      ; Dual Purpose Pin          ;
; D6       ; DIFFIO_T4n, DATA9                        ; Use as regular IO        ; C2                      ; Dual Purpose Pin          ;
+----------+------------------------------------------+--------------------------+-------------------------+---------------------------+


+------------------------------------------------------------+
; I/O Bank Usage                                             ;
+----------+------------------+---------------+--------------+
; I/O Bank ; Usage            ; VCCIO Voltage ; VREF Voltage ;
+----------+------------------+---------------+--------------+
; 1        ; 5 / 14 ( 36 % )  ; 2.5V          ; --           ;
; 2        ; 1 / 16 ( 6 % )   ; 2.5V          ; --           ;
; 3        ; 2 / 25 ( 8 % )   ; 2.5V          ; --           ;
; 4        ; 0 / 20 ( 0 % )   ; 2.5V          ; --           ;
; 5        ; 0 / 18 ( 0 % )   ; 2.5V          ; --           ;
; 6        ; 1 / 13 ( 8 % )   ; 2.5V          ; --           ;
; 7        ; 6 / 24 ( 25 % )  ; 2.5V          ; --           ;
; 8        ; 10 / 24 ( 42 % ) ; 2.5V          ; --           ;
+----------+------------------+---------------+--------------+


+-----------------------------------------------------------------------------------------------------------------------------------------------------------------------------------------+
; All Package Pins                                                                                                                                                                        ;
+----------+------------+----------+-----------------------------------------------------------+--------+--------------+---------+------------+-----------------+----------+--------------+
; Location ; Pad Number ; I/O Bank ; Pin Name/Usage                                            ; Dir.   ; I/O Standard ; Voltage ; I/O Type   ; User Assignment ; Bus Hold ; Weak Pull Up ;
+----------+------------+----------+-----------------------------------------------------------+--------+--------------+---------+------------+-----------------+----------+--------------+
; A1       ;            ; 8        ; VCCIO8                                                    ; power  ;              ; 2.5V    ; --         ;                 ; --       ; --           ;
; A2       ; 238        ; 8        ; RESERVED_INPUT_WITH_WEAK_PULLUP                           ;        ;              ;         ; Column I/O ;                 ; no       ; On           ;
; A3       ; 239        ; 8        ; RESERVED_INPUT_WITH_WEAK_PULLUP                           ;        ;              ;         ; Column I/O ;                 ; no       ; On           ;
; A4       ; 236        ; 8        ; RESERVED_INPUT_WITH_WEAK_PULLUP                           ;        ;              ;         ; Column I/O ;                 ; no       ; On           ;
; A5       ; 232        ; 8        ; RESERVED_INPUT_WITH_WEAK_PULLUP                           ;        ;              ;         ; Column I/O ;                 ; no       ; On           ;
; A6       ; 225        ; 8        ; C3                                                        ; input  ; 2.5 V        ;         ; Column I/O ; Y               ; no       ; Off          ;
; A7       ; 220        ; 8        ; RESERVED_INPUT_WITH_WEAK_PULLUP                           ;        ;              ;         ; Column I/O ;                 ; no       ; On           ;
; A8       ; 211        ; 8        ; GND+                                                      ;        ;              ;         ; Column I/O ;                 ; --       ; --           ;
; A9       ; 209        ; 7        ; GND+                                                      ;        ;              ;         ; Column I/O ;                 ; --       ; --           ;
; A10      ; 198        ; 7        ; RESERVED_INPUT_WITH_WEAK_PULLUP                           ;        ;              ;         ; Column I/O ;                 ; no       ; On           ;
; A11      ; 188        ; 7        ; l1                                                        ; output ; 2.5 V        ;         ; Column I/O ; Y               ; no       ; Off          ;
; A12      ; 186        ; 7        ; RESERVED_INPUT_WITH_WEAK_PULLUP                           ;        ;              ;         ; Column I/O ;                 ; no       ; On           ;
; A13      ; 179        ; 7        ; l3                                                        ; output ; 2.5 V        ;         ; Column I/O ; Y               ; no       ; Off          ;
; A14      ; 181        ; 7        ; RESERVED_INPUT_WITH_WEAK_PULLUP                           ;        ;              ;         ; Column I/O ;                 ; no       ; On           ;
; A15      ; 191        ; 7        ; l4                                                        ; output ; 2.5 V        ;         ; Column I/O ; Y               ; no       ; Off          ;
; A16      ;            ; 7        ; VCCIO7                                                    ; power  ;              ; 2.5V    ; --         ;                 ; --       ; --           ;
; B1       ; 5          ; 1        ; RESERVED_INPUT_WITH_WEAK_PULLUP                           ;        ;              ;         ; Row I/O    ;                 ; no       ; On           ;
; B2       ;            ;          ; GND                                                       ; gnd    ;              ;         ; --         ;                 ; --       ; --           ;
; B3       ; 242        ; 8        ; RESERVED_INPUT_WITH_WEAK_PULLUP                           ;        ;              ;         ; Column I/O ;                 ; no       ; On           ;
; B4       ; 237        ; 8        ; RESERVED_INPUT_WITH_WEAK_PULLUP                           ;        ;              ;         ; Column I/O ;                 ; no       ; On           ;
; B5       ; 233        ; 8        ; RESERVED_INPUT_WITH_WEAK_PULLUP                           ;        ;              ;         ; Column I/O ;                 ; no       ; On           ;
; B6       ; 226        ; 8        ; RESERVED_INPUT_WITH_WEAK_PULLUP                           ;        ;              ;         ; Column I/O ;                 ; no       ; On           ;
; B7       ; 221        ; 8        ; RESERVED_INPUT_WITH_WEAK_PULLUP                           ;        ;              ;         ; Column I/O ;                 ; no       ; On           ;
; B8       ; 212        ; 8        ; GND+                                                      ;        ;              ;         ; Column I/O ;                 ; --       ; --           ;
; B9       ; 210        ; 7        ; GND+                                                      ;        ;              ;         ; Column I/O ;                 ; --       ; --           ;
; B10      ; 199        ; 7        ; RESERVED_INPUT_WITH_WEAK_PULLUP                           ;        ;              ;         ; Column I/O ;                 ; no       ; On           ;
; B11      ; 189        ; 7        ; RESERVED_INPUT_WITH_WEAK_PULLUP                           ;        ;              ;         ; Column I/O ;                 ; no       ; On           ;
; B12      ; 187        ; 7        ; RESERVED_INPUT_WITH_WEAK_PULLUP                           ;        ;              ;         ; Column I/O ;                 ; no       ; On           ;
; B13      ; 180        ; 7        ; l2                                                        ; output ; 2.5 V        ;         ; Column I/O ; Y               ; no       ; Off          ;
; B14      ; 182        ; 7        ; RESERVED_INPUT_WITH_WEAK_PULLUP                           ;        ;              ;         ; Column I/O ;                 ; no       ; On           ;
; B15      ;            ;          ; GND                                                       ; gnd    ;              ;         ; --         ;                 ; --       ; --           ;
; B16      ; 164        ; 6        ; RESERVED_INPUT_WITH_WEAK_PULLUP                           ;        ;              ;         ; Row I/O    ;                 ; no       ; On           ;
; C1       ; 7          ; 1        ; ~ALTERA_ASDO_DATA1~ / RESERVED_INPUT_WITH_WEAK_PULLUP     ; input  ; 2.5 V        ;         ; Row I/O    ; N               ; no       ; On           ;
; C2       ; 6          ; 1        ; RESERVED_INPUT_WITH_WEAK_PULLUP                           ;        ;              ;         ; Row I/O    ;                 ; no       ; On           ;
; C3       ; 245        ; 8        ; RESERVED_INPUT_WITH_WEAK_PULLUP                           ;        ;              ;         ; Column I/O ;                 ; no       ; On           ;
; C4       ;            ; 8        ; VCCIO8                                                    ; power  ;              ; 2.5V    ; --         ;                 ; --       ; --           ;
; C5       ;            ;          ; GND                                                       ; gnd    ;              ;         ; --         ;                 ; --       ; --           ;
; C6       ; 224        ; 8        ; C1                                                        ; input  ; 2.5 V        ;         ; Column I/O ; Y               ; no       ; Off          ;
; C7       ;            ; 8        ; VCCIO8                                                    ; power  ;              ; 2.5V    ; --         ;                 ; --       ; --           ;
; C8       ; 215        ; 8        ; empateeee                                                 ; output ; 2.5 V        ;         ; Column I/O ; N               ; no       ; Off          ;
; C9       ; 200        ; 7        ; RESERVED_INPUT_WITH_WEAK_PULLUP                           ;        ;              ;         ; Column I/O ;                 ; no       ; On           ;
; C10      ;            ; 7        ; VCCIO7                                                    ; power  ;              ; 2.5V    ; --         ;                 ; --       ; --           ;
; C11      ; 190        ; 7        ; RESERVED_INPUT_WITH_WEAK_PULLUP                           ;        ;              ;         ; Column I/O ;                 ; --       ; --           ;
; C12      ;            ;          ; GND                                                       ; gnd    ;              ;         ; --         ;                 ; --       ; --           ;
; C13      ;            ; 7        ; VCCIO7                                                    ; power  ;              ; 2.5V    ; --         ;                 ; --       ; --           ;
; C14      ; 175        ; 7        ; RESERVED_INPUT_WITH_WEAK_PULLUP                           ;        ;              ;         ; Column I/O ;                 ; no       ; On           ;
; C15      ; 174        ; 6        ; RESERVED_INPUT_WITH_WEAK_PULLUP                           ;        ;              ;         ; Row I/O    ;                 ; no       ; On           ;
; C16      ; 173        ; 6        ; RESERVED_INPUT_WITH_WEAK_PULLUP                           ;        ;              ;         ; Row I/O    ;                 ; no       ; On           ;
; D1       ; 10         ; 1        ; l                                                         ; output ; 2.5 V        ;         ; Row I/O    ; Y               ; no       ; Off          ;
; D2       ; 9          ; 1        ; ~ALTERA_FLASH_nCE_nCSO~ / RESERVED_INPUT_WITH_WEAK_PULLUP ; input  ; 2.5 V        ;         ; Row I/O    ; N               ; no       ; On           ;
; D3       ; 246        ; 8        ; Y                                                         ; output ; 2.5 V        ;         ; Column I/O ; Y               ; no       ; Off          ;
; D4       ;            ;          ; VCCD_PLL3                                                 ; power  ;              ; 1.2V    ; --         ;                 ; --       ; --           ;
; D5       ; 241        ; 8        ; C4                                                        ; input  ; 2.5 V        ;         ; Column I/O ; Y               ; no       ; Off          ;
; D6       ; 234        ; 8        ; C2                                                        ; input  ; 2.5 V        ;         ; Column I/O ; Y               ; no       ; Off          ;
; D7       ;            ;          ; GND                                                       ; gnd    ;              ;         ; --         ;                 ; --       ; --           ;
; D8       ; 216        ; 8        ; F2                                                        ; output ; 2.5 V        ;         ; Column I/O ; Y               ; no       ; Off          ;
; D9       ; 201        ; 7        ; vjug2                                                     ; output ; 2.5 V        ;         ; Column I/O ; N               ; no       ; Off          ;
; D10      ;            ;          ; GND                                                       ; gnd    ;              ;         ; --         ;                 ; --       ; --           ;
; D11      ; 177        ; 7        ; RESERVED_INPUT_WITH_WEAK_PULLUP                           ;        ;              ;         ; Column I/O ;                 ; no       ; On           ;
; D12      ; 178        ; 7        ; RESERVED_INPUT_WITH_WEAK_PULLUP                           ;        ;              ;         ; Column I/O ;                 ; no       ; On           ;
; D13      ;            ;          ; VCCD_PLL2                                                 ; power  ;              ; 1.2V    ; --         ;                 ; --       ; --           ;
; D14      ; 176        ; 7        ; RESERVED_INPUT_WITH_WEAK_PULLUP                           ;        ;              ;         ; Column I/O ;                 ; no       ; On           ;
; D15      ; 170        ; 6        ; RESERVED_INPUT_WITH_WEAK_PULLUP                           ;        ;              ;         ; Row I/O    ;                 ; no       ; On           ;
; D16      ; 169        ; 6        ; RESERVED_INPUT_WITH_WEAK_PULLUP                           ;        ;              ;         ; Row I/O    ;                 ; no       ; On           ;
; E1       ; 26         ; 1        ; GND+                                                      ;        ;              ;         ; Row I/O    ;                 ; --       ; --           ;
; E2       ;            ;          ; GND                                                       ; gnd    ;              ;         ; --         ;                 ; --       ; --           ;
; E3       ;            ; 1        ; VCCIO1                                                    ; power  ;              ; 2.5V    ; --         ;                 ; --       ; --           ;
; E4       ;            ;          ; GND                                                       ; gnd    ;              ;         ; --         ;                 ; --       ; --           ;
; E5       ;            ;          ; GNDA3                                                     ; gnd    ;              ;         ; --         ;                 ; --       ; --           ;
; E6       ; 231        ; 8        ; F1                                                        ; output ; 2.5 V        ;         ; Column I/O ; Y               ; no       ; Off          ;
; E7       ; 227        ; 8        ; RESERVED_INPUT_WITH_WEAK_PULLUP                           ;        ;              ;         ; Column I/O ;                 ; no       ; On           ;
; E8       ; 218        ; 8        ; vjug1                                                     ; output ; 2.5 V        ;         ; Column I/O ; N               ; no       ; Off          ;
; E9       ; 205        ; 7        ; F4                                                        ; output ; 2.5 V        ;         ; Column I/O ; Y               ; no       ; Off          ;
; E10      ; 184        ; 7        ; RESERVED_INPUT_WITH_WEAK_PULLUP                           ;        ;              ;         ; Column I/O ;                 ; no       ; On           ;
; E11      ; 183        ; 7        ; RESERVED_INPUT_WITH_WEAK_PULLUP                           ;        ;              ;         ; Column I/O ;                 ; no       ; On           ;
; E12      ;            ;          ; GNDA2                                                     ; gnd    ;              ;         ; --         ;                 ; --       ; --           ;
; E13      ;            ;          ; GND                                                       ; gnd    ;              ;         ; --         ;                 ; --       ; --           ;
; E14      ;            ; 6        ; VCCIO6                                                    ; power  ;              ; 2.5V    ; --         ;                 ; --       ; --           ;
; E15      ; 151        ; 6        ; GND+                                                      ;        ;              ;         ; Row I/O    ;                 ; --       ; --           ;
; E16      ; 150        ; 6        ; GND+                                                      ;        ;              ;         ; Row I/O    ;                 ; --       ; --           ;
; F1       ; 14         ; 1        ; RESERVED_INPUT_WITH_WEAK_PULLUP                           ;        ;              ;         ; Row I/O    ;                 ; no       ; On           ;
; F2       ; 13         ; 1        ; RESERVED_INPUT_WITH_WEAK_PULLUP                           ;        ;              ;         ; Row I/O    ;                 ; no       ; On           ;
; F3       ; 8          ; 1        ; RESERVED_INPUT_WITH_WEAK_PULLUP                           ;        ;              ;         ; Row I/O    ;                 ; --       ; --           ;
; F4       ; 11         ; 1        ; ^nSTATUS                                                  ;        ;              ;         ; --         ;                 ; --       ; --           ;
; F5       ;            ; --       ; VCCA3                                                     ; power  ;              ; 2.5V    ; --         ;                 ; --       ; --           ;
; F6       ;            ;          ; GND                                                       ; gnd    ;              ;         ; --         ;                 ; --       ; --           ;
; F7       ;            ;          ; VCCINT                                                    ; power  ;              ; 1.2V    ; --         ;                 ; --       ; --           ;
; F8       ; 219        ; 8        ; F3                                                        ; output ; 2.5 V        ;         ; Column I/O ; Y               ; no       ; Off          ;
; F9       ; 197        ; 7        ; RESERVED_INPUT_WITH_WEAK_PULLUP                           ;        ;              ;         ; Column I/O ;                 ; no       ; On           ;
; F10      ;            ;          ; GND                                                       ; gnd    ;              ;         ; --         ;                 ; --       ; --           ;
; F11      ;            ;          ; VCCINT                                                    ; power  ;              ; 1.2V    ; --         ;                 ; --       ; --           ;
; F12      ;            ; --       ; VCCA2                                                     ; power  ;              ; 2.5V    ; --         ;                 ; --       ; --           ;
; F13      ; 161        ; 6        ; RESERVED_INPUT_WITH_WEAK_PULLUP                           ;        ;              ;         ; Row I/O    ;                 ; no       ; On           ;
; F14      ; 167        ; 6        ; RESERVED_INPUT_WITH_WEAK_PULLUP                           ;        ;              ;         ; Row I/O    ;                 ; --       ; --           ;
; F15      ; 163        ; 6        ; RESERVED_INPUT_WITH_WEAK_PULLUP                           ;        ;              ;         ; Row I/O    ;                 ; no       ; On           ;
; F16      ; 162        ; 6        ; ~ALTERA_nCEO~ / RESERVED_OUTPUT_OPEN_DRAIN                ; output ; 2.5 V        ;         ; Row I/O    ; N               ; no       ; Off          ;
; G1       ; 16         ; 1        ; RESERVED_INPUT_WITH_WEAK_PULLUP                           ;        ;              ;         ; Row I/O    ;                 ; no       ; On           ;
; G2       ; 15         ; 1        ; RESERVED_INPUT_WITH_WEAK_PULLUP                           ;        ;              ;         ; Row I/O    ;                 ; no       ; On           ;
; G3       ;            ; 1        ; VCCIO1                                                    ; power  ;              ; 2.5V    ; --         ;                 ; --       ; --           ;
; G4       ;            ;          ; GND                                                       ; gnd    ;              ;         ; --         ;                 ; --       ; --           ;
; G5       ; 12         ; 1        ; RESERVED_INPUT_WITH_WEAK_PULLUP                           ;        ;              ;         ; Row I/O    ;                 ; no       ; On           ;
; G6       ;            ;          ; VCCINT                                                    ; power  ;              ; 1.2V    ; --         ;                 ; --       ; --           ;
; G7       ;            ;          ; VCCINT                                                    ; power  ;              ; 1.2V    ; --         ;                 ; --       ; --           ;
; G8       ;            ;          ; VCCINT                                                    ; power  ;              ; 1.2V    ; --         ;                 ; --       ; --           ;
; G9       ;            ;          ; VCCINT                                                    ; power  ;              ; 1.2V    ; --         ;                 ; --       ; --           ;
; G10      ;            ;          ; VCCINT                                                    ; power  ;              ; 1.2V    ; --         ;                 ; --       ; --           ;
; G11      ;            ;          ; GND                                                       ; gnd    ;              ;         ; --         ;                 ; --       ; --           ;
; G12      ; 155        ; 6        ; ^MSEL2                                                    ;        ;              ;         ; --         ;                 ; --       ; --           ;
; G12      ; 156        ; 6        ; ^MSEL3                                                    ;        ;              ;         ; --         ;                 ; --       ; --           ;
; G13      ;            ;          ; GND                                                       ; gnd    ;              ;         ; --         ;                 ; --       ; --           ;
; G14      ;            ; 6        ; VCCIO6                                                    ; power  ;              ; 2.5V    ; --         ;                 ; --       ; --           ;
; G15      ; 160        ; 6        ; RESERVED_INPUT_WITH_WEAK_PULLUP                           ;        ;              ;         ; Row I/O    ;                 ; no       ; On           ;
; G16      ; 159        ; 6        ; RESERVED_INPUT_WITH_WEAK_PULLUP                           ;        ;              ;         ; Row I/O    ;                 ; no       ; On           ;
; H1       ; 17         ; 1        ; ~ALTERA_DCLK~                                             ; output ; 2.5 V        ;         ; Row I/O    ; N               ; no       ; On           ;
; H2       ; 18         ; 1        ; ~ALTERA_DATA0~ / RESERVED_INPUT_WITH_WEAK_PULLUP          ; input  ; 2.5 V        ;         ; Row I/O    ; N               ; no       ; On           ;
; H3       ; 21         ; 1        ; #TCK                                                      ; input  ;              ;         ; --         ;                 ; --       ; --           ;
; H4       ; 20         ; 1        ; #TDI                                                      ; input  ;              ;         ; --         ;                 ; --       ; --           ;
; H5       ; 19         ; 1        ; ^nCONFIG                                                  ;        ;              ;         ; --         ;                 ; --       ; --           ;
; H6       ;            ;          ; VCCINT                                                    ; power  ;              ; 1.2V    ; --         ;                 ; --       ; --           ;
; H7       ;            ;          ; GND                                                       ; gnd    ;              ;         ; --         ;                 ; --       ; --           ;
; H8       ;            ;          ; GND                                                       ; gnd    ;              ;         ; --         ;                 ; --       ; --           ;
; H9       ;            ;          ; GND                                                       ; gnd    ;              ;         ; --         ;                 ; --       ; --           ;
; H10      ;            ;          ; GND                                                       ; gnd    ;              ;         ; --         ;                 ; --       ; --           ;
; H11      ;            ;          ; VCCINT                                                    ; power  ;              ; 1.2V    ; --         ;                 ; --       ; --           ;
; H12      ; 154        ; 6        ; ^MSEL1                                                    ;        ;              ;         ; --         ;                 ; --       ; --           ;
; H13      ; 153        ; 6        ; ^MSEL0                                                    ;        ;              ;         ; --         ;                 ; --       ; --           ;
; H14      ; 152        ; 6        ; ^CONF_DONE                                                ;        ;              ;         ; --         ;                 ; --       ; --           ;
; H15      ;            ;          ; GND                                                       ; gnd    ;              ;         ; --         ;                 ; --       ; --           ;
; H16      ;            ;          ; GND                                                       ; gnd    ;              ;         ; --         ;                 ; --       ; --           ;
; J1       ; 30         ; 2        ; RESERVED_INPUT_WITH_WEAK_PULLUP                           ;        ;              ;         ; Row I/O    ;                 ; no       ; On           ;
; J2       ; 29         ; 2        ; RESERVED_INPUT_WITH_WEAK_PULLUP                           ;        ;              ;         ; Row I/O    ;                 ; no       ; On           ;
; J3       ; 24         ; 1        ; ^nCE                                                      ;        ;              ;         ; --         ;                 ; --       ; --           ;
; J4       ; 23         ; 1        ; #TDO                                                      ; output ;              ;         ; --         ;                 ; --       ; --           ;
; J5       ; 22         ; 1        ; #TMS                                                      ; input  ;              ;         ; --         ;                 ; --       ; --           ;
; J6       ;            ;          ; VCCINT                                                    ; power  ;              ; 1.2V    ; --         ;                 ; --       ; --           ;
; J7       ;            ;          ; GND                                                       ; gnd    ;              ;         ; --         ;                 ; --       ; --           ;
; J8       ;            ;          ; GND                                                       ; gnd    ;              ;         ; --         ;                 ; --       ; --           ;
; J9       ;            ;          ; GND                                                       ; gnd    ;              ;         ; --         ;                 ; --       ; --           ;
; J10      ;            ;          ; GND                                                       ; gnd    ;              ;         ; --         ;                 ; --       ; --           ;
; J11      ;            ;          ; GND                                                       ; gnd    ;              ;         ; --         ;                 ; --       ; --           ;
; J12      ;            ;          ; VCCINT                                                    ; power  ;              ; 1.2V    ; --         ;                 ; --       ; --           ;
; J13      ; 146        ; 5        ; RESERVED_INPUT_WITH_WEAK_PULLUP                           ;        ;              ;         ; Row I/O    ;                 ; no       ; On           ;
; J14      ; 144        ; 5        ; RESERVED_INPUT_WITH_WEAK_PULLUP                           ;        ;              ;         ; Row I/O    ;                 ; no       ; On           ;
; J15      ; 143        ; 5        ; RESERVED_INPUT_WITH_WEAK_PULLUP                           ;        ;              ;         ; Row I/O    ;                 ; no       ; On           ;
; J16      ; 142        ; 5        ; RESERVED_INPUT_WITH_WEAK_PULLUP                           ;        ;              ;         ; Row I/O    ;                 ; no       ; On           ;
; K1       ; 37         ; 2        ; RESERVED_INPUT_WITH_WEAK_PULLUP                           ;        ;              ;         ; Row I/O    ;                 ; no       ; On           ;
; K2       ; 36         ; 2        ; RESERVED_INPUT_WITH_WEAK_PULLUP                           ;        ;              ;         ; Row I/O    ;                 ; no       ; On           ;
; K3       ;            ; 2        ; VCCIO2                                                    ; power  ;              ; 2.5V    ; --         ;                 ; --       ; --           ;
; K4       ;            ;          ; GND                                                       ; gnd    ;              ;         ; --         ;                 ; --       ; --           ;
; K5       ; 45         ; 2        ; RESERVED_INPUT_WITH_WEAK_PULLUP                           ;        ;              ;         ; Row I/O    ;                 ; no       ; On           ;
; K6       ;            ;          ; GND                                                       ; gnd    ;              ;         ; --         ;                 ; --       ; --           ;
; K7       ;            ;          ; VCCINT                                                    ; power  ;              ; 1.2V    ; --         ;                 ; --       ; --           ;
; K8       ;            ;          ; GND                                                       ; gnd    ;              ;         ; --         ;                 ; --       ; --           ;
; K9       ;            ;          ; VCCINT                                                    ; power  ;              ; 1.2V    ; --         ;                 ; --       ; --           ;
; K10      ;            ;          ; VCCINT                                                    ; power  ;              ; 1.2V    ; --         ;                 ; --       ; --           ;
; K11      ;            ;          ; VCCINT                                                    ; power  ;              ; 1.2V    ; --         ;                 ; --       ; --           ;
; K12      ;            ;          ; GND                                                       ; gnd    ;              ;         ; --         ;                 ; --       ; --           ;
; K13      ;            ;          ; GND                                                       ; gnd    ;              ;         ; --         ;                 ; --       ; --           ;
; K14      ;            ; 5        ; VCCIO5                                                    ; power  ;              ; 2.5V    ; --         ;                 ; --       ; --           ;
; K15      ; 141        ; 5        ; RESERVED_INPUT_WITH_WEAK_PULLUP                           ;        ;              ;         ; Row I/O    ;                 ; no       ; On           ;
; K16      ; 140        ; 5        ; RESERVED_INPUT_WITH_WEAK_PULLUP                           ;        ;              ;         ; Row I/O    ;                 ; no       ; On           ;
; L1       ; 39         ; 2        ; RESERVED_INPUT_WITH_WEAK_PULLUP                           ;        ;              ;         ; Row I/O    ;                 ; no       ; On           ;
; L2       ; 38         ; 2        ; RESERVED_INPUT_WITH_WEAK_PULLUP                           ;        ;              ;         ; Row I/O    ;                 ; no       ; On           ;
; L3       ; 40         ; 2        ; LOCK                                                      ; output ; 2.5 V        ;         ; Row I/O    ; Y               ; no       ; Off          ;
; L4       ; 46         ; 2        ; RESERVED_INPUT_WITH_WEAK_PULLUP                           ;        ;              ;         ; Row I/O    ;                 ; no       ; On           ;
; L5       ;            ; --       ; VCCA1                                                     ; power  ;              ; 2.5V    ; --         ;                 ; --       ; --           ;
; L6       ;            ;          ; VCCINT                                                    ; power  ;              ; 1.2V    ; --         ;                 ; --       ; --           ;
; L7       ; 75         ; 3        ; RESERVED_INPUT_WITH_WEAK_PULLUP                           ;        ;              ;         ; Column I/O ;                 ; no       ; On           ;
; L8       ; 79         ; 3        ; RESERVED_INPUT_WITH_WEAK_PULLUP                           ;        ;              ;         ; Column I/O ;                 ; no       ; On           ;
; L9       ;            ;          ; GND                                                       ; gnd    ;              ;         ; --         ;                 ; --       ; --           ;
; L10      ;            ;          ; GND                                                       ; gnd    ;              ;         ; --         ;                 ; --       ; --           ;
; L11      ;            ;          ; GND                                                       ; gnd    ;              ;         ; --         ;                 ; --       ; --           ;
; L12      ;            ; --       ; VCCA4                                                     ; power  ;              ; 2.5V    ; --         ;                 ; --       ; --           ;
; L13      ; 136        ; 5        ; RESERVED_INPUT_WITH_WEAK_PULLUP                           ;        ;              ;         ; Row I/O    ;                 ; no       ; On           ;
; L14      ; 134        ; 5        ; RESERVED_INPUT_WITH_WEAK_PULLUP                           ;        ;              ;         ; Row I/O    ;                 ; --       ; --           ;
; L15      ; 138        ; 5        ; RESERVED_INPUT_WITH_WEAK_PULLUP                           ;        ;              ;         ; Row I/O    ;                 ; no       ; On           ;
; L16      ; 137        ; 5        ; RESERVED_INPUT_WITH_WEAK_PULLUP                           ;        ;              ;         ; Row I/O    ;                 ; no       ; On           ;
; M1       ; 28         ; 2        ; GND+                                                      ;        ;              ;         ; Row I/O    ;                 ; --       ; --           ;
; M2       ; 27         ; 2        ; GND+                                                      ;        ;              ;         ; Row I/O    ;                 ; --       ; --           ;
; M3       ;            ; 2        ; VCCIO2                                                    ; power  ;              ; 2.5V    ; --         ;                 ; --       ; --           ;
; M4       ;            ;          ; GND                                                       ; gnd    ;              ;         ; --         ;                 ; --       ; --           ;
; M5       ;            ;          ; GNDA1                                                     ; gnd    ;              ;         ; --         ;                 ; --       ; --           ;
; M6       ; 64         ; 3        ; RESERVED_INPUT_WITH_WEAK_PULLUP                           ;        ;              ;         ; Column I/O ;                 ; no       ; On           ;
; M7       ; 68         ; 3        ; RESERVED_INPUT_WITH_WEAK_PULLUP                           ;        ;              ;         ; Column I/O ;                 ; no       ; On           ;
; M8       ; 81         ; 3        ; RESERVED_INPUT_WITH_WEAK_PULLUP                           ;        ;              ;         ; Column I/O ;                 ; no       ; On           ;
; M9       ;            ;          ; VCCINT                                                    ; power  ;              ; 1.2V    ; --         ;                 ; --       ; --           ;
; M10      ; 111        ; 4        ; RESERVED_INPUT_WITH_WEAK_PULLUP                           ;        ;              ;         ; Column I/O ;                 ; no       ; On           ;
; M11      ;            ;          ; VCCINT                                                    ; power  ;              ; 1.2V    ; --         ;                 ; --       ; --           ;
; M12      ;            ;          ; GNDA4                                                     ; gnd    ;              ;         ; --         ;                 ; --       ; --           ;
; M13      ;            ;          ; GND                                                       ; gnd    ;              ;         ; --         ;                 ; --       ; --           ;
; M14      ;            ; 5        ; VCCIO5                                                    ; power  ;              ; 2.5V    ; --         ;                 ; --       ; --           ;
; M15      ; 149        ; 5        ; GND+                                                      ;        ;              ;         ; Row I/O    ;                 ; --       ; --           ;
; M16      ; 148        ; 5        ; GND+                                                      ;        ;              ;         ; Row I/O    ;                 ; --       ; --           ;
; N1       ; 44         ; 2        ; RESERVED_INPUT_WITH_WEAK_PULLUP                           ;        ;              ;         ; Row I/O    ;                 ; no       ; On           ;
; N2       ; 43         ; 2        ; RESERVED_INPUT_WITH_WEAK_PULLUP                           ;        ;              ;         ; Row I/O    ;                 ; no       ; On           ;
; N3       ; 52         ; 3        ; RESERVED_INPUT_WITH_WEAK_PULLUP                           ;        ;              ;         ; Column I/O ;                 ; no       ; On           ;
; N4       ;            ;          ; VCCD_PLL1                                                 ; power  ;              ; 1.2V    ; --         ;                 ; --       ; --           ;
; N5       ; 62         ; 3        ; RESERVED_INPUT_WITH_WEAK_PULLUP                           ;        ;              ;         ; Column I/O ;                 ; no       ; On           ;
; N6       ; 63         ; 3        ; RESERVED_INPUT_WITH_WEAK_PULLUP                           ;        ;              ;         ; Column I/O ;                 ; no       ; On           ;
; N7       ;            ;          ; GND                                                       ; gnd    ;              ;         ; --         ;                 ; --       ; --           ;
; N8       ; 82         ; 3        ; RESERVED_INPUT_WITH_WEAK_PULLUP                           ;        ;              ;         ; Column I/O ;                 ; no       ; On           ;
; N9       ; 93         ; 4        ; RESERVED_INPUT_WITH_WEAK_PULLUP                           ;        ;              ;         ; Column I/O ;                 ; no       ; On           ;
; N10      ;            ;          ; GND                                                       ; gnd    ;              ;         ; --         ;                 ; --       ; --           ;
; N11      ; 112        ; 4        ; RESERVED_INPUT_WITH_WEAK_PULLUP                           ;        ;              ;         ; Column I/O ;                 ; no       ; On           ;
; N12      ; 117        ; 4        ; RESERVED_INPUT_WITH_WEAK_PULLUP                           ;        ;              ;         ; Column I/O ;                 ; no       ; On           ;
; N13      ;            ;          ; VCCD_PLL4                                                 ; power  ;              ; 1.2V    ; --         ;                 ; --       ; --           ;
; N14      ; 126        ; 5        ; RESERVED_INPUT_WITH_WEAK_PULLUP                           ;        ;              ;         ; Row I/O    ;                 ; no       ; On           ;
; N15      ; 133        ; 5        ; RESERVED_INPUT_WITH_WEAK_PULLUP                           ;        ;              ;         ; Row I/O    ;                 ; no       ; On           ;
; N16      ; 132        ; 5        ; RESERVED_INPUT_WITH_WEAK_PULLUP                           ;        ;              ;         ; Row I/O    ;                 ; no       ; On           ;
; P1       ; 51         ; 2        ; RESERVED_INPUT_WITH_WEAK_PULLUP                           ;        ;              ;         ; Row I/O    ;                 ; no       ; On           ;
; P2       ; 50         ; 2        ; RESERVED_INPUT_WITH_WEAK_PULLUP                           ;        ;              ;         ; Row I/O    ;                 ; no       ; On           ;
; P3       ; 53         ; 3        ; RESERVED_INPUT_WITH_WEAK_PULLUP                           ;        ;              ;         ; Column I/O ;                 ; no       ; On           ;
; P4       ;            ; 3        ; VCCIO3                                                    ; power  ;              ; 2.5V    ; --         ;                 ; --       ; --           ;
; P5       ;            ;          ; GND                                                       ; gnd    ;              ;         ; --         ;                 ; --       ; --           ;
; P6       ; 67         ; 3        ; RESERVED_INPUT_WITH_WEAK_PULLUP                           ;        ;              ;         ; Column I/O ;                 ; --       ; --           ;
; P7       ;            ; 3        ; VCCIO3                                                    ; power  ;              ; 2.5V    ; --         ;                 ; --       ; --           ;
; P8       ; 85         ; 3        ; RESERVED_INPUT_WITH_WEAK_PULLUP                           ;        ;              ;         ; Column I/O ;                 ; no       ; On           ;
; P9       ; 105        ; 4        ; RESERVED_INPUT_WITH_WEAK_PULLUP                           ;        ;              ;         ; Column I/O ;                 ; no       ; On           ;
; P10      ;            ; 4        ; VCCIO4                                                    ; power  ;              ; 2.5V    ; --         ;                 ; --       ; --           ;
; P11      ; 106        ; 4        ; RESERVED_INPUT_WITH_WEAK_PULLUP                           ;        ;              ;         ; Column I/O ;                 ; --       ; --           ;
; P12      ;            ;          ; GND                                                       ; gnd    ;              ;         ; --         ;                 ; --       ; --           ;
; P13      ;            ; 4        ; VCCIO4                                                    ; power  ;              ; 2.5V    ; --         ;                 ; --       ; --           ;
; P14      ; 119        ; 4        ; RESERVED_INPUT_WITH_WEAK_PULLUP                           ;        ;              ;         ; Column I/O ;                 ; no       ; On           ;
; P15      ; 127        ; 5        ; RESERVED_INPUT_WITH_WEAK_PULLUP                           ;        ;              ;         ; Row I/O    ;                 ; no       ; On           ;
; P16      ; 128        ; 5        ; RESERVED_INPUT_WITH_WEAK_PULLUP                           ;        ;              ;         ; Row I/O    ;                 ; no       ; On           ;
; R1       ; 49         ; 2        ; RESERVED_INPUT_WITH_WEAK_PULLUP                           ;        ;              ;         ; Row I/O    ;                 ; no       ; On           ;
; R2       ;            ;          ; GND                                                       ; gnd    ;              ;         ; --         ;                 ; --       ; --           ;
; R3       ; 54         ; 3        ; RESERVED_INPUT_WITH_WEAK_PULLUP                           ;        ;              ;         ; Column I/O ;                 ; no       ; On           ;
; R4       ; 60         ; 3        ; RESERVED_INPUT_WITH_WEAK_PULLUP                           ;        ;              ;         ; Column I/O ;                 ; no       ; On           ;
; R5       ; 71         ; 3        ; modo                                                      ; output ; 2.5 V        ;         ; Column I/O ; N               ; no       ; Off          ;
; R6       ; 73         ; 3        ; RESERVED_INPUT_WITH_WEAK_PULLUP                           ;        ;              ;         ; Column I/O ;                 ; no       ; On           ;
; R7       ; 76         ; 3        ; RESERVED_INPUT_WITH_WEAK_PULLUP                           ;        ;              ;         ; Column I/O ;                 ; no       ; On           ;
; R8       ; 86         ; 3        ; inclk0                                                    ; input  ; 2.5 V        ;         ; Column I/O ; Y               ; no       ; Off          ;
; R9       ; 88         ; 4        ; GND+                                                      ;        ;              ;         ; Column I/O ;                 ; --       ; --           ;
; R10      ; 96         ; 4        ; RESERVED_INPUT_WITH_WEAK_PULLUP                           ;        ;              ;         ; Column I/O ;                 ; no       ; On           ;
; R11      ; 98         ; 4        ; RESERVED_INPUT_WITH_WEAK_PULLUP                           ;        ;              ;         ; Column I/O ;                 ; no       ; On           ;
; R12      ; 100        ; 4        ; RESERVED_INPUT_WITH_WEAK_PULLUP                           ;        ;              ;         ; Column I/O ;                 ; no       ; On           ;
; R13      ; 107        ; 4        ; RESERVED_INPUT_WITH_WEAK_PULLUP                           ;        ;              ;         ; Column I/O ;                 ; no       ; On           ;
; R14      ; 120        ; 4        ; RESERVED_INPUT_WITH_WEAK_PULLUP                           ;        ;              ;         ; Column I/O ;                 ; no       ; On           ;
; R15      ;            ;          ; GND                                                       ; gnd    ;              ;         ; --         ;                 ; --       ; --           ;
; R16      ; 129        ; 5        ; RESERVED_INPUT_WITH_WEAK_PULLUP                           ;        ;              ;         ; Row I/O    ;                 ; no       ; On           ;
; T1       ;            ; 3        ; VCCIO3                                                    ; power  ;              ; 2.5V    ; --         ;                 ; --       ; --           ;
; T2       ; 59         ; 3        ; RESERVED_INPUT_WITH_WEAK_PULLUP                           ;        ;              ;         ; Column I/O ;                 ; no       ; On           ;
; T3       ; 55         ; 3        ; RESERVED_INPUT_WITH_WEAK_PULLUP                           ;        ;              ;         ; Column I/O ;                 ; no       ; On           ;
; T4       ; 61         ; 3        ; RESERVED_INPUT_WITH_WEAK_PULLUP                           ;        ;              ;         ; Column I/O ;                 ; no       ; On           ;
; T5       ; 72         ; 3        ; RESERVED_INPUT_WITH_WEAK_PULLUP                           ;        ;              ;         ; Column I/O ;                 ; no       ; On           ;
; T6       ; 74         ; 3        ; RESERVED_INPUT_WITH_WEAK_PULLUP                           ;        ;              ;         ; Column I/O ;                 ; no       ; On           ;
; T7       ; 77         ; 3        ; RESERVED_INPUT_WITH_WEAK_PULLUP                           ;        ;              ;         ; Column I/O ;                 ; no       ; On           ;
; T8       ; 87         ; 3        ; GND+                                                      ;        ;              ;         ; Column I/O ;                 ; --       ; --           ;
; T9       ; 89         ; 4        ; GND+                                                      ;        ;              ;         ; Column I/O ;                 ; --       ; --           ;
; T10      ; 97         ; 4        ; RESERVED_INPUT_WITH_WEAK_PULLUP                           ;        ;              ;         ; Column I/O ;                 ; no       ; On           ;
; T11      ; 99         ; 4        ; RESERVED_INPUT_WITH_WEAK_PULLUP                           ;        ;              ;         ; Column I/O ;                 ; no       ; On           ;
; T12      ; 101        ; 4        ; RESERVED_INPUT_WITH_WEAK_PULLUP                           ;        ;              ;         ; Column I/O ;                 ; no       ; On           ;
; T13      ; 108        ; 4        ; RESERVED_INPUT_WITH_WEAK_PULLUP                           ;        ;              ;         ; Column I/O ;                 ; no       ; On           ;
; T14      ; 115        ; 4        ; RESERVED_INPUT_WITH_WEAK_PULLUP                           ;        ;              ;         ; Column I/O ;                 ; no       ; On           ;
; T15      ; 116        ; 4        ; RESERVED_INPUT_WITH_WEAK_PULLUP                           ;        ;              ;         ; Column I/O ;                 ; no       ; On           ;
; T16      ;            ; 4        ; VCCIO4                                                    ; power  ;              ; 2.5V    ; --         ;                 ; --       ; --           ;
+----------+------------+----------+-----------------------------------------------------------+--------+--------------+---------+------------+-----------------+----------+--------------+
Note: Pin directions (input, output or bidir) are based on device operating in user mode.


+-------------------------------------------------------------------------------------------------------------------------------------------------+
; PLL Summary                                                                                                                                     ;
+-------------------------------+-----------------------------------------------------------------------------------------------------------------+
; Name                          ; subsistema2esquematico:inst|Block1:inst|altpll0:inst|altpll:altpll_component|altpll0_altpll:auto_generated|pll1 ;
+-------------------------------+-----------------------------------------------------------------------------------------------------------------+
; SDC pin name                  ; inst|inst|inst|altpll_component|auto_generated|pll1                                                             ;
; PLL mode                      ; Normal                                                                                                          ;
; Compensate clock              ; clock0                                                                                                          ;
; Compensated input/output pins ; --                                                                                                              ;
; Switchover type               ; --                                                                                                              ;
; Input frequency 0             ; 50.0 MHz                                                                                                        ;
; Input frequency 1             ; --                                                                                                              ;
; Nominal PFD frequency         ; 50.0 MHz                                                                                                        ;
; Nominal VCO frequency         ; 300.0 MHz                                                                                                       ;
; VCO post scale K counter      ; 2                                                                                                               ;
; VCO frequency control         ; Auto                                                                                                            ;
; VCO phase shift step          ; 416 ps                                                                                                          ;
; VCO multiply                  ; --                                                                                                              ;
; VCO divide                    ; --                                                                                                              ;
; Freq min lock                 ; 50.01 MHz                                                                                                       ;
; Freq max lock                 ; 108.37 MHz                                                                                                      ;
; M VCO Tap                     ; 0                                                                                                               ;
; M Initial                     ; 1                                                                                                               ;
; M value                       ; 6                                                                                                               ;
; N value                       ; 1                                                                                                               ;
; Charge pump current           ; setting 1                                                                                                       ;
; Loop filter resistance        ; setting 27                                                                                                      ;
; Loop filter capacitance       ; setting 0                                                                                                       ;
; Bandwidth                     ; 1.03 MHz to 1.97 MHz                                                                                            ;
; Bandwidth type                ; Medium                                                                                                          ;
; Real time reconfigurable      ; Off                                                                                                             ;
; Scan chain MIF file           ; --                                                                                                              ;
; Preserve PLL counter order    ; Off                                                                                                             ;
; PLL location                  ; PLL_4                                                                                                           ;
; Inclk0 signal                 ; inclk0                                                                                                          ;
; Inclk1 signal                 ; --                                                                                                              ;
; Inclk0 signal type            ; Dedicated Pin                                                                                                   ;
; Inclk1 signal type            ; --                                                                                                              ;
+-------------------------------+-----------------------------------------------------------------------------------------------------------------+


+---------------------------------------------------------------------------------------------------------------------------------------------------------------------------------------------------------------------------------------------------------------------------------------------------------------------------------------------------------------------------------+
; PLL Usage                                                                                                                                                                                                                                                                                                                                                                       ;
+----------------------------------------------------------------------------------------------------------------------------------------+--------------+------+-------+------------------+-------------+------------------+------------+---------+---------------+--------------+---------------+---------+---------+------------------------------------------------------------+
; Name                                                                                                                                   ; Output Clock ; Mult ; Div   ; Output Frequency ; Phase Shift ; Phase Shift Step ; Duty Cycle ; Counter ; Counter Value ; High / Low   ; Cascade Input ; Initial ; VCO Tap ; SDC Pin Name                                               ;
+----------------------------------------------------------------------------------------------------------------------------------------+--------------+------+-------+------------------+-------------+------------------+------------+---------+---------------+--------------+---------------+---------+---------+------------------------------------------------------------+
; subsistema2esquematico:inst|Block1:inst|altpll0:inst|altpll:altpll_component|altpll0_altpll:auto_generated|wire_pll1_clk[0]            ; clock0       ; 2    ; 125   ; 0.8 MHz          ; 0 (0 ps)    ; 0.12 (416 ps)    ; 32/68      ; C0      ; 375           ; 120/255 Even ; --            ; 1       ; 0       ; inst|inst|inst|altpll_component|auto_generated|pll1|clk[0] ;
; subsistema2esquematico:inst|Block1:inst|altpll0:inst|altpll:altpll_component|altpll0_altpll:auto_generated|wire_pll1_clk[1]            ; clock1       ; 2    ; 125   ; 0.8 MHz          ; 0 (0 ps)    ; 0.12 (416 ps)    ; 64/36      ; C1      ; 375           ; 240/135 Even ; --            ; 1       ; 0       ; inst|inst|inst|altpll_component|auto_generated|pll1|clk[1] ;
; subsistema2esquematico:inst|Block1:inst|altpll0:inst|altpll:altpll_component|altpll0_altpll:auto_generated|wire_pll1_clk[2]            ; clock2       ; 1    ; 25000 ; 0.0 MHz          ; 0 (0 ps)    ; 0.09 (416 ps)    ; 50/50      ; C3      ; 500           ; 250/250 Even ; C2            ; 1       ; 0       ; inst|inst|inst|altpll_component|auto_generated|pll1|clk[2] ;
; subsistema2esquematico:inst|Block1:inst|altpll0:inst|altpll:altpll_component|altpll0_altpll:auto_generated|wire_pll1_clk[2]~cascade_in ; --           ; --   ; --    ; --               ; --          ; --               ; --         ; C2      ; 300           ; 150/150 Even ; --            ; 1       ; 0       ;                                                            ;
+----------------------------------------------------------------------------------------------------------------------------------------+--------------+------+-------+------------------+-------------+------------------+------------+---------+---------------+--------------+---------------+---------+---------+------------------------------------------------------------+


+------------------------------------------------------------------------------------------------------------------------------------------------------------------------------------------------------------------------------------------------------------------------------------------------------------------------------------------------------------------------------------------------+
; Fitter Resource Utilization by Entity                                                                                                                                                                                                                                                                                                                                                          ;
+------------------------------------------------+-------------+---------------------------+---------------+-------------+------+--------------+---------+-----------+------+--------------+--------------+-------------------+------------------+--------------------------------------------------------------------------------------------------------------------------------+--------------+
; Compilation Hierarchy Node                     ; Logic Cells ; Dedicated Logic Registers ; I/O Registers ; Memory Bits ; M9Ks ; DSP Elements ; DSP 9x9 ; DSP 18x18 ; Pins ; Virtual Pins ; LUT-Only LCs ; Register-Only LCs ; LUT/Register LCs ; Full Hierarchy Name                                                                                                            ; Library Name ;
+------------------------------------------------+-------------+---------------------------+---------------+-------------+------+--------------+---------+-----------+------+--------------+--------------+-------------------+------------------+--------------------------------------------------------------------------------------------------------------------------------+--------------+
; |proyecto_final                                ; 1359 (17)   ; 777 (9)                   ; 0 (0)         ; 0           ; 0    ; 0            ; 0       ; 0         ; 20   ; 0            ; 582 (8)      ; 91 (6)            ; 686 (3)          ; |proyecto_final                                                                                                                ; work         ;
;    |Detector_Victoria:inst5|                   ; 15 (15)     ; 0 (0)                     ; 0 (0)         ; 0           ; 0    ; 0            ; 0       ; 0         ; 0    ; 0            ; 15 (15)      ; 0 (0)             ; 0 (0)            ; |proyecto_final|Detector_Victoria:inst5                                                                                        ; work         ;
;    |MaquinaFinal1:inst1|                       ; 65 (5)      ; 15 (0)                    ; 0 (0)         ; 0           ; 0    ; 0            ; 0       ; 0         ; 0    ; 0            ; 50 (5)       ; 0 (0)             ; 15 (0)           ; |proyecto_final|MaquinaFinal1:inst1                                                                                            ; work         ;
;       |lpm_counter4:inst9|                     ; 3 (0)       ; 2 (0)                     ; 0 (0)         ; 0           ; 0    ; 0            ; 0       ; 0         ; 0    ; 0            ; 1 (0)        ; 0 (0)             ; 2 (0)            ; |proyecto_final|MaquinaFinal1:inst1|lpm_counter4:inst9                                                                         ; work         ;
;          |lpm_counter:LPM_COUNTER_component|   ; 3 (0)       ; 2 (0)                     ; 0 (0)         ; 0           ; 0    ; 0            ; 0       ; 0         ; 0    ; 0            ; 1 (0)        ; 0 (0)             ; 2 (0)            ; |proyecto_final|MaquinaFinal1:inst1|lpm_counter4:inst9|lpm_counter:LPM_COUNTER_component                                       ; work         ;
;             |cntr_70k:auto_generated|          ; 3 (3)       ; 2 (2)                     ; 0 (0)         ; 0           ; 0    ; 0            ; 0       ; 0         ; 0    ; 0            ; 1 (1)        ; 0 (0)             ; 2 (2)            ; |proyecto_final|MaquinaFinal1:inst1|lpm_counter4:inst9|lpm_counter:LPM_COUNTER_component|cntr_70k:auto_generated               ; work         ;
;       |lpm_counter5:inst10|                    ; 3 (0)       ; 2 (0)                     ; 0 (0)         ; 0           ; 0    ; 0            ; 0       ; 0         ; 0    ; 0            ; 1 (0)        ; 0 (0)             ; 2 (0)            ; |proyecto_final|MaquinaFinal1:inst1|lpm_counter5:inst10                                                                        ; work         ;
;          |lpm_counter:LPM_COUNTER_component|   ; 3 (0)       ; 2 (0)                     ; 0 (0)         ; 0           ; 0    ; 0            ; 0       ; 0         ; 0    ; 0            ; 1 (0)        ; 0 (0)             ; 2 (0)            ; |proyecto_final|MaquinaFinal1:inst1|lpm_counter5:inst10|lpm_counter:LPM_COUNTER_component                                      ; work         ;
;             |cntr_70k:auto_generated|          ; 3 (3)       ; 2 (2)                     ; 0 (0)         ; 0           ; 0    ; 0            ; 0       ; 0         ; 0    ; 0            ; 1 (1)        ; 0 (0)             ; 2 (2)            ; |proyecto_final|MaquinaFinal1:inst1|lpm_counter5:inst10|lpm_counter:LPM_COUNTER_component|cntr_70k:auto_generated              ; work         ;
;       |lpm_counter6:inst3|                     ; 3 (0)       ; 2 (0)                     ; 0 (0)         ; 0           ; 0    ; 0            ; 0       ; 0         ; 0    ; 0            ; 1 (0)        ; 0 (0)             ; 2 (0)            ; |proyecto_final|MaquinaFinal1:inst1|lpm_counter6:inst3                                                                         ; work         ;
;          |lpm_counter:LPM_COUNTER_component|   ; 3 (0)       ; 2 (0)                     ; 0 (0)         ; 0           ; 0    ; 0            ; 0       ; 0         ; 0    ; 0            ; 1 (0)        ; 0 (0)             ; 2 (0)            ; |proyecto_final|MaquinaFinal1:inst1|lpm_counter6:inst3|lpm_counter:LPM_COUNTER_component                                       ; work         ;
;             |cntr_70k:auto_generated|          ; 3 (3)       ; 2 (2)                     ; 0 (0)         ; 0           ; 0    ; 0            ; 0       ; 0         ; 0    ; 0            ; 1 (1)        ; 0 (0)             ; 2 (2)            ; |proyecto_final|MaquinaFinal1:inst1|lpm_counter6:inst3|lpm_counter:LPM_COUNTER_component|cntr_70k:auto_generated               ; work         ;
;       |maquina2:inst1|                         ; 51 (51)     ; 9 (9)                     ; 0 (0)         ; 0           ; 0    ; 0            ; 0       ; 0         ; 0    ; 0            ; 42 (42)      ; 0 (0)             ; 9 (9)            ; |proyecto_final|MaquinaFinal1:inst1|maquina2:inst1                                                                             ; work         ;
;    |Memoria_tablero:inst6|                     ; 29 (29)     ; 18 (18)                   ; 0 (0)         ; 0           ; 0    ; 0            ; 0       ; 0         ; 0    ; 0            ; 11 (11)      ; 13 (13)           ; 5 (5)            ; |proyecto_final|Memoria_tablero:inst6                                                                                          ; work         ;
;    |Validar_movimiento:inst8|                  ; 20 (20)     ; 0 (0)                     ; 0 (0)         ; 0           ; 0    ; 0            ; 0       ; 0         ; 0    ; 0            ; 18 (18)      ; 0 (0)             ; 2 (2)            ; |proyecto_final|Validar_movimiento:inst8                                                                                       ; work         ;
;    |driver:inst12|                             ; 29 (29)     ; 17 (17)                   ; 0 (0)         ; 0           ; 0    ; 0            ; 0       ; 0         ; 0    ; 0            ; 12 (12)      ; 4 (4)             ; 13 (13)          ; |proyecto_final|driver:inst12                                                                                                  ; work         ;
;    |registros:inst2|                           ; 22 (22)     ; 22 (22)                   ; 0 (0)         ; 0           ; 0    ; 0            ; 0       ; 0         ; 0    ; 0            ; 0 (0)        ; 0 (0)             ; 22 (22)          ; |proyecto_final|registros:inst2                                                                                                ; work         ;
;    |subsistema2esquematico:inst|               ; 1092 (0)    ; 661 (0)                   ; 0 (0)         ; 0           ; 0    ; 0            ; 0       ; 0         ; 0    ; 0            ; 429 (0)      ; 64 (0)            ; 599 (0)          ; |proyecto_final|subsistema2esquematico:inst                                                                                    ; work         ;
;       |Block1:inst|                            ; 810 (5)     ; 398 (3)                   ; 0 (0)         ; 0           ; 0    ; 0            ; 0       ; 0         ; 0    ; 0            ; 296 (2)      ; 19 (1)            ; 495 (2)          ; |proyecto_final|subsistema2esquematico:inst|Block1:inst                                                                        ; work         ;
;          |altpll0:inst|                        ; 0 (0)       ; 0 (0)                     ; 0 (0)         ; 0           ; 0    ; 0            ; 0       ; 0         ; 0    ; 0            ; 0 (0)        ; 0 (0)             ; 0 (0)            ; |proyecto_final|subsistema2esquematico:inst|Block1:inst|altpll0:inst                                                           ; work         ;
;             |altpll:altpll_component|          ; 0 (0)       ; 0 (0)                     ; 0 (0)         ; 0           ; 0    ; 0            ; 0       ; 0         ; 0    ; 0            ; 0 (0)        ; 0 (0)             ; 0 (0)            ; |proyecto_final|subsistema2esquematico:inst|Block1:inst|altpll0:inst|altpll:altpll_component                                   ; work         ;
;                |altpll0_altpll:auto_generated| ; 0 (0)       ; 0 (0)                     ; 0 (0)         ; 0           ; 0    ; 0            ; 0       ; 0         ; 0    ; 0            ; 0 (0)        ; 0 (0)             ; 0 (0)            ; |proyecto_final|subsistema2esquematico:inst|Block1:inst|altpll0:inst|altpll:altpll_component|altpll0_altpll:auto_generated     ; work         ;
;          |paralelo_serie_384b:inst1|           ; 793 (793)   ; 384 (384)                 ; 0 (0)         ; 0           ; 0    ; 0            ; 0       ; 0         ; 0    ; 0            ; 293 (293)    ; 18 (18)           ; 482 (482)        ; |proyecto_final|subsistema2esquematico:inst|Block1:inst|paralelo_serie_384b:inst1                                              ; work         ;
;          |pulso_384:inst12|                    ; 12 (12)     ; 11 (11)                   ; 0 (0)         ; 0           ; 0    ; 0            ; 0       ; 0         ; 0    ; 0            ; 1 (1)        ; 0 (0)             ; 11 (11)          ; |proyecto_final|subsistema2esquematico:inst|Block1:inst|pulso_384:inst12                                                       ; work         ;
;       |coloress2:inst1|                        ; 398 (398)   ; 263 (263)                 ; 0 (0)         ; 0           ; 0    ; 0            ; 0       ; 0         ; 0    ; 0            ; 133 (133)    ; 45 (45)           ; 220 (220)        ; |proyecto_final|subsistema2esquematico:inst|coloress2:inst1                                                                    ; work         ;
;    |tecladover2:inst7|                         ; 74 (8)      ; 35 (5)                    ; 0 (0)         ; 0           ; 0    ; 0            ; 0       ; 0         ; 0    ; 0            ; 39 (3)       ; 4 (0)             ; 31 (5)           ; |proyecto_final|tecladover2:inst7                                                                                              ; work         ;
;       |SM1:inst10|                             ; 5 (5)       ; 4 (4)                     ; 0 (0)         ; 0           ; 0    ; 0            ; 0       ; 0         ; 0    ; 0            ; 1 (1)        ; 0 (0)             ; 4 (4)            ; |proyecto_final|tecladover2:inst7|SM1:inst10                                                                                   ; work         ;
;       |SM1:inst6|                              ; 6 (6)       ; 4 (4)                     ; 0 (0)         ; 0           ; 0    ; 0            ; 0       ; 0         ; 0    ; 0            ; 2 (2)        ; 0 (0)             ; 4 (4)            ; |proyecto_final|tecladover2:inst7|SM1:inst6                                                                                    ; work         ;
;       |SM1:inst8|                              ; 8 (8)       ; 4 (4)                     ; 0 (0)         ; 0           ; 0    ; 0            ; 0       ; 0         ; 0    ; 0            ; 4 (4)        ; 0 (0)             ; 4 (4)            ; |proyecto_final|tecladover2:inst7|SM1:inst8                                                                                    ; work         ;
;       |SM1:inst9|                              ; 7 (7)       ; 4 (4)                     ; 0 (0)         ; 0           ; 0    ; 0            ; 0       ; 0         ; 0    ; 0            ; 3 (3)        ; 0 (0)             ; 4 (4)            ; |proyecto_final|tecladover2:inst7|SM1:inst9                                                                                    ; work         ;
;       |antirreboteimprovisado:inst15|          ; 13 (13)     ; 0 (0)                     ; 0 (0)         ; 0           ; 0    ; 0            ; 0       ; 0         ; 0    ; 0            ; 13 (13)      ; 0 (0)             ; 0 (0)            ; |proyecto_final|tecladover2:inst7|antirreboteimprovisado:inst15                                                                ; work         ;
;       |lpm_counter1:inst13|                    ; 8 (0)       ; 6 (0)                     ; 0 (0)         ; 0           ; 0    ; 0            ; 0       ; 0         ; 0    ; 0            ; 2 (0)        ; 0 (0)             ; 6 (0)            ; |proyecto_final|tecladover2:inst7|lpm_counter1:inst13                                                                          ; work         ;
;          |lpm_counter:LPM_COUNTER_component|   ; 8 (0)       ; 6 (0)                     ; 0 (0)         ; 0           ; 0    ; 0            ; 0       ; 0         ; 0    ; 0            ; 2 (0)        ; 0 (0)             ; 6 (0)            ; |proyecto_final|tecladover2:inst7|lpm_counter1:inst13|lpm_counter:LPM_COUNTER_component                                        ; work         ;
;             |cntr_p1k:auto_generated|          ; 8 (7)       ; 6 (6)                     ; 0 (0)         ; 0           ; 0    ; 0            ; 0       ; 0         ; 0    ; 0            ; 2 (1)        ; 0 (0)             ; 6 (6)            ; |proyecto_final|tecladover2:inst7|lpm_counter1:inst13|lpm_counter:LPM_COUNTER_component|cntr_p1k:auto_generated                ; work         ;
;                |cmpr_sgc:cmpr1|                ; 1 (1)       ; 0 (0)                     ; 0 (0)         ; 0           ; 0    ; 0            ; 0       ; 0         ; 0    ; 0            ; 1 (1)        ; 0 (0)             ; 0 (0)            ; |proyecto_final|tecladover2:inst7|lpm_counter1:inst13|lpm_counter:LPM_COUNTER_component|cntr_p1k:auto_generated|cmpr_sgc:cmpr1 ; work         ;
;       |maq_barrido:inst|                       ; 19 (19)     ; 8 (8)                     ; 0 (0)         ; 0           ; 0    ; 0            ; 0       ; 0         ; 0    ; 0            ; 11 (11)      ; 4 (4)             ; 4 (4)            ; |proyecto_final|tecladover2:inst7|maq_barrido:inst                                                                             ; work         ;
+------------------------------------------------+-------------+---------------------------+---------------+-------------+------+--------------+---------+-----------+------+--------------+--------------+-------------------+------------------+--------------------------------------------------------------------------------------------------------------------------------+--------------+
Note: For table entries with two numbers listed, the numbers in parentheses indicate the number of resources of the given type used by the specific entity alone. The numbers listed outside of parentheses indicate the total resources of the given type used by the specific entity and all of its sub-entities in the hierarchy.


+-------------------------------------------------------------------------------------------+
; Delay Chain Summary                                                                       ;
+-----------+----------+---------------+---------------+-----------------------+-----+------+
; Name      ; Pin Type ; Pad to Core 0 ; Pad to Core 1 ; Pad to Input Register ; TCO ; TCOE ;
+-----------+----------+---------------+---------------+-----------------------+-----+------+
; Y         ; Output   ; --            ; --            ; --                    ; --  ; --   ;
; l         ; Output   ; --            ; --            ; --                    ; --  ; --   ;
; l1        ; Output   ; --            ; --            ; --                    ; --  ; --   ;
; l2        ; Output   ; --            ; --            ; --                    ; --  ; --   ;
; l3        ; Output   ; --            ; --            ; --                    ; --  ; --   ;
; l4        ; Output   ; --            ; --            ; --                    ; --  ; --   ;
; LOCK      ; Output   ; --            ; --            ; --                    ; --  ; --   ;
; F1        ; Output   ; --            ; --            ; --                    ; --  ; --   ;
; F2        ; Output   ; --            ; --            ; --                    ; --  ; --   ;
; F3        ; Output   ; --            ; --            ; --                    ; --  ; --   ;
; F4        ; Output   ; --            ; --            ; --                    ; --  ; --   ;
; modo      ; Output   ; --            ; --            ; --                    ; --  ; --   ;
; empateeee ; Output   ; --            ; --            ; --                    ; --  ; --   ;
; vjug1     ; Output   ; --            ; --            ; --                    ; --  ; --   ;
; vjug2     ; Output   ; --            ; --            ; --                    ; --  ; --   ;
; inclk0    ; Input    ; --            ; --            ; --                    ; --  ; --   ;
; C4        ; Input    ; --            ; (6) 1314 ps   ; --                    ; --  ; --   ;
; C3        ; Input    ; (6) 1314 ps   ; --            ; --                    ; --  ; --   ;
; C1        ; Input    ; --            ; (6) 1314 ps   ; --                    ; --  ; --   ;
; C2        ; Input    ; (6) 1314 ps   ; --            ; --                    ; --  ; --   ;
+-----------+----------+---------------+---------------+-----------------------+-----+------+


+-------------------------------------------------------------------------------+
; Pad To Core Delay Chain Fanout                                                ;
+-------------------------------------------------+-------------------+---------+
; Source Pin / Fanout                             ; Pad To Core Index ; Setting ;
+-------------------------------------------------+-------------------+---------+
; inclk0                                          ;                   ;         ;
; C4                                              ;                   ;         ;
;      - tecladover2:inst7|SM1:inst10|Selector3~0 ; 1                 ; 6       ;
;      - tecladover2:inst7|SM1:inst10|Selector0~1 ; 1                 ; 6       ;
;      - tecladover2:inst7|SM1:inst10|Selector2~0 ; 1                 ; 6       ;
;      - tecladover2:inst7|SM1:inst10|Selector1~0 ; 1                 ; 6       ;
; C3                                              ;                   ;         ;
;      - tecladover2:inst7|SM1:inst9|Selector3~1  ; 0                 ; 6       ;
;      - tecladover2:inst7|SM1:inst9|Selector0~2  ; 0                 ; 6       ;
;      - tecladover2:inst7|SM1:inst9|Selector2~0  ; 0                 ; 6       ;
;      - tecladover2:inst7|SM1:inst9|Selector1~0  ; 0                 ; 6       ;
; C1                                              ;                   ;         ;
;      - tecladover2:inst7|SM1:inst6|Selector3~0  ; 1                 ; 6       ;
;      - tecladover2:inst7|SM1:inst6|Selector0~1  ; 1                 ; 6       ;
;      - tecladover2:inst7|SM1:inst6|Selector2~0  ; 1                 ; 6       ;
;      - tecladover2:inst7|SM1:inst6|Selector1~1  ; 1                 ; 6       ;
; C2                                              ;                   ;         ;
;      - tecladover2:inst7|SM1:inst8|Selector3~1  ; 0                 ; 6       ;
;      - tecladover2:inst7|SM1:inst8|Selector0~1  ; 0                 ; 6       ;
;      - tecladover2:inst7|SM1:inst8|Selector2~0  ; 0                 ; 6       ;
;      - tecladover2:inst7|SM1:inst8|Selector1~1  ; 0                 ; 6       ;
+-------------------------------------------------+-------------------+---------+


+-------------------------------------------------------------------------------------------------------------------------------------------------------------------------------------------------------------------------------------------------------------------------------+
; Control Signals                                                                                                                                                                                                                                                               ;
+-----------------------------------------------------------------------------------------------------------------------------+--------------------+---------+-----------------------------------+--------+----------------------+------------------+---------------------------+
; Name                                                                                                                        ; Location           ; Fan-Out ; Usage                             ; Global ; Global Resource Used ; Global Line Name ; Enable Signal Source Name ;
+-----------------------------------------------------------------------------------------------------------------------------+--------------------+---------+-----------------------------------+--------+----------------------+------------------+---------------------------+
; MaquinaFinal1:inst1|inst15                                                                                                  ; LCCOMB_X27_Y25_N12 ; 2       ; Clock                             ; yes    ; Global Clock         ; GCLK17           ; --                        ;
; MaquinaFinal1:inst1|inst16                                                                                                  ; LCCOMB_X26_Y25_N12 ; 2       ; Clock                             ; yes    ; Global Clock         ; GCLK15           ; --                        ;
; MaquinaFinal1:inst1|maquina2:inst1|EMPATE_RONDA                                                                             ; LCCOMB_X27_Y25_N0  ; 2       ; Clock                             ; yes    ; Global Clock         ; GCLK12           ; --                        ;
; MaquinaFinal1:inst1|maquina2:inst1|INICIO~0                                                                                 ; LCCOMB_X26_Y25_N14 ; 17      ; Latch enable                      ; yes    ; Global Clock         ; GCLK11           ; --                        ;
; MaquinaFinal1:inst1|maquina2:inst1|TURNO                                                                                    ; LCCOMB_X29_Y25_N22 ; 2       ; Clock                             ; yes    ; Global Clock         ; GCLK14           ; --                        ;
; MaquinaFinal1:inst1|maquina2:inst1|resetcontadores~0                                                                        ; LCCOMB_X25_Y25_N16 ; 6       ; Async. clear                      ; no     ; --                   ; --               ; --                        ;
; Memoria_tablero:inst6|s_estado_tablero[0]~4                                                                                 ; LCCOMB_X29_Y25_N18 ; 2       ; Clock enable                      ; no     ; --                   ; --               ; --                        ;
; Memoria_tablero:inst6|s_estado_tablero[11]~7                                                                                ; LCCOMB_X28_Y23_N14 ; 2       ; Clock enable                      ; no     ; --                   ; --               ; --                        ;
; Memoria_tablero:inst6|s_estado_tablero[12]~11                                                                               ; LCCOMB_X29_Y25_N28 ; 2       ; Clock enable                      ; no     ; --                   ; --               ; --                        ;
; Memoria_tablero:inst6|s_estado_tablero[14]~13                                                                               ; LCCOMB_X29_Y23_N12 ; 2       ; Clock enable                      ; no     ; --                   ; --               ; --                        ;
; Memoria_tablero:inst6|s_estado_tablero[16]~12                                                                               ; LCCOMB_X30_Y23_N26 ; 2       ; Clock enable                      ; no     ; --                   ; --               ; --                        ;
; Memoria_tablero:inst6|s_estado_tablero[3]~2                                                                                 ; LCCOMB_X29_Y23_N20 ; 2       ; Clock enable                      ; no     ; --                   ; --               ; --                        ;
; Memoria_tablero:inst6|s_estado_tablero[4]~6                                                                                 ; LCCOMB_X28_Y23_N28 ; 2       ; Clock enable                      ; no     ; --                   ; --               ; --                        ;
; Memoria_tablero:inst6|s_estado_tablero[6]~10                                                                                ; LCCOMB_X30_Y23_N24 ; 2       ; Clock enable                      ; no     ; --                   ; --               ; --                        ;
; Memoria_tablero:inst6|s_estado_tablero[9]~9                                                                                 ; LCCOMB_X29_Y23_N30 ; 2       ; Clock enable                      ; no     ; --                   ; --               ; --                        ;
; Validar_movimiento:inst8|Equal0                                                                                             ; LCCOMB_X28_Y22_N28 ; 1       ; Clock                             ; no     ; --                   ; --               ; --                        ;
; driver:inst12|Mux0~0                                                                                                        ; LCCOMB_X28_Y24_N14 ; 2       ; Clock enable                      ; no     ; --                   ; --               ; --                        ;
; driver:inst12|Mux12~0                                                                                                       ; LCCOMB_X26_Y24_N6  ; 2       ; Clock enable                      ; no     ; --                   ; --               ; --                        ;
; driver:inst12|boton[1]                                                                                                      ; FF_X26_Y24_N31     ; 12      ; Sync. load                        ; no     ; --                   ; --               ; --                        ;
; driver:inst12|reset_s                                                                                                       ; FF_X25_Y25_N7      ; 31      ; Sync. clear                       ; no     ; --                   ; --               ; --                        ;
; driver:inst12|reset_s~0                                                                                                     ; LCCOMB_X26_Y24_N0  ; 2       ; Clock enable                      ; no     ; --                   ; --               ; --                        ;
; driver:inst12|tablero_s[0]~1                                                                                                ; LCCOMB_X26_Y24_N20 ; 4       ; Clock enable                      ; no     ; --                   ; --               ; --                        ;
; inclk0                                                                                                                      ; PIN_R8             ; 1       ; Clock                             ; no     ; --                   ; --               ; --                        ;
; inst10                                                                                                                      ; FF_X26_Y31_N1      ; 2       ; Clock                             ; no     ; --                   ; --               ; --                        ;
; inst11                                                                                                                      ; FF_X26_Y31_N15     ; 2       ; Clock                             ; no     ; --                   ; --               ; --                        ;
; inst14                                                                                                                      ; FF_X25_Y31_N13     ; 2       ; Clock                             ; no     ; --                   ; --               ; --                        ;
; inst18                                                                                                                      ; FF_X25_Y31_N15     ; 2       ; Clock                             ; no     ; --                   ; --               ; --                        ;
; inst19                                                                                                                      ; FF_X27_Y31_N25     ; 2       ; Clock                             ; no     ; --                   ; --               ; --                        ;
; inst24                                                                                                                      ; FF_X25_Y24_N31     ; 26      ; Async. clear, Sync. clear         ; no     ; --                   ; --               ; --                        ;
; inst4~0                                                                                                                     ; LCCOMB_X28_Y22_N14 ; 1       ; Async. clear                      ; no     ; --                   ; --               ; --                        ;
; subsistema2esquematico:inst|Block1:inst|altpll0:inst|altpll:altpll_component|altpll0_altpll:auto_generated|wire_pll1_clk[0] ; PLL_4              ; 386     ; Clock                             ; yes    ; Global Clock         ; GCLK18           ; --                        ;
; subsistema2esquematico:inst|Block1:inst|altpll0:inst|altpll:altpll_component|altpll0_altpll:auto_generated|wire_pll1_clk[1] ; PLL_4              ; 12      ; Clock                             ; yes    ; Global Clock         ; GCLK19           ; --                        ;
; subsistema2esquematico:inst|Block1:inst|altpll0:inst|altpll:altpll_component|altpll0_altpll:auto_generated|wire_pll1_clk[2] ; PLL_4              ; 57      ; Clock                             ; yes    ; Global Clock         ; GCLK16           ; --                        ;
; subsistema2esquematico:inst|Block1:inst|altpll0:inst|altpll:altpll_component|altpll0_altpll:auto_generated|wire_pll1_locked ; PLL_4              ; 22      ; Async. clear, Clock enable        ; no     ; --                   ; --               ; --                        ;
; subsistema2esquematico:inst|Block1:inst|inst13                                                                              ; FF_X25_Y30_N31     ; 670     ; Async. clear, Clock, Latch enable ; yes    ; Global Clock         ; GCLK10           ; --                        ;
; subsistema2esquematico:inst|Block1:inst|inst13                                                                              ; FF_X25_Y30_N31     ; 263     ; Clock                             ; no     ; --                   ; --               ; --                        ;
; subsistema2esquematico:inst|Block1:inst|inst19                                                                              ; FF_X25_Y25_N27     ; 272     ; Async. clear, Clock               ; yes    ; Global Clock         ; GCLK13           ; --                        ;
; subsistema2esquematico:inst|Block1:inst|inst19                                                                              ; FF_X25_Y25_N27     ; 13      ; Clock                             ; no     ; --                   ; --               ; --                        ;
; subsistema2esquematico:inst|Block1:inst|pulso_384:inst12|process_0~0                                                        ; LCCOMB_X12_Y21_N28 ; 10      ; Sync. clear                       ; no     ; --                   ; --               ; --                        ;
; subsistema2esquematico:inst|coloress2:inst1|D10[19]~2                                                                       ; LCCOMB_X27_Y27_N12 ; 18      ; Clock enable                      ; no     ; --                   ; --               ; --                        ;
; subsistema2esquematico:inst|coloress2:inst1|D11[15]~2                                                                       ; LCCOMB_X27_Y26_N14 ; 18      ; Clock enable                      ; no     ; --                   ; --               ; --                        ;
; subsistema2esquematico:inst|coloress2:inst1|D12[8]~1                                                                        ; LCCOMB_X27_Y27_N22 ; 18      ; Clock enable                      ; no     ; --                   ; --               ; --                        ;
; subsistema2esquematico:inst|coloress2:inst1|D13[17]~6                                                                       ; LCCOMB_X26_Y25_N16 ; 16      ; Clock enable                      ; no     ; --                   ; --               ; --                        ;
; subsistema2esquematico:inst|coloress2:inst1|D14[21]~2                                                                       ; LCCOMB_X27_Y26_N10 ; 18      ; Clock enable                      ; no     ; --                   ; --               ; --                        ;
; subsistema2esquematico:inst|coloress2:inst1|D15[11]~0                                                                       ; LCCOMB_X27_Y27_N0  ; 18      ; Clock enable                      ; no     ; --                   ; --               ; --                        ;
; subsistema2esquematico:inst|coloress2:inst1|D16[14]~1                                                                       ; LCCOMB_X27_Y27_N14 ; 18      ; Clock enable                      ; no     ; --                   ; --               ; --                        ;
; subsistema2esquematico:inst|coloress2:inst1|D1[0]~18                                                                        ; LCCOMB_X28_Y25_N0  ; 18      ; Clock enable                      ; no     ; --                   ; --               ; --                        ;
; subsistema2esquematico:inst|coloress2:inst1|D2[16]~21                                                                       ; LCCOMB_X27_Y25_N10 ; 10      ; Clock enable                      ; no     ; --                   ; --               ; --                        ;
; subsistema2esquematico:inst|coloress2:inst1|D3[19]~18                                                                       ; LCCOMB_X27_Y25_N2  ; 10      ; Clock enable                      ; no     ; --                   ; --               ; --                        ;
; subsistema2esquematico:inst|coloress2:inst1|D4[16]~17                                                                       ; LCCOMB_X26_Y25_N0  ; 10      ; Clock enable                      ; no     ; --                   ; --               ; --                        ;
; subsistema2esquematico:inst|coloress2:inst1|D5[22]~6                                                                        ; LCCOMB_X26_Y25_N28 ; 14      ; Clock enable                      ; no     ; --                   ; --               ; --                        ;
; subsistema2esquematico:inst|coloress2:inst1|D6[6]~6                                                                         ; LCCOMB_X27_Y26_N8  ; 18      ; Clock enable                      ; no     ; --                   ; --               ; --                        ;
; subsistema2esquematico:inst|coloress2:inst1|D7[12]~1                                                                        ; LCCOMB_X28_Y25_N14 ; 18      ; Clock enable                      ; no     ; --                   ; --               ; --                        ;
; subsistema2esquematico:inst|coloress2:inst1|D8[19]~1                                                                        ; LCCOMB_X27_Y27_N26 ; 18      ; Clock enable                      ; no     ; --                   ; --               ; --                        ;
; subsistema2esquematico:inst|coloress2:inst1|D9[22]~26                                                                       ; LCCOMB_X26_Y25_N30 ; 14      ; Clock enable                      ; no     ; --                   ; --               ; --                        ;
; tecladover2:inst7|SM1:inst8|reg_fstate~0                                                                                    ; LCCOMB_X24_Y22_N20 ; 12      ; Sync. load                        ; no     ; --                   ; --               ; --                        ;
; tecladover2:inst7|antirreboteimprovisado:inst15|hab                                                                         ; LCCOMB_X25_Y23_N30 ; 2       ; Clock                             ; no     ; --                   ; --               ; --                        ;
; tecladover2:inst7|antirreboteimprovisado:inst15|hab~0                                                                       ; LCCOMB_X26_Y23_N14 ; 5       ; Latch enable                      ; yes    ; Global Clock         ; GCLK6            ; --                        ;
; tecladover2:inst7|antirreboteimprovisado:inst15|led1                                                                        ; LCCOMB_X24_Y24_N22 ; 2       ; Clock                             ; no     ; --                   ; --               ; --                        ;
; tecladover2:inst7|antirreboteimprovisado:inst15|led2                                                                        ; LCCOMB_X25_Y23_N12 ; 2       ; Clock                             ; no     ; --                   ; --               ; --                        ;
; tecladover2:inst7|antirreboteimprovisado:inst15|led3                                                                        ; LCCOMB_X24_Y24_N28 ; 2       ; Clock                             ; no     ; --                   ; --               ; --                        ;
; tecladover2:inst7|antirreboteimprovisado:inst15|led4                                                                        ; LCCOMB_X25_Y24_N26 ; 2       ; Clock                             ; no     ; --                   ; --               ; --                        ;
; tecladover2:inst7|inst16                                                                                                    ; LCCOMB_X23_Y22_N2  ; 6       ; Clock                             ; yes    ; Global Clock         ; GCLK3            ; --                        ;
; tecladover2:inst7|maq_barrido:inst|F1~0                                                                                     ; LCCOMB_X25_Y23_N18 ; 2       ; Output enable                     ; no     ; --                   ; --               ; --                        ;
; tecladover2:inst7|maq_barrido:inst|F2~0                                                                                     ; LCCOMB_X26_Y23_N28 ; 2       ; Output enable                     ; no     ; --                   ; --               ; --                        ;
; tecladover2:inst7|maq_barrido:inst|F3~0                                                                                     ; LCCOMB_X26_Y23_N26 ; 2       ; Output enable                     ; no     ; --                   ; --               ; --                        ;
; tecladover2:inst7|maq_barrido:inst|F4~0                                                                                     ; LCCOMB_X25_Y24_N14 ; 2       ; Output enable                     ; no     ; --                   ; --               ; --                        ;
+-----------------------------------------------------------------------------------------------------------------------------+--------------------+---------+-----------------------------------+--------+----------------------+------------------+---------------------------+


+-------------------------------------------------------------------------------------------------------------------------------------------------------------------------------------------------------------------------------------------------------------------------+
; Global & Other Fast Signals                                                                                                                                                                                                                                             ;
+-----------------------------------------------------------------------------------------------------------------------------+--------------------+---------+--------------------------------------+----------------------+------------------+---------------------------+
; Name                                                                                                                        ; Location           ; Fan-Out ; Fan-Out Using Intentional Clock Skew ; Global Resource Used ; Global Line Name ; Enable Signal Source Name ;
+-----------------------------------------------------------------------------------------------------------------------------+--------------------+---------+--------------------------------------+----------------------+------------------+---------------------------+
; MaquinaFinal1:inst1|inst15                                                                                                  ; LCCOMB_X27_Y25_N12 ; 2       ; 0                                    ; Global Clock         ; GCLK17           ; --                        ;
; MaquinaFinal1:inst1|inst16                                                                                                  ; LCCOMB_X26_Y25_N12 ; 2       ; 0                                    ; Global Clock         ; GCLK15           ; --                        ;
; MaquinaFinal1:inst1|maquina2:inst1|EMPATE_RONDA                                                                             ; LCCOMB_X27_Y25_N0  ; 2       ; 0                                    ; Global Clock         ; GCLK12           ; --                        ;
; MaquinaFinal1:inst1|maquina2:inst1|INICIO~0                                                                                 ; LCCOMB_X26_Y25_N14 ; 17      ; 0                                    ; Global Clock         ; GCLK11           ; --                        ;
; MaquinaFinal1:inst1|maquina2:inst1|TURNO                                                                                    ; LCCOMB_X29_Y25_N22 ; 2       ; 0                                    ; Global Clock         ; GCLK14           ; --                        ;
; subsistema2esquematico:inst|Block1:inst|altpll0:inst|altpll:altpll_component|altpll0_altpll:auto_generated|wire_pll1_clk[0] ; PLL_4              ; 386     ; 141                                  ; Global Clock         ; GCLK18           ; --                        ;
; subsistema2esquematico:inst|Block1:inst|altpll0:inst|altpll:altpll_component|altpll0_altpll:auto_generated|wire_pll1_clk[1] ; PLL_4              ; 12      ; 0                                    ; Global Clock         ; GCLK19           ; --                        ;
; subsistema2esquematico:inst|Block1:inst|altpll0:inst|altpll:altpll_component|altpll0_altpll:auto_generated|wire_pll1_clk[2] ; PLL_4              ; 57      ; 13                                   ; Global Clock         ; GCLK16           ; --                        ;
; subsistema2esquematico:inst|Block1:inst|inst13                                                                              ; FF_X25_Y30_N31     ; 670     ; 1                                    ; Global Clock         ; GCLK10           ; --                        ;
; subsistema2esquematico:inst|Block1:inst|inst19                                                                              ; FF_X25_Y25_N27     ; 272     ; 0                                    ; Global Clock         ; GCLK13           ; --                        ;
; tecladover2:inst7|antirreboteimprovisado:inst15|hab~0                                                                       ; LCCOMB_X26_Y23_N14 ; 5       ; 0                                    ; Global Clock         ; GCLK6            ; --                        ;
; tecladover2:inst7|inst16                                                                                                    ; LCCOMB_X23_Y22_N2  ; 6       ; 0                                    ; Global Clock         ; GCLK3            ; --                        ;
+-----------------------------------------------------------------------------------------------------------------------------+--------------------+---------+--------------------------------------+----------------------+------------------+---------------------------+


+------------------------------------------------------------------------------------------------------------------------------------------------+
; Non-Global High Fan-Out Signals                                                                                                                ;
+--------------------------------------------------------------------------------------------------------------------------------------+---------+
; Name                                                                                                                                 ; Fan-Out ;
+--------------------------------------------------------------------------------------------------------------------------------------+---------+
; subsistema2esquematico:inst|Block1:inst|inst13                                                                                       ; 262     ;
; MaquinaFinal1:inst1|maquina2:inst1|TURNO                                                                                             ; 46      ;
; MaquinaFinal1:inst1|maquina2:inst1|VICTORIA_FINAL1~0                                                                                 ; 44      ;
; subsistema2esquematico:inst|coloress2:inst1|D5~0                                                                                     ; 41      ;
; subsistema2esquematico:inst|coloress2:inst1|Equal1~0                                                                                 ; 35      ;
; MaquinaFinal1:inst1|maquina2:inst1|limpiar_tablero~0                                                                                 ; 33      ;
; driver:inst12|reset_s                                                                                                                ; 31      ;
; MaquinaFinal1:inst1|maquina2:inst1|INICIO~0                                                                                          ; 26      ;
; inst24                                                                                                                               ; 26      ;
; MaquinaFinal1:inst1|maquina2:inst1|EMPATE_RONDA                                                                                      ; 23      ;
; inst21                                                                                                                               ; 22      ;
; subsistema2esquematico:inst|Block1:inst|altpll0:inst|altpll:altpll_component|altpll0_altpll:auto_generated|wire_pll1_locked          ; 22      ;
; subsistema2esquematico:inst|coloress2:inst1|D1[0]~18                                                                                 ; 18      ;
; subsistema2esquematico:inst|coloress2:inst1|D16[14]~1                                                                                ; 18      ;
; subsistema2esquematico:inst|coloress2:inst1|D15[11]~0                                                                                ; 18      ;
; subsistema2esquematico:inst|coloress2:inst1|D14[21]~2                                                                                ; 18      ;
; subsistema2esquematico:inst|coloress2:inst1|D12[8]~1                                                                                 ; 18      ;
; subsistema2esquematico:inst|coloress2:inst1|D11[15]~2                                                                                ; 18      ;
; subsistema2esquematico:inst|coloress2:inst1|D10[19]~2                                                                                ; 18      ;
; subsistema2esquematico:inst|coloress2:inst1|D8[19]~1                                                                                 ; 18      ;
; subsistema2esquematico:inst|coloress2:inst1|D7[12]~1                                                                                 ; 18      ;
; subsistema2esquematico:inst|coloress2:inst1|D6[6]~6                                                                                  ; 18      ;
; MaquinaFinal1:inst1|maquina2:inst1|fstate.VE                                                                                         ; 18      ;
; subsistema2esquematico:inst|coloress2:inst1|D13[17]~6                                                                                ; 16      ;
; subsistema2esquematico:inst|coloress2:inst1|D6~14                                                                                    ; 16      ;
; subsistema2esquematico:inst|coloress2:inst1|D6[6]~2                                                                                  ; 16      ;
; subsistema2esquematico:inst|coloress2:inst1|D6~19                                                                                    ; 15      ;
; MaquinaFinal1:inst1|maquina2:inst1|fstate.VJ1                                                                                        ; 15      ;
; subsistema2esquematico:inst|coloress2:inst1|D9[22]~26                                                                                ; 14      ;
; subsistema2esquematico:inst|coloress2:inst1|D5[22]~6                                                                                 ; 14      ;
; subsistema2esquematico:inst|coloress2:inst1|puntos2[0]                                                                               ; 14      ;
; subsistema2esquematico:inst|coloress2:inst1|puntos1[1]                                                                               ; 14      ;
; registros:inst2|reg4_s[0]                                                                                                            ; 14      ;
; registros:inst2|reg4_s[1]                                                                                                            ; 14      ;
; subsistema2esquematico:inst|coloress2:inst1|puntos2[1]                                                                               ; 13      ;
; subsistema2esquematico:inst|coloress2:inst1|puntos1[0]                                                                               ; 12      ;
; tecladover2:inst7|SM1:inst8|reg_fstate~0                                                                                             ; 12      ;
; MaquinaFinal1:inst1|inst16                                                                                                           ; 12      ;
; driver:inst12|boton[1]                                                                                                               ; 12      ;
; driver:inst12|boton[3]                                                                                                               ; 12      ;
; subsistema2esquematico:inst|Block1:inst|inst19                                                                                       ; 12      ;
; driver:inst12|tablero_s[0]                                                                                                           ; 11      ;
; registros:inst2|reg4_s[2]                                                                                                            ; 11      ;
; driver:inst12|colores_j2_s[0]                                                                                                        ; 11      ;
; driver:inst12|boton[0]                                                                                                               ; 11      ;
; driver:inst12|colores_j2_s[1]                                                                                                        ; 11      ;
; MaquinaFinal1:inst1|maquina2:inst1|fstate.VJ2                                                                                        ; 11      ;
; subsistema2esquematico:inst|coloress2:inst1|CJ2[6]                                                                                   ; 10      ;
; subsistema2esquematico:inst|coloress2:inst1|D4[16]~17                                                                                ; 10      ;
; subsistema2esquematico:inst|coloress2:inst1|D3[19]~18                                                                                ; 10      ;
; subsistema2esquematico:inst|coloress2:inst1|D2[16]~21                                                                                ; 10      ;
; subsistema2esquematico:inst|Block1:inst|pulso_384:inst12|process_0~0                                                                 ; 10      ;
; driver:inst12|tablero_s[3]                                                                                                           ; 10      ;
; driver:inst12|tablero_s[2]                                                                                                           ; 10      ;
; driver:inst12|tablero_s[1]                                                                                                           ; 10      ;
; driver:inst12|colores_j2_s[2]                                                                                                        ; 10      ;
; subsistema2esquematico:inst|coloress2:inst1|CJ2[13]                                                                                  ; 9       ;
; subsistema2esquematico:inst|coloress2:inst1|D6~21                                                                                    ; 9       ;
; subsistema2esquematico:inst|coloress2:inst1|D6~17                                                                                    ; 9       ;
; subsistema2esquematico:inst|coloress2:inst1|D6~13                                                                                    ; 9       ;
; subsistema2esquematico:inst|coloress2:inst1|D6~12                                                                                    ; 9       ;
; subsistema2esquematico:inst|coloress2:inst1|D6~10                                                                                    ; 9       ;
; subsistema2esquematico:inst|coloress2:inst1|D6~9                                                                                     ; 9       ;
; subsistema2esquematico:inst|coloress2:inst1|D6~7                                                                                     ; 9       ;
; subsistema2esquematico:inst|coloress2:inst1|D6~3                                                                                     ; 9       ;
; driver:inst12|colores_j1_s[0]                                                                                                        ; 9       ;
; Memoria_tablero:inst6|s_estado_tablero~3                                                                                             ; 9       ;
; Memoria_tablero:inst6|s_estado_tablero~0                                                                                             ; 9       ;
; driver:inst12|boton[4]                                                                                                               ; 9       ;
; MaquinaFinal1:inst1|maquina2:inst1|VICTORIA_RONDA~0                                                                                  ; 9       ;
; subsistema2esquematico:inst|coloress2:inst1|CJ2[15]                                                                                  ; 8       ;
; subsistema2esquematico:inst|coloress2:inst1|CJ2[16]                                                                                  ; 8       ;
; subsistema2esquematico:inst|coloress2:inst1|CJ2[21]                                                                                  ; 8       ;
; registros:inst2|reg18_s[5]                                                                                                           ; 8       ;
; registros:inst2|reg18_s[1]                                                                                                           ; 8       ;
; registros:inst2|reg18_s[4]                                                                                                           ; 8       ;
; registros:inst2|reg18_s[0]                                                                                                           ; 8       ;
; driver:inst12|boton[2]                                                                                                               ; 8       ;
; MaquinaFinal1:inst1|maquina2:inst1|fstate.CJ1                                                                                        ; 8       ;
; tecladover2:inst7|maq_barrido:inst|process_1~1                                                                                       ; 8       ;
; tecladover2:inst7|maq_barrido:inst|process_1~0                                                                                       ; 8       ;
; MaquinaFinal1:inst1|maquina2:inst1|fstate.SeC                                                                                        ; 8       ;
; driver:inst12|colores_j1_s[2]                                                                                                        ; 8       ;
; driver:inst12|colores_j1_s[1]                                                                                                        ; 8       ;
; subsistema2esquematico:inst|coloress2:inst1|CJ1[0]                                                                                   ; 7       ;
; subsistema2esquematico:inst|coloress2:inst1|CJ1[4]                                                                                   ; 7       ;
; subsistema2esquematico:inst|coloress2:inst1|CJ1[11]                                                                                  ; 7       ;
; subsistema2esquematico:inst|coloress2:inst1|CJ2[19]                                                                                  ; 7       ;
; subsistema2esquematico:inst|coloress2:inst1|D13[17]~4                                                                                ; 7       ;
; subsistema2esquematico:inst|coloress2:inst1|D9[22]~5                                                                                 ; 7       ;
; subsistema2esquematico:inst|coloress2:inst1|D5[22]~3                                                                                 ; 7       ;
; subsistema2esquematico:inst|coloress2:inst1|D3~8                                                                                     ; 7       ;
; subsistema2esquematico:inst|coloress2:inst1|D2[10]~8                                                                                 ; 7       ;
; subsistema2esquematico:inst|coloress2:inst1|D2[10]~7                                                                                 ; 7       ;
; subsistema2esquematico:inst|coloress2:inst1|D9[22]~2                                                                                 ; 7       ;
; subsistema2esquematico:inst|coloress2:inst1|bloqueo                                                                                  ; 7       ;
; registros:inst2|reg4_s[3]                                                                                                            ; 7       ;
; registros:inst2|reg18_s[17]                                                                                                          ; 7       ;
; registros:inst2|reg18_s[16]                                                                                                          ; 7       ;
; registros:inst2|reg18_s[9]                                                                                                           ; 7       ;
; registros:inst2|reg18_s[8]                                                                                                           ; 7       ;
; MaquinaFinal1:inst1|maquina2:inst1|fstate.CJ2                                                                                        ; 7       ;
; tecladover2:inst7|lpm_counter1:inst13|lpm_counter:LPM_COUNTER_component|cntr_p1k:auto_generated|counter_reg_bit[0]                   ; 7       ;
; tecladover2:inst7|lpm_counter1:inst13|lpm_counter:LPM_COUNTER_component|cntr_p1k:auto_generated|counter_reg_bit[1]                   ; 7       ;
; ~GND                                                                                                                                 ; 6       ;
; subsistema2esquematico:inst|coloress2:inst1|CJ2[0]                                                                                   ; 6       ;
; subsistema2esquematico:inst|coloress2:inst1|CJ1[2]                                                                                   ; 6       ;
; subsistema2esquematico:inst|coloress2:inst1|CJ1[10]                                                                                  ; 6       ;
; subsistema2esquematico:inst|coloress2:inst1|CJ1[13]                                                                                  ; 6       ;
; subsistema2esquematico:inst|coloress2:inst1|CJ1[14]                                                                                  ; 6       ;
; subsistema2esquematico:inst|coloress2:inst1|CJ2[17]                                                                                  ; 6       ;
; subsistema2esquematico:inst|coloress2:inst1|CJ2[18]                                                                                  ; 6       ;
; subsistema2esquematico:inst|coloress2:inst1|CJ2[22]                                                                                  ; 6       ;
; subsistema2esquematico:inst|coloress2:inst1|D6[6]~24                                                                                 ; 6       ;
; subsistema2esquematico:inst|coloress2:inst1|D10~8                                                                                    ; 6       ;
; subsistema2esquematico:inst|coloress2:inst1|D6~20                                                                                    ; 6       ;
; subsistema2esquematico:inst|coloress2:inst1|D6~18                                                                                    ; 6       ;
; subsistema2esquematico:inst|coloress2:inst1|D6~16                                                                                    ; 6       ;
; subsistema2esquematico:inst|coloress2:inst1|D6~11                                                                                    ; 6       ;
; subsistema2esquematico:inst|coloress2:inst1|D6~8                                                                                     ; 6       ;
; subsistema2esquematico:inst|coloress2:inst1|D4~8                                                                                     ; 6       ;
; registros:inst2|reg18_s[15]                                                                                                          ; 6       ;
; registros:inst2|reg18_s[14]                                                                                                          ; 6       ;
; registros:inst2|reg18_s[13]                                                                                                          ; 6       ;
; registros:inst2|reg18_s[12]                                                                                                          ; 6       ;
; registros:inst2|reg18_s[7]                                                                                                           ; 6       ;
; registros:inst2|reg18_s[6]                                                                                                           ; 6       ;
; registros:inst2|reg18_s[11]                                                                                                          ; 6       ;
; registros:inst2|reg18_s[10]                                                                                                          ; 6       ;
; registros:inst2|reg18_s[3]                                                                                                           ; 6       ;
; registros:inst2|reg18_s[2]                                                                                                           ; 6       ;
; tecladover2:inst7|SM1:inst9|Selector0~1                                                                                              ; 6       ;
; tecladover2:inst7|lpm_counter1:inst13|lpm_counter:LPM_COUNTER_component|cntr_p1k:auto_generated|cmpr_sgc:cmpr1|aneb_result_wire[0]~0 ; 6       ;
; tecladover2:inst7|SM1:inst10|fstate.C                                                                                                ; 6       ;
; tecladover2:inst7|SM1:inst9|fstate.C                                                                                                 ; 6       ;
; tecladover2:inst7|SM1:inst8|fstate.C                                                                                                 ; 6       ;
; tecladover2:inst7|SM1:inst6|fstate.C                                                                                                 ; 6       ;
; MaquinaFinal1:inst1|maquina2:inst1|resetcontadores~0                                                                                 ; 6       ;
; tecladover2:inst7|lpm_counter1:inst13|lpm_counter:LPM_COUNTER_component|cntr_p1k:auto_generated|counter_comb_bita5~0                 ; 6       ;
; MaquinaFinal1:inst1|maquina2:inst1|fstate.CE                                                                                         ; 6       ;
; subsistema2esquematico:inst|Block1:inst|paralelo_serie_384b:inst1|shift_reg[331]~113                                                 ; 5       ;
; subsistema2esquematico:inst|coloress2:inst1|D13[16]~9                                                                                ; 5       ;
; subsistema2esquematico:inst|coloress2:inst1|D9~9                                                                                     ; 5       ;
; subsistema2esquematico:inst|coloress2:inst1|D6[6]~23                                                                                 ; 5       ;
; subsistema2esquematico:inst|coloress2:inst1|D5~20                                                                                    ; 5       ;
; subsistema2esquematico:inst|coloress2:inst1|D5[19]~9                                                                                 ; 5       ;
; subsistema2esquematico:inst|coloress2:inst1|Equal1~1                                                                                 ; 5       ;
; subsistema2esquematico:inst|coloress2:inst1|D9[22]~3                                                                                 ; 5       ;
; MaquinaFinal1:inst1|maquina2:inst1|fstate.TurnoJ1                                                                                    ; 5       ;
; tecladover2:inst7|maq_barrido:inst|fstate.b4                                                                                         ; 5       ;
; tecladover2:inst7|maq_barrido:inst|fstate.b3                                                                                         ; 5       ;
; C2~input                                                                                                                             ; 4       ;
; C1~input                                                                                                                             ; 4       ;
; C3~input                                                                                                                             ; 4       ;
; C4~input                                                                                                                             ; 4       ;
; subsistema2esquematico:inst|coloress2:inst1|D6~22                                                                                    ; 4       ;
; subsistema2esquematico:inst|coloress2:inst1|Mux366~0                                                                                 ; 4       ;
; driver:inst12|tablero_s[0]~1                                                                                                         ; 4       ;
; Memoria_tablero:inst6|s_estado_tablero[3]~1                                                                                          ; 4       ;
; MaquinaFinal1:inst1|maquina2:inst1|VICTORIA_RONDA~1                                                                                  ; 4       ;
; MaquinaFinal1:inst1|maquina2:inst1|Selector5~22                                                                                      ; 4       ;
; MaquinaFinal1:inst1|maquina2:inst1|Selector5~15                                                                                      ; 4       ;
; MaquinaFinal1:inst1|maquina2:inst1|Selector5~14                                                                                      ; 4       ;
; MaquinaFinal1:inst1|maquina2:inst1|Selector5~10                                                                                      ; 4       ;
; MaquinaFinal1:inst1|inst15                                                                                                           ; 4       ;
; tecladover2:inst7|SM1:inst6|fstate.A                                                                                                 ; 4       ;
; tecladover2:inst7|SM1:inst8|fstate.A                                                                                                 ; 4       ;
; tecladover2:inst7|SM1:inst10|fstate.A                                                                                                ; 4       ;
; tecladover2:inst7|SM1:inst9|fstate.A                                                                                                 ; 4       ;
; MaquinaFinal1:inst1|maquina2:inst1|fstate.TurnoJ2                                                                                    ; 4       ;
; tecladover2:inst7|maq_barrido:inst|fstate.fl4                                                                                        ; 4       ;
; tecladover2:inst7|maq_barrido:inst|fstate.fl3                                                                                        ; 4       ;
; tecladover2:inst7|maq_barrido:inst|fstate.b2                                                                                         ; 4       ;
; MaquinaFinal1:inst1|lpm_counter4:inst9|lpm_counter:LPM_COUNTER_component|cntr_70k:auto_generated|counter_comb_bita1~0                ; 4       ;
; MaquinaFinal1:inst1|lpm_counter5:inst10|lpm_counter:LPM_COUNTER_component|cntr_70k:auto_generated|counter_comb_bita1~0               ; 4       ;
; subsistema2esquematico:inst|Block1:inst|paralelo_serie_384b:inst1|shift_reg[0]~1031                                                  ; 3       ;
; subsistema2esquematico:inst|Block1:inst|paralelo_serie_384b:inst1|shift_reg[2]~1027                                                  ; 3       ;
; subsistema2esquematico:inst|Block1:inst|paralelo_serie_384b:inst1|shift_reg[3]~1023                                                  ; 3       ;
; subsistema2esquematico:inst|Block1:inst|paralelo_serie_384b:inst1|shift_reg[4]~1019                                                  ; 3       ;
; subsistema2esquematico:inst|Block1:inst|paralelo_serie_384b:inst1|shift_reg[6]~1015                                                  ; 3       ;
; subsistema2esquematico:inst|Block1:inst|paralelo_serie_384b:inst1|shift_reg[8]~1011                                                  ; 3       ;
; subsistema2esquematico:inst|Block1:inst|paralelo_serie_384b:inst1|shift_reg[10]~1007                                                 ; 3       ;
; subsistema2esquematico:inst|Block1:inst|paralelo_serie_384b:inst1|shift_reg[11]~1003                                                 ; 3       ;
; subsistema2esquematico:inst|Block1:inst|paralelo_serie_384b:inst1|shift_reg[12]~999                                                  ; 3       ;
; subsistema2esquematico:inst|Block1:inst|paralelo_serie_384b:inst1|shift_reg[13]~995                                                  ; 3       ;
; subsistema2esquematico:inst|Block1:inst|paralelo_serie_384b:inst1|shift_reg[14]~991                                                  ; 3       ;
; subsistema2esquematico:inst|Block1:inst|paralelo_serie_384b:inst1|shift_reg[15]~987                                                  ; 3       ;
; subsistema2esquematico:inst|Block1:inst|paralelo_serie_384b:inst1|shift_reg[16]~983                                                  ; 3       ;
; subsistema2esquematico:inst|Block1:inst|paralelo_serie_384b:inst1|shift_reg[17]~979                                                  ; 3       ;
; subsistema2esquematico:inst|Block1:inst|paralelo_serie_384b:inst1|shift_reg[18]~975                                                  ; 3       ;
; subsistema2esquematico:inst|Block1:inst|paralelo_serie_384b:inst1|shift_reg[19]~971                                                  ; 3       ;
; subsistema2esquematico:inst|Block1:inst|paralelo_serie_384b:inst1|shift_reg[21]~967                                                  ; 3       ;
; subsistema2esquematico:inst|Block1:inst|paralelo_serie_384b:inst1|shift_reg[22]~963                                                  ; 3       ;
; subsistema2esquematico:inst|Block1:inst|paralelo_serie_384b:inst1|shift_reg[24]~959                                                  ; 3       ;
; subsistema2esquematico:inst|Block1:inst|paralelo_serie_384b:inst1|shift_reg[26]~955                                                  ; 3       ;
; subsistema2esquematico:inst|Block1:inst|paralelo_serie_384b:inst1|shift_reg[27]~951                                                  ; 3       ;
; subsistema2esquematico:inst|Block1:inst|paralelo_serie_384b:inst1|shift_reg[28]~947                                                  ; 3       ;
; subsistema2esquematico:inst|Block1:inst|paralelo_serie_384b:inst1|shift_reg[30]~943                                                  ; 3       ;
; subsistema2esquematico:inst|Block1:inst|paralelo_serie_384b:inst1|shift_reg[32]~939                                                  ; 3       ;
; subsistema2esquematico:inst|Block1:inst|paralelo_serie_384b:inst1|shift_reg[34]~935                                                  ; 3       ;
; subsistema2esquematico:inst|Block1:inst|paralelo_serie_384b:inst1|shift_reg[35]~931                                                  ; 3       ;
; subsistema2esquematico:inst|Block1:inst|paralelo_serie_384b:inst1|shift_reg[36]~927                                                  ; 3       ;
; subsistema2esquematico:inst|Block1:inst|paralelo_serie_384b:inst1|shift_reg[37]~923                                                  ; 3       ;
; subsistema2esquematico:inst|Block1:inst|paralelo_serie_384b:inst1|shift_reg[38]~919                                                  ; 3       ;
; subsistema2esquematico:inst|Block1:inst|paralelo_serie_384b:inst1|shift_reg[39]~915                                                  ; 3       ;
; subsistema2esquematico:inst|Block1:inst|paralelo_serie_384b:inst1|shift_reg[40]~911                                                  ; 3       ;
; subsistema2esquematico:inst|Block1:inst|paralelo_serie_384b:inst1|shift_reg[41]~907                                                  ; 3       ;
; subsistema2esquematico:inst|Block1:inst|paralelo_serie_384b:inst1|shift_reg[42]~903                                                  ; 3       ;
; subsistema2esquematico:inst|Block1:inst|paralelo_serie_384b:inst1|shift_reg[43]~899                                                  ; 3       ;
; subsistema2esquematico:inst|Block1:inst|paralelo_serie_384b:inst1|shift_reg[45]~895                                                  ; 3       ;
; subsistema2esquematico:inst|Block1:inst|paralelo_serie_384b:inst1|shift_reg[46]~891                                                  ; 3       ;
; subsistema2esquematico:inst|Block1:inst|paralelo_serie_384b:inst1|shift_reg[48]~887                                                  ; 3       ;
; subsistema2esquematico:inst|Block1:inst|paralelo_serie_384b:inst1|shift_reg[50]~883                                                  ; 3       ;
; subsistema2esquematico:inst|Block1:inst|paralelo_serie_384b:inst1|shift_reg[51]~879                                                  ; 3       ;
; subsistema2esquematico:inst|Block1:inst|paralelo_serie_384b:inst1|shift_reg[52]~875                                                  ; 3       ;
; subsistema2esquematico:inst|Block1:inst|paralelo_serie_384b:inst1|shift_reg[54]~871                                                  ; 3       ;
; subsistema2esquematico:inst|Block1:inst|paralelo_serie_384b:inst1|shift_reg[56]~867                                                  ; 3       ;
; subsistema2esquematico:inst|Block1:inst|paralelo_serie_384b:inst1|shift_reg[58]~863                                                  ; 3       ;
; subsistema2esquematico:inst|Block1:inst|paralelo_serie_384b:inst1|shift_reg[59]~859                                                  ; 3       ;
; subsistema2esquematico:inst|Block1:inst|paralelo_serie_384b:inst1|shift_reg[60]~855                                                  ; 3       ;
; subsistema2esquematico:inst|Block1:inst|paralelo_serie_384b:inst1|shift_reg[61]~851                                                  ; 3       ;
; subsistema2esquematico:inst|Block1:inst|paralelo_serie_384b:inst1|shift_reg[62]~847                                                  ; 3       ;
; subsistema2esquematico:inst|Block1:inst|paralelo_serie_384b:inst1|shift_reg[63]~843                                                  ; 3       ;
; subsistema2esquematico:inst|Block1:inst|paralelo_serie_384b:inst1|shift_reg[64]~839                                                  ; 3       ;
; subsistema2esquematico:inst|Block1:inst|paralelo_serie_384b:inst1|shift_reg[65]~835                                                  ; 3       ;
; subsistema2esquematico:inst|Block1:inst|paralelo_serie_384b:inst1|shift_reg[66]~831                                                  ; 3       ;
; subsistema2esquematico:inst|Block1:inst|paralelo_serie_384b:inst1|shift_reg[67]~827                                                  ; 3       ;
; subsistema2esquematico:inst|Block1:inst|paralelo_serie_384b:inst1|shift_reg[69]~823                                                  ; 3       ;
; subsistema2esquematico:inst|Block1:inst|paralelo_serie_384b:inst1|shift_reg[70]~819                                                  ; 3       ;
; subsistema2esquematico:inst|Block1:inst|paralelo_serie_384b:inst1|shift_reg[72]~815                                                  ; 3       ;
; subsistema2esquematico:inst|Block1:inst|paralelo_serie_384b:inst1|shift_reg[74]~811                                                  ; 3       ;
; subsistema2esquematico:inst|Block1:inst|paralelo_serie_384b:inst1|shift_reg[75]~807                                                  ; 3       ;
; subsistema2esquematico:inst|Block1:inst|paralelo_serie_384b:inst1|shift_reg[76]~803                                                  ; 3       ;
; subsistema2esquematico:inst|Block1:inst|paralelo_serie_384b:inst1|shift_reg[78]~799                                                  ; 3       ;
; subsistema2esquematico:inst|Block1:inst|paralelo_serie_384b:inst1|shift_reg[80]~795                                                  ; 3       ;
; subsistema2esquematico:inst|Block1:inst|paralelo_serie_384b:inst1|shift_reg[84]~791                                                  ; 3       ;
; subsistema2esquematico:inst|Block1:inst|paralelo_serie_384b:inst1|shift_reg[85]~787                                                  ; 3       ;
; subsistema2esquematico:inst|Block1:inst|paralelo_serie_384b:inst1|shift_reg[86]~783                                                  ; 3       ;
; subsistema2esquematico:inst|Block1:inst|paralelo_serie_384b:inst1|shift_reg[87]~779                                                  ; 3       ;
; subsistema2esquematico:inst|Block1:inst|paralelo_serie_384b:inst1|shift_reg[88]~775                                                  ; 3       ;
; subsistema2esquematico:inst|Block1:inst|paralelo_serie_384b:inst1|shift_reg[89]~771                                                  ; 3       ;
; subsistema2esquematico:inst|Block1:inst|paralelo_serie_384b:inst1|shift_reg[90]~767                                                  ; 3       ;
; subsistema2esquematico:inst|Block1:inst|paralelo_serie_384b:inst1|shift_reg[91]~763                                                  ; 3       ;
; subsistema2esquematico:inst|Block1:inst|paralelo_serie_384b:inst1|shift_reg[93]~759                                                  ; 3       ;
; subsistema2esquematico:inst|Block1:inst|paralelo_serie_384b:inst1|shift_reg[94]~755                                                  ; 3       ;
; subsistema2esquematico:inst|Block1:inst|paralelo_serie_384b:inst1|shift_reg[96]~751                                                  ; 3       ;
; subsistema2esquematico:inst|Block1:inst|paralelo_serie_384b:inst1|shift_reg[98]~747                                                  ; 3       ;
; subsistema2esquematico:inst|Block1:inst|paralelo_serie_384b:inst1|shift_reg[99]~743                                                  ; 3       ;
; subsistema2esquematico:inst|Block1:inst|paralelo_serie_384b:inst1|shift_reg[100]~739                                                 ; 3       ;
; subsistema2esquematico:inst|Block1:inst|paralelo_serie_384b:inst1|shift_reg[102]~735                                                 ; 3       ;
; subsistema2esquematico:inst|Block1:inst|paralelo_serie_384b:inst1|shift_reg[104]~731                                                 ; 3       ;
; subsistema2esquematico:inst|Block1:inst|paralelo_serie_384b:inst1|shift_reg[106]~727                                                 ; 3       ;
; subsistema2esquematico:inst|Block1:inst|paralelo_serie_384b:inst1|shift_reg[107]~723                                                 ; 3       ;
; subsistema2esquematico:inst|Block1:inst|paralelo_serie_384b:inst1|shift_reg[108]~719                                                 ; 3       ;
; subsistema2esquematico:inst|Block1:inst|paralelo_serie_384b:inst1|shift_reg[109]~715                                                 ; 3       ;
; subsistema2esquematico:inst|Block1:inst|paralelo_serie_384b:inst1|shift_reg[110]~711                                                 ; 3       ;
; subsistema2esquematico:inst|Block1:inst|paralelo_serie_384b:inst1|shift_reg[111]~707                                                 ; 3       ;
; subsistema2esquematico:inst|Block1:inst|paralelo_serie_384b:inst1|shift_reg[112]~703                                                 ; 3       ;
; subsistema2esquematico:inst|Block1:inst|paralelo_serie_384b:inst1|shift_reg[113]~699                                                 ; 3       ;
; subsistema2esquematico:inst|Block1:inst|paralelo_serie_384b:inst1|shift_reg[114]~695                                                 ; 3       ;
; subsistema2esquematico:inst|Block1:inst|paralelo_serie_384b:inst1|shift_reg[115]~691                                                 ; 3       ;
; subsistema2esquematico:inst|Block1:inst|paralelo_serie_384b:inst1|shift_reg[117]~687                                                 ; 3       ;
; subsistema2esquematico:inst|Block1:inst|paralelo_serie_384b:inst1|shift_reg[118]~683                                                 ; 3       ;
; subsistema2esquematico:inst|Block1:inst|paralelo_serie_384b:inst1|shift_reg[120]~679                                                 ; 3       ;
; subsistema2esquematico:inst|Block1:inst|paralelo_serie_384b:inst1|shift_reg[122]~675                                                 ; 3       ;
; subsistema2esquematico:inst|Block1:inst|paralelo_serie_384b:inst1|shift_reg[123]~671                                                 ; 3       ;
; subsistema2esquematico:inst|Block1:inst|paralelo_serie_384b:inst1|shift_reg[124]~667                                                 ; 3       ;
; subsistema2esquematico:inst|Block1:inst|paralelo_serie_384b:inst1|shift_reg[126]~663                                                 ; 3       ;
; subsistema2esquematico:inst|Block1:inst|paralelo_serie_384b:inst1|shift_reg[128]~659                                                 ; 3       ;
; subsistema2esquematico:inst|Block1:inst|paralelo_serie_384b:inst1|shift_reg[130]~655                                                 ; 3       ;
; subsistema2esquematico:inst|Block1:inst|paralelo_serie_384b:inst1|shift_reg[131]~651                                                 ; 3       ;
; subsistema2esquematico:inst|Block1:inst|paralelo_serie_384b:inst1|shift_reg[132]~647                                                 ; 3       ;
; subsistema2esquematico:inst|Block1:inst|paralelo_serie_384b:inst1|shift_reg[133]~643                                                 ; 3       ;
; subsistema2esquematico:inst|Block1:inst|paralelo_serie_384b:inst1|shift_reg[134]~639                                                 ; 3       ;
; subsistema2esquematico:inst|Block1:inst|paralelo_serie_384b:inst1|shift_reg[135]~635                                                 ; 3       ;
; subsistema2esquematico:inst|Block1:inst|paralelo_serie_384b:inst1|shift_reg[136]~631                                                 ; 3       ;
; subsistema2esquematico:inst|Block1:inst|paralelo_serie_384b:inst1|shift_reg[137]~627                                                 ; 3       ;
; subsistema2esquematico:inst|Block1:inst|paralelo_serie_384b:inst1|shift_reg[138]~623                                                 ; 3       ;
; subsistema2esquematico:inst|Block1:inst|paralelo_serie_384b:inst1|shift_reg[139]~619                                                 ; 3       ;
; subsistema2esquematico:inst|Block1:inst|paralelo_serie_384b:inst1|shift_reg[141]~615                                                 ; 3       ;
; subsistema2esquematico:inst|Block1:inst|paralelo_serie_384b:inst1|shift_reg[142]~611                                                 ; 3       ;
; subsistema2esquematico:inst|Block1:inst|paralelo_serie_384b:inst1|shift_reg[144]~607                                                 ; 3       ;
; subsistema2esquematico:inst|Block1:inst|paralelo_serie_384b:inst1|shift_reg[146]~603                                                 ; 3       ;
; subsistema2esquematico:inst|Block1:inst|paralelo_serie_384b:inst1|shift_reg[147]~599                                                 ; 3       ;
; subsistema2esquematico:inst|Block1:inst|paralelo_serie_384b:inst1|shift_reg[148]~595                                                 ; 3       ;
; subsistema2esquematico:inst|Block1:inst|paralelo_serie_384b:inst1|shift_reg[150]~591                                                 ; 3       ;
; subsistema2esquematico:inst|Block1:inst|paralelo_serie_384b:inst1|shift_reg[152]~587                                                 ; 3       ;
; subsistema2esquematico:inst|Block1:inst|paralelo_serie_384b:inst1|shift_reg[154]~583                                                 ; 3       ;
; subsistema2esquematico:inst|Block1:inst|paralelo_serie_384b:inst1|shift_reg[155]~579                                                 ; 3       ;
; subsistema2esquematico:inst|Block1:inst|paralelo_serie_384b:inst1|shift_reg[156]~575                                                 ; 3       ;
; subsistema2esquematico:inst|Block1:inst|paralelo_serie_384b:inst1|shift_reg[157]~571                                                 ; 3       ;
; subsistema2esquematico:inst|Block1:inst|paralelo_serie_384b:inst1|shift_reg[158]~567                                                 ; 3       ;
; subsistema2esquematico:inst|Block1:inst|paralelo_serie_384b:inst1|shift_reg[159]~563                                                 ; 3       ;
; subsistema2esquematico:inst|Block1:inst|paralelo_serie_384b:inst1|shift_reg[160]~559                                                 ; 3       ;
; subsistema2esquematico:inst|Block1:inst|paralelo_serie_384b:inst1|shift_reg[161]~555                                                 ; 3       ;
; subsistema2esquematico:inst|Block1:inst|paralelo_serie_384b:inst1|shift_reg[162]~551                                                 ; 3       ;
; subsistema2esquematico:inst|Block1:inst|paralelo_serie_384b:inst1|shift_reg[163]~547                                                 ; 3       ;
; subsistema2esquematico:inst|Block1:inst|paralelo_serie_384b:inst1|shift_reg[165]~543                                                 ; 3       ;
; subsistema2esquematico:inst|Block1:inst|paralelo_serie_384b:inst1|shift_reg[166]~539                                                 ; 3       ;
; subsistema2esquematico:inst|Block1:inst|paralelo_serie_384b:inst1|shift_reg[168]~535                                                 ; 3       ;
; subsistema2esquematico:inst|Block1:inst|paralelo_serie_384b:inst1|shift_reg[170]~531                                                 ; 3       ;
; subsistema2esquematico:inst|Block1:inst|paralelo_serie_384b:inst1|shift_reg[171]~527                                                 ; 3       ;
; subsistema2esquematico:inst|Block1:inst|paralelo_serie_384b:inst1|shift_reg[174]~523                                                 ; 3       ;
; subsistema2esquematico:inst|Block1:inst|paralelo_serie_384b:inst1|shift_reg[176]~519                                                 ; 3       ;
; subsistema2esquematico:inst|Block1:inst|paralelo_serie_384b:inst1|shift_reg[179]~515                                                 ; 3       ;
; subsistema2esquematico:inst|Block1:inst|paralelo_serie_384b:inst1|shift_reg[180]~511                                                 ; 3       ;
; subsistema2esquematico:inst|Block1:inst|paralelo_serie_384b:inst1|shift_reg[181]~507                                                 ; 3       ;
; subsistema2esquematico:inst|Block1:inst|paralelo_serie_384b:inst1|shift_reg[182]~503                                                 ; 3       ;
; subsistema2esquematico:inst|Block1:inst|paralelo_serie_384b:inst1|shift_reg[183]~499                                                 ; 3       ;
; subsistema2esquematico:inst|Block1:inst|paralelo_serie_384b:inst1|shift_reg[184]~495                                                 ; 3       ;
; subsistema2esquematico:inst|Block1:inst|paralelo_serie_384b:inst1|shift_reg[185]~491                                                 ; 3       ;
; subsistema2esquematico:inst|Block1:inst|paralelo_serie_384b:inst1|shift_reg[186]~487                                                 ; 3       ;
; subsistema2esquematico:inst|Block1:inst|paralelo_serie_384b:inst1|shift_reg[187]~483                                                 ; 3       ;
; subsistema2esquematico:inst|Block1:inst|paralelo_serie_384b:inst1|shift_reg[189]~479                                                 ; 3       ;
; subsistema2esquematico:inst|Block1:inst|paralelo_serie_384b:inst1|shift_reg[190]~475                                                 ; 3       ;
; subsistema2esquematico:inst|Block1:inst|paralelo_serie_384b:inst1|shift_reg[192]~471                                                 ; 3       ;
; subsistema2esquematico:inst|Block1:inst|paralelo_serie_384b:inst1|shift_reg[194]~467                                                 ; 3       ;
; subsistema2esquematico:inst|Block1:inst|paralelo_serie_384b:inst1|shift_reg[195]~463                                                 ; 3       ;
; subsistema2esquematico:inst|Block1:inst|paralelo_serie_384b:inst1|shift_reg[196]~459                                                 ; 3       ;
; subsistema2esquematico:inst|Block1:inst|paralelo_serie_384b:inst1|shift_reg[198]~455                                                 ; 3       ;
; subsistema2esquematico:inst|Block1:inst|paralelo_serie_384b:inst1|shift_reg[200]~451                                                 ; 3       ;
; subsistema2esquematico:inst|Block1:inst|paralelo_serie_384b:inst1|shift_reg[202]~447                                                 ; 3       ;
; subsistema2esquematico:inst|Block1:inst|paralelo_serie_384b:inst1|shift_reg[203]~443                                                 ; 3       ;
; subsistema2esquematico:inst|Block1:inst|paralelo_serie_384b:inst1|shift_reg[204]~439                                                 ; 3       ;
; subsistema2esquematico:inst|Block1:inst|paralelo_serie_384b:inst1|shift_reg[205]~435                                                 ; 3       ;
; subsistema2esquematico:inst|Block1:inst|paralelo_serie_384b:inst1|shift_reg[206]~431                                                 ; 3       ;
; subsistema2esquematico:inst|Block1:inst|paralelo_serie_384b:inst1|shift_reg[207]~427                                                 ; 3       ;
; subsistema2esquematico:inst|Block1:inst|paralelo_serie_384b:inst1|shift_reg[208]~423                                                 ; 3       ;
; subsistema2esquematico:inst|Block1:inst|paralelo_serie_384b:inst1|shift_reg[209]~419                                                 ; 3       ;
; subsistema2esquematico:inst|Block1:inst|paralelo_serie_384b:inst1|shift_reg[210]~415                                                 ; 3       ;
; subsistema2esquematico:inst|Block1:inst|paralelo_serie_384b:inst1|shift_reg[211]~411                                                 ; 3       ;
; subsistema2esquematico:inst|Block1:inst|paralelo_serie_384b:inst1|shift_reg[213]~407                                                 ; 3       ;
; subsistema2esquematico:inst|Block1:inst|paralelo_serie_384b:inst1|shift_reg[214]~403                                                 ; 3       ;
; subsistema2esquematico:inst|Block1:inst|paralelo_serie_384b:inst1|shift_reg[216]~399                                                 ; 3       ;
; subsistema2esquematico:inst|Block1:inst|paralelo_serie_384b:inst1|shift_reg[218]~395                                                 ; 3       ;
; subsistema2esquematico:inst|Block1:inst|paralelo_serie_384b:inst1|shift_reg[219]~391                                                 ; 3       ;
; subsistema2esquematico:inst|Block1:inst|paralelo_serie_384b:inst1|shift_reg[220]~387                                                 ; 3       ;
; subsistema2esquematico:inst|Block1:inst|paralelo_serie_384b:inst1|shift_reg[222]~383                                                 ; 3       ;
; subsistema2esquematico:inst|Block1:inst|paralelo_serie_384b:inst1|shift_reg[224]~379                                                 ; 3       ;
; subsistema2esquematico:inst|Block1:inst|paralelo_serie_384b:inst1|shift_reg[226]~375                                                 ; 3       ;
; subsistema2esquematico:inst|Block1:inst|paralelo_serie_384b:inst1|shift_reg[227]~371                                                 ; 3       ;
; subsistema2esquematico:inst|Block1:inst|paralelo_serie_384b:inst1|shift_reg[228]~367                                                 ; 3       ;
; subsistema2esquematico:inst|Block1:inst|paralelo_serie_384b:inst1|shift_reg[229]~363                                                 ; 3       ;
; subsistema2esquematico:inst|Block1:inst|paralelo_serie_384b:inst1|shift_reg[230]~359                                                 ; 3       ;
; subsistema2esquematico:inst|Block1:inst|paralelo_serie_384b:inst1|shift_reg[231]~355                                                 ; 3       ;
; subsistema2esquematico:inst|Block1:inst|paralelo_serie_384b:inst1|shift_reg[232]~351                                                 ; 3       ;
; subsistema2esquematico:inst|Block1:inst|paralelo_serie_384b:inst1|shift_reg[233]~347                                                 ; 3       ;
; subsistema2esquematico:inst|Block1:inst|paralelo_serie_384b:inst1|shift_reg[234]~343                                                 ; 3       ;
; subsistema2esquematico:inst|Block1:inst|paralelo_serie_384b:inst1|shift_reg[235]~339                                                 ; 3       ;
; subsistema2esquematico:inst|Block1:inst|paralelo_serie_384b:inst1|shift_reg[237]~335                                                 ; 3       ;
; subsistema2esquematico:inst|Block1:inst|paralelo_serie_384b:inst1|shift_reg[238]~331                                                 ; 3       ;
; subsistema2esquematico:inst|Block1:inst|paralelo_serie_384b:inst1|shift_reg[240]~327                                                 ; 3       ;
; subsistema2esquematico:inst|Block1:inst|paralelo_serie_384b:inst1|shift_reg[242]~323                                                 ; 3       ;
; subsistema2esquematico:inst|Block1:inst|paralelo_serie_384b:inst1|shift_reg[243]~319                                                 ; 3       ;
; subsistema2esquematico:inst|Block1:inst|paralelo_serie_384b:inst1|shift_reg[244]~315                                                 ; 3       ;
; subsistema2esquematico:inst|Block1:inst|paralelo_serie_384b:inst1|shift_reg[246]~311                                                 ; 3       ;
; subsistema2esquematico:inst|Block1:inst|paralelo_serie_384b:inst1|shift_reg[248]~307                                                 ; 3       ;
; subsistema2esquematico:inst|Block1:inst|paralelo_serie_384b:inst1|shift_reg[250]~303                                                 ; 3       ;
; subsistema2esquematico:inst|Block1:inst|paralelo_serie_384b:inst1|shift_reg[251]~299                                                 ; 3       ;
; subsistema2esquematico:inst|Block1:inst|paralelo_serie_384b:inst1|shift_reg[252]~295                                                 ; 3       ;
; subsistema2esquematico:inst|Block1:inst|paralelo_serie_384b:inst1|shift_reg[253]~291                                                 ; 3       ;
; subsistema2esquematico:inst|Block1:inst|paralelo_serie_384b:inst1|shift_reg[254]~287                                                 ; 3       ;
; subsistema2esquematico:inst|Block1:inst|paralelo_serie_384b:inst1|shift_reg[255]~283                                                 ; 3       ;
; subsistema2esquematico:inst|Block1:inst|paralelo_serie_384b:inst1|shift_reg[256]~279                                                 ; 3       ;
; subsistema2esquematico:inst|Block1:inst|paralelo_serie_384b:inst1|shift_reg[257]~275                                                 ; 3       ;
; subsistema2esquematico:inst|Block1:inst|paralelo_serie_384b:inst1|shift_reg[258]~271                                                 ; 3       ;
; subsistema2esquematico:inst|Block1:inst|paralelo_serie_384b:inst1|shift_reg[259]~267                                                 ; 3       ;
; subsistema2esquematico:inst|Block1:inst|paralelo_serie_384b:inst1|shift_reg[261]~263                                                 ; 3       ;
; subsistema2esquematico:inst|Block1:inst|paralelo_serie_384b:inst1|shift_reg[262]~259                                                 ; 3       ;
; subsistema2esquematico:inst|Block1:inst|paralelo_serie_384b:inst1|shift_reg[264]~255                                                 ; 3       ;
; subsistema2esquematico:inst|Block1:inst|paralelo_serie_384b:inst1|shift_reg[266]~251                                                 ; 3       ;
; subsistema2esquematico:inst|Block1:inst|paralelo_serie_384b:inst1|shift_reg[267]~247                                                 ; 3       ;
; subsistema2esquematico:inst|Block1:inst|paralelo_serie_384b:inst1|shift_reg[270]~243                                                 ; 3       ;
; subsistema2esquematico:inst|Block1:inst|paralelo_serie_384b:inst1|shift_reg[272]~239                                                 ; 3       ;
; subsistema2esquematico:inst|Block1:inst|paralelo_serie_384b:inst1|shift_reg[276]~235                                                 ; 3       ;
; subsistema2esquematico:inst|Block1:inst|paralelo_serie_384b:inst1|shift_reg[277]~231                                                 ; 3       ;
; subsistema2esquematico:inst|Block1:inst|paralelo_serie_384b:inst1|shift_reg[278]~227                                                 ; 3       ;
; subsistema2esquematico:inst|Block1:inst|paralelo_serie_384b:inst1|shift_reg[279]~223                                                 ; 3       ;
; subsistema2esquematico:inst|Block1:inst|paralelo_serie_384b:inst1|shift_reg[280]~219                                                 ; 3       ;
; subsistema2esquematico:inst|Block1:inst|paralelo_serie_384b:inst1|shift_reg[281]~215                                                 ; 3       ;
; subsistema2esquematico:inst|Block1:inst|paralelo_serie_384b:inst1|shift_reg[282]~211                                                 ; 3       ;
; subsistema2esquematico:inst|Block1:inst|paralelo_serie_384b:inst1|shift_reg[283]~207                                                 ; 3       ;
; subsistema2esquematico:inst|Block1:inst|paralelo_serie_384b:inst1|shift_reg[285]~203                                                 ; 3       ;
; subsistema2esquematico:inst|Block1:inst|paralelo_serie_384b:inst1|shift_reg[286]~199                                                 ; 3       ;
; subsistema2esquematico:inst|Block1:inst|paralelo_serie_384b:inst1|shift_reg[288]~195                                                 ; 3       ;
; subsistema2esquematico:inst|Block1:inst|paralelo_serie_384b:inst1|shift_reg[290]~191                                                 ; 3       ;
; subsistema2esquematico:inst|Block1:inst|paralelo_serie_384b:inst1|shift_reg[292]~187                                                 ; 3       ;
; subsistema2esquematico:inst|Block1:inst|paralelo_serie_384b:inst1|shift_reg[296]~183                                                 ; 3       ;
; subsistema2esquematico:inst|Block1:inst|paralelo_serie_384b:inst1|shift_reg[298]~179                                                 ; 3       ;
; subsistema2esquematico:inst|Block1:inst|paralelo_serie_384b:inst1|shift_reg[299]~175                                                 ; 3       ;
; subsistema2esquematico:inst|Block1:inst|paralelo_serie_384b:inst1|shift_reg[300]~171                                                 ; 3       ;
; subsistema2esquematico:inst|Block1:inst|paralelo_serie_384b:inst1|shift_reg[301]~167                                                 ; 3       ;
; subsistema2esquematico:inst|Block1:inst|paralelo_serie_384b:inst1|shift_reg[302]~163                                                 ; 3       ;
; subsistema2esquematico:inst|Block1:inst|paralelo_serie_384b:inst1|shift_reg[304]~159                                                 ; 3       ;
; subsistema2esquematico:inst|Block1:inst|paralelo_serie_384b:inst1|shift_reg[312]~155                                                 ; 3       ;
; subsistema2esquematico:inst|Block1:inst|paralelo_serie_384b:inst1|shift_reg[314]~151                                                 ; 3       ;
; subsistema2esquematico:inst|Block1:inst|paralelo_serie_384b:inst1|shift_reg[316]~145                                                 ; 3       ;
; subsistema2esquematico:inst|Block1:inst|paralelo_serie_384b:inst1|shift_reg[320]~141                                                 ; 3       ;
; subsistema2esquematico:inst|Block1:inst|paralelo_serie_384b:inst1|shift_reg[322]~137                                                 ; 3       ;
; subsistema2esquematico:inst|Block1:inst|paralelo_serie_384b:inst1|shift_reg[323]~133                                                 ; 3       ;
; subsistema2esquematico:inst|Block1:inst|paralelo_serie_384b:inst1|shift_reg[324]~129                                                 ; 3       ;
; subsistema2esquematico:inst|Block1:inst|paralelo_serie_384b:inst1|shift_reg[325]~125                                                 ; 3       ;
; subsistema2esquematico:inst|Block1:inst|paralelo_serie_384b:inst1|shift_reg[326]~121                                                 ; 3       ;
; subsistema2esquematico:inst|Block1:inst|paralelo_serie_384b:inst1|shift_reg[328]~117                                                 ; 3       ;
; subsistema2esquematico:inst|Block1:inst|paralelo_serie_384b:inst1|shift_reg[336]~109                                                 ; 3       ;
; subsistema2esquematico:inst|Block1:inst|paralelo_serie_384b:inst1|shift_reg[338]~105                                                 ; 3       ;
; subsistema2esquematico:inst|Block1:inst|paralelo_serie_384b:inst1|shift_reg[340]~101                                                 ; 3       ;
; subsistema2esquematico:inst|Block1:inst|paralelo_serie_384b:inst1|shift_reg[344]~97                                                  ; 3       ;
; subsistema2esquematico:inst|Block1:inst|paralelo_serie_384b:inst1|shift_reg[346]~93                                                  ; 3       ;
; subsistema2esquematico:inst|Block1:inst|paralelo_serie_384b:inst1|shift_reg[347]~89                                                  ; 3       ;
; subsistema2esquematico:inst|Block1:inst|paralelo_serie_384b:inst1|shift_reg[348]~85                                                  ; 3       ;
; subsistema2esquematico:inst|Block1:inst|paralelo_serie_384b:inst1|shift_reg[349]~81                                                  ; 3       ;
; subsistema2esquematico:inst|Block1:inst|paralelo_serie_384b:inst1|shift_reg[350]~77                                                  ; 3       ;
; subsistema2esquematico:inst|Block1:inst|paralelo_serie_384b:inst1|shift_reg[352]~73                                                  ; 3       ;
; subsistema2esquematico:inst|Block1:inst|paralelo_serie_384b:inst1|shift_reg[360]~69                                                  ; 3       ;
; subsistema2esquematico:inst|Block1:inst|paralelo_serie_384b:inst1|shift_reg[362]~65                                                  ; 3       ;
; subsistema2esquematico:inst|Block1:inst|paralelo_serie_384b:inst1|shift_reg[363]~61                                                  ; 3       ;
; subsistema2esquematico:inst|Block1:inst|paralelo_serie_384b:inst1|shift_reg[364]~57                                                  ; 3       ;
; subsistema2esquematico:inst|Block1:inst|paralelo_serie_384b:inst1|shift_reg[366]~53                                                  ; 3       ;
; subsistema2esquematico:inst|Block1:inst|paralelo_serie_384b:inst1|shift_reg[368]~49                                                  ; 3       ;
; subsistema2esquematico:inst|Block1:inst|paralelo_serie_384b:inst1|shift_reg[370]~45                                                  ; 3       ;
; subsistema2esquematico:inst|Block1:inst|paralelo_serie_384b:inst1|shift_reg[371]~41                                                  ; 3       ;
; subsistema2esquematico:inst|Block1:inst|paralelo_serie_384b:inst1|shift_reg[372]~37                                                  ; 3       ;
; subsistema2esquematico:inst|Block1:inst|paralelo_serie_384b:inst1|shift_reg[373]~33                                                  ; 3       ;
; subsistema2esquematico:inst|Block1:inst|paralelo_serie_384b:inst1|shift_reg[374]~29                                                  ; 3       ;
; subsistema2esquematico:inst|Block1:inst|paralelo_serie_384b:inst1|shift_reg[375]~25                                                  ; 3       ;
; subsistema2esquematico:inst|Block1:inst|paralelo_serie_384b:inst1|shift_reg[376]~21                                                  ; 3       ;
; subsistema2esquematico:inst|Block1:inst|paralelo_serie_384b:inst1|shift_reg[377]~17                                                  ; 3       ;
; subsistema2esquematico:inst|Block1:inst|paralelo_serie_384b:inst1|shift_reg[378]~13                                                  ; 3       ;
; subsistema2esquematico:inst|Block1:inst|paralelo_serie_384b:inst1|shift_reg[379]~9                                                   ; 3       ;
; subsistema2esquematico:inst|Block1:inst|paralelo_serie_384b:inst1|shift_reg[381]~5                                                   ; 3       ;
; subsistema2esquematico:inst|Block1:inst|paralelo_serie_384b:inst1|shift_reg[382]~1                                                   ; 3       ;
; subsistema2esquematico:inst|coloress2:inst1|D14~3                                                                                    ; 3       ;
; subsistema2esquematico:inst|coloress2:inst1|D10~7                                                                                    ; 3       ;
; subsistema2esquematico:inst|coloress2:inst1|D10~6                                                                                    ; 3       ;
; subsistema2esquematico:inst|coloress2:inst1|D10~5                                                                                    ; 3       ;
; subsistema2esquematico:inst|coloress2:inst1|D10~4                                                                                    ; 3       ;
; subsistema2esquematico:inst|coloress2:inst1|D10~3                                                                                    ; 3       ;
; subsistema2esquematico:inst|coloress2:inst1|D9[8]                                                                                    ; 3       ;
; subsistema2esquematico:inst|coloress2:inst1|D9[11]                                                                                   ; 3       ;
; subsistema2esquematico:inst|coloress2:inst1|D6~15                                                                                    ; 3       ;
; subsistema2esquematico:inst|coloress2:inst1|D5[8]                                                                                    ; 3       ;
; subsistema2esquematico:inst|coloress2:inst1|D5[22]~2                                                                                 ; 3       ;
; subsistema2esquematico:inst|coloress2:inst1|D3[16]                                                                                   ; 3       ;
; subsistema2esquematico:inst|coloress2:inst1|D3[19]                                                                                   ; 3       ;
; subsistema2esquematico:inst|coloress2:inst1|D2~11                                                                                    ; 3       ;
; subsistema2esquematico:inst|coloress2:inst1|Add0~0                                                                                   ; 3       ;
; Detector_Victoria:inst5|s_victoria_j2~2                                                                                              ; 3       ;
; tecladover2:inst7|antirreboteimprovisado:inst15|Mux0~0                                                                               ; 3       ;
; tecladover2:inst7|SM1:inst8|fstate.B                                                                                                 ; 3       ;
; tecladover2:inst7|SM1:inst6|fstate.B                                                                                                 ; 3       ;
; tecladover2:inst7|SM1:inst9|fstate.B                                                                                                 ; 3       ;
; tecladover2:inst7|SM1:inst10|fstate.B                                                                                                ; 3       ;
; tecladover2:inst7|maq_barrido:inst|fstate.b1                                                                                         ; 3       ;
; subsistema2esquematico:inst|Block1:inst|pulso_384:inst12|count[8]                                                                    ; 3       ;
; subsistema2esquematico:inst|Block1:inst|pulso_384:inst12|count[7]                                                                    ; 3       ;
; tecladover2:inst7|maq_barrido:inst|fstate.fl2                                                                                        ; 3       ;
; MaquinaFinal1:inst1|lpm_counter6:inst3|lpm_counter:LPM_COUNTER_component|cntr_70k:auto_generated|counter_comb_bita1~0                ; 3       ;
; tecladover2:inst7|antirreboteimprovisado:inst15|led4                                                                                 ; 2       ;
; tecladover2:inst7|antirreboteimprovisado:inst15|led3                                                                                 ; 2       ;
; tecladover2:inst7|antirreboteimprovisado:inst15|led2                                                                                 ; 2       ;
; tecladover2:inst7|antirreboteimprovisado:inst15|led1                                                                                 ; 2       ;
; tecladover2:inst7|antirreboteimprovisado:inst15|hab                                                                                  ; 2       ;
; subsistema2esquematico:inst|coloress2:inst1|D3~19                                                                                    ; 2       ;
; subsistema2esquematico:inst|coloress2:inst1|D16[0]                                                                                   ; 2       ;
; subsistema2esquematico:inst|coloress2:inst1|D16[2]                                                                                   ; 2       ;
; subsistema2esquematico:inst|coloress2:inst1|D16[3]                                                                                   ; 2       ;
; subsistema2esquematico:inst|coloress2:inst1|D16[4]                                                                                   ; 2       ;
; subsistema2esquematico:inst|coloress2:inst1|D16[6]                                                                                   ; 2       ;
; subsistema2esquematico:inst|coloress2:inst1|D16[8]                                                                                   ; 2       ;
; subsistema2esquematico:inst|coloress2:inst1|D16[10]                                                                                  ; 2       ;
; subsistema2esquematico:inst|coloress2:inst1|D16[11]                                                                                  ; 2       ;
; subsistema2esquematico:inst|coloress2:inst1|D16[12]                                                                                  ; 2       ;
; subsistema2esquematico:inst|coloress2:inst1|D16[13]                                                                                  ; 2       ;
; subsistema2esquematico:inst|coloress2:inst1|D16[14]                                                                                  ; 2       ;
; subsistema2esquematico:inst|coloress2:inst1|D16[15]                                                                                  ; 2       ;
; subsistema2esquematico:inst|coloress2:inst1|D16[16]                                                                                  ; 2       ;
; subsistema2esquematico:inst|coloress2:inst1|D16[17]                                                                                  ; 2       ;
; subsistema2esquematico:inst|coloress2:inst1|D16[18]                                                                                  ; 2       ;
; subsistema2esquematico:inst|coloress2:inst1|D16[19]                                                                                  ; 2       ;
; subsistema2esquematico:inst|coloress2:inst1|D16[21]                                                                                  ; 2       ;
; subsistema2esquematico:inst|coloress2:inst1|D16[22]                                                                                  ; 2       ;
; subsistema2esquematico:inst|coloress2:inst1|D15[0]                                                                                   ; 2       ;
; subsistema2esquematico:inst|coloress2:inst1|D15[2]                                                                                   ; 2       ;
; subsistema2esquematico:inst|coloress2:inst1|D15[3]                                                                                   ; 2       ;
; subsistema2esquematico:inst|coloress2:inst1|D15[4]                                                                                   ; 2       ;
; subsistema2esquematico:inst|coloress2:inst1|D15[6]                                                                                   ; 2       ;
; subsistema2esquematico:inst|coloress2:inst1|D15[8]                                                                                   ; 2       ;
; subsistema2esquematico:inst|coloress2:inst1|D15[10]                                                                                  ; 2       ;
; subsistema2esquematico:inst|coloress2:inst1|D15[11]                                                                                  ; 2       ;
; subsistema2esquematico:inst|coloress2:inst1|D15[12]                                                                                  ; 2       ;
; subsistema2esquematico:inst|coloress2:inst1|D15[13]                                                                                  ; 2       ;
; subsistema2esquematico:inst|coloress2:inst1|D15[14]                                                                                  ; 2       ;
; subsistema2esquematico:inst|coloress2:inst1|D15[15]                                                                                  ; 2       ;
; subsistema2esquematico:inst|coloress2:inst1|D15[16]                                                                                  ; 2       ;
; subsistema2esquematico:inst|coloress2:inst1|D15[17]                                                                                  ; 2       ;
; subsistema2esquematico:inst|coloress2:inst1|D15[18]                                                                                  ; 2       ;
; subsistema2esquematico:inst|coloress2:inst1|D15[19]                                                                                  ; 2       ;
; subsistema2esquematico:inst|coloress2:inst1|D15[21]                                                                                  ; 2       ;
; subsistema2esquematico:inst|coloress2:inst1|D15[22]                                                                                  ; 2       ;
; subsistema2esquematico:inst|coloress2:inst1|D14[0]                                                                                   ; 2       ;
; subsistema2esquematico:inst|coloress2:inst1|D14[2]                                                                                   ; 2       ;
; subsistema2esquematico:inst|coloress2:inst1|D14[3]                                                                                   ; 2       ;
; subsistema2esquematico:inst|coloress2:inst1|D14[4]                                                                                   ; 2       ;
; subsistema2esquematico:inst|coloress2:inst1|D14[6]                                                                                   ; 2       ;
; subsistema2esquematico:inst|coloress2:inst1|D14[8]                                                                                   ; 2       ;
; subsistema2esquematico:inst|coloress2:inst1|D14[10]                                                                                  ; 2       ;
; subsistema2esquematico:inst|coloress2:inst1|D14[11]                                                                                  ; 2       ;
; subsistema2esquematico:inst|coloress2:inst1|D14[12]                                                                                  ; 2       ;
; subsistema2esquematico:inst|coloress2:inst1|D14[13]                                                                                  ; 2       ;
; subsistema2esquematico:inst|coloress2:inst1|D14[14]                                                                                  ; 2       ;
; subsistema2esquematico:inst|coloress2:inst1|D14[15]                                                                                  ; 2       ;
; subsistema2esquematico:inst|coloress2:inst1|D14[16]                                                                                  ; 2       ;
; subsistema2esquematico:inst|coloress2:inst1|D14[17]                                                                                  ; 2       ;
; subsistema2esquematico:inst|coloress2:inst1|D14[18]                                                                                  ; 2       ;
; subsistema2esquematico:inst|coloress2:inst1|D14[19]                                                                                  ; 2       ;
; subsistema2esquematico:inst|coloress2:inst1|D14[21]                                                                                  ; 2       ;
; subsistema2esquematico:inst|coloress2:inst1|D14[22]                                                                                  ; 2       ;
; subsistema2esquematico:inst|coloress2:inst1|D13[0]                                                                                   ; 2       ;
; subsistema2esquematico:inst|coloress2:inst1|D13[2]                                                                                   ; 2       ;
; subsistema2esquematico:inst|coloress2:inst1|D13[3]                                                                                   ; 2       ;
; subsistema2esquematico:inst|coloress2:inst1|D13[4]                                                                                   ; 2       ;
; subsistema2esquematico:inst|coloress2:inst1|D13[6]                                                                                   ; 2       ;
; subsistema2esquematico:inst|coloress2:inst1|D13[8]                                                                                   ; 2       ;
; subsistema2esquematico:inst|coloress2:inst1|D13[12]                                                                                  ; 2       ;
; subsistema2esquematico:inst|coloress2:inst1|D13[13]                                                                                  ; 2       ;
; subsistema2esquematico:inst|coloress2:inst1|D13[14]                                                                                  ; 2       ;
; subsistema2esquematico:inst|coloress2:inst1|D13~15                                                                                   ; 2       ;
; subsistema2esquematico:inst|coloress2:inst1|D13[15]                                                                                  ; 2       ;
; subsistema2esquematico:inst|coloress2:inst1|D13[16]~13                                                                               ; 2       ;
; subsistema2esquematico:inst|coloress2:inst1|D13[16]                                                                                  ; 2       ;
; subsistema2esquematico:inst|coloress2:inst1|D13[17]                                                                                  ; 2       ;
; subsistema2esquematico:inst|coloress2:inst1|D13[18]                                                                                  ; 2       ;
; subsistema2esquematico:inst|coloress2:inst1|D13[19]                                                                                  ; 2       ;
; subsistema2esquematico:inst|coloress2:inst1|D13~7                                                                                    ; 2       ;
; subsistema2esquematico:inst|coloress2:inst1|D13[21]                                                                                  ; 2       ;
; subsistema2esquematico:inst|coloress2:inst1|D13[22]                                                                                  ; 2       ;
; subsistema2esquematico:inst|coloress2:inst1|D12[0]                                                                                   ; 2       ;
; subsistema2esquematico:inst|coloress2:inst1|D12[2]                                                                                   ; 2       ;
; subsistema2esquematico:inst|coloress2:inst1|D12[3]                                                                                   ; 2       ;
; subsistema2esquematico:inst|coloress2:inst1|D12[4]                                                                                   ; 2       ;
; subsistema2esquematico:inst|coloress2:inst1|D12[6]                                                                                   ; 2       ;
; subsistema2esquematico:inst|coloress2:inst1|D12[8]                                                                                   ; 2       ;
; subsistema2esquematico:inst|coloress2:inst1|D12[10]                                                                                  ; 2       ;
; subsistema2esquematico:inst|coloress2:inst1|D12[11]                                                                                  ; 2       ;
; subsistema2esquematico:inst|coloress2:inst1|D12[12]                                                                                  ; 2       ;
; subsistema2esquematico:inst|coloress2:inst1|D12[13]                                                                                  ; 2       ;
; subsistema2esquematico:inst|coloress2:inst1|D12[14]                                                                                  ; 2       ;
; subsistema2esquematico:inst|coloress2:inst1|D12[15]                                                                                  ; 2       ;
; subsistema2esquematico:inst|coloress2:inst1|D12[16]                                                                                  ; 2       ;
; subsistema2esquematico:inst|coloress2:inst1|D12[17]                                                                                  ; 2       ;
; subsistema2esquematico:inst|coloress2:inst1|D12[18]                                                                                  ; 2       ;
; subsistema2esquematico:inst|coloress2:inst1|D12[19]                                                                                  ; 2       ;
; subsistema2esquematico:inst|coloress2:inst1|D12[21]                                                                                  ; 2       ;
; subsistema2esquematico:inst|coloress2:inst1|D12[22]                                                                                  ; 2       ;
; subsistema2esquematico:inst|coloress2:inst1|D11[0]                                                                                   ; 2       ;
; subsistema2esquematico:inst|coloress2:inst1|D11[2]                                                                                   ; 2       ;
; subsistema2esquematico:inst|coloress2:inst1|D11[3]                                                                                   ; 2       ;
; subsistema2esquematico:inst|coloress2:inst1|D11[4]                                                                                   ; 2       ;
; subsistema2esquematico:inst|coloress2:inst1|D11[6]                                                                                   ; 2       ;
; subsistema2esquematico:inst|coloress2:inst1|D11[8]                                                                                   ; 2       ;
; subsistema2esquematico:inst|coloress2:inst1|D11[10]                                                                                  ; 2       ;
; subsistema2esquematico:inst|coloress2:inst1|D11[11]                                                                                  ; 2       ;
; subsistema2esquematico:inst|coloress2:inst1|D11[12]                                                                                  ; 2       ;
; subsistema2esquematico:inst|coloress2:inst1|D11[13]                                                                                  ; 2       ;
; subsistema2esquematico:inst|coloress2:inst1|D11[14]                                                                                  ; 2       ;
; subsistema2esquematico:inst|coloress2:inst1|D11[15]                                                                                  ; 2       ;
; subsistema2esquematico:inst|coloress2:inst1|D11[16]                                                                                  ; 2       ;
; subsistema2esquematico:inst|coloress2:inst1|D11[17]                                                                                  ; 2       ;
; subsistema2esquematico:inst|coloress2:inst1|D11[18]                                                                                  ; 2       ;
; subsistema2esquematico:inst|coloress2:inst1|D11[19]                                                                                  ; 2       ;
; subsistema2esquematico:inst|coloress2:inst1|D11[21]                                                                                  ; 2       ;
; subsistema2esquematico:inst|coloress2:inst1|D11[22]                                                                                  ; 2       ;
; subsistema2esquematico:inst|coloress2:inst1|D10[0]                                                                                   ; 2       ;
; subsistema2esquematico:inst|coloress2:inst1|D10[2]                                                                                   ; 2       ;
; subsistema2esquematico:inst|coloress2:inst1|D10[3]                                                                                   ; 2       ;
; subsistema2esquematico:inst|coloress2:inst1|D10[4]                                                                                   ; 2       ;
; subsistema2esquematico:inst|coloress2:inst1|D10[6]                                                                                   ; 2       ;
; subsistema2esquematico:inst|coloress2:inst1|D10[8]                                                                                   ; 2       ;
; subsistema2esquematico:inst|coloress2:inst1|D10[10]                                                                                  ; 2       ;
; subsistema2esquematico:inst|coloress2:inst1|D10[11]                                                                                  ; 2       ;
; subsistema2esquematico:inst|coloress2:inst1|D10[12]                                                                                  ; 2       ;
; subsistema2esquematico:inst|coloress2:inst1|D10[13]                                                                                  ; 2       ;
; subsistema2esquematico:inst|coloress2:inst1|D10[14]                                                                                  ; 2       ;
; subsistema2esquematico:inst|coloress2:inst1|D10[15]                                                                                  ; 2       ;
; subsistema2esquematico:inst|coloress2:inst1|D10[16]                                                                                  ; 2       ;
; subsistema2esquematico:inst|coloress2:inst1|D10[17]                                                                                  ; 2       ;
; subsistema2esquematico:inst|coloress2:inst1|D10[18]                                                                                  ; 2       ;
; subsistema2esquematico:inst|coloress2:inst1|D10[19]                                                                                  ; 2       ;
; subsistema2esquematico:inst|coloress2:inst1|D10[21]                                                                                  ; 2       ;
; subsistema2esquematico:inst|coloress2:inst1|D10[22]                                                                                  ; 2       ;
; subsistema2esquematico:inst|coloress2:inst1|D9[0]                                                                                    ; 2       ;
; subsistema2esquematico:inst|coloress2:inst1|D9[2]                                                                                    ; 2       ;
; subsistema2esquematico:inst|coloress2:inst1|D9[3]                                                                                    ; 2       ;
; subsistema2esquematico:inst|coloress2:inst1|D9[6]                                                                                    ; 2       ;
; subsistema2esquematico:inst|coloress2:inst1|D9~20                                                                                    ; 2       ;
; subsistema2esquematico:inst|coloress2:inst1|D9[12]                                                                                   ; 2       ;
; subsistema2esquematico:inst|coloress2:inst1|D9[13]                                                                                   ; 2       ;
; subsistema2esquematico:inst|coloress2:inst1|D9[14]                                                                                   ; 2       ;
; subsistema2esquematico:inst|coloress2:inst1|D9~15                                                                                    ; 2       ;
; subsistema2esquematico:inst|coloress2:inst1|D9[15]                                                                                   ; 2       ;
; subsistema2esquematico:inst|coloress2:inst1|D9~13                                                                                    ; 2       ;
; subsistema2esquematico:inst|coloress2:inst1|D9[16]                                                                                   ; 2       ;
; subsistema2esquematico:inst|coloress2:inst1|D9[17]                                                                                   ; 2       ;
; subsistema2esquematico:inst|coloress2:inst1|D9[18]                                                                                   ; 2       ;
; subsistema2esquematico:inst|coloress2:inst1|D9[0]~8                                                                                  ; 2       ;
; subsistema2esquematico:inst|coloress2:inst1|D9[19]                                                                                   ; 2       ;
; subsistema2esquematico:inst|coloress2:inst1|D9~7                                                                                     ; 2       ;
; subsistema2esquematico:inst|coloress2:inst1|D9[21]                                                                                   ; 2       ;
; subsistema2esquematico:inst|coloress2:inst1|D9[22]~4                                                                                 ; 2       ;
; subsistema2esquematico:inst|coloress2:inst1|D9[22]                                                                                   ; 2       ;
; subsistema2esquematico:inst|coloress2:inst1|D8[0]                                                                                    ; 2       ;
; subsistema2esquematico:inst|coloress2:inst1|D8[2]                                                                                    ; 2       ;
; subsistema2esquematico:inst|coloress2:inst1|D8[3]                                                                                    ; 2       ;
; subsistema2esquematico:inst|coloress2:inst1|D8[4]                                                                                    ; 2       ;
; subsistema2esquematico:inst|coloress2:inst1|D8[6]                                                                                    ; 2       ;
; subsistema2esquematico:inst|coloress2:inst1|D8[8]                                                                                    ; 2       ;
; subsistema2esquematico:inst|coloress2:inst1|D8[10]                                                                                   ; 2       ;
; subsistema2esquematico:inst|coloress2:inst1|D8[11]                                                                                   ; 2       ;
; subsistema2esquematico:inst|coloress2:inst1|D8[12]                                                                                   ; 2       ;
; subsistema2esquematico:inst|coloress2:inst1|D8[13]                                                                                   ; 2       ;
; subsistema2esquematico:inst|coloress2:inst1|D8[14]                                                                                   ; 2       ;
; subsistema2esquematico:inst|coloress2:inst1|D8[15]                                                                                   ; 2       ;
; subsistema2esquematico:inst|coloress2:inst1|D8[16]                                                                                   ; 2       ;
; subsistema2esquematico:inst|coloress2:inst1|D8[17]                                                                                   ; 2       ;
; subsistema2esquematico:inst|coloress2:inst1|D8[18]                                                                                   ; 2       ;
; subsistema2esquematico:inst|coloress2:inst1|D8[19]                                                                                   ; 2       ;
; subsistema2esquematico:inst|coloress2:inst1|D8[21]                                                                                   ; 2       ;
; subsistema2esquematico:inst|coloress2:inst1|D8[22]                                                                                   ; 2       ;
; subsistema2esquematico:inst|coloress2:inst1|D7[0]                                                                                    ; 2       ;
; subsistema2esquematico:inst|coloress2:inst1|D7[2]                                                                                    ; 2       ;
; subsistema2esquematico:inst|coloress2:inst1|D7[3]                                                                                    ; 2       ;
; subsistema2esquematico:inst|coloress2:inst1|D7[4]                                                                                    ; 2       ;
; subsistema2esquematico:inst|coloress2:inst1|D7[6]                                                                                    ; 2       ;
; subsistema2esquematico:inst|coloress2:inst1|D7[8]                                                                                    ; 2       ;
; subsistema2esquematico:inst|coloress2:inst1|D7[10]                                                                                   ; 2       ;
; subsistema2esquematico:inst|coloress2:inst1|D7[11]                                                                                   ; 2       ;
; subsistema2esquematico:inst|coloress2:inst1|D7[12]                                                                                   ; 2       ;
; subsistema2esquematico:inst|coloress2:inst1|D7[13]                                                                                   ; 2       ;
; subsistema2esquematico:inst|coloress2:inst1|D7[14]                                                                                   ; 2       ;
; subsistema2esquematico:inst|coloress2:inst1|D7[15]                                                                                   ; 2       ;
; subsistema2esquematico:inst|coloress2:inst1|D7[16]                                                                                   ; 2       ;
; subsistema2esquematico:inst|coloress2:inst1|D7[17]                                                                                   ; 2       ;
; subsistema2esquematico:inst|coloress2:inst1|D7[18]                                                                                   ; 2       ;
; subsistema2esquematico:inst|coloress2:inst1|D7[19]                                                                                   ; 2       ;
; subsistema2esquematico:inst|coloress2:inst1|D7[21]                                                                                   ; 2       ;
; subsistema2esquematico:inst|coloress2:inst1|D7[22]                                                                                   ; 2       ;
; subsistema2esquematico:inst|coloress2:inst1|D6[0]                                                                                    ; 2       ;
; subsistema2esquematico:inst|coloress2:inst1|D6[2]                                                                                    ; 2       ;
; subsistema2esquematico:inst|coloress2:inst1|D6[3]                                                                                    ; 2       ;
; subsistema2esquematico:inst|coloress2:inst1|D6[4]                                                                                    ; 2       ;
; subsistema2esquematico:inst|coloress2:inst1|D6[6]                                                                                    ; 2       ;
; subsistema2esquematico:inst|coloress2:inst1|D6[8]                                                                                    ; 2       ;
; subsistema2esquematico:inst|coloress2:inst1|D6[10]                                                                                   ; 2       ;
; subsistema2esquematico:inst|coloress2:inst1|D6[11]                                                                                   ; 2       ;
; subsistema2esquematico:inst|coloress2:inst1|D6[12]                                                                                   ; 2       ;
; subsistema2esquematico:inst|coloress2:inst1|D6[13]                                                                                   ; 2       ;
; subsistema2esquematico:inst|coloress2:inst1|D6[14]                                                                                   ; 2       ;
; subsistema2esquematico:inst|coloress2:inst1|D6[15]                                                                                   ; 2       ;
; subsistema2esquematico:inst|coloress2:inst1|D6[16]                                                                                   ; 2       ;
; subsistema2esquematico:inst|coloress2:inst1|D6[17]                                                                                   ; 2       ;
; subsistema2esquematico:inst|coloress2:inst1|D6[18]                                                                                   ; 2       ;
; subsistema2esquematico:inst|coloress2:inst1|D6[19]                                                                                   ; 2       ;
; subsistema2esquematico:inst|coloress2:inst1|D6[21]                                                                                   ; 2       ;
; subsistema2esquematico:inst|coloress2:inst1|D6[22]                                                                                   ; 2       ;
; subsistema2esquematico:inst|coloress2:inst1|D5~28                                                                                    ; 2       ;
; subsistema2esquematico:inst|coloress2:inst1|D5[0]                                                                                    ; 2       ;
; subsistema2esquematico:inst|coloress2:inst1|D5[2]                                                                                    ; 2       ;
; subsistema2esquematico:inst|coloress2:inst1|D5[3]                                                                                    ; 2       ;
; subsistema2esquematico:inst|coloress2:inst1|D5[6]                                                                                    ; 2       ;
; subsistema2esquematico:inst|coloress2:inst1|D5[12]                                                                                   ; 2       ;
; subsistema2esquematico:inst|coloress2:inst1|D5[13]                                                                                   ; 2       ;
; subsistema2esquematico:inst|coloress2:inst1|D5[14]                                                                                   ; 2       ;
; subsistema2esquematico:inst|coloress2:inst1|D5~18                                                                                    ; 2       ;
; subsistema2esquematico:inst|coloress2:inst1|D5[15]                                                                                   ; 2       ;
; subsistema2esquematico:inst|coloress2:inst1|D5~16                                                                                    ; 2       ;
; subsistema2esquematico:inst|coloress2:inst1|D5~15                                                                                    ; 2       ;
; subsistema2esquematico:inst|coloress2:inst1|D5[16]                                                                                   ; 2       ;
; subsistema2esquematico:inst|coloress2:inst1|D5[17]                                                                                   ; 2       ;
; subsistema2esquematico:inst|coloress2:inst1|D5[18]                                                                                   ; 2       ;
; subsistema2esquematico:inst|coloress2:inst1|D5[19]                                                                                   ; 2       ;
; subsistema2esquematico:inst|coloress2:inst1|D5~7                                                                                     ; 2       ;
; subsistema2esquematico:inst|coloress2:inst1|D5[21]                                                                                   ; 2       ;
; subsistema2esquematico:inst|coloress2:inst1|D5[22]                                                                                   ; 2       ;
; subsistema2esquematico:inst|coloress2:inst1|D4[0]                                                                                    ; 2       ;
; subsistema2esquematico:inst|coloress2:inst1|D4[2]                                                                                    ; 2       ;
; subsistema2esquematico:inst|coloress2:inst1|D4[4]                                                                                    ; 2       ;
; subsistema2esquematico:inst|coloress2:inst1|D4[8]                                                                                    ; 2       ;
; subsistema2esquematico:inst|coloress2:inst1|D4[10]                                                                                   ; 2       ;
; subsistema2esquematico:inst|coloress2:inst1|D4[11]                                                                                   ; 2       ;
; subsistema2esquematico:inst|coloress2:inst1|D4[12]                                                                                   ; 2       ;
; subsistema2esquematico:inst|coloress2:inst1|D4~10                                                                                    ; 2       ;
; subsistema2esquematico:inst|coloress2:inst1|D4[13]                                                                                   ; 2       ;
; subsistema2esquematico:inst|coloress2:inst1|D4~7                                                                                     ; 2       ;
; subsistema2esquematico:inst|coloress2:inst1|D4[10]~6                                                                                 ; 2       ;
; subsistema2esquematico:inst|coloress2:inst1|D4[14]                                                                                   ; 2       ;
; subsistema2esquematico:inst|coloress2:inst1|D4[16]                                                                                   ; 2       ;
; subsistema2esquematico:inst|coloress2:inst1|D3[0]                                                                                    ; 2       ;
; subsistema2esquematico:inst|coloress2:inst1|D3[2]                                                                                    ; 2       ;
; subsistema2esquematico:inst|coloress2:inst1|D3[4]                                                                                    ; 2       ;
; subsistema2esquematico:inst|coloress2:inst1|D3[8]                                                                                    ; 2       ;
; subsistema2esquematico:inst|coloress2:inst1|D3[10]                                                                                   ; 2       ;
; subsistema2esquematico:inst|coloress2:inst1|D3[11]                                                                                   ; 2       ;
; subsistema2esquematico:inst|coloress2:inst1|D3[12]                                                                                   ; 2       ;
; subsistema2esquematico:inst|coloress2:inst1|D3~10                                                                                    ; 2       ;
; subsistema2esquematico:inst|coloress2:inst1|D3[13]                                                                                   ; 2       ;
; subsistema2esquematico:inst|coloress2:inst1|D3[11]~7                                                                                 ; 2       ;
; subsistema2esquematico:inst|coloress2:inst1|D3[14]                                                                                   ; 2       ;
; subsistema2esquematico:inst|coloress2:inst1|D2[0]                                                                                    ; 2       ;
; subsistema2esquematico:inst|coloress2:inst1|D2[2]                                                                                    ; 2       ;
; subsistema2esquematico:inst|coloress2:inst1|D2[4]                                                                                    ; 2       ;
; subsistema2esquematico:inst|coloress2:inst1|D4~4                                                                                     ; 2       ;
; subsistema2esquematico:inst|coloress2:inst1|D2[8]                                                                                    ; 2       ;
; subsistema2esquematico:inst|coloress2:inst1|D2[10]                                                                                   ; 2       ;
; subsistema2esquematico:inst|coloress2:inst1|D2[11]                                                                                   ; 2       ;
; subsistema2esquematico:inst|coloress2:inst1|D2[12]                                                                                   ; 2       ;
; subsistema2esquematico:inst|coloress2:inst1|D2~10                                                                                    ; 2       ;
; subsistema2esquematico:inst|coloress2:inst1|D2[13]                                                                                   ; 2       ;
; subsistema2esquematico:inst|coloress2:inst1|D2[14]                                                                                   ; 2       ;
; subsistema2esquematico:inst|coloress2:inst1|D2~5                                                                                     ; 2       ;
; subsistema2esquematico:inst|coloress2:inst1|D2~4                                                                                     ; 2       ;
; subsistema2esquematico:inst|coloress2:inst1|D2~3                                                                                     ; 2       ;
; subsistema2esquematico:inst|coloress2:inst1|D2[16]~2                                                                                 ; 2       ;
; subsistema2esquematico:inst|coloress2:inst1|D2[16]                                                                                   ; 2       ;
; subsistema2esquematico:inst|coloress2:inst1|D1[0]                                                                                    ; 2       ;
; subsistema2esquematico:inst|coloress2:inst1|D1[2]                                                                                    ; 2       ;
; subsistema2esquematico:inst|coloress2:inst1|D1[3]                                                                                    ; 2       ;
; subsistema2esquematico:inst|coloress2:inst1|D1[4]                                                                                    ; 2       ;
; subsistema2esquematico:inst|coloress2:inst1|D1~14                                                                                    ; 2       ;
; subsistema2esquematico:inst|coloress2:inst1|D1[6]                                                                                    ; 2       ;
; subsistema2esquematico:inst|coloress2:inst1|D1[8]                                                                                    ; 2       ;
; subsistema2esquematico:inst|coloress2:inst1|D1[10]                                                                                   ; 2       ;
; subsistema2esquematico:inst|coloress2:inst1|D1[11]                                                                                   ; 2       ;
; subsistema2esquematico:inst|coloress2:inst1|D1[12]                                                                                   ; 2       ;
; driver:inst12|Mux0~0                                                                                                                 ; 2       ;
; driver:inst12|Add0~0                                                                                                                 ; 2       ;
; subsistema2esquematico:inst|coloress2:inst1|D1~10                                                                                    ; 2       ;
; subsistema2esquematico:inst|coloress2:inst1|D1[13]                                                                                   ; 2       ;
; subsistema2esquematico:inst|coloress2:inst1|D1[14]                                                                                   ; 2       ;
; subsistema2esquematico:inst|coloress2:inst1|D1[15]                                                                                   ; 2       ;
; subsistema2esquematico:inst|coloress2:inst1|D1[16]                                                                                   ; 2       ;
; subsistema2esquematico:inst|coloress2:inst1|D1[17]                                                                                   ; 2       ;
; subsistema2esquematico:inst|coloress2:inst1|D1[18]                                                                                   ; 2       ;
; driver:inst12|tablero_s[0]~0                                                                                                         ; 2       ;
; subsistema2esquematico:inst|coloress2:inst1|D1[19]                                                                                   ; 2       ;
; inst19                                                                                                                               ; 2       ;
; Memoria_tablero:inst6|s_estado_tablero[14]~13                                                                                        ; 2       ;
; Memoria_tablero:inst6|s_estado_tablero[16]~12                                                                                        ; 2       ;
; Memoria_tablero:inst6|s_estado_tablero[12]~11                                                                                        ; 2       ;
; Memoria_tablero:inst6|s_estado_tablero[6]~10                                                                                         ; 2       ;
; Memoria_tablero:inst6|s_estado_tablero[9]~9                                                                                          ; 2       ;
; Memoria_tablero:inst6|s_estado_tablero[9]~8                                                                                          ; 2       ;
; Memoria_tablero:inst6|s_estado_tablero[11]~7                                                                                         ; 2       ;
; Memoria_tablero:inst6|s_estado_tablero[4]~6                                                                                          ; 2       ;
; Memoria_tablero:inst6|s_estado_tablero[0]~4                                                                                          ; 2       ;
; Validar_movimiento:inst8|Mux1~0                                                                                                      ; 2       ;
; Memoria_tablero:inst6|s_estado_tablero[3]~2                                                                                          ; 2       ;
; driver:inst12|Mux12~0                                                                                                                ; 2       ;
; driver:inst12|Add2~1                                                                                                                 ; 2       ;
; driver:inst12|Add2~0                                                                                                                 ; 2       ;
; inst10                                                                                                                               ; 2       ;
; MaquinaFinal1:inst1|maquina2:inst1|Selector0~2                                                                                       ; 2       ;
; MaquinaFinal1:inst1|maquina2:inst1|Selector0~0                                                                                       ; 2       ;
; MaquinaFinal1:inst1|maquina2:inst1|Selector1~0                                                                                       ; 2       ;
; subsistema2esquematico:inst|coloress2:inst1|D1[21]                                                                                   ; 2       ;
; inst11                                                                                                                               ; 2       ;
; inst14                                                                                                                               ; 2       ;
; tecladover2:inst7|SM1:inst6|Selector0~0                                                                                              ; 2       ;
; tecladover2:inst7|SM1:inst6|fstate.D                                                                                                 ; 2       ;
; tecladover2:inst7|SM1:inst8|Selector0~0                                                                                              ; 2       ;
; tecladover2:inst7|SM1:inst8|fstate.D                                                                                                 ; 2       ;
; tecladover2:inst7|SM1:inst10|Selector0~0                                                                                             ; 2       ;
; tecladover2:inst7|SM1:inst10|fstate.D                                                                                                ; 2       ;
; tecladover2:inst7|SM1:inst9|Selector0~0                                                                                              ; 2       ;
; tecladover2:inst7|SM1:inst9|fstate.D                                                                                                 ; 2       ;
; driver:inst12|jvj_s                                                                                                                  ; 2       ;
; driver:inst12|reset_s~0                                                                                                              ; 2       ;
; subsistema2esquematico:inst|coloress2:inst1|D1[22]                                                                                   ; 2       ;
; inst18                                                                                                                               ; 2       ;
; subsistema2esquematico:inst|Block1:inst|pulso_384:inst12|strt                                                                        ; 2       ;
; tecladover2:inst7|maq_barrido:inst|F4~0                                                                                              ; 2       ;
; tecladover2:inst7|maq_barrido:inst|F3~0                                                                                              ; 2       ;
; tecladover2:inst7|maq_barrido:inst|F2~0                                                                                              ; 2       ;
; tecladover2:inst7|maq_barrido:inst|F1~0                                                                                              ; 2       ;
; MaquinaFinal1:inst1|inst11~0                                                                                                         ; 2       ;
; MaquinaFinal1:inst1|inst5~0                                                                                                          ; 2       ;
; MaquinaFinal1:inst1|inst2                                                                                                            ; 2       ;
; tecladover2:inst7|inst20                                                                                                             ; 2       ;
; tecladover2:inst7|inst21                                                                                                             ; 2       ;
; tecladover2:inst7|inst19                                                                                                             ; 2       ;
; tecladover2:inst7|inst18                                                                                                             ; 2       ;
; tecladover2:inst7|inst23                                                                                                             ; 2       ;
; tecladover2:inst7|lpm_counter1:inst13|lpm_counter:LPM_COUNTER_component|cntr_p1k:auto_generated|counter_reg_bit[2]                   ; 2       ;
; tecladover2:inst7|lpm_counter1:inst13|lpm_counter:LPM_COUNTER_component|cntr_p1k:auto_generated|counter_reg_bit[3]                   ; 2       ;
; tecladover2:inst7|lpm_counter1:inst13|lpm_counter:LPM_COUNTER_component|cntr_p1k:auto_generated|counter_reg_bit[4]                   ; 2       ;
; tecladover2:inst7|lpm_counter1:inst13|lpm_counter:LPM_COUNTER_component|cntr_p1k:auto_generated|counter_reg_bit[5]                   ; 2       ;
; tecladover2:inst7|maq_barrido:inst|fstate.fl1                                                                                        ; 2       ;
; inst27~feeder                                                                                                                        ; 1       ;
; inst22~feeder                                                                                                                        ; 1       ;
; inst21~feeder                                                                                                                        ; 1       ;
; tecladover2:inst7|inst20~feeder                                                                                                      ; 1       ;
; tecladover2:inst7|inst21~feeder                                                                                                      ; 1       ;
; tecladover2:inst7|inst19~feeder                                                                                                      ; 1       ;
; tecladover2:inst7|inst18~feeder                                                                                                      ; 1       ;
; tecladover2:inst7|inst23~feeder                                                                                                      ; 1       ;
; inclk0~input                                                                                                                         ; 1       ;
; subsistema2esquematico:inst|Block1:inst|pulso_384:inst12|process_0~0_wirecell                                                        ; 1       ;
; driver:inst12|boton[3]~_wirecell                                                                                                     ; 1       ;
; inst19~0                                                                                                                             ; 1       ;
; inst10~0                                                                                                                             ; 1       ;
; inst11~0                                                                                                                             ; 1       ;
; inst14~0                                                                                                                             ; 1       ;
; inst18~0                                                                                                                             ; 1       ;
; subsistema2esquematico:inst|Block1:inst|inst19~0                                                                                     ; 1       ;
; driver:inst12|reset_s~1                                                                                                              ; 1       ;
; subsistema2esquematico:inst|Block1:inst|inst13~0                                                                                     ; 1       ;
; inst24~0                                                                                                                             ; 1       ;
; MaquinaFinal1:inst1|maquina2:inst1|Selector5~26                                                                                      ; 1       ;
; MaquinaFinal1:inst1|maquina2:inst1|Selector5~25                                                                                      ; 1       ;
; subsistema2esquematico:inst|coloress2:inst1|D13~24                                                                                   ; 1       ;
; subsistema2esquematico:inst|coloress2:inst1|D13~23                                                                                   ; 1       ;
; subsistema2esquematico:inst|coloress2:inst1|D4~18                                                                                    ; 1       ;
; subsistema2esquematico:inst|coloress2:inst1|puntos1~3                                                                                ; 1       ;
; MaquinaFinal1:inst1|maquina2:inst1|Selector5~24                                                                                      ; 1       ;
; subsistema2esquematico:inst|Block1:inst|paralelo_serie_384b:inst1|shift_reg[0]~1032                                                  ; 1       ;
; subsistema2esquematico:inst|Block1:inst|paralelo_serie_384b:inst1|shift_reg[0]~_emulated                                             ; 1       ;
; subsistema2esquematico:inst|Block1:inst|paralelo_serie_384b:inst1|shift_reg[2]~1029                                                  ; 1       ;
; subsistema2esquematico:inst|Block1:inst|paralelo_serie_384b:inst1|shift_reg[1]                                                       ; 1       ;
; subsistema2esquematico:inst|Block1:inst|paralelo_serie_384b:inst1|shift_reg[2]~1028                                                  ; 1       ;
; subsistema2esquematico:inst|Block1:inst|paralelo_serie_384b:inst1|shift_reg[2]~_emulated                                             ; 1       ;
; subsistema2esquematico:inst|Block1:inst|paralelo_serie_384b:inst1|shift_reg[3]~1025                                                  ; 1       ;
; subsistema2esquematico:inst|Block1:inst|paralelo_serie_384b:inst1|shift_reg[3]~1024                                                  ; 1       ;
; subsistema2esquematico:inst|Block1:inst|paralelo_serie_384b:inst1|shift_reg[3]~_emulated                                             ; 1       ;
; subsistema2esquematico:inst|Block1:inst|paralelo_serie_384b:inst1|shift_reg[4]~1021                                                  ; 1       ;
; subsistema2esquematico:inst|Block1:inst|paralelo_serie_384b:inst1|shift_reg[4]~1020                                                  ; 1       ;
; subsistema2esquematico:inst|Block1:inst|paralelo_serie_384b:inst1|shift_reg[4]~_emulated                                             ; 1       ;
; subsistema2esquematico:inst|Block1:inst|paralelo_serie_384b:inst1|shift_reg[6]~1017                                                  ; 1       ;
; subsistema2esquematico:inst|Block1:inst|paralelo_serie_384b:inst1|shift_reg[5]                                                       ; 1       ;
; subsistema2esquematico:inst|Block1:inst|paralelo_serie_384b:inst1|shift_reg[6]~1016                                                  ; 1       ;
; subsistema2esquematico:inst|Block1:inst|paralelo_serie_384b:inst1|shift_reg[6]~_emulated                                             ; 1       ;
; subsistema2esquematico:inst|Block1:inst|paralelo_serie_384b:inst1|shift_reg[8]~1013                                                  ; 1       ;
; subsistema2esquematico:inst|Block1:inst|paralelo_serie_384b:inst1|shift_reg[7]                                                       ; 1       ;
; subsistema2esquematico:inst|Block1:inst|paralelo_serie_384b:inst1|shift_reg[8]~1012                                                  ; 1       ;
; subsistema2esquematico:inst|Block1:inst|paralelo_serie_384b:inst1|shift_reg[8]~_emulated                                             ; 1       ;
; subsistema2esquematico:inst|Block1:inst|paralelo_serie_384b:inst1|shift_reg[10]~1009                                                 ; 1       ;
; subsistema2esquematico:inst|Block1:inst|paralelo_serie_384b:inst1|shift_reg[9]                                                       ; 1       ;
; subsistema2esquematico:inst|Block1:inst|paralelo_serie_384b:inst1|shift_reg[10]~1008                                                 ; 1       ;
; subsistema2esquematico:inst|Block1:inst|paralelo_serie_384b:inst1|shift_reg[10]~_emulated                                            ; 1       ;
; subsistema2esquematico:inst|Block1:inst|paralelo_serie_384b:inst1|shift_reg[11]~1005                                                 ; 1       ;
; subsistema2esquematico:inst|Block1:inst|paralelo_serie_384b:inst1|shift_reg[11]~1004                                                 ; 1       ;
; subsistema2esquematico:inst|Block1:inst|paralelo_serie_384b:inst1|shift_reg[11]~_emulated                                            ; 1       ;
; subsistema2esquematico:inst|Block1:inst|paralelo_serie_384b:inst1|shift_reg[12]~1001                                                 ; 1       ;
; subsistema2esquematico:inst|Block1:inst|paralelo_serie_384b:inst1|shift_reg[12]~1000                                                 ; 1       ;
; subsistema2esquematico:inst|Block1:inst|paralelo_serie_384b:inst1|shift_reg[12]~_emulated                                            ; 1       ;
; subsistema2esquematico:inst|Block1:inst|paralelo_serie_384b:inst1|shift_reg[13]~997                                                  ; 1       ;
; subsistema2esquematico:inst|Block1:inst|paralelo_serie_384b:inst1|shift_reg[13]~996                                                  ; 1       ;
; subsistema2esquematico:inst|Block1:inst|paralelo_serie_384b:inst1|shift_reg[13]~_emulated                                            ; 1       ;
; subsistema2esquematico:inst|Block1:inst|paralelo_serie_384b:inst1|shift_reg[14]~993                                                  ; 1       ;
; subsistema2esquematico:inst|Block1:inst|paralelo_serie_384b:inst1|shift_reg[14]~992                                                  ; 1       ;
; subsistema2esquematico:inst|Block1:inst|paralelo_serie_384b:inst1|shift_reg[14]~_emulated                                            ; 1       ;
; subsistema2esquematico:inst|Block1:inst|paralelo_serie_384b:inst1|shift_reg[15]~989                                                  ; 1       ;
; subsistema2esquematico:inst|Block1:inst|paralelo_serie_384b:inst1|shift_reg[15]~988                                                  ; 1       ;
; subsistema2esquematico:inst|Block1:inst|paralelo_serie_384b:inst1|shift_reg[15]~_emulated                                            ; 1       ;
; subsistema2esquematico:inst|Block1:inst|paralelo_serie_384b:inst1|shift_reg[16]~985                                                  ; 1       ;
; subsistema2esquematico:inst|Block1:inst|paralelo_serie_384b:inst1|shift_reg[16]~984                                                  ; 1       ;
; subsistema2esquematico:inst|Block1:inst|paralelo_serie_384b:inst1|shift_reg[16]~_emulated                                            ; 1       ;
; subsistema2esquematico:inst|Block1:inst|paralelo_serie_384b:inst1|shift_reg[17]~981                                                  ; 1       ;
; subsistema2esquematico:inst|Block1:inst|paralelo_serie_384b:inst1|shift_reg[17]~980                                                  ; 1       ;
; subsistema2esquematico:inst|Block1:inst|paralelo_serie_384b:inst1|shift_reg[17]~_emulated                                            ; 1       ;
; subsistema2esquematico:inst|Block1:inst|paralelo_serie_384b:inst1|shift_reg[18]~977                                                  ; 1       ;
; subsistema2esquematico:inst|Block1:inst|paralelo_serie_384b:inst1|shift_reg[18]~976                                                  ; 1       ;
; subsistema2esquematico:inst|Block1:inst|paralelo_serie_384b:inst1|shift_reg[18]~_emulated                                            ; 1       ;
; subsistema2esquematico:inst|Block1:inst|paralelo_serie_384b:inst1|shift_reg[19]~973                                                  ; 1       ;
; subsistema2esquematico:inst|Block1:inst|paralelo_serie_384b:inst1|shift_reg[19]~972                                                  ; 1       ;
; subsistema2esquematico:inst|Block1:inst|paralelo_serie_384b:inst1|shift_reg[19]~_emulated                                            ; 1       ;
; subsistema2esquematico:inst|Block1:inst|paralelo_serie_384b:inst1|shift_reg[21]~969                                                  ; 1       ;
; subsistema2esquematico:inst|Block1:inst|paralelo_serie_384b:inst1|shift_reg[20]                                                      ; 1       ;
; subsistema2esquematico:inst|Block1:inst|paralelo_serie_384b:inst1|shift_reg[21]~968                                                  ; 1       ;
; subsistema2esquematico:inst|Block1:inst|paralelo_serie_384b:inst1|shift_reg[21]~_emulated                                            ; 1       ;
; subsistema2esquematico:inst|coloress2:inst1|D16[14]~0                                                                                ; 1       ;
; subsistema2esquematico:inst|Block1:inst|paralelo_serie_384b:inst1|shift_reg[22]~965                                                  ; 1       ;
; subsistema2esquematico:inst|Block1:inst|paralelo_serie_384b:inst1|shift_reg[22]~964                                                  ; 1       ;
; subsistema2esquematico:inst|Block1:inst|paralelo_serie_384b:inst1|shift_reg[22]~_emulated                                            ; 1       ;
; subsistema2esquematico:inst|Block1:inst|paralelo_serie_384b:inst1|shift_reg[24]~961                                                  ; 1       ;
; subsistema2esquematico:inst|Block1:inst|paralelo_serie_384b:inst1|shift_reg[23]                                                      ; 1       ;
; subsistema2esquematico:inst|Block1:inst|paralelo_serie_384b:inst1|shift_reg[24]~960                                                  ; 1       ;
; subsistema2esquematico:inst|Block1:inst|paralelo_serie_384b:inst1|shift_reg[24]~_emulated                                            ; 1       ;
; subsistema2esquematico:inst|Block1:inst|paralelo_serie_384b:inst1|shift_reg[26]~957                                                  ; 1       ;
; subsistema2esquematico:inst|Block1:inst|paralelo_serie_384b:inst1|shift_reg[25]                                                      ; 1       ;
; subsistema2esquematico:inst|Block1:inst|paralelo_serie_384b:inst1|shift_reg[26]~956                                                  ; 1       ;
; subsistema2esquematico:inst|Block1:inst|paralelo_serie_384b:inst1|shift_reg[26]~_emulated                                            ; 1       ;
; subsistema2esquematico:inst|Block1:inst|paralelo_serie_384b:inst1|shift_reg[27]~953                                                  ; 1       ;
; subsistema2esquematico:inst|Block1:inst|paralelo_serie_384b:inst1|shift_reg[27]~952                                                  ; 1       ;
; subsistema2esquematico:inst|Block1:inst|paralelo_serie_384b:inst1|shift_reg[27]~_emulated                                            ; 1       ;
; subsistema2esquematico:inst|Block1:inst|paralelo_serie_384b:inst1|shift_reg[28]~949                                                  ; 1       ;
; subsistema2esquematico:inst|Block1:inst|paralelo_serie_384b:inst1|shift_reg[28]~948                                                  ; 1       ;
; subsistema2esquematico:inst|Block1:inst|paralelo_serie_384b:inst1|shift_reg[28]~_emulated                                            ; 1       ;
; subsistema2esquematico:inst|Block1:inst|paralelo_serie_384b:inst1|shift_reg[30]~945                                                  ; 1       ;
; subsistema2esquematico:inst|Block1:inst|paralelo_serie_384b:inst1|shift_reg[29]                                                      ; 1       ;
; subsistema2esquematico:inst|Block1:inst|paralelo_serie_384b:inst1|shift_reg[30]~944                                                  ; 1       ;
; subsistema2esquematico:inst|Block1:inst|paralelo_serie_384b:inst1|shift_reg[30]~_emulated                                            ; 1       ;
; subsistema2esquematico:inst|Block1:inst|paralelo_serie_384b:inst1|shift_reg[32]~941                                                  ; 1       ;
; subsistema2esquematico:inst|Block1:inst|paralelo_serie_384b:inst1|shift_reg[31]                                                      ; 1       ;
; subsistema2esquematico:inst|Block1:inst|paralelo_serie_384b:inst1|shift_reg[32]~940                                                  ; 1       ;
; subsistema2esquematico:inst|Block1:inst|paralelo_serie_384b:inst1|shift_reg[32]~_emulated                                            ; 1       ;
; subsistema2esquematico:inst|Block1:inst|paralelo_serie_384b:inst1|shift_reg[34]~937                                                  ; 1       ;
; subsistema2esquematico:inst|Block1:inst|paralelo_serie_384b:inst1|shift_reg[33]                                                      ; 1       ;
; subsistema2esquematico:inst|Block1:inst|paralelo_serie_384b:inst1|shift_reg[34]~936                                                  ; 1       ;
; subsistema2esquematico:inst|Block1:inst|paralelo_serie_384b:inst1|shift_reg[34]~_emulated                                            ; 1       ;
; subsistema2esquematico:inst|Block1:inst|paralelo_serie_384b:inst1|shift_reg[35]~933                                                  ; 1       ;
; subsistema2esquematico:inst|Block1:inst|paralelo_serie_384b:inst1|shift_reg[35]~932                                                  ; 1       ;
; subsistema2esquematico:inst|Block1:inst|paralelo_serie_384b:inst1|shift_reg[35]~_emulated                                            ; 1       ;
; subsistema2esquematico:inst|Block1:inst|paralelo_serie_384b:inst1|shift_reg[36]~929                                                  ; 1       ;
; subsistema2esquematico:inst|Block1:inst|paralelo_serie_384b:inst1|shift_reg[36]~928                                                  ; 1       ;
; subsistema2esquematico:inst|Block1:inst|paralelo_serie_384b:inst1|shift_reg[36]~_emulated                                            ; 1       ;
; subsistema2esquematico:inst|Block1:inst|paralelo_serie_384b:inst1|shift_reg[37]~925                                                  ; 1       ;
; subsistema2esquematico:inst|Block1:inst|paralelo_serie_384b:inst1|shift_reg[37]~924                                                  ; 1       ;
; subsistema2esquematico:inst|Block1:inst|paralelo_serie_384b:inst1|shift_reg[37]~_emulated                                            ; 1       ;
; subsistema2esquematico:inst|Block1:inst|paralelo_serie_384b:inst1|shift_reg[38]~921                                                  ; 1       ;
; subsistema2esquematico:inst|Block1:inst|paralelo_serie_384b:inst1|shift_reg[38]~920                                                  ; 1       ;
; subsistema2esquematico:inst|Block1:inst|paralelo_serie_384b:inst1|shift_reg[38]~_emulated                                            ; 1       ;
; subsistema2esquematico:inst|Block1:inst|paralelo_serie_384b:inst1|shift_reg[39]~917                                                  ; 1       ;
; subsistema2esquematico:inst|Block1:inst|paralelo_serie_384b:inst1|shift_reg[39]~916                                                  ; 1       ;
; subsistema2esquematico:inst|Block1:inst|paralelo_serie_384b:inst1|shift_reg[39]~_emulated                                            ; 1       ;
; subsistema2esquematico:inst|Block1:inst|paralelo_serie_384b:inst1|shift_reg[40]~913                                                  ; 1       ;
; subsistema2esquematico:inst|Block1:inst|paralelo_serie_384b:inst1|shift_reg[40]~912                                                  ; 1       ;
; subsistema2esquematico:inst|Block1:inst|paralelo_serie_384b:inst1|shift_reg[40]~_emulated                                            ; 1       ;
; subsistema2esquematico:inst|Block1:inst|paralelo_serie_384b:inst1|shift_reg[41]~909                                                  ; 1       ;
; subsistema2esquematico:inst|Block1:inst|paralelo_serie_384b:inst1|shift_reg[41]~908                                                  ; 1       ;
; subsistema2esquematico:inst|Block1:inst|paralelo_serie_384b:inst1|shift_reg[41]~_emulated                                            ; 1       ;
; subsistema2esquematico:inst|Block1:inst|paralelo_serie_384b:inst1|shift_reg[42]~905                                                  ; 1       ;
; subsistema2esquematico:inst|Block1:inst|paralelo_serie_384b:inst1|shift_reg[42]~904                                                  ; 1       ;
; subsistema2esquematico:inst|Block1:inst|paralelo_serie_384b:inst1|shift_reg[42]~_emulated                                            ; 1       ;
; subsistema2esquematico:inst|Block1:inst|paralelo_serie_384b:inst1|shift_reg[43]~901                                                  ; 1       ;
; subsistema2esquematico:inst|Block1:inst|paralelo_serie_384b:inst1|shift_reg[43]~900                                                  ; 1       ;
; subsistema2esquematico:inst|Block1:inst|paralelo_serie_384b:inst1|shift_reg[43]~_emulated                                            ; 1       ;
; subsistema2esquematico:inst|Block1:inst|paralelo_serie_384b:inst1|shift_reg[45]~897                                                  ; 1       ;
; subsistema2esquematico:inst|Block1:inst|paralelo_serie_384b:inst1|shift_reg[44]                                                      ; 1       ;
; subsistema2esquematico:inst|Block1:inst|paralelo_serie_384b:inst1|shift_reg[45]~896                                                  ; 1       ;
; subsistema2esquematico:inst|Block1:inst|paralelo_serie_384b:inst1|shift_reg[45]~_emulated                                            ; 1       ;
; subsistema2esquematico:inst|coloress2:inst1|D10[19]~9                                                                                ; 1       ;
; subsistema2esquematico:inst|Block1:inst|paralelo_serie_384b:inst1|shift_reg[46]~893                                                  ; 1       ;
; subsistema2esquematico:inst|Block1:inst|paralelo_serie_384b:inst1|shift_reg[46]~892                                                  ; 1       ;
; subsistema2esquematico:inst|Block1:inst|paralelo_serie_384b:inst1|shift_reg[46]~_emulated                                            ; 1       ;
; subsistema2esquematico:inst|Block1:inst|paralelo_serie_384b:inst1|shift_reg[48]~889                                                  ; 1       ;
; subsistema2esquematico:inst|Block1:inst|paralelo_serie_384b:inst1|shift_reg[47]                                                      ; 1       ;
; subsistema2esquematico:inst|Block1:inst|paralelo_serie_384b:inst1|shift_reg[48]~888                                                  ; 1       ;
; subsistema2esquematico:inst|Block1:inst|paralelo_serie_384b:inst1|shift_reg[48]~_emulated                                            ; 1       ;
; subsistema2esquematico:inst|Block1:inst|paralelo_serie_384b:inst1|shift_reg[50]~885                                                  ; 1       ;
; subsistema2esquematico:inst|Block1:inst|paralelo_serie_384b:inst1|shift_reg[49]                                                      ; 1       ;
; subsistema2esquematico:inst|Block1:inst|paralelo_serie_384b:inst1|shift_reg[50]~884                                                  ; 1       ;
; subsistema2esquematico:inst|Block1:inst|paralelo_serie_384b:inst1|shift_reg[50]~_emulated                                            ; 1       ;
; subsistema2esquematico:inst|Block1:inst|paralelo_serie_384b:inst1|shift_reg[51]~881                                                  ; 1       ;
; subsistema2esquematico:inst|Block1:inst|paralelo_serie_384b:inst1|shift_reg[51]~880                                                  ; 1       ;
; subsistema2esquematico:inst|Block1:inst|paralelo_serie_384b:inst1|shift_reg[51]~_emulated                                            ; 1       ;
; subsistema2esquematico:inst|Block1:inst|paralelo_serie_384b:inst1|shift_reg[52]~877                                                  ; 1       ;
; subsistema2esquematico:inst|Block1:inst|paralelo_serie_384b:inst1|shift_reg[52]~876                                                  ; 1       ;
; subsistema2esquematico:inst|Block1:inst|paralelo_serie_384b:inst1|shift_reg[52]~_emulated                                            ; 1       ;
; subsistema2esquematico:inst|Block1:inst|paralelo_serie_384b:inst1|shift_reg[54]~873                                                  ; 1       ;
; subsistema2esquematico:inst|Block1:inst|paralelo_serie_384b:inst1|shift_reg[53]                                                      ; 1       ;
; subsistema2esquematico:inst|Block1:inst|paralelo_serie_384b:inst1|shift_reg[54]~872                                                  ; 1       ;
; subsistema2esquematico:inst|Block1:inst|paralelo_serie_384b:inst1|shift_reg[54]~_emulated                                            ; 1       ;
; subsistema2esquematico:inst|Block1:inst|paralelo_serie_384b:inst1|shift_reg[56]~869                                                  ; 1       ;
; subsistema2esquematico:inst|Block1:inst|paralelo_serie_384b:inst1|shift_reg[55]                                                      ; 1       ;
; subsistema2esquematico:inst|Block1:inst|paralelo_serie_384b:inst1|shift_reg[56]~868                                                  ; 1       ;
; subsistema2esquematico:inst|Block1:inst|paralelo_serie_384b:inst1|shift_reg[56]~_emulated                                            ; 1       ;
; subsistema2esquematico:inst|Block1:inst|paralelo_serie_384b:inst1|shift_reg[58]~865                                                  ; 1       ;
; subsistema2esquematico:inst|Block1:inst|paralelo_serie_384b:inst1|shift_reg[57]                                                      ; 1       ;
; subsistema2esquematico:inst|Block1:inst|paralelo_serie_384b:inst1|shift_reg[58]~864                                                  ; 1       ;
; subsistema2esquematico:inst|Block1:inst|paralelo_serie_384b:inst1|shift_reg[58]~_emulated                                            ; 1       ;
; subsistema2esquematico:inst|Block1:inst|paralelo_serie_384b:inst1|shift_reg[59]~861                                                  ; 1       ;
; subsistema2esquematico:inst|Block1:inst|paralelo_serie_384b:inst1|shift_reg[59]~860                                                  ; 1       ;
; subsistema2esquematico:inst|Block1:inst|paralelo_serie_384b:inst1|shift_reg[59]~_emulated                                            ; 1       ;
; subsistema2esquematico:inst|Block1:inst|paralelo_serie_384b:inst1|shift_reg[60]~857                                                  ; 1       ;
; subsistema2esquematico:inst|Block1:inst|paralelo_serie_384b:inst1|shift_reg[60]~856                                                  ; 1       ;
; subsistema2esquematico:inst|Block1:inst|paralelo_serie_384b:inst1|shift_reg[60]~_emulated                                            ; 1       ;
; subsistema2esquematico:inst|Block1:inst|paralelo_serie_384b:inst1|shift_reg[61]~853                                                  ; 1       ;
; subsistema2esquematico:inst|Block1:inst|paralelo_serie_384b:inst1|shift_reg[61]~852                                                  ; 1       ;
; subsistema2esquematico:inst|Block1:inst|paralelo_serie_384b:inst1|shift_reg[61]~_emulated                                            ; 1       ;
; subsistema2esquematico:inst|Block1:inst|paralelo_serie_384b:inst1|shift_reg[62]~849                                                  ; 1       ;
; subsistema2esquematico:inst|Block1:inst|paralelo_serie_384b:inst1|shift_reg[62]~848                                                  ; 1       ;
; subsistema2esquematico:inst|Block1:inst|paralelo_serie_384b:inst1|shift_reg[62]~_emulated                                            ; 1       ;
; subsistema2esquematico:inst|Block1:inst|paralelo_serie_384b:inst1|shift_reg[63]~845                                                  ; 1       ;
; subsistema2esquematico:inst|Block1:inst|paralelo_serie_384b:inst1|shift_reg[63]~844                                                  ; 1       ;
; subsistema2esquematico:inst|Block1:inst|paralelo_serie_384b:inst1|shift_reg[63]~_emulated                                            ; 1       ;
; subsistema2esquematico:inst|Block1:inst|paralelo_serie_384b:inst1|shift_reg[64]~841                                                  ; 1       ;
; subsistema2esquematico:inst|Block1:inst|paralelo_serie_384b:inst1|shift_reg[64]~840                                                  ; 1       ;
; subsistema2esquematico:inst|Block1:inst|paralelo_serie_384b:inst1|shift_reg[64]~_emulated                                            ; 1       ;
; subsistema2esquematico:inst|Block1:inst|paralelo_serie_384b:inst1|shift_reg[65]~837                                                  ; 1       ;
; subsistema2esquematico:inst|Block1:inst|paralelo_serie_384b:inst1|shift_reg[65]~836                                                  ; 1       ;
; subsistema2esquematico:inst|Block1:inst|paralelo_serie_384b:inst1|shift_reg[65]~_emulated                                            ; 1       ;
; subsistema2esquematico:inst|Block1:inst|paralelo_serie_384b:inst1|shift_reg[66]~833                                                  ; 1       ;
; subsistema2esquematico:inst|Block1:inst|paralelo_serie_384b:inst1|shift_reg[66]~832                                                  ; 1       ;
; subsistema2esquematico:inst|Block1:inst|paralelo_serie_384b:inst1|shift_reg[66]~_emulated                                            ; 1       ;
; subsistema2esquematico:inst|Block1:inst|paralelo_serie_384b:inst1|shift_reg[67]~829                                                  ; 1       ;
; subsistema2esquematico:inst|Block1:inst|paralelo_serie_384b:inst1|shift_reg[67]~828                                                  ; 1       ;
; subsistema2esquematico:inst|Block1:inst|paralelo_serie_384b:inst1|shift_reg[67]~_emulated                                            ; 1       ;
; subsistema2esquematico:inst|Block1:inst|paralelo_serie_384b:inst1|shift_reg[69]~825                                                  ; 1       ;
; subsistema2esquematico:inst|Block1:inst|paralelo_serie_384b:inst1|shift_reg[68]                                                      ; 1       ;
; subsistema2esquematico:inst|Block1:inst|paralelo_serie_384b:inst1|shift_reg[69]~824                                                  ; 1       ;
+--------------------------------------------------------------------------------------------------------------------------------------+---------+


+------------------------------------------------------+
; Other Routing Usage Summary                          ;
+-----------------------------+------------------------+
; Other Routing Resource Type ; Usage                  ;
+-----------------------------+------------------------+
; Block interconnects         ; 1,835 / 71,559 ( 3 % ) ;
; C16 interconnects           ; 23 / 2,597 ( < 1 % )   ;
; C4 interconnects            ; 855 / 46,848 ( 2 % )   ;
; Direct links                ; 360 / 71,559 ( < 1 % ) ;
; Global clocks               ; 12 / 20 ( 60 % )       ;
; Local interconnects         ; 935 / 24,624 ( 4 % )   ;
; R24 interconnects           ; 18 / 2,496 ( < 1 % )   ;
; R4 interconnects            ; 1,169 / 62,424 ( 2 % ) ;
+-----------------------------+------------------------+


+-----------------------------------------------------------------------------+
; LAB Logic Elements                                                          ;
+---------------------------------------------+-------------------------------+
; Number of Logic Elements  (Average = 13.19) ; Number of LABs  (Total = 103) ;
+---------------------------------------------+-------------------------------+
; 1                                           ; 5                             ;
; 2                                           ; 1                             ;
; 3                                           ; 1                             ;
; 4                                           ; 3                             ;
; 5                                           ; 2                             ;
; 6                                           ; 2                             ;
; 7                                           ; 1                             ;
; 8                                           ; 3                             ;
; 9                                           ; 1                             ;
; 10                                          ; 4                             ;
; 11                                          ; 1                             ;
; 12                                          ; 4                             ;
; 13                                          ; 3                             ;
; 14                                          ; 5                             ;
; 15                                          ; 5                             ;
; 16                                          ; 62                            ;
+---------------------------------------------+-------------------------------+


+--------------------------------------------------------------------+
; LAB-wide Signals                                                   ;
+------------------------------------+-------------------------------+
; LAB-wide Signals  (Average = 2.29) ; Number of LABs  (Total = 103) ;
+------------------------------------+-------------------------------+
; 1 Async. clear                     ; 63                            ;
; 1 Clock                            ; 28                            ;
; 1 Clock enable                     ; 69                            ;
; 1 Sync. clear                      ; 2                             ;
; 1 Sync. load                       ; 1                             ;
; 2 Clock enables                    ; 1                             ;
; 2 Clocks                           ; 72                            ;
+------------------------------------+-------------------------------+


+------------------------------------------------------------------------------+
; LAB Signals Sourced                                                          ;
+----------------------------------------------+-------------------------------+
; Number of Signals Sourced  (Average = 20.58) ; Number of LABs  (Total = 103) ;
+----------------------------------------------+-------------------------------+
; 0                                            ; 0                             ;
; 1                                            ; 2                             ;
; 2                                            ; 4                             ;
; 3                                            ; 0                             ;
; 4                                            ; 1                             ;
; 5                                            ; 1                             ;
; 6                                            ; 2                             ;
; 7                                            ; 2                             ;
; 8                                            ; 0                             ;
; 9                                            ; 0                             ;
; 10                                           ; 2                             ;
; 11                                           ; 2                             ;
; 12                                           ; 3                             ;
; 13                                           ; 2                             ;
; 14                                           ; 0                             ;
; 15                                           ; 3                             ;
; 16                                           ; 2                             ;
; 17                                           ; 2                             ;
; 18                                           ; 5                             ;
; 19                                           ; 4                             ;
; 20                                           ; 5                             ;
; 21                                           ; 3                             ;
; 22                                           ; 1                             ;
; 23                                           ; 4                             ;
; 24                                           ; 7                             ;
; 25                                           ; 7                             ;
; 26                                           ; 10                            ;
; 27                                           ; 12                            ;
; 28                                           ; 5                             ;
; 29                                           ; 10                            ;
; 30                                           ; 2                             ;
+----------------------------------------------+-------------------------------+


+---------------------------------------------------------------------------------+
; LAB Signals Sourced Out                                                         ;
+-------------------------------------------------+-------------------------------+
; Number of Signals Sourced Out  (Average = 4.46) ; Number of LABs  (Total = 103) ;
+-------------------------------------------------+-------------------------------+
; 0                                               ; 0                             ;
; 1                                               ; 24                            ;
; 2                                               ; 17                            ;
; 3                                               ; 14                            ;
; 4                                               ; 11                            ;
; 5                                               ; 9                             ;
; 6                                               ; 4                             ;
; 7                                               ; 6                             ;
; 8                                               ; 0                             ;
; 9                                               ; 6                             ;
; 10                                              ; 4                             ;
; 11                                              ; 0                             ;
; 12                                              ; 3                             ;
; 13                                              ; 1                             ;
; 14                                              ; 0                             ;
; 15                                              ; 3                             ;
; 16                                              ; 1                             ;
+-------------------------------------------------+-------------------------------+


+------------------------------------------------------------------------------+
; LAB Distinct Inputs                                                          ;
+----------------------------------------------+-------------------------------+
; Number of Distinct Inputs  (Average = 13.15) ; Number of LABs  (Total = 103) ;
+----------------------------------------------+-------------------------------+
; 0                                            ; 0                             ;
; 1                                            ; 0                             ;
; 2                                            ; 6                             ;
; 3                                            ; 1                             ;
; 4                                            ; 2                             ;
; 5                                            ; 1                             ;
; 6                                            ; 1                             ;
; 7                                            ; 1                             ;
; 8                                            ; 2                             ;
; 9                                            ; 5                             ;
; 10                                           ; 9                             ;
; 11                                           ; 6                             ;
; 12                                           ; 8                             ;
; 13                                           ; 11                            ;
; 14                                           ; 13                            ;
; 15                                           ; 7                             ;
; 16                                           ; 8                             ;
; 17                                           ; 5                             ;
; 18                                           ; 2                             ;
; 19                                           ; 4                             ;
; 20                                           ; 6                             ;
; 21                                           ; 2                             ;
; 22                                           ; 0                             ;
; 23                                           ; 0                             ;
; 24                                           ; 1                             ;
; 25                                           ; 0                             ;
; 26                                           ; 0                             ;
; 27                                           ; 0                             ;
; 28                                           ; 1                             ;
; 29                                           ; 0                             ;
; 30                                           ; 0                             ;
; 31                                           ; 1                             ;
+----------------------------------------------+-------------------------------+


+------------------------------------------+
; I/O Rules Summary                        ;
+----------------------------------+-------+
; I/O Rules Statistic              ; Total ;
+----------------------------------+-------+
; Total I/O Rules                  ; 30    ;
; Number of I/O Rules Passed       ; 12    ;
; Number of I/O Rules Failed       ; 0     ;
; Number of I/O Rules Unchecked    ; 0     ;
; Number of I/O Rules Inapplicable ; 18    ;
+----------------------------------+-------+


+-----------------------------------------------------------------------------------------------------------------------------------------------------------------------------------------------------------------------------------------------------------------------------------------------------+
; I/O Rules Details                                                                                                                                                                                                                                                                                   ;
+--------------+-----------+-----------------------------------+------------------------------------------------------------------------------------------------------+----------+--------------------------------------------------------------------------+---------------------+-------------------+
; Status       ; ID        ; Category                          ; Rule Description                                                                                     ; Severity ; Information                                                              ; Area                ; Extra Information ;
+--------------+-----------+-----------------------------------+------------------------------------------------------------------------------------------------------+----------+--------------------------------------------------------------------------+---------------------+-------------------+
; Pass         ; IO_000001 ; Capacity Checks                   ; Number of pins in an I/O bank should not exceed the number of locations available.                   ; Critical ; 0 such failures found.                                                   ; I/O                 ;                   ;
; Inapplicable ; IO_000002 ; Capacity Checks                   ; Number of clocks in an I/O bank should not exceed the number of clocks available.                    ; Critical ; No Global Signal assignments found.                                      ; I/O                 ;                   ;
; Pass         ; IO_000003 ; Capacity Checks                   ; Number of pins in a Vrefgroup should not exceed the number of locations available.                   ; Critical ; 0 such failures found.                                                   ; I/O                 ;                   ;
; Inapplicable ; IO_000004 ; Voltage Compatibility Checks      ; The I/O bank should support the requested VCCIO.                                                     ; Critical ; No IOBANK_VCCIO assignments found.                                       ; I/O                 ;                   ;
; Inapplicable ; IO_000005 ; Voltage Compatibility Checks      ; The I/O bank should not have competing VREF values.                                                  ; Critical ; No VREF I/O Standard assignments found.                                  ; I/O                 ;                   ;
; Pass         ; IO_000006 ; Voltage Compatibility Checks      ; The I/O bank should not have competing VCCIO values.                                                 ; Critical ; 0 such failures found.                                                   ; I/O                 ;                   ;
; Pass         ; IO_000007 ; Valid Location Checks             ; Checks for unavailable locations.                                                                    ; Critical ; 0 such failures found.                                                   ; I/O                 ;                   ;
; Inapplicable ; IO_000008 ; Valid Location Checks             ; Checks for reserved locations.                                                                       ; Critical ; No reserved LogicLock region found.                                      ; I/O                 ;                   ;
; Pass         ; IO_000009 ; I/O Properties Checks for One I/O ; The location should support the requested I/O standard.                                              ; Critical ; 0 such failures found.                                                   ; I/O                 ;                   ;
; Pass         ; IO_000010 ; I/O Properties Checks for One I/O ; The location should support the requested I/O direction.                                             ; Critical ; 0 such failures found.                                                   ; I/O                 ;                   ;
; Inapplicable ; IO_000011 ; I/O Properties Checks for One I/O ; The location should support the requested Current Strength.                                          ; Critical ; No Current Strength assignments found.                                   ; I/O                 ;                   ;
; Pass         ; IO_000012 ; I/O Properties Checks for One I/O ; The location should support the requested On Chip Termination value.                                 ; Critical ; 0 such failures found.                                                   ; I/O                 ;                   ;
; Inapplicable ; IO_000013 ; I/O Properties Checks for One I/O ; The location should support the requested Bus Hold value.                                            ; Critical ; No Enable Bus-Hold Circuitry assignments found.                          ; I/O                 ;                   ;
; Inapplicable ; IO_000014 ; I/O Properties Checks for One I/O ; The location should support the requested Weak Pull Up value.                                        ; Critical ; No Weak Pull-Up Resistor assignments found.                              ; I/O                 ;                   ;
; Pass         ; IO_000015 ; I/O Properties Checks for One I/O ; The location should support the requested PCI Clamp Diode.                                           ; Critical ; 0 such failures found.                                                   ; I/O                 ;                   ;
; Inapplicable ; IO_000018 ; I/O Properties Checks for One I/O ; The I/O standard should support the requested Current Strength.                                      ; Critical ; No Current Strength assignments found.                                   ; I/O                 ;                   ;
; Pass         ; IO_000019 ; I/O Properties Checks for One I/O ; The I/O standard should support the requested On Chip Termination value.                             ; Critical ; 0 such failures found.                                                   ; I/O                 ;                   ;
; Pass         ; IO_000020 ; I/O Properties Checks for One I/O ; The I/O standard should support the requested PCI Clamp Diode.                                       ; Critical ; 0 such failures found.                                                   ; I/O                 ;                   ;
; Inapplicable ; IO_000021 ; I/O Properties Checks for One I/O ; The I/O standard should support the requested Weak Pull Up value.                                    ; Critical ; No Weak Pull-Up Resistor assignments found.                              ; I/O                 ;                   ;
; Inapplicable ; IO_000022 ; I/O Properties Checks for One I/O ; The I/O standard should support the requested Bus Hold value.                                        ; Critical ; No Enable Bus-Hold Circuitry assignments found.                          ; I/O                 ;                   ;
; Inapplicable ; IO_000023 ; I/O Properties Checks for One I/O ; The I/O standard should support the Open Drain value.                                                ; Critical ; No open drain assignments found.                                         ; I/O                 ;                   ;
; Pass         ; IO_000024 ; I/O Properties Checks for One I/O ; The I/O direction should support the On Chip Termination value.                                      ; Critical ; 0 such failures found.                                                   ; I/O                 ;                   ;
; Inapplicable ; IO_000026 ; I/O Properties Checks for One I/O ; On Chip Termination and Current Strength should not be used at the same time.                        ; Critical ; No Current Strength assignments found.                                   ; I/O                 ;                   ;
; Inapplicable ; IO_000027 ; I/O Properties Checks for One I/O ; Weak Pull Up and Bus Hold should not be used at the same time.                                       ; Critical ; No Enable Bus-Hold Circuitry or Weak Pull-Up Resistor assignments found. ; I/O                 ;                   ;
; Inapplicable ; IO_000045 ; I/O Properties Checks for One I/O ; The I/O standard should support the requested Slew Rate value.                                       ; Critical ; No Slew Rate assignments found.                                          ; I/O                 ;                   ;
; Inapplicable ; IO_000046 ; I/O Properties Checks for One I/O ; The location should support the requested Slew Rate value.                                           ; Critical ; No Slew Rate assignments found.                                          ; I/O                 ;                   ;
; Inapplicable ; IO_000047 ; I/O Properties Checks for One I/O ; On Chip Termination and Slew Rate should not be used at the same time.                               ; Critical ; No Slew Rate assignments found.                                          ; I/O                 ;                   ;
; Pass         ; IO_000033 ; Electromigration Checks           ; Current density for consecutive I/Os should not exceed 240mA for row I/Os and 240mA for column I/Os. ; Critical ; 0 such failures found.                                                   ; I/O                 ;                   ;
; Inapplicable ; IO_000034 ; SI Related Distance Checks        ; Single-ended outputs should be 5 LAB row(s) away from a differential I/O.                            ; High     ; No Differential I/O Standard assignments found.                          ; I/O                 ;                   ;
; Inapplicable ; IO_000042 ; SI Related SSO Limit Checks       ; No more than 20 outputs are allowed in a VREF group when VREF is being read from.                    ; High     ; No VREF I/O Standard assignments found.                                  ; I/O                 ;                   ;
; ----         ; ----      ; Disclaimer                        ; OCT rules are checked but not reported.                                                              ; None     ; ----                                                                     ; On Chip Termination ;                   ;
+--------------+-----------+-----------------------------------+------------------------------------------------------------------------------------------------------+----------+--------------------------------------------------------------------------+---------------------+-------------------+


+--------------------------------------------------------------------------------------------------------------------------------------------------------------------------------------------------------------------------------------------------------------------------------------------------------------------------------------------------------------------------------------------------------------------------------------------------------------------------+
; I/O Rules Matrix                                                                                                                                                                                                                                                                                                                                                                                                                                                         ;
+--------------------+--------------+--------------+--------------+--------------+--------------+-----------+--------------+--------------+-----------+-----------+--------------+--------------+--------------+--------------+--------------+--------------+--------------+--------------+--------------+--------------+--------------+--------------+--------------+--------------+--------------+--------------+--------------+-----------+--------------+--------------+
; Pin/Rules          ; IO_000001    ; IO_000002    ; IO_000003    ; IO_000004    ; IO_000005    ; IO_000006 ; IO_000007    ; IO_000008    ; IO_000009 ; IO_000010 ; IO_000011    ; IO_000012    ; IO_000013    ; IO_000014    ; IO_000015    ; IO_000018    ; IO_000019    ; IO_000020    ; IO_000021    ; IO_000022    ; IO_000023    ; IO_000024    ; IO_000026    ; IO_000027    ; IO_000045    ; IO_000046    ; IO_000047    ; IO_000033 ; IO_000034    ; IO_000042    ;
+--------------------+--------------+--------------+--------------+--------------+--------------+-----------+--------------+--------------+-----------+-----------+--------------+--------------+--------------+--------------+--------------+--------------+--------------+--------------+--------------+--------------+--------------+--------------+--------------+--------------+--------------+--------------+--------------+-----------+--------------+--------------+
; Total Pass         ; 16           ; 0            ; 16           ; 0            ; 0            ; 20        ; 16           ; 0            ; 20        ; 20        ; 0            ; 15           ; 0            ; 0            ; 9            ; 0            ; 15           ; 9            ; 0            ; 0            ; 0            ; 15           ; 0            ; 0            ; 0            ; 0            ; 0            ; 20        ; 0            ; 0            ;
; Total Unchecked    ; 0            ; 0            ; 0            ; 0            ; 0            ; 0         ; 0            ; 0            ; 0         ; 0         ; 0            ; 0            ; 0            ; 0            ; 0            ; 0            ; 0            ; 0            ; 0            ; 0            ; 0            ; 0            ; 0            ; 0            ; 0            ; 0            ; 0            ; 0         ; 0            ; 0            ;
; Total Inapplicable ; 4            ; 20           ; 4            ; 20           ; 20           ; 0         ; 4            ; 20           ; 0         ; 0         ; 20           ; 5            ; 20           ; 20           ; 11           ; 20           ; 5            ; 11           ; 20           ; 20           ; 20           ; 5            ; 20           ; 20           ; 20           ; 20           ; 20           ; 0         ; 20           ; 20           ;
; Total Fail         ; 0            ; 0            ; 0            ; 0            ; 0            ; 0         ; 0            ; 0            ; 0         ; 0         ; 0            ; 0            ; 0            ; 0            ; 0            ; 0            ; 0            ; 0            ; 0            ; 0            ; 0            ; 0            ; 0            ; 0            ; 0            ; 0            ; 0            ; 0         ; 0            ; 0            ;
; Y                  ; Pass         ; Inapplicable ; Pass         ; Inapplicable ; Inapplicable ; Pass      ; Pass         ; Inapplicable ; Pass      ; Pass      ; Inapplicable ; Pass         ; Inapplicable ; Inapplicable ; Inapplicable ; Inapplicable ; Pass         ; Inapplicable ; Inapplicable ; Inapplicable ; Inapplicable ; Pass         ; Inapplicable ; Inapplicable ; Inapplicable ; Inapplicable ; Inapplicable ; Pass      ; Inapplicable ; Inapplicable ;
; l                  ; Pass         ; Inapplicable ; Pass         ; Inapplicable ; Inapplicable ; Pass      ; Pass         ; Inapplicable ; Pass      ; Pass      ; Inapplicable ; Pass         ; Inapplicable ; Inapplicable ; Inapplicable ; Inapplicable ; Pass         ; Inapplicable ; Inapplicable ; Inapplicable ; Inapplicable ; Pass         ; Inapplicable ; Inapplicable ; Inapplicable ; Inapplicable ; Inapplicable ; Pass      ; Inapplicable ; Inapplicable ;
; l1                 ; Pass         ; Inapplicable ; Pass         ; Inapplicable ; Inapplicable ; Pass      ; Pass         ; Inapplicable ; Pass      ; Pass      ; Inapplicable ; Pass         ; Inapplicable ; Inapplicable ; Inapplicable ; Inapplicable ; Pass         ; Inapplicable ; Inapplicable ; Inapplicable ; Inapplicable ; Pass         ; Inapplicable ; Inapplicable ; Inapplicable ; Inapplicable ; Inapplicable ; Pass      ; Inapplicable ; Inapplicable ;
; l2                 ; Pass         ; Inapplicable ; Pass         ; Inapplicable ; Inapplicable ; Pass      ; Pass         ; Inapplicable ; Pass      ; Pass      ; Inapplicable ; Pass         ; Inapplicable ; Inapplicable ; Inapplicable ; Inapplicable ; Pass         ; Inapplicable ; Inapplicable ; Inapplicable ; Inapplicable ; Pass         ; Inapplicable ; Inapplicable ; Inapplicable ; Inapplicable ; Inapplicable ; Pass      ; Inapplicable ; Inapplicable ;
; l3                 ; Pass         ; Inapplicable ; Pass         ; Inapplicable ; Inapplicable ; Pass      ; Pass         ; Inapplicable ; Pass      ; Pass      ; Inapplicable ; Pass         ; Inapplicable ; Inapplicable ; Inapplicable ; Inapplicable ; Pass         ; Inapplicable ; Inapplicable ; Inapplicable ; Inapplicable ; Pass         ; Inapplicable ; Inapplicable ; Inapplicable ; Inapplicable ; Inapplicable ; Pass      ; Inapplicable ; Inapplicable ;
; l4                 ; Pass         ; Inapplicable ; Pass         ; Inapplicable ; Inapplicable ; Pass      ; Pass         ; Inapplicable ; Pass      ; Pass      ; Inapplicable ; Pass         ; Inapplicable ; Inapplicable ; Inapplicable ; Inapplicable ; Pass         ; Inapplicable ; Inapplicable ; Inapplicable ; Inapplicable ; Pass         ; Inapplicable ; Inapplicable ; Inapplicable ; Inapplicable ; Inapplicable ; Pass      ; Inapplicable ; Inapplicable ;
; LOCK               ; Pass         ; Inapplicable ; Pass         ; Inapplicable ; Inapplicable ; Pass      ; Pass         ; Inapplicable ; Pass      ; Pass      ; Inapplicable ; Pass         ; Inapplicable ; Inapplicable ; Inapplicable ; Inapplicable ; Pass         ; Inapplicable ; Inapplicable ; Inapplicable ; Inapplicable ; Pass         ; Inapplicable ; Inapplicable ; Inapplicable ; Inapplicable ; Inapplicable ; Pass      ; Inapplicable ; Inapplicable ;
; F1                 ; Pass         ; Inapplicable ; Pass         ; Inapplicable ; Inapplicable ; Pass      ; Pass         ; Inapplicable ; Pass      ; Pass      ; Inapplicable ; Pass         ; Inapplicable ; Inapplicable ; Pass         ; Inapplicable ; Pass         ; Pass         ; Inapplicable ; Inapplicable ; Inapplicable ; Pass         ; Inapplicable ; Inapplicable ; Inapplicable ; Inapplicable ; Inapplicable ; Pass      ; Inapplicable ; Inapplicable ;
; F2                 ; Pass         ; Inapplicable ; Pass         ; Inapplicable ; Inapplicable ; Pass      ; Pass         ; Inapplicable ; Pass      ; Pass      ; Inapplicable ; Pass         ; Inapplicable ; Inapplicable ; Pass         ; Inapplicable ; Pass         ; Pass         ; Inapplicable ; Inapplicable ; Inapplicable ; Pass         ; Inapplicable ; Inapplicable ; Inapplicable ; Inapplicable ; Inapplicable ; Pass      ; Inapplicable ; Inapplicable ;
; F3                 ; Pass         ; Inapplicable ; Pass         ; Inapplicable ; Inapplicable ; Pass      ; Pass         ; Inapplicable ; Pass      ; Pass      ; Inapplicable ; Pass         ; Inapplicable ; Inapplicable ; Pass         ; Inapplicable ; Pass         ; Pass         ; Inapplicable ; Inapplicable ; Inapplicable ; Pass         ; Inapplicable ; Inapplicable ; Inapplicable ; Inapplicable ; Inapplicable ; Pass      ; Inapplicable ; Inapplicable ;
; F4                 ; Pass         ; Inapplicable ; Pass         ; Inapplicable ; Inapplicable ; Pass      ; Pass         ; Inapplicable ; Pass      ; Pass      ; Inapplicable ; Pass         ; Inapplicable ; Inapplicable ; Pass         ; Inapplicable ; Pass         ; Pass         ; Inapplicable ; Inapplicable ; Inapplicable ; Pass         ; Inapplicable ; Inapplicable ; Inapplicable ; Inapplicable ; Inapplicable ; Pass      ; Inapplicable ; Inapplicable ;
; modo               ; Inapplicable ; Inapplicable ; Inapplicable ; Inapplicable ; Inapplicable ; Pass      ; Inapplicable ; Inapplicable ; Pass      ; Pass      ; Inapplicable ; Pass         ; Inapplicable ; Inapplicable ; Inapplicable ; Inapplicable ; Pass         ; Inapplicable ; Inapplicable ; Inapplicable ; Inapplicable ; Pass         ; Inapplicable ; Inapplicable ; Inapplicable ; Inapplicable ; Inapplicable ; Pass      ; Inapplicable ; Inapplicable ;
; empateeee          ; Inapplicable ; Inapplicable ; Inapplicable ; Inapplicable ; Inapplicable ; Pass      ; Inapplicable ; Inapplicable ; Pass      ; Pass      ; Inapplicable ; Pass         ; Inapplicable ; Inapplicable ; Inapplicable ; Inapplicable ; Pass         ; Inapplicable ; Inapplicable ; Inapplicable ; Inapplicable ; Pass         ; Inapplicable ; Inapplicable ; Inapplicable ; Inapplicable ; Inapplicable ; Pass      ; Inapplicable ; Inapplicable ;
; vjug1              ; Inapplicable ; Inapplicable ; Inapplicable ; Inapplicable ; Inapplicable ; Pass      ; Inapplicable ; Inapplicable ; Pass      ; Pass      ; Inapplicable ; Pass         ; Inapplicable ; Inapplicable ; Inapplicable ; Inapplicable ; Pass         ; Inapplicable ; Inapplicable ; Inapplicable ; Inapplicable ; Pass         ; Inapplicable ; Inapplicable ; Inapplicable ; Inapplicable ; Inapplicable ; Pass      ; Inapplicable ; Inapplicable ;
; vjug2              ; Inapplicable ; Inapplicable ; Inapplicable ; Inapplicable ; Inapplicable ; Pass      ; Inapplicable ; Inapplicable ; Pass      ; Pass      ; Inapplicable ; Pass         ; Inapplicable ; Inapplicable ; Inapplicable ; Inapplicable ; Pass         ; Inapplicable ; Inapplicable ; Inapplicable ; Inapplicable ; Pass         ; Inapplicable ; Inapplicable ; Inapplicable ; Inapplicable ; Inapplicable ; Pass      ; Inapplicable ; Inapplicable ;
; inclk0             ; Pass         ; Inapplicable ; Pass         ; Inapplicable ; Inapplicable ; Pass      ; Pass         ; Inapplicable ; Pass      ; Pass      ; Inapplicable ; Inapplicable ; Inapplicable ; Inapplicable ; Pass         ; Inapplicable ; Inapplicable ; Pass         ; Inapplicable ; Inapplicable ; Inapplicable ; Inapplicable ; Inapplicable ; Inapplicable ; Inapplicable ; Inapplicable ; Inapplicable ; Pass      ; Inapplicable ; Inapplicable ;
; C4                 ; Pass         ; Inapplicable ; Pass         ; Inapplicable ; Inapplicable ; Pass      ; Pass         ; Inapplicable ; Pass      ; Pass      ; Inapplicable ; Inapplicable ; Inapplicable ; Inapplicable ; Pass         ; Inapplicable ; Inapplicable ; Pass         ; Inapplicable ; Inapplicable ; Inapplicable ; Inapplicable ; Inapplicable ; Inapplicable ; Inapplicable ; Inapplicable ; Inapplicable ; Pass      ; Inapplicable ; Inapplicable ;
; C3                 ; Pass         ; Inapplicable ; Pass         ; Inapplicable ; Inapplicable ; Pass      ; Pass         ; Inapplicable ; Pass      ; Pass      ; Inapplicable ; Inapplicable ; Inapplicable ; Inapplicable ; Pass         ; Inapplicable ; Inapplicable ; Pass         ; Inapplicable ; Inapplicable ; Inapplicable ; Inapplicable ; Inapplicable ; Inapplicable ; Inapplicable ; Inapplicable ; Inapplicable ; Pass      ; Inapplicable ; Inapplicable ;
; C1                 ; Pass         ; Inapplicable ; Pass         ; Inapplicable ; Inapplicable ; Pass      ; Pass         ; Inapplicable ; Pass      ; Pass      ; Inapplicable ; Inapplicable ; Inapplicable ; Inapplicable ; Pass         ; Inapplicable ; Inapplicable ; Pass         ; Inapplicable ; Inapplicable ; Inapplicable ; Inapplicable ; Inapplicable ; Inapplicable ; Inapplicable ; Inapplicable ; Inapplicable ; Pass      ; Inapplicable ; Inapplicable ;
; C2                 ; Pass         ; Inapplicable ; Pass         ; Inapplicable ; Inapplicable ; Pass      ; Pass         ; Inapplicable ; Pass      ; Pass      ; Inapplicable ; Inapplicable ; Inapplicable ; Inapplicable ; Pass         ; Inapplicable ; Inapplicable ; Pass         ; Inapplicable ; Inapplicable ; Inapplicable ; Inapplicable ; Inapplicable ; Inapplicable ; Inapplicable ; Inapplicable ; Inapplicable ; Pass      ; Inapplicable ; Inapplicable ;
+--------------------+--------------+--------------+--------------+--------------+--------------+-----------+--------------+--------------+-----------+-----------+--------------+--------------+--------------+--------------+--------------+--------------+--------------+--------------+--------------+--------------+--------------+--------------+--------------+--------------+--------------+--------------+--------------+-----------+--------------+--------------+


+---------------------------------------------------------------------------------------------+
; Fitter Device Options                                                                       ;
+------------------------------------------------------------------+--------------------------+
; Option                                                           ; Setting                  ;
+------------------------------------------------------------------+--------------------------+
; Enable user-supplied start-up clock (CLKUSR)                     ; Off                      ;
; Enable device-wide reset (DEV_CLRn)                              ; Off                      ;
; Enable device-wide output enable (DEV_OE)                        ; Off                      ;
; Enable INIT_DONE output                                          ; Off                      ;
; Configuration scheme                                             ; Active Serial            ;
; Error detection CRC                                              ; Off                      ;
; Enable open drain on CRC_ERROR pin                               ; Off                      ;
; Enable input tri-state on active configuration pins in user mode ; Off                      ;
; Configuration Voltage Level                                      ; Auto                     ;
; Force Configuration Voltage Level                                ; Off                      ;
; nCEO                                                             ; As output driving ground ;
; Data[0]                                                          ; As input tri-stated      ;
; Data[1]/ASDO                                                     ; As input tri-stated      ;
; Data[7..2]                                                       ; Unreserved               ;
; FLASH_nCE/nCSO                                                   ; As input tri-stated      ;
; Other Active Parallel pins                                       ; Unreserved               ;
; DCLK                                                             ; As output driving ground ;
; Base pin-out file on sameframe device                            ; Off                      ;
+------------------------------------------------------------------+--------------------------+


+------------------------------------+
; Operating Settings and Conditions  ;
+---------------------------+--------+
; Setting                   ; Value  ;
+---------------------------+--------+
; Nominal Core Voltage      ; 1.20 V ;
; Low Junction Temperature  ; 0 °C   ;
; High Junction Temperature ; 85 °C  ;
+---------------------------+--------+


+------------------------------------------------------------------------------------------------------------------------------------------------------------------------------------------------------------------------------+
; Estimated Delay Added for Hold Timing Summary                                                                                                                                                                                ;
+---------------------------------------------------------------------------------------------------------------------------------------------+------------------------------------------------------------+-------------------+
; Source Clock(s)                                                                                                                             ; Destination Clock(s)                                       ; Delay Added in ns ;
+---------------------------------------------------------------------------------------------------------------------------------------------+------------------------------------------------------------+-------------------+
; subsistema2esquematico:inst|Block1:inst|inst19,subsistema2esquematico:inst|Block1:inst|inst13                                               ; subsistema2esquematico:inst|Block1:inst|inst19             ; 177.0             ;
; inst|inst|inst|altpll_component|auto_generated|pll1|clk[2]                                                                                  ; subsistema2esquematico:inst|Block1:inst|inst19             ; 42.3              ;
; subsistema2esquematico:inst|Block1:inst|inst19                                                                                              ; subsistema2esquematico:inst|Block1:inst|inst19             ; 28.6              ;
; inst|inst|inst|altpll_component|auto_generated|pll1|clk[2]                                                                                  ; inst24                                                     ; 18.8              ;
; subsistema2esquematico:inst|Block1:inst|inst19,subsistema2esquematico:inst|Block1:inst|inst13,MaquinaFinal1:inst1|maquina2:inst1|fstate.SeC ; subsistema2esquematico:inst|Block1:inst|inst19             ; 14.3              ;
; subsistema2esquematico:inst|Block1:inst|inst13                                                                                              ; MaquinaFinal1:inst1|maquina2:inst1|fstate.SeC              ; 11.5              ;
; subsistema2esquematico:inst|Block1:inst|inst19                                                                                              ; inst24                                                     ; 7.1               ;
; subsistema2esquematico:inst|Block1:inst|inst19,subsistema2esquematico:inst|Block1:inst|inst13,registros:inst2|reg18_s[0]                    ; subsistema2esquematico:inst|Block1:inst|inst19             ; 6.1               ;
; inst|inst|inst|altpll_component|auto_generated|pll1|clk[2]                                                                                  ; inst|inst|inst|altpll_component|auto_generated|pll1|clk[0] ; 5.7               ;
; subsistema2esquematico:inst|Block1:inst|inst13                                                                                              ; subsistema2esquematico:inst|Block1:inst|inst19             ; 4.6               ;
; inst18                                                                                                                                      ; inst24                                                     ; 4.6               ;
; inst|inst|inst|altpll_component|auto_generated|pll1|clk[2],subsistema2esquematico:inst|Block1:inst|inst19                                   ; subsistema2esquematico:inst|Block1:inst|inst19             ; 3.2               ;
; inst18                                                                                                                                      ; subsistema2esquematico:inst|Block1:inst|inst13             ; 2.9               ;
+---------------------------------------------------------------------------------------------------------------------------------------------+------------------------------------------------------------+-------------------+
Note: For more information on problematic transfers, consider running the Fitter again with the Optimize hold timing option (Settings Menu) turned off.
This will disable optimization of problematic paths and expose them for further analysis using either the TimeQuest Timing Analyzer or the Classic Timing Analyzer.


+---------------------------------------------------------------------------------------------------------------------------------------------------------------+
; Estimated Delay Added for Hold Timing Details                                                                                                                 ;
+--------------------------------------------------------+----------------------------------------------------------------------------------+-------------------+
; Source Register                                        ; Destination Register                                                             ; Delay Added in ns ;
+--------------------------------------------------------+----------------------------------------------------------------------------------+-------------------+
; MaquinaFinal1:inst1|maquina2:inst1|fstate.CE           ; MaquinaFinal1:inst1|maquina2:inst1|fstate.VJ2                                    ; 3.184             ;
; inst24                                                 ; tecladover2:inst7|antirreboteimprovisado:inst15|led1                             ; 2.921             ;
; MaquinaFinal1:inst1|maquina2:inst1|fstate.VE           ; subsistema2esquematico:inst|coloress2:inst1|bloqueo                              ; 2.900             ;
; driver:inst12|reset_s                                  ; subsistema2esquematico:inst|coloress2:inst1|bloqueo                              ; 2.900             ;
; MaquinaFinal1:inst1|maquina2:inst1|fstate.SeC          ; subsistema2esquematico:inst|coloress2:inst1|bloqueo                              ; 2.900             ;
; tecladover2:inst7|SM1:inst6|fstate.C                   ; tecladover2:inst7|antirreboteimprovisado:inst15|led3                             ; 2.658             ;
; tecladover2:inst7|SM1:inst10|fstate.C                  ; tecladover2:inst7|antirreboteimprovisado:inst15|hab                              ; 2.613             ;
; MaquinaFinal1:inst1|maquina2:inst1|fstate.CJ1          ; subsistema2esquematico:inst|coloress2:inst1|D6[0]                                ; 2.484             ;
; tecladover2:inst7|SM1:inst8|fstate.C                   ; tecladover2:inst7|antirreboteimprovisado:inst15|led3                             ; 2.444             ;
; tecladover2:inst7|SM1:inst9|fstate.C                   ; tecladover2:inst7|antirreboteimprovisado:inst15|hab                              ; 2.398             ;
; registros:inst2|reg18_s[4]                             ; MaquinaFinal1:inst1|maquina2:inst1|fstate.CE                                     ; 2.372             ;
; inst19                                                 ; inst19                                                                           ; 2.162             ;
; MaquinaFinal1:inst1|maquina2:inst1|fstate.TurnoJ1      ; subsistema2esquematico:inst|coloress2:inst1|puntos1[0]                           ; 2.131             ;
; MaquinaFinal1:inst1|maquina2:inst1|fstate.CJ2          ; subsistema2esquematico:inst|coloress2:inst1|puntos1[0]                           ; 2.131             ;
; registros:inst2|reg18_s[12]                            ; MaquinaFinal1:inst1|maquina2:inst1|fstate.CJ1                                    ; 2.052             ;
; registros:inst2|reg18_s[17]                            ; MaquinaFinal1:inst1|maquina2:inst1|fstate.CJ1                                    ; 2.023             ;
; registros:inst2|reg18_s[5]                             ; MaquinaFinal1:inst1|maquina2:inst1|fstate.CE                                     ; 2.022             ;
; registros:inst2|reg18_s[16]                            ; MaquinaFinal1:inst1|maquina2:inst1|fstate.CJ1                                    ; 1.962             ;
; registros:inst2|reg18_s[6]                             ; MaquinaFinal1:inst1|maquina2:inst1|fstate.CJ1                                    ; 1.952             ;
; registros:inst2|reg18_s[7]                             ; MaquinaFinal1:inst1|maquina2:inst1|fstate.CJ1                                    ; 1.943             ;
; registros:inst2|reg18_s[3]                             ; MaquinaFinal1:inst1|maquina2:inst1|fstate.CJ1                                    ; 1.909             ;
; registros:inst2|reg18_s[13]                            ; MaquinaFinal1:inst1|maquina2:inst1|fstate.CE                                     ; 1.878             ;
; registros:inst2|reg18_s[11]                            ; MaquinaFinal1:inst1|maquina2:inst1|fstate.CJ1                                    ; 1.866             ;
; registros:inst2|reg18_s[10]                            ; MaquinaFinal1:inst1|maquina2:inst1|fstate.CE                                     ; 1.844             ;
; tecladover2:inst7|maq_barrido:inst|fstate.fl3          ; tecladover2:inst7|antirreboteimprovisado:inst15|led2                             ; 1.836             ;
; tecladover2:inst7|maq_barrido:inst|fstate.fl4          ; tecladover2:inst7|antirreboteimprovisado:inst15|led2                             ; 1.833             ;
; tecladover2:inst7|maq_barrido:inst|fstate.b3           ; tecladover2:inst7|antirreboteimprovisado:inst15|led2                             ; 1.829             ;
; registros:inst2|reg18_s[1]                             ; MaquinaFinal1:inst1|maquina2:inst1|fstate.CE                                     ; 1.827             ;
; tecladover2:inst7|maq_barrido:inst|fstate.b2           ; tecladover2:inst7|antirreboteimprovisado:inst15|led2                             ; 1.816             ;
; tecladover2:inst7|maq_barrido:inst|fstate.b4           ; tecladover2:inst7|antirreboteimprovisado:inst15|led2                             ; 1.815             ;
; tecladover2:inst7|maq_barrido:inst|fstate.fl2          ; tecladover2:inst7|antirreboteimprovisado:inst15|led2                             ; 1.812             ;
; registros:inst2|reg18_s[9]                             ; MaquinaFinal1:inst1|maquina2:inst1|fstate.CJ1                                    ; 1.766             ;
; registros:inst2|reg18_s[8]                             ; MaquinaFinal1:inst1|maquina2:inst1|fstate.CJ1                                    ; 1.762             ;
; registros:inst2|reg18_s[2]                             ; MaquinaFinal1:inst1|maquina2:inst1|fstate.CE                                     ; 1.759             ;
; registros:inst2|reg18_s[15]                            ; MaquinaFinal1:inst1|maquina2:inst1|fstate.CJ1                                    ; 1.739             ;
; subsistema2esquematico:inst|Block1:inst|inst19         ; subsistema2esquematico:inst|Block1:inst|inst19                                   ; 1.721             ;
; registros:inst2|reg18_s[14]                            ; MaquinaFinal1:inst1|maquina2:inst1|fstate.CJ1                                    ; 1.711             ;
; registros:inst2|reg18_s[0]                             ; MaquinaFinal1:inst1|maquina2:inst1|fstate.CE                                     ; 1.561             ;
; tecladover2:inst7|SM1:inst6|fstate.B                   ; tecladover2:inst7|maq_barrido:inst|fstate.b1                                     ; 1.275             ;
; tecladover2:inst7|SM1:inst8|fstate.B                   ; tecladover2:inst7|maq_barrido:inst|fstate.b1                                     ; 1.264             ;
; subsistema2esquematico:inst|coloress2:inst1|puntos1[1] ; subsistema2esquematico:inst|coloress2:inst1|D3[0]                                ; 1.229             ;
; subsistema2esquematico:inst|coloress2:inst1|puntos1[0] ; subsistema2esquematico:inst|coloress2:inst1|D3[0]                                ; 1.229             ;
; subsistema2esquematico:inst|coloress2:inst1|puntos2[1] ; subsistema2esquematico:inst|coloress2:inst1|D5[19]                               ; 1.220             ;
; tecladover2:inst7|SM1:inst8|fstate.A                   ; tecladover2:inst7|maq_barrido:inst|fstate.b1                                     ; 1.166             ;
; subsistema2esquematico:inst|coloress2:inst1|puntos2[0] ; subsistema2esquematico:inst|coloress2:inst1|D13[19]                              ; 1.145             ;
; tecladover2:inst7|SM1:inst9|fstate.B                   ; tecladover2:inst7|maq_barrido:inst|fstate.fl1                                    ; 1.138             ;
; tecladover2:inst7|SM1:inst6|fstate.A                   ; tecladover2:inst7|maq_barrido:inst|fstate.b1                                     ; 1.137             ;
; tecladover2:inst7|inst20                               ; MaquinaFinal1:inst1|maquina2:inst1|fstate.SeC                                    ; 1.111             ;
; tecladover2:inst7|SM1:inst9|fstate.A                   ; tecladover2:inst7|maq_barrido:inst|fstate.fl1                                    ; 1.048             ;
; tecladover2:inst7|inst23                               ; MaquinaFinal1:inst1|maquina2:inst1|fstate.SeC                                    ; 1.014             ;
; subsistema2esquematico:inst|coloress2:inst1|CJ1[0]     ; subsistema2esquematico:inst|coloress2:inst1|D6[0]                                ; 1.013             ;
; subsistema2esquematico:inst|coloress2:inst1|CJ2[0]     ; subsistema2esquematico:inst|coloress2:inst1|D6[0]                                ; 1.013             ;
; MaquinaFinal1:inst1|maquina2:inst1|fstate.VJ2          ; subsistema2esquematico:inst|coloress2:inst1|D6[0]                                ; 1.013             ;
; MaquinaFinal1:inst1|maquina2:inst1|fstate.VJ1          ; subsistema2esquematico:inst|coloress2:inst1|D6[0]                                ; 1.013             ;
; tecladover2:inst7|SM1:inst10|fstate.A                  ; tecladover2:inst7|maq_barrido:inst|fstate.fl1                                    ; 1.005             ;
; subsistema2esquematico:inst|coloress2:inst1|bloqueo    ; subsistema2esquematico:inst|coloress2:inst1|D5[19]                               ; 0.995             ;
; tecladover2:inst7|inst18                               ; MaquinaFinal1:inst1|maquina2:inst1|fstate.SeC                                    ; 0.979             ;
; tecladover2:inst7|SM1:inst10|fstate.B                  ; tecladover2:inst7|maq_barrido:inst|fstate.fl1                                    ; 0.950             ;
; tecladover2:inst7|inst19                               ; MaquinaFinal1:inst1|maquina2:inst1|fstate.SeC                                    ; 0.924             ;
; tecladover2:inst7|inst21                               ; MaquinaFinal1:inst1|maquina2:inst1|fstate.SeC                                    ; 0.917             ;
; driver:inst12|jvj_s                                    ; MaquinaFinal1:inst1|maquina2:inst1|fstate.SeC                                    ; 0.872             ;
; subsistema2esquematico:inst|coloress2:inst1|CJ2[19]    ; subsistema2esquematico:inst|coloress2:inst1|D11[19]                              ; 0.702             ;
; MaquinaFinal1:inst1|maquina2:inst1|fstate.TurnoJ2      ; MaquinaFinal1:inst1|maquina2:inst1|fstate.TurnoJ2                                ; 0.656             ;
; driver:inst12|tablero_s[1]                             ; subsistema2esquematico:inst|coloress2:inst1|D12[0]                               ; 0.650             ;
; driver:inst12|tablero_s[0]                             ; subsistema2esquematico:inst|coloress2:inst1|D12[0]                               ; 0.650             ;
; driver:inst12|tablero_s[3]                             ; subsistema2esquematico:inst|coloress2:inst1|D12[0]                               ; 0.650             ;
; driver:inst12|tablero_s[2]                             ; subsistema2esquematico:inst|coloress2:inst1|D12[0]                               ; 0.650             ;
; inst21                                                 ; subsistema2esquematico:inst|coloress2:inst1|D12[0]                               ; 0.650             ;
; driver:inst12|colores_j1_s[1]                          ; subsistema2esquematico:inst|coloress2:inst1|CJ1[4]                               ; 0.649             ;
; subsistema2esquematico:inst|coloress2:inst1|CJ1[10]    ; subsistema2esquematico:inst|coloress2:inst1|D10[10]                              ; 0.636             ;
; subsistema2esquematico:inst|coloress2:inst1|D5[8]      ; subsistema2esquematico:inst|coloress2:inst1|D5[8]                                ; 0.633             ;
; driver:inst12|colores_j2_s[0]                          ; subsistema2esquematico:inst|coloress2:inst1|CJ2[16]                              ; 0.626             ;
; driver:inst12|colores_j2_s[2]                          ; subsistema2esquematico:inst|coloress2:inst1|CJ2[13]                              ; 0.575             ;
; subsistema2esquematico:inst|coloress2:inst1|CJ1[13]    ; subsistema2esquematico:inst|coloress2:inst1|D10[12]                              ; 0.532             ;
; subsistema2esquematico:inst|coloress2:inst1|CJ2[13]    ; subsistema2esquematico:inst|coloress2:inst1|D10[12]                              ; 0.532             ;
; subsistema2esquematico:inst|coloress2:inst1|CJ1[2]     ; subsistema2esquematico:inst|coloress2:inst1|D16[2]                               ; 0.508             ;
; subsistema2esquematico:inst|coloress2:inst1|CJ2[21]    ; subsistema2esquematico:inst|coloress2:inst1|D16[2]                               ; 0.508             ;
; driver:inst12|colores_j1_s[2]                          ; subsistema2esquematico:inst|coloress2:inst1|CJ1[11]                              ; 0.507             ;
; inst14                                                 ; inst14                                                                           ; 0.480             ;
; inst10                                                 ; inst10                                                                           ; 0.475             ;
; subsistema2esquematico:inst|coloress2:inst1|CJ2[18]    ; subsistema2esquematico:inst|coloress2:inst1|D1[18]                               ; 0.462             ;
; driver:inst12|colores_j2_s[1]                          ; subsistema2esquematico:inst|coloress2:inst1|CJ2[16]                              ; 0.449             ;
; subsistema2esquematico:inst|coloress2:inst1|CJ2[16]    ; subsistema2esquematico:inst|coloress2:inst1|D12[16]                              ; 0.447             ;
; subsistema2esquematico:inst|coloress2:inst1|CJ2[22]    ; subsistema2esquematico:inst|coloress2:inst1|D16[22]                              ; 0.398             ;
; driver:inst12|colores_j1_s[0]                          ; subsistema2esquematico:inst|coloress2:inst1|CJ1[0]                               ; 0.395             ;
; tecladover2:inst7|maq_barrido:inst|fstate.fl1          ; tecladover2:inst7|maq_barrido:inst|fstate.fl1                                    ; 0.388             ;
; tecladover2:inst7|maq_barrido:inst|fstate.b1           ; tecladover2:inst7|maq_barrido:inst|fstate.fl1                                    ; 0.388             ;
; inst11                                                 ; inst11                                                                           ; 0.296             ;
; inst18                                                 ; inst18                                                                           ; 0.296             ;
; subsistema2esquematico:inst|Block1:inst|inst13         ; subsistema2esquematico:inst|Block1:inst|paralelo_serie_384b:inst1|shift_reg[361] ; 0.212             ;
; subsistema2esquematico:inst|coloress2:inst1|CJ1[11]    ; subsistema2esquematico:inst|coloress2:inst1|D16[11]                              ; 0.180             ;
; subsistema2esquematico:inst|coloress2:inst1|CJ2[17]    ; subsistema2esquematico:inst|coloress2:inst1|D7[17]                               ; 0.176             ;
; subsistema2esquematico:inst|coloress2:inst1|CJ2[6]     ; subsistema2esquematico:inst|coloress2:inst1|D16[3]                               ; 0.076             ;
; subsistema2esquematico:inst|coloress2:inst1|CJ1[4]     ; subsistema2esquematico:inst|coloress2:inst1|D14[4]                               ; 0.041             ;
+--------------------------------------------------------+----------------------------------------------------------------------------------+-------------------+
Note: This table only shows the top 94 path(s) that have the largest delay added for hold.


+-----------------+
; Fitter Messages ;
+-----------------+
Warning (20028): Parallel compilation is not licensed and has been disabled
Info (119006): Selected device EP4CE22F17C6 for design "proyecto_final_ahora_si"
Info (21077): Core supply voltage is 1.2V
Info (21077): Low junction temperature is 0 degrees C
Info (21077): High junction temperature is 85 degrees C
Info (15535): Implemented PLL "subsistema2esquematico:inst|Block1:inst|altpll0:inst|altpll:altpll_component|altpll0_altpll:auto_generated|pll1" as Cyclone IV E PLL type
    Info (15099): Implementing clock multiplication of 2, clock division of 125, and phase shift of 0 degrees (0 ps) for subsistema2esquematico:inst|Block1:inst|altpll0:inst|altpll:altpll_component|altpll0_altpll:auto_generated|wire_pll1_clk[0] port
    Info (15099): Implementing clock multiplication of 2, clock division of 125, and phase shift of 0 degrees (0 ps) for subsistema2esquematico:inst|Block1:inst|altpll0:inst|altpll:altpll_component|altpll0_altpll:auto_generated|wire_pll1_clk[1] port
    Info (15099): Implementing clock multiplication of 1, clock division of 25000, and phase shift of 0 degrees (0 ps) for subsistema2esquematico:inst|Block1:inst|altpll0:inst|altpll:altpll_component|altpll0_altpll:auto_generated|wire_pll1_clk[2] port
Info (171003): Fitter is performing an Auto Fit compilation, which may decrease Fitter effort to reduce compilation time
Warning (292013): Feature LogicLock is only available with a valid subscription license. You can purchase a software subscription to gain full access to this feature.
Info (176444): Device migration not selected. If you intend to use device migration later, you may need to change the pin assignments as they may be incompatible with other devices
    Info (176445): Device EP4CE10F17C6 is compatible
    Info (176445): Device EP4CE6F17C6 is compatible
    Info (176445): Device EP4CE15F17C6 is compatible
Info (169124): Fitter converted 5 user pins into dedicated programming pins
    Info (169125): Pin ~ALTERA_ASDO_DATA1~ is reserved at location C1
    Info (169125): Pin ~ALTERA_FLASH_nCE_nCSO~ is reserved at location D2
    Info (169125): Pin ~ALTERA_DCLK~ is reserved at location H1
    Info (169125): Pin ~ALTERA_DATA0~ is reserved at location H2
    Info (169125): Pin ~ALTERA_nCEO~ is reserved at location F16
Warning (15714): Some pins have incomplete I/O assignments. Refer to the I/O Assignment Warnings report for details
Critical Warning (169085): No exact pin location assignment(s) for 4 pins of 20 total pins
    Info (169086): Pin modo not assigned to an exact location on the device
    Info (169086): Pin empateeee not assigned to an exact location on the device
    Info (169086): Pin vjug1 not assigned to an exact location on the device
    Info (169086): Pin vjug2 not assigned to an exact location on the device
Warning (335093): TimeQuest Timing Analyzer is analyzing 280 combinational loops as latches.
Critical Warning (332012): Synopsys Design Constraints File file not found: 'proyecto_final_ahora_si.sdc'. A Synopsys Design Constraints File is required by the TimeQuest Timing Analyzer to get proper timing constraints. Without it, the Compiler will not properly optimize the design.
Info (332144): No user constrained generated clocks found in the design
Info (332144): No user constrained base clocks found in the design
Info (332143): No user constrained clock uncertainty found in the design. Calling "derive_clock_uncertainty"
Info (332123): Deriving Clock Uncertainty. Please refer to report_sdc in TimeQuest to see clock uncertainties.
Info (332130): Timing requirements not specified -- quality metrics such as performance may be sacrificed to reduce compilation time.
Info (176353): Automatically promoted node subsistema2esquematico:inst|Block1:inst|altpll0:inst|altpll:altpll_component|altpll0_altpll:auto_generated|wire_pll1_clk[0] (placed in counter C0 of PLL_4)
    Info (176355): Automatically promoted destinations to use location or clock signal Global Clock CLKCTRL_G18
Info (176353): Automatically promoted node subsistema2esquematico:inst|Block1:inst|altpll0:inst|altpll:altpll_component|altpll0_altpll:auto_generated|wire_pll1_clk[1] (placed in counter C1 of PLL_4)
    Info (176355): Automatically promoted destinations to use location or clock signal Global Clock CLKCTRL_G19
Info (176353): Automatically promoted node subsistema2esquematico:inst|Block1:inst|altpll0:inst|altpll:altpll_component|altpll0_altpll:auto_generated|wire_pll1_clk[2] (placed in counter C3 of PLL_4)
    Info (176355): Automatically promoted destinations to use location or clock signal Global Clock CLKCTRL_G16
Info (176353): Automatically promoted node subsistema2esquematico:inst|Block1:inst|inst13 
    Info (176355): Automatically promoted destinations to use location or clock signal Global Clock
    Info (176356): Following destination nodes may be non-global or may not use global or regional clocks
        Info (176357): Destination node driver:inst12|reset_s
        Info (176357): Destination node subsistema2esquematico:inst|Block1:inst|paralelo_serie_384b:inst1|shift_reg[382]~2
        Info (176357): Destination node subsistema2esquematico:inst|Block1:inst|paralelo_serie_384b:inst1|shift_reg[381]~6
        Info (176357): Destination node tecladover2:inst7|inst16
        Info (176357): Destination node subsistema2esquematico:inst|Block1:inst|paralelo_serie_384b:inst1|shift_reg[379]~10
        Info (176357): Destination node subsistema2esquematico:inst|Block1:inst|paralelo_serie_384b:inst1|shift_reg[378]~14
        Info (176357): Destination node subsistema2esquematico:inst|Block1:inst|paralelo_serie_384b:inst1|shift_reg[377]~18
        Info (176357): Destination node subsistema2esquematico:inst|Block1:inst|paralelo_serie_384b:inst1|shift_reg[376]~22
        Info (176357): Destination node subsistema2esquematico:inst|Block1:inst|paralelo_serie_384b:inst1|shift_reg[375]~26
        Info (176357): Destination node subsistema2esquematico:inst|Block1:inst|paralelo_serie_384b:inst1|shift_reg[374]~30
        Info (176358): Non-global destination nodes limited to 10 nodes
Info (176353): Automatically promoted node subsistema2esquematico:inst|Block1:inst|inst19 
    Info (176355): Automatically promoted destinations to use location or clock signal Global Clock
    Info (176356): Following destination nodes may be non-global or may not use global or regional clocks
        Info (176357): Destination node tecladover2:inst7|maq_barrido:inst|fstate.b1
        Info (176357): Destination node tecladover2:inst7|maq_barrido:inst|fstate.fl1
        Info (176357): Destination node tecladover2:inst7|maq_barrido:inst|fstate.fl2
        Info (176357): Destination node tecladover2:inst7|maq_barrido:inst|fstate.b2
        Info (176357): Destination node tecladover2:inst7|maq_barrido:inst|fstate.fl3
        Info (176357): Destination node tecladover2:inst7|maq_barrido:inst|fstate.b3
        Info (176357): Destination node tecladover2:inst7|maq_barrido:inst|fstate.fl4
        Info (176357): Destination node tecladover2:inst7|maq_barrido:inst|fstate.b4
        Info (176357): Destination node MaquinaFinal1:inst1|maquina2:inst1|fstate.TurnoJ1
        Info (176357): Destination node MaquinaFinal1:inst1|maquina2:inst1|fstate.VE
        Info (176358): Non-global destination nodes limited to 10 nodes
Info (176353): Automatically promoted node MaquinaFinal1:inst1|maquina2:inst1|INICIO~0 
    Info (176355): Automatically promoted destinations to use location or clock signal Global Clock
    Info (176356): Following destination nodes may be non-global or may not use global or regional clocks
        Info (176357): Destination node subsistema2esquematico:inst|coloress2:inst1|D9[22]~3
        Info (176357): Destination node subsistema2esquematico:inst|coloress2:inst1|bloqueo~0
        Info (176357): Destination node subsistema2esquematico:inst|coloress2:inst1|D2[10]~8
        Info (176357): Destination node subsistema2esquematico:inst|coloress2:inst1|D3~8
        Info (176357): Destination node subsistema2esquematico:inst|coloress2:inst1|D4~8
        Info (176357): Destination node subsistema2esquematico:inst|coloress2:inst1|D5[22]~1
        Info (176357): Destination node subsistema2esquematico:inst|coloress2:inst1|D5[22]~2
        Info (176357): Destination node subsistema2esquematico:inst|coloress2:inst1|D5[22]~6
        Info (176357): Destination node subsistema2esquematico:inst|coloress2:inst1|D5[19]~8
        Info (176357): Destination node subsistema2esquematico:inst|coloress2:inst1|D5[19]~9
        Info (176358): Non-global destination nodes limited to 10 nodes
Info (176353): Automatically promoted node tecladover2:inst7|inst16 
    Info (176355): Automatically promoted destinations to use location or clock signal Global Clock
Info (176353): Automatically promoted node tecladover2:inst7|antirreboteimprovisado:inst15|hab~0 
    Info (176355): Automatically promoted destinations to use location or clock signal Global Clock
Info (176353): Automatically promoted node MaquinaFinal1:inst1|inst15 
    Info (176355): Automatically promoted destinations to use location or clock signal Global Clock
    Info (176356): Following destination nodes may be non-global or may not use global or regional clocks
        Info (176357): Destination node subsistema2esquematico:inst|coloress2:inst1|puntos1~2
        Info (176357): Destination node subsistema2esquematico:inst|coloress2:inst1|D3[11]~7
        Info (176357): Destination node subsistema2esquematico:inst|coloress2:inst1|puntos1~3
        Info (176357): Destination node subsistema2esquematico:inst|coloress2:inst1|D3[19]~18
Info (176353): Automatically promoted node MaquinaFinal1:inst1|inst16 
    Info (176355): Automatically promoted destinations to use location or clock signal Global Clock
    Info (176356): Following destination nodes may be non-global or may not use global or regional clocks
        Info (176357): Destination node subsistema2esquematico:inst|coloress2:inst1|D5[22]~6
        Info (176357): Destination node subsistema2esquematico:inst|coloress2:inst1|puntos2~0
        Info (176357): Destination node subsistema2esquematico:inst|coloress2:inst1|puntos2~1
        Info (176357): Destination node subsistema2esquematico:inst|coloress2:inst1|D5[19]~9
        Info (176357): Destination node subsistema2esquematico:inst|coloress2:inst1|D5[19]~14
        Info (176357): Destination node subsistema2esquematico:inst|coloress2:inst1|D5~23
        Info (176357): Destination node subsistema2esquematico:inst|coloress2:inst1|D9[0]~8
        Info (176357): Destination node subsistema2esquematico:inst|coloress2:inst1|D9~18
        Info (176357): Destination node subsistema2esquematico:inst|coloress2:inst1|D13[17]~6
        Info (176357): Destination node subsistema2esquematico:inst|coloress2:inst1|D13[16]~9
        Info (176358): Non-global destination nodes limited to 10 nodes
Info (176353): Automatically promoted node MaquinaFinal1:inst1|maquina2:inst1|EMPATE_RONDA 
    Info (176355): Automatically promoted destinations to use location or clock signal Global Clock
    Info (176356): Following destination nodes may be non-global or may not use global or regional clocks
        Info (176357): Destination node MaquinaFinal1:inst1|inst15
        Info (176357): Destination node MaquinaFinal1:inst1|inst16
        Info (176357): Destination node subsistema2esquematico:inst|coloress2:inst1|D2[16]~2
        Info (176357): Destination node subsistema2esquematico:inst|coloress2:inst1|D2[10]~7
        Info (176357): Destination node subsistema2esquematico:inst|coloress2:inst1|D2[10]~8
        Info (176357): Destination node subsistema2esquematico:inst|coloress2:inst1|D4~4
        Info (176357): Destination node subsistema2esquematico:inst|coloress2:inst1|D2~18
        Info (176357): Destination node subsistema2esquematico:inst|coloress2:inst1|D3~8
        Info (176357): Destination node subsistema2esquematico:inst|coloress2:inst1|D3~14
        Info (176357): Destination node subsistema2esquematico:inst|coloress2:inst1|D4~7
        Info (176358): Non-global destination nodes limited to 10 nodes
Info (176353): Automatically promoted node MaquinaFinal1:inst1|maquina2:inst1|TURNO 
    Info (176355): Automatically promoted destinations to use location or clock signal Global Clock
    Info (176356): Following destination nodes may be non-global or may not use global or regional clocks
        Info (176357): Destination node MaquinaFinal1:inst1|inst15
        Info (176357): Destination node MaquinaFinal1:inst1|inst16
        Info (176357): Destination node subsistema2esquematico:inst|coloress2:inst1|D1~2
        Info (176357): Destination node subsistema2esquematico:inst|coloress2:inst1|D1~3
        Info (176357): Destination node Memoria_tablero:inst6|s_estado_tablero~0
        Info (176357): Destination node Memoria_tablero:inst6|s_estado_tablero~3
        Info (176357): Destination node subsistema2esquematico:inst|coloress2:inst1|D1~4
        Info (176357): Destination node subsistema2esquematico:inst|coloress2:inst1|D1~5
        Info (176357): Destination node subsistema2esquematico:inst|coloress2:inst1|D1~6
        Info (176357): Destination node subsistema2esquematico:inst|coloress2:inst1|D1~7
        Info (176358): Non-global destination nodes limited to 10 nodes
Info (176233): Starting register packing
Info (176235): Finished register packing
    Extra Info (176219): No registers were packed into other blocks
Info (176214): Statistics of I/O pins that need to be placed that use the same VCCIO and VREF, before I/O pin placement
    Info (176211): Number of I/O pins in group: 4 (unused VREF, 2.5V VCCIO, 0 input, 4 output, 0 bidirectional)
        Info (176212): I/O standards used: 2.5 V.
Info (176215): I/O bank details before I/O pin placement
    Info (176214): Statistics of I/O banks
        Info (176213): I/O bank number 1 does not use VREF pins and has 2.5V VCCIO pins. 5 total pin(s) used --  9 pins available
        Info (176213): I/O bank number 2 does not use VREF pins and has 2.5V VCCIO pins. 1 total pin(s) used --  15 pins available
        Info (176213): I/O bank number 3 does not use VREF pins and has undetermined VCCIO pins. 1 total pin(s) used --  24 pins available
        Info (176213): I/O bank number 4 does not use VREF pins and has undetermined VCCIO pins. 0 total pin(s) used --  20 pins available
        Info (176213): I/O bank number 5 does not use VREF pins and has undetermined VCCIO pins. 0 total pin(s) used --  18 pins available
        Info (176213): I/O bank number 6 does not use VREF pins and has undetermined VCCIO pins. 1 total pin(s) used --  12 pins available
        Info (176213): I/O bank number 7 does not use VREF pins and has 2.5V VCCIO pins. 5 total pin(s) used --  19 pins available
        Info (176213): I/O bank number 8 does not use VREF pins and has 2.5V VCCIO pins. 8 total pin(s) used --  16 pins available
Warning (15705): Ignored locations or region assignments to the following nodes
    Warning (15706): Node "botonn" is assigned to location or region, but does not exist in design
    Warning (15706): Node "movimientoinv" is assigned to location or region, but does not exist in design
    Warning (15706): Node "pin_name4" is assigned to location or region, but does not exist in design
Info (171121): Fitter preparation operations ending: elapsed time is 00:00:03
Info (170189): Fitter placement preparation operations beginning
Info (170190): Fitter placement preparation operations ending: elapsed time is 00:00:01
Info (170191): Fitter placement operations beginning
Info (170137): Fitter placement was successful
Info (170192): Fitter placement operations ending: elapsed time is 00:00:04
Info (170193): Fitter routing operations beginning
Info (170195): Router estimated average interconnect usage is 1% of the available device resources
    Info (170196): Router estimated peak interconnect usage is 12% of the available device resources in the region that extends from location X21_Y23 to location X31_Y34
Info (170194): Fitter routing operations ending: elapsed time is 00:00:12
Info (170199): The Fitter performed an Auto Fit compilation.  Optimizations were skipped to reduce compilation time.
    Info (170201): Optimizations that may affect the design's routability were skipped
Info (11888): Total time spent on timing analysis during the Fitter is 4.61 seconds.
Info (334003): Started post-fitting delay annotation
Info (334004): Delay annotation completed successfully
Info (334003): Started post-fitting delay annotation
Info (334004): Delay annotation completed successfully
Info (11218): Fitter post-fit operations ending: elapsed time is 00:00:03
Warning (171167): Found invalid Fitter assignments. See the Ignored Assignments panel in the Fitter Compilation Report for more information.
Info (144001): Generated suppressed messages file C:/Users/iniak/Desktop/pff1/output_files/proyecto_final_ahora_si.fit.smsg
Info: Quartus II 64-Bit Fitter was successful. 0 errors, 11 warnings
    Info: Peak virtual memory: 4962 megabytes
    Info: Processing ended: Tue Dec 09 21:49:43 2025
    Info: Elapsed time: 00:00:37
    Info: Total CPU time (on all processors): 00:00:30


+----------------------------+
; Fitter Suppressed Messages ;
+----------------------------+
The suppressed messages can be found in C:/Users/iniak/Desktop/pff1/output_files/proyecto_final_ahora_si.fit.smsg.


