Analysis & Synthesis report for proyecto_final_ahora_si
Tue Dec 09 21:49:05 2025
Quartus II 64-Bit Version 13.0.1 Build 232 06/12/2013 Service Pack 1 SJ Web Edition


---------------------
; Table of Contents ;
---------------------
  1. Legal Notice
  2. Analysis & Synthesis Summary
  3. Analysis & Synthesis Settings
  4. Parallel Compilation
  5. Analysis & Synthesis Source Files Read
  6. Analysis & Synthesis Resource Usage Summary
  7. Analysis & Synthesis Resource Utilization by Entity
  8. Analysis & Synthesis IP Cores Summary
  9. State Machine - |proyecto_final|tecladover2:inst7|SM1:inst8|fstate
 10. State Machine - |proyecto_final|tecladover2:inst7|SM1:inst10|fstate
 11. State Machine - |proyecto_final|tecladover2:inst7|SM1:inst9|fstate
 12. State Machine - |proyecto_final|tecladover2:inst7|SM1:inst6|fstate
 13. State Machine - |proyecto_final|tecladover2:inst7|maq_barrido:inst|fstate
 14. State Machine - |proyecto_final|MaquinaFinal1:inst1|maquina2:inst1|fstate
 15. User-Specified and Inferred Latches
 16. Registers Removed During Synthesis
 17. General Register Statistics
 18. Inverted Register Statistics
 19. Multiplexer Restructuring Statistics (Restructuring Performed)
 20. Parameter Settings for User Entity Instance: subsistema2esquematico:inst|Block1:inst|altpll0:inst|altpll:altpll_component
 21. Parameter Settings for User Entity Instance: MaquinaFinal1:inst1|lpm_counter5:inst10|lpm_counter:LPM_COUNTER_component
 22. Parameter Settings for User Entity Instance: MaquinaFinal1:inst1|lpm_counter4:inst9|lpm_counter:LPM_COUNTER_component
 23. Parameter Settings for User Entity Instance: MaquinaFinal1:inst1|lpm_counter6:inst3|lpm_counter:LPM_COUNTER_component
 24. Parameter Settings for User Entity Instance: tecladover2:inst7|lpm_counter1:inst13|lpm_counter:LPM_COUNTER_component
 25. altpll Parameter Settings by Entity Instance
 26. Elapsed Time Per Partition
 27. Analysis & Synthesis Messages



----------------
; Legal Notice ;
----------------
Copyright (C) 1991-2013 Altera Corporation
Your use of Altera Corporation's design tools, logic functions 
and other software and tools, and its AMPP partner logic 
functions, and any output files from any of the foregoing 
(including device programming or simulation files), and any 
associated documentation or information are expressly subject 
to the terms and conditions of the Altera Program License 
Subscription Agreement, Altera MegaCore Function License 
Agreement, or other applicable license agreement, including, 
without limitation, that your use is for the sole purpose of 
programming logic devices manufactured by Altera and sold by 
Altera or its authorized distributors.  Please refer to the 
applicable agreement for further details.



+--------------------------------------------------------------------------------------+
; Analysis & Synthesis Summary                                                         ;
+------------------------------------+-------------------------------------------------+
; Analysis & Synthesis Status        ; Successful - Tue Dec 09 21:49:05 2025           ;
; Quartus II 64-Bit Version          ; 13.0.1 Build 232 06/12/2013 SP 1 SJ Web Edition ;
; Revision Name                      ; proyecto_final_ahora_si                         ;
; Top-level Entity Name              ; proyecto_final                                  ;
; Family                             ; Cyclone IV E                                    ;
; Total logic elements               ; 1,468                                           ;
;     Total combinational functions  ; 1,260                                           ;
;     Dedicated logic registers      ; 777                                             ;
; Total registers                    ; 777                                             ;
; Total pins                         ; 20                                              ;
; Total virtual pins                 ; 0                                               ;
; Total memory bits                  ; 0                                               ;
; Embedded Multiplier 9-bit elements ; 0                                               ;
; Total PLLs                         ; 1                                               ;
+------------------------------------+-------------------------------------------------+


+---------------------------------------------------------------------------------------------------------------------------+
; Analysis & Synthesis Settings                                                                                             ;
+----------------------------------------------------------------------------+--------------------+-------------------------+
; Option                                                                     ; Setting            ; Default Value           ;
+----------------------------------------------------------------------------+--------------------+-------------------------+
; Device                                                                     ; EP4CE22F17C6       ;                         ;
; Top-level entity name                                                      ; proyecto_final     ; proyecto_final_ahora_si ;
; Family name                                                                ; Cyclone IV E       ; Cyclone IV GX           ;
; Use smart compilation                                                      ; Off                ; Off                     ;
; Enable parallel Assembler and TimeQuest Timing Analyzer during compilation ; On                 ; On                      ;
; Enable compact report table                                                ; Off                ; Off                     ;
; Restructure Multiplexers                                                   ; Auto               ; Auto                    ;
; Create Debugging Nodes for IP Cores                                        ; Off                ; Off                     ;
; Preserve fewer node names                                                  ; On                 ; On                      ;
; Disable OpenCore Plus hardware evaluation                                  ; Off                ; Off                     ;
; Verilog Version                                                            ; Verilog_2001       ; Verilog_2001            ;
; VHDL Version                                                               ; VHDL_1993          ; VHDL_1993               ;
; State Machine Processing                                                   ; Auto               ; Auto                    ;
; Safe State Machine                                                         ; Off                ; Off                     ;
; Extract Verilog State Machines                                             ; On                 ; On                      ;
; Extract VHDL State Machines                                                ; On                 ; On                      ;
; Ignore Verilog initial constructs                                          ; Off                ; Off                     ;
; Iteration limit for constant Verilog loops                                 ; 5000               ; 5000                    ;
; Iteration limit for non-constant Verilog loops                             ; 250                ; 250                     ;
; Add Pass-Through Logic to Inferred RAMs                                    ; On                 ; On                      ;
; Infer RAMs from Raw Logic                                                  ; On                 ; On                      ;
; Parallel Synthesis                                                         ; On                 ; On                      ;
; DSP Block Balancing                                                        ; Auto               ; Auto                    ;
; NOT Gate Push-Back                                                         ; On                 ; On                      ;
; Power-Up Don't Care                                                        ; On                 ; On                      ;
; Remove Redundant Logic Cells                                               ; Off                ; Off                     ;
; Remove Duplicate Registers                                                 ; On                 ; On                      ;
; Ignore CARRY Buffers                                                       ; Off                ; Off                     ;
; Ignore CASCADE Buffers                                                     ; Off                ; Off                     ;
; Ignore GLOBAL Buffers                                                      ; Off                ; Off                     ;
; Ignore ROW GLOBAL Buffers                                                  ; Off                ; Off                     ;
; Ignore LCELL Buffers                                                       ; Off                ; Off                     ;
; Ignore SOFT Buffers                                                        ; On                 ; On                      ;
; Limit AHDL Integers to 32 Bits                                             ; Off                ; Off                     ;
; Optimization Technique                                                     ; Balanced           ; Balanced                ;
; Carry Chain Length                                                         ; 70                 ; 70                      ;
; Auto Carry Chains                                                          ; On                 ; On                      ;
; Auto Open-Drain Pins                                                       ; On                 ; On                      ;
; Perform WYSIWYG Primitive Resynthesis                                      ; Off                ; Off                     ;
; Auto ROM Replacement                                                       ; On                 ; On                      ;
; Auto RAM Replacement                                                       ; On                 ; On                      ;
; Auto DSP Block Replacement                                                 ; On                 ; On                      ;
; Auto Shift Register Replacement                                            ; Auto               ; Auto                    ;
; Allow Shift Register Merging across Hierarchies                            ; Auto               ; Auto                    ;
; Auto Clock Enable Replacement                                              ; On                 ; On                      ;
; Strict RAM Replacement                                                     ; Off                ; Off                     ;
; Allow Synchronous Control Signals                                          ; On                 ; On                      ;
; Force Use of Synchronous Clear Signals                                     ; Off                ; Off                     ;
; Auto RAM Block Balancing                                                   ; On                 ; On                      ;
; Auto RAM to Logic Cell Conversion                                          ; Off                ; Off                     ;
; Auto Resource Sharing                                                      ; Off                ; Off                     ;
; Allow Any RAM Size For Recognition                                         ; Off                ; Off                     ;
; Allow Any ROM Size For Recognition                                         ; Off                ; Off                     ;
; Allow Any Shift Register Size For Recognition                              ; Off                ; Off                     ;
; Use LogicLock Constraints during Resource Balancing                        ; On                 ; On                      ;
; Ignore translate_off and synthesis_off directives                          ; Off                ; Off                     ;
; Timing-Driven Synthesis                                                    ; On                 ; On                      ;
; Report Parameter Settings                                                  ; On                 ; On                      ;
; Report Source Assignments                                                  ; On                 ; On                      ;
; Report Connectivity Checks                                                 ; On                 ; On                      ;
; Ignore Maximum Fan-Out Assignments                                         ; Off                ; Off                     ;
; Synchronization Register Chain Length                                      ; 2                  ; 2                       ;
; PowerPlay Power Optimization                                               ; Normal compilation ; Normal compilation      ;
; HDL message level                                                          ; Level2             ; Level2                  ;
; Suppress Register Optimization Related Messages                            ; Off                ; Off                     ;
; Number of Removed Registers Reported in Synthesis Report                   ; 5000               ; 5000                    ;
; Number of Swept Nodes Reported in Synthesis Report                         ; 5000               ; 5000                    ;
; Number of Inverted Registers Reported in Synthesis Report                  ; 100                ; 100                     ;
; Clock MUX Protection                                                       ; On                 ; On                      ;
; Auto Gated Clock Conversion                                                ; Off                ; Off                     ;
; Block Design Naming                                                        ; Auto               ; Auto                    ;
; SDC constraint protection                                                  ; Off                ; Off                     ;
; Synthesis Effort                                                           ; Auto               ; Auto                    ;
; Shift Register Replacement - Allow Asynchronous Clear Signal               ; On                 ; On                      ;
; Pre-Mapping Resynthesis Optimization                                       ; Off                ; Off                     ;
; Analysis & Synthesis Message Level                                         ; Medium             ; Medium                  ;
; Disable Register Merging Across Hierarchies                                ; Auto               ; Auto                    ;
; Resource Aware Inference For Block RAM                                     ; On                 ; On                      ;
; Synthesis Seed                                                             ; 1                  ; 1                       ;
+----------------------------------------------------------------------------+--------------------+-------------------------+


Parallel compilation was disabled, but you have multiple processors available. Enable parallel compilation to reduce compilation time.
+-------------------------------------+
; Parallel Compilation                ;
+----------------------------+--------+
; Processors                 ; Number ;
+----------------------------+--------+
; Number detected on machine ; 2      ;
; Maximum allowed            ; 1      ;
+----------------------------+--------+


+-------------------------------------------------------------------------------------------------------------------------------------------------------------------------------+
; Analysis & Synthesis Source Files Read                                                                                                                                        ;
+----------------------------------+-----------------+------------------------------------+---------------------------------------------------------------------------+---------+
; File Name with User-Entered Path ; Used in Netlist ; File Type                          ; File Name with Absolute Path                                              ; Library ;
+----------------------------------+-----------------+------------------------------------+---------------------------------------------------------------------------+---------+
; pulso_384.vhd                    ; yes             ; User VHDL File                     ; C:/Users/iniak/Desktop/pff1/pulso_384.vhd                                 ;         ;
; paralelo_serie_384b.vhd          ; yes             ; User VHDL File                     ; C:/Users/iniak/Desktop/pff1/paralelo_serie_384b.vhd                       ;         ;
; maquina2.vhd                     ; yes             ; User VHDL File                     ; C:/Users/iniak/Desktop/pff1/maquina2.vhd                                  ;         ;
; registros.vhd                    ; yes             ; User VHDL File                     ; C:/Users/iniak/Desktop/pff1/registros.vhd                                 ;         ;
; subsistema2esquematico.bdf       ; yes             ; User Block Diagram/Schematic File  ; C:/Users/iniak/Desktop/pff1/subsistema2esquematico.bdf                    ;         ;
; Memoria_tablero.vhd              ; yes             ; User VHDL File                     ; C:/Users/iniak/Desktop/pff1/Memoria_tablero.vhd                           ;         ;
; Validar_movimiento.vhd           ; yes             ; User VHDL File                     ; C:/Users/iniak/Desktop/pff1/Validar_movimiento.vhd                        ;         ;
; Detector_victoria.vhd            ; yes             ; User VHDL File                     ; C:/Users/iniak/Desktop/pff1/Detector_victoria.vhd                         ;         ;
; MaquinaFinal1.bdf                ; yes             ; User Block Diagram/Schematic File  ; C:/Users/iniak/Desktop/pff1/MaquinaFinal1.bdf                             ;         ;
; SM1.vhd                          ; yes             ; User VHDL File                     ; C:/Users/iniak/Desktop/pff1/SM1.vhd                                       ;         ;
; tecladover2.bdf                  ; yes             ; User Block Diagram/Schematic File  ; C:/Users/iniak/Desktop/pff1/tecladover2.bdf                               ;         ;
; proyecto_final.bdf               ; yes             ; User Block Diagram/Schematic File  ; C:/Users/iniak/Desktop/pff1/proyecto_final.bdf                            ;         ;
; Block1.bdf                       ; yes             ; User Block Diagram/Schematic File  ; C:/Users/iniak/Desktop/pff1/Block1.bdf                                    ;         ;
; driver.vhd                       ; yes             ; User VHDL File                     ; C:/Users/iniak/Desktop/pff1/driver.vhd                                    ;         ;
; coloress2.vhd                    ; yes             ; User VHDL File                     ; C:/Users/iniak/Desktop/pff1/coloress2.vhd                                 ;         ;
; antirreboteimprovisado.vhd       ; yes             ; User VHDL File                     ; C:/Users/iniak/Desktop/pff1/antirreboteimprovisado.vhd                    ;         ;
; altpll0.vhd                      ; yes             ; Auto-Found Wizard-Generated File   ; C:/Users/iniak/Desktop/pff1/altpll0.vhd                                   ;         ;
; altpll.tdf                       ; yes             ; Megafunction                       ; c:/altera/13.0sp1/quartus/libraries/megafunctions/altpll.tdf              ;         ;
; aglobal130.inc                   ; yes             ; Megafunction                       ; c:/altera/13.0sp1/quartus/libraries/megafunctions/aglobal130.inc          ;         ;
; stratix_pll.inc                  ; yes             ; Megafunction                       ; c:/altera/13.0sp1/quartus/libraries/megafunctions/stratix_pll.inc         ;         ;
; stratixii_pll.inc                ; yes             ; Megafunction                       ; c:/altera/13.0sp1/quartus/libraries/megafunctions/stratixii_pll.inc       ;         ;
; cycloneii_pll.inc                ; yes             ; Megafunction                       ; c:/altera/13.0sp1/quartus/libraries/megafunctions/cycloneii_pll.inc       ;         ;
; db/altpll0_altpll.v              ; yes             ; Auto-Generated Megafunction        ; C:/Users/iniak/Desktop/pff1/db/altpll0_altpll.v                           ;         ;
; 21mux.bdf                        ; yes             ; Megafunction                       ; c:/altera/13.0sp1/quartus/libraries/others/maxplus2/21mux.bdf             ;         ;
; lpm_counter5.vhd                 ; yes             ; Auto-Found Wizard-Generated File   ; C:/Users/iniak/Desktop/pff1/lpm_counter5.vhd                              ;         ;
; lpm_counter.tdf                  ; yes             ; Megafunction                       ; c:/altera/13.0sp1/quartus/libraries/megafunctions/lpm_counter.tdf         ;         ;
; lpm_constant.inc                 ; yes             ; Megafunction                       ; c:/altera/13.0sp1/quartus/libraries/megafunctions/lpm_constant.inc        ;         ;
; lpm_decode.inc                   ; yes             ; Megafunction                       ; c:/altera/13.0sp1/quartus/libraries/megafunctions/lpm_decode.inc          ;         ;
; lpm_add_sub.inc                  ; yes             ; Megafunction                       ; c:/altera/13.0sp1/quartus/libraries/megafunctions/lpm_add_sub.inc         ;         ;
; cmpconst.inc                     ; yes             ; Megafunction                       ; c:/altera/13.0sp1/quartus/libraries/megafunctions/cmpconst.inc            ;         ;
; lpm_compare.inc                  ; yes             ; Megafunction                       ; c:/altera/13.0sp1/quartus/libraries/megafunctions/lpm_compare.inc         ;         ;
; lpm_counter.inc                  ; yes             ; Megafunction                       ; c:/altera/13.0sp1/quartus/libraries/megafunctions/lpm_counter.inc         ;         ;
; dffeea.inc                       ; yes             ; Megafunction                       ; c:/altera/13.0sp1/quartus/libraries/megafunctions/dffeea.inc              ;         ;
; alt_counter_stratix.inc          ; yes             ; Megafunction                       ; c:/altera/13.0sp1/quartus/libraries/megafunctions/alt_counter_stratix.inc ;         ;
; db/cntr_70k.tdf                  ; yes             ; Auto-Generated Megafunction        ; C:/Users/iniak/Desktop/pff1/db/cntr_70k.tdf                               ;         ;
; lpm_counter4.vhd                 ; yes             ; Auto-Found Wizard-Generated File   ; C:/Users/iniak/Desktop/pff1/lpm_counter4.vhd                              ;         ;
; lpm_counter6.vhd                 ; yes             ; Auto-Found Wizard-Generated File   ; C:/Users/iniak/Desktop/pff1/lpm_counter6.vhd                              ;         ;
; vf.vhd                           ; yes             ; Auto-Found VHDL File               ; C:/Users/iniak/Desktop/pff1/vf.vhd                                        ;         ;
; maq_barrido.vhd                  ; yes             ; Auto-Found VHDL File               ; C:/Users/iniak/Desktop/pff1/maq_barrido.vhd                               ;         ;
; lpm_counter1.vhd                 ; yes             ; Auto-Found Wizard-Generated File   ; C:/Users/iniak/Desktop/pff1/lpm_counter1.vhd                              ;         ;
; db/cntr_p1k.tdf                  ; yes             ; Auto-Generated Megafunction        ; C:/Users/iniak/Desktop/pff1/db/cntr_p1k.tdf                               ;         ;
; db/cmpr_sgc.tdf                  ; yes             ; Auto-Generated Megafunction        ; C:/Users/iniak/Desktop/pff1/db/cmpr_sgc.tdf                               ;         ;
+----------------------------------+-----------------+------------------------------------+---------------------------------------------------------------------------+---------+


+----------------------------------------------------------------------------------------------+
; Analysis & Synthesis Resource Usage Summary                                                  ;
+---------------------------------------------+------------------------------------------------+
; Resource                                    ; Usage                                          ;
+---------------------------------------------+------------------------------------------------+
; Estimated Total logic elements              ; 1,468                                          ;
;                                             ;                                                ;
; Total combinational functions               ; 1260                                           ;
; Logic element usage by number of LUT inputs ;                                                ;
;     -- 4 input functions                    ; 478                                            ;
;     -- 3 input functions                    ; 414                                            ;
;     -- <=2 input functions                  ; 368                                            ;
;                                             ;                                                ;
; Logic elements by mode                      ;                                                ;
;     -- normal mode                          ; 1236                                           ;
;     -- arithmetic mode                      ; 24                                             ;
;                                             ;                                                ;
; Total registers                             ; 777                                            ;
;     -- Dedicated logic registers            ; 777                                            ;
;     -- I/O registers                        ; 0                                              ;
;                                             ;                                                ;
; I/O pins                                    ; 20                                             ;
; Embedded Multiplier 9-bit elements          ; 0                                              ;
; Total PLLs                                  ; 1                                              ;
;     -- PLLs                                 ; 1                                              ;
;                                             ;                                                ;
; Maximum fan-out node                        ; subsistema2esquematico:inst|Block1:inst|inst13 ;
; Maximum fan-out                             ; 932                                            ;
; Total fan-out                               ; 6191                                           ;
; Average fan-out                             ; 2.98                                           ;
+---------------------------------------------+------------------------------------------------+


+------------------------------------------------------------------------------------------------------------------------------------------------------------------------------------------------------------------------------------------------------------------------------------------------------------+
; Analysis & Synthesis Resource Utilization by Entity                                                                                                                                                                                                                                                        ;
+------------------------------------------------+-------------------+--------------+-------------+--------------+---------+-----------+------+--------------+--------------------------------------------------------------------------------------------------------------------------------+--------------+
; Compilation Hierarchy Node                     ; LC Combinationals ; LC Registers ; Memory Bits ; DSP Elements ; DSP 9x9 ; DSP 18x18 ; Pins ; Virtual Pins ; Full Hierarchy Name                                                                                                            ; Library Name ;
+------------------------------------------------+-------------------+--------------+-------------+--------------+---------+-----------+------+--------------+--------------------------------------------------------------------------------------------------------------------------------+--------------+
; |proyecto_final                                ; 1260 (8)          ; 777 (9)      ; 0           ; 0            ; 0       ; 0         ; 20   ; 0            ; |proyecto_final                                                                                                                ; work         ;
;    |Detector_Victoria:inst5|                   ; 15 (15)           ; 0 (0)        ; 0           ; 0            ; 0       ; 0         ; 0    ; 0            ; |proyecto_final|Detector_Victoria:inst5                                                                                        ; work         ;
;    |MaquinaFinal1:inst1|                       ; 64 (5)            ; 15 (0)       ; 0           ; 0            ; 0       ; 0         ; 0    ; 0            ; |proyecto_final|MaquinaFinal1:inst1                                                                                            ; work         ;
;       |lpm_counter4:inst9|                     ; 3 (0)             ; 2 (0)        ; 0           ; 0            ; 0       ; 0         ; 0    ; 0            ; |proyecto_final|MaquinaFinal1:inst1|lpm_counter4:inst9                                                                         ; work         ;
;          |lpm_counter:LPM_COUNTER_component|   ; 3 (0)             ; 2 (0)        ; 0           ; 0            ; 0       ; 0         ; 0    ; 0            ; |proyecto_final|MaquinaFinal1:inst1|lpm_counter4:inst9|lpm_counter:LPM_COUNTER_component                                       ; work         ;
;             |cntr_70k:auto_generated|          ; 3 (3)             ; 2 (2)        ; 0           ; 0            ; 0       ; 0         ; 0    ; 0            ; |proyecto_final|MaquinaFinal1:inst1|lpm_counter4:inst9|lpm_counter:LPM_COUNTER_component|cntr_70k:auto_generated               ; work         ;
;       |lpm_counter5:inst10|                    ; 3 (0)             ; 2 (0)        ; 0           ; 0            ; 0       ; 0         ; 0    ; 0            ; |proyecto_final|MaquinaFinal1:inst1|lpm_counter5:inst10                                                                        ; work         ;
;          |lpm_counter:LPM_COUNTER_component|   ; 3 (0)             ; 2 (0)        ; 0           ; 0            ; 0       ; 0         ; 0    ; 0            ; |proyecto_final|MaquinaFinal1:inst1|lpm_counter5:inst10|lpm_counter:LPM_COUNTER_component                                      ; work         ;
;             |cntr_70k:auto_generated|          ; 3 (3)             ; 2 (2)        ; 0           ; 0            ; 0       ; 0         ; 0    ; 0            ; |proyecto_final|MaquinaFinal1:inst1|lpm_counter5:inst10|lpm_counter:LPM_COUNTER_component|cntr_70k:auto_generated              ; work         ;
;       |lpm_counter6:inst3|                     ; 3 (0)             ; 2 (0)        ; 0           ; 0            ; 0       ; 0         ; 0    ; 0            ; |proyecto_final|MaquinaFinal1:inst1|lpm_counter6:inst3                                                                         ; work         ;
;          |lpm_counter:LPM_COUNTER_component|   ; 3 (0)             ; 2 (0)        ; 0           ; 0            ; 0       ; 0         ; 0    ; 0            ; |proyecto_final|MaquinaFinal1:inst1|lpm_counter6:inst3|lpm_counter:LPM_COUNTER_component                                       ; work         ;
;             |cntr_70k:auto_generated|          ; 3 (3)             ; 2 (2)        ; 0           ; 0            ; 0       ; 0         ; 0    ; 0            ; |proyecto_final|MaquinaFinal1:inst1|lpm_counter6:inst3|lpm_counter:LPM_COUNTER_component|cntr_70k:auto_generated               ; work         ;
;       |maquina2:inst1|                         ; 50 (50)           ; 9 (9)        ; 0           ; 0            ; 0       ; 0         ; 0    ; 0            ; |proyecto_final|MaquinaFinal1:inst1|maquina2:inst1                                                                             ; work         ;
;    |Memoria_tablero:inst6|                     ; 14 (14)           ; 18 (18)      ; 0           ; 0            ; 0       ; 0         ; 0    ; 0            ; |proyecto_final|Memoria_tablero:inst6                                                                                          ; work         ;
;    |Validar_movimiento:inst8|                  ; 20 (20)           ; 0 (0)        ; 0           ; 0            ; 0       ; 0         ; 0    ; 0            ; |proyecto_final|Validar_movimiento:inst8                                                                                       ; work         ;
;    |driver:inst12|                             ; 24 (24)           ; 17 (17)      ; 0           ; 0            ; 0       ; 0         ; 0    ; 0            ; |proyecto_final|driver:inst12                                                                                                  ; work         ;
;    |registros:inst2|                           ; 22 (22)           ; 22 (22)      ; 0           ; 0            ; 0       ; 0         ; 0    ; 0            ; |proyecto_final|registros:inst2                                                                                                ; work         ;
;    |subsistema2esquematico:inst|               ; 1028 (0)          ; 661 (0)      ; 0           ; 0            ; 0       ; 0         ; 0    ; 0            ; |proyecto_final|subsistema2esquematico:inst                                                                                    ; work         ;
;       |Block1:inst|                            ; 791 (4)           ; 398 (3)      ; 0           ; 0            ; 0       ; 0         ; 0    ; 0            ; |proyecto_final|subsistema2esquematico:inst|Block1:inst                                                                        ; work         ;
;          |altpll0:inst|                        ; 0 (0)             ; 0 (0)        ; 0           ; 0            ; 0       ; 0         ; 0    ; 0            ; |proyecto_final|subsistema2esquematico:inst|Block1:inst|altpll0:inst                                                           ; work         ;
;             |altpll:altpll_component|          ; 0 (0)             ; 0 (0)        ; 0           ; 0            ; 0       ; 0         ; 0    ; 0            ; |proyecto_final|subsistema2esquematico:inst|Block1:inst|altpll0:inst|altpll:altpll_component                                   ; work         ;
;                |altpll0_altpll:auto_generated| ; 0 (0)             ; 0 (0)        ; 0           ; 0            ; 0       ; 0         ; 0    ; 0            ; |proyecto_final|subsistema2esquematico:inst|Block1:inst|altpll0:inst|altpll:altpll_component|altpll0_altpll:auto_generated     ; work         ;
;          |paralelo_serie_384b:inst1|           ; 775 (775)         ; 384 (384)    ; 0           ; 0            ; 0       ; 0         ; 0    ; 0            ; |proyecto_final|subsistema2esquematico:inst|Block1:inst|paralelo_serie_384b:inst1                                              ; work         ;
;          |pulso_384:inst12|                    ; 12 (12)           ; 11 (11)      ; 0           ; 0            ; 0       ; 0         ; 0    ; 0            ; |proyecto_final|subsistema2esquematico:inst|Block1:inst|pulso_384:inst12                                                       ; work         ;
;       |coloress2:inst1|                        ; 237 (237)         ; 263 (263)    ; 0           ; 0            ; 0       ; 0         ; 0    ; 0            ; |proyecto_final|subsistema2esquematico:inst|coloress2:inst1                                                                    ; work         ;
;    |tecladover2:inst7|                         ; 65 (3)            ; 35 (5)       ; 0           ; 0            ; 0       ; 0         ; 0    ; 0            ; |proyecto_final|tecladover2:inst7                                                                                              ; work         ;
;       |SM1:inst10|                             ; 5 (5)             ; 4 (4)        ; 0           ; 0            ; 0       ; 0         ; 0    ; 0            ; |proyecto_final|tecladover2:inst7|SM1:inst10                                                                                   ; work         ;
;       |SM1:inst6|                              ; 6 (6)             ; 4 (4)        ; 0           ; 0            ; 0       ; 0         ; 0    ; 0            ; |proyecto_final|tecladover2:inst7|SM1:inst6                                                                                    ; work         ;
;       |SM1:inst8|                              ; 8 (8)             ; 4 (4)        ; 0           ; 0            ; 0       ; 0         ; 0    ; 0            ; |proyecto_final|tecladover2:inst7|SM1:inst8                                                                                    ; work         ;
;       |SM1:inst9|                              ; 7 (7)             ; 4 (4)        ; 0           ; 0            ; 0       ; 0         ; 0    ; 0            ; |proyecto_final|tecladover2:inst7|SM1:inst9                                                                                    ; work         ;
;       |antirreboteimprovisado:inst15|          ; 13 (13)           ; 0 (0)        ; 0           ; 0            ; 0       ; 0         ; 0    ; 0            ; |proyecto_final|tecladover2:inst7|antirreboteimprovisado:inst15                                                                ; work         ;
;       |lpm_counter1:inst13|                    ; 8 (0)             ; 6 (0)        ; 0           ; 0            ; 0       ; 0         ; 0    ; 0            ; |proyecto_final|tecladover2:inst7|lpm_counter1:inst13                                                                          ; work         ;
;          |lpm_counter:LPM_COUNTER_component|   ; 8 (0)             ; 6 (0)        ; 0           ; 0            ; 0       ; 0         ; 0    ; 0            ; |proyecto_final|tecladover2:inst7|lpm_counter1:inst13|lpm_counter:LPM_COUNTER_component                                        ; work         ;
;             |cntr_p1k:auto_generated|          ; 8 (7)             ; 6 (6)        ; 0           ; 0            ; 0       ; 0         ; 0    ; 0            ; |proyecto_final|tecladover2:inst7|lpm_counter1:inst13|lpm_counter:LPM_COUNTER_component|cntr_p1k:auto_generated                ; work         ;
;                |cmpr_sgc:cmpr1|                ; 1 (1)             ; 0 (0)        ; 0           ; 0            ; 0       ; 0         ; 0    ; 0            ; |proyecto_final|tecladover2:inst7|lpm_counter1:inst13|lpm_counter:LPM_COUNTER_component|cntr_p1k:auto_generated|cmpr_sgc:cmpr1 ; work         ;
;       |maq_barrido:inst|                       ; 15 (15)           ; 8 (8)        ; 0           ; 0            ; 0       ; 0         ; 0    ; 0            ; |proyecto_final|tecladover2:inst7|maq_barrido:inst                                                                             ; work         ;
+------------------------------------------------+-------------------+--------------+-------------+--------------+---------+-----------+------+--------------+--------------------------------------------------------------------------------------------------------------------------------+--------------+
Note: For table entries with two numbers listed, the numbers in parentheses indicate the number of resources of the given type used by the specific entity alone. The numbers listed outside of parentheses indicate the total resources of the given type used by the specific entity and all of its sub-entities in the hierarchy.


+-------------------------------------------------------------------------------------------------------------------------------------------------------------------------------------+
; Analysis & Synthesis IP Cores Summary                                                                                                                                               ;
+--------+--------------+---------+--------------+--------------+----------------------------------------------------------------------+----------------------------------------------+
; Vendor ; IP Core Name ; Version ; Release Date ; License Type ; Entity Instance                                                      ; IP Include File                              ;
+--------+--------------+---------+--------------+--------------+----------------------------------------------------------------------+----------------------------------------------+
; Altera ; ALTPLL       ; N/A     ; N/A          ; N/A          ; |proyecto_final|subsistema2esquematico:inst|Block1:inst|altpll0:inst ; C:/Users/iniak/Desktop/pff1/altpll0.vhd      ;
; Altera ; LPM_COUNTER  ; N/A     ; N/A          ; N/A          ; |proyecto_final|MaquinaFinal1:inst1|lpm_counter6:inst3               ; C:/Users/iniak/Desktop/pff1/lpm_counter6.vhd ;
; Altera ; LPM_COUNTER  ; N/A     ; N/A          ; N/A          ; |proyecto_final|MaquinaFinal1:inst1|lpm_counter4:inst9               ; C:/Users/iniak/Desktop/pff1/lpm_counter4.vhd ;
; Altera ; LPM_COUNTER  ; N/A     ; N/A          ; N/A          ; |proyecto_final|MaquinaFinal1:inst1|lpm_counter5:inst10              ; C:/Users/iniak/Desktop/pff1/lpm_counter5.vhd ;
; Altera ; LPM_COUNTER  ; N/A     ; N/A          ; N/A          ; |proyecto_final|tecladover2:inst7|lpm_counter1:inst13                ; C:/Users/iniak/Desktop/pff1/lpm_counter1.vhd ;
+--------+--------------+---------+--------------+--------------+----------------------------------------------------------------------+----------------------------------------------+


Encoding Type:  One-Hot
+--------------------------------------------------------------------+
; State Machine - |proyecto_final|tecladover2:inst7|SM1:inst8|fstate ;
+----------+----------+----------+----------+------------------------+
; Name     ; fstate.B ; fstate.C ; fstate.D ; fstate.A               ;
+----------+----------+----------+----------+------------------------+
; fstate.A ; 0        ; 0        ; 0        ; 0                      ;
; fstate.D ; 0        ; 0        ; 1        ; 1                      ;
; fstate.C ; 0        ; 1        ; 0        ; 1                      ;
; fstate.B ; 1        ; 0        ; 0        ; 1                      ;
+----------+----------+----------+----------+------------------------+


Encoding Type:  One-Hot
+---------------------------------------------------------------------+
; State Machine - |proyecto_final|tecladover2:inst7|SM1:inst10|fstate ;
+----------+----------+----------+----------+-------------------------+
; Name     ; fstate.B ; fstate.C ; fstate.D ; fstate.A                ;
+----------+----------+----------+----------+-------------------------+
; fstate.A ; 0        ; 0        ; 0        ; 0                       ;
; fstate.D ; 0        ; 0        ; 1        ; 1                       ;
; fstate.C ; 0        ; 1        ; 0        ; 1                       ;
; fstate.B ; 1        ; 0        ; 0        ; 1                       ;
+----------+----------+----------+----------+-------------------------+


Encoding Type:  One-Hot
+--------------------------------------------------------------------+
; State Machine - |proyecto_final|tecladover2:inst7|SM1:inst9|fstate ;
+----------+----------+----------+----------+------------------------+
; Name     ; fstate.B ; fstate.C ; fstate.D ; fstate.A               ;
+----------+----------+----------+----------+------------------------+
; fstate.A ; 0        ; 0        ; 0        ; 0                      ;
; fstate.D ; 0        ; 0        ; 1        ; 1                      ;
; fstate.C ; 0        ; 1        ; 0        ; 1                      ;
; fstate.B ; 1        ; 0        ; 0        ; 1                      ;
+----------+----------+----------+----------+------------------------+


Encoding Type:  One-Hot
+--------------------------------------------------------------------+
; State Machine - |proyecto_final|tecladover2:inst7|SM1:inst6|fstate ;
+----------+----------+----------+----------+------------------------+
; Name     ; fstate.B ; fstate.C ; fstate.D ; fstate.A               ;
+----------+----------+----------+----------+------------------------+
; fstate.A ; 0        ; 0        ; 0        ; 0                      ;
; fstate.D ; 0        ; 0        ; 1        ; 1                      ;
; fstate.C ; 0        ; 1        ; 0        ; 1                      ;
; fstate.B ; 1        ; 0        ; 0        ; 1                      ;
+----------+----------+----------+----------+------------------------+


Encoding Type:  One-Hot
+----------------------------------------------------------------------------------------------------------------+
; State Machine - |proyecto_final|tecladover2:inst7|maq_barrido:inst|fstate                                      ;
+------------+-----------+-----------+-----------+------------+------------+------------+------------+-----------+
; Name       ; fstate.b4 ; fstate.b2 ; fstate.b3 ; fstate.fl1 ; fstate.fl4 ; fstate.fl3 ; fstate.fl2 ; fstate.b1 ;
+------------+-----------+-----------+-----------+------------+------------+------------+------------+-----------+
; fstate.b1  ; 0         ; 0         ; 0         ; 0          ; 0          ; 0          ; 0          ; 0         ;
; fstate.fl2 ; 0         ; 0         ; 0         ; 0          ; 0          ; 0          ; 1          ; 1         ;
; fstate.fl3 ; 0         ; 0         ; 0         ; 0          ; 0          ; 1          ; 0          ; 1         ;
; fstate.fl4 ; 0         ; 0         ; 0         ; 0          ; 1          ; 0          ; 0          ; 1         ;
; fstate.fl1 ; 0         ; 0         ; 0         ; 1          ; 0          ; 0          ; 0          ; 1         ;
; fstate.b3  ; 0         ; 0         ; 1         ; 0          ; 0          ; 0          ; 0          ; 1         ;
; fstate.b2  ; 0         ; 1         ; 0         ; 0          ; 0          ; 0          ; 0          ; 1         ;
; fstate.b4  ; 1         ; 0         ; 0         ; 0          ; 0          ; 0          ; 0          ; 1         ;
+------------+-----------+-----------+-----------+------------+------------+------------+------------+-----------+


Encoding Type:  One-Hot
+-------------------------------------------------------------------------------------------------------------------------------------------+
; State Machine - |proyecto_final|MaquinaFinal1:inst1|maquina2:inst1|fstate                                                                 ;
+----------------+------------+------------+-----------+------------+-----------+------------+----------------+----------------+------------+
; Name           ; fstate.CJ2 ; fstate.CJ1 ; fstate.CE ; fstate.VJ2 ; fstate.VE ; fstate.VJ1 ; fstate.TurnoJ2 ; fstate.TurnoJ1 ; fstate.SeC ;
+----------------+------------+------------+-----------+------------+-----------+------------+----------------+----------------+------------+
; fstate.SeC     ; 0          ; 0          ; 0         ; 0          ; 0         ; 0          ; 0              ; 0              ; 0          ;
; fstate.TurnoJ1 ; 0          ; 0          ; 0         ; 0          ; 0         ; 0          ; 0              ; 1              ; 1          ;
; fstate.TurnoJ2 ; 0          ; 0          ; 0         ; 0          ; 0         ; 0          ; 1              ; 0              ; 1          ;
; fstate.VJ1     ; 0          ; 0          ; 0         ; 0          ; 0         ; 1          ; 0              ; 0              ; 1          ;
; fstate.VE      ; 0          ; 0          ; 0         ; 0          ; 1         ; 0          ; 0              ; 0              ; 1          ;
; fstate.VJ2     ; 0          ; 0          ; 0         ; 1          ; 0         ; 0          ; 0              ; 0              ; 1          ;
; fstate.CE      ; 0          ; 0          ; 1         ; 0          ; 0         ; 0          ; 0              ; 0              ; 1          ;
; fstate.CJ1     ; 0          ; 1          ; 0         ; 0          ; 0         ; 0          ; 0              ; 0              ; 1          ;
; fstate.CJ2     ; 1          ; 0          ; 0         ; 0          ; 0         ; 0          ; 0              ; 0              ; 1          ;
+----------------+------------+------------+-----------+------------+-----------+------------+----------------+----------------+------------+


+-------------------------------------------------------------------------------------------------------------------------------------+
; User-Specified and Inferred Latches                                                                                                 ;
+------------------------------------------------------+-----------------------------------------------------+------------------------+
; Latch Name                                           ; Latch Enable Signal                                 ; Free of Timing Hazards ;
+------------------------------------------------------+-----------------------------------------------------+------------------------+
; tecladover2:inst7|antirreboteimprovisado:inst15|hab  ; tecladover2:inst7|antirreboteimprovisado:inst15|hab ; yes                    ;
; tecladover2:inst7|antirreboteimprovisado:inst15|led1 ; tecladover2:inst7|antirreboteimprovisado:inst15|hab ; yes                    ;
; tecladover2:inst7|antirreboteimprovisado:inst15|led2 ; tecladover2:inst7|antirreboteimprovisado:inst15|hab ; yes                    ;
; tecladover2:inst7|antirreboteimprovisado:inst15|led3 ; tecladover2:inst7|antirreboteimprovisado:inst15|hab ; yes                    ;
; tecladover2:inst7|antirreboteimprovisado:inst15|led4 ; tecladover2:inst7|antirreboteimprovisado:inst15|hab ; yes                    ;
; subsistema2esquematico:inst|coloress2:inst1|CJ2[22]  ; MaquinaFinal1:inst1|maquina2:inst1|INICIO           ; yes                    ;
; subsistema2esquematico:inst|coloress2:inst1|CJ2[21]  ; MaquinaFinal1:inst1|maquina2:inst1|INICIO           ; yes                    ;
; subsistema2esquematico:inst|coloress2:inst1|CJ2[19]  ; MaquinaFinal1:inst1|maquina2:inst1|INICIO           ; yes                    ;
; subsistema2esquematico:inst|coloress2:inst1|CJ2[18]  ; MaquinaFinal1:inst1|maquina2:inst1|INICIO           ; yes                    ;
; subsistema2esquematico:inst|coloress2:inst1|CJ2[17]  ; MaquinaFinal1:inst1|maquina2:inst1|INICIO           ; yes                    ;
; subsistema2esquematico:inst|coloress2:inst1|CJ2[16]  ; MaquinaFinal1:inst1|maquina2:inst1|INICIO           ; yes                    ;
; subsistema2esquematico:inst|coloress2:inst1|CJ2[15]  ; MaquinaFinal1:inst1|maquina2:inst1|INICIO           ; yes                    ;
; subsistema2esquematico:inst|coloress2:inst1|CJ2[14]  ; MaquinaFinal1:inst1|maquina2:inst1|INICIO           ; yes                    ;
; subsistema2esquematico:inst|coloress2:inst1|CJ1[14]  ; MaquinaFinal1:inst1|maquina2:inst1|INICIO           ; yes                    ;
; subsistema2esquematico:inst|coloress2:inst1|CJ2[13]  ; MaquinaFinal1:inst1|maquina2:inst1|INICIO           ; yes                    ;
; subsistema2esquematico:inst|coloress2:inst1|CJ1[13]  ; MaquinaFinal1:inst1|maquina2:inst1|INICIO           ; yes                    ;
; subsistema2esquematico:inst|coloress2:inst1|CJ2[12]  ; MaquinaFinal1:inst1|maquina2:inst1|INICIO           ; yes                    ;
; subsistema2esquematico:inst|coloress2:inst1|CJ1[12]  ; MaquinaFinal1:inst1|maquina2:inst1|INICIO           ; yes                    ;
; subsistema2esquematico:inst|coloress2:inst1|CJ1[11]  ; MaquinaFinal1:inst1|maquina2:inst1|INICIO           ; yes                    ;
; subsistema2esquematico:inst|coloress2:inst1|CJ1[10]  ; MaquinaFinal1:inst1|maquina2:inst1|INICIO           ; yes                    ;
; subsistema2esquematico:inst|coloress2:inst1|CJ2[6]   ; MaquinaFinal1:inst1|maquina2:inst1|INICIO           ; yes                    ;
; subsistema2esquematico:inst|coloress2:inst1|CJ1[4]   ; MaquinaFinal1:inst1|maquina2:inst1|INICIO           ; yes                    ;
; subsistema2esquematico:inst|coloress2:inst1|CJ2[3]   ; MaquinaFinal1:inst1|maquina2:inst1|INICIO           ; yes                    ;
; subsistema2esquematico:inst|coloress2:inst1|CJ2[2]   ; MaquinaFinal1:inst1|maquina2:inst1|INICIO           ; yes                    ;
; subsistema2esquematico:inst|coloress2:inst1|CJ1[2]   ; MaquinaFinal1:inst1|maquina2:inst1|INICIO           ; yes                    ;
; subsistema2esquematico:inst|coloress2:inst1|CJ2[0]   ; MaquinaFinal1:inst1|maquina2:inst1|INICIO           ; yes                    ;
; subsistema2esquematico:inst|coloress2:inst1|CJ1[0]   ; MaquinaFinal1:inst1|maquina2:inst1|INICIO           ; yes                    ;
; Number of user-specified and inferred latches = 27   ;                                                     ;                        ;
+------------------------------------------------------+-----------------------------------------------------+------------------------+
Note: All latches listed above may not be present at the end of synthesis due to various synthesis optimizations.


+--------------------------------------------------------------------------------------------------------------------------------------------------------------------------------------------+
; Registers Removed During Synthesis                                                                                                                                                         ;
+--------------------------------------------------------------------------------------------------------------------------+-----------------------------------------------------------------+
; Register name                                                                                                            ; Reason for Removal                                              ;
+--------------------------------------------------------------------------------------------------------------------------+-----------------------------------------------------------------+
; subsistema2esquematico:inst|Block1:inst|altpll0:inst|altpll:altpll_component|altpll0_altpll:auto_generated|pll_lock_sync ; Stuck at VCC due to stuck port data_in                          ;
; subsistema2esquematico:inst|coloress2:inst1|D5[1,4,5,7,9,11,20,23]                                                       ; Merged with subsistema2esquematico:inst|coloress2:inst1|D5[10]  ;
; subsistema2esquematico:inst|coloress2:inst1|D2[1,3,5..7,9,17..23]                                                        ; Merged with subsistema2esquematico:inst|coloress2:inst1|D2[15]  ;
; subsistema2esquematico:inst|coloress2:inst1|D3[3]                                                                        ; Merged with subsistema2esquematico:inst|coloress2:inst1|D3[19]  ;
; subsistema2esquematico:inst|coloress2:inst1|D6[5,7,9,20,23]                                                              ; Merged with subsistema2esquematico:inst|coloress2:inst1|D6[1]   ;
; subsistema2esquematico:inst|coloress2:inst1|D1[5,7,9,20,23]                                                              ; Merged with subsistema2esquematico:inst|coloress2:inst1|D1[1]   ;
; subsistema2esquematico:inst|coloress2:inst1|D9[1,4,5,7,9,20,23]                                                          ; Merged with subsistema2esquematico:inst|coloress2:inst1|D9[10]  ;
; subsistema2esquematico:inst|coloress2:inst1|D3[1,5..7,9,17,18,20..23]                                                    ; Merged with subsistema2esquematico:inst|coloress2:inst1|D3[15]  ;
; subsistema2esquematico:inst|coloress2:inst1|D4[1,3,5..7,9,17..23]                                                        ; Merged with subsistema2esquematico:inst|coloress2:inst1|D4[15]  ;
; subsistema2esquematico:inst|coloress2:inst1|D10[5,7,9,20,23]                                                             ; Merged with subsistema2esquematico:inst|coloress2:inst1|D10[1]  ;
; subsistema2esquematico:inst|coloress2:inst1|D14[5,7,9,20,23]                                                             ; Merged with subsistema2esquematico:inst|coloress2:inst1|D14[1]  ;
; subsistema2esquematico:inst|coloress2:inst1|D7[5,7,9,20,23]                                                              ; Merged with subsistema2esquematico:inst|coloress2:inst1|D7[1]   ;
; subsistema2esquematico:inst|coloress2:inst1|D11[5,7,9,20,23]                                                             ; Merged with subsistema2esquematico:inst|coloress2:inst1|D11[1]  ;
; subsistema2esquematico:inst|coloress2:inst1|D15[5,7,9,20,23]                                                             ; Merged with subsistema2esquematico:inst|coloress2:inst1|D15[1]  ;
; subsistema2esquematico:inst|coloress2:inst1|D8[5,7,9,20,23]                                                              ; Merged with subsistema2esquematico:inst|coloress2:inst1|D8[1]   ;
; subsistema2esquematico:inst|coloress2:inst1|D12[5,7,9,20,23]                                                             ; Merged with subsistema2esquematico:inst|coloress2:inst1|D12[1]  ;
; subsistema2esquematico:inst|coloress2:inst1|D16[5,7,9,20,23]                                                             ; Merged with subsistema2esquematico:inst|coloress2:inst1|D16[1]  ;
; subsistema2esquematico:inst|coloress2:inst1|D13[1,5,7,9,11,20,23]                                                        ; Merged with subsistema2esquematico:inst|coloress2:inst1|D13[10] ;
; subsistema2esquematico:inst|coloress2:inst1|D1[1]                                                                        ; Stuck at GND due to stuck port data_in                          ;
; subsistema2esquematico:inst|coloress2:inst1|D6[1]                                                                        ; Stuck at GND due to stuck port data_in                          ;
; subsistema2esquematico:inst|coloress2:inst1|D7[1]                                                                        ; Stuck at GND due to stuck port data_in                          ;
; subsistema2esquematico:inst|coloress2:inst1|D8[1]                                                                        ; Stuck at GND due to stuck port data_in                          ;
; subsistema2esquematico:inst|coloress2:inst1|D10[1]                                                                       ; Stuck at GND due to stuck port data_in                          ;
; subsistema2esquematico:inst|coloress2:inst1|D11[1]                                                                       ; Stuck at GND due to stuck port data_in                          ;
; subsistema2esquematico:inst|coloress2:inst1|D12[1]                                                                       ; Stuck at GND due to stuck port data_in                          ;
; subsistema2esquematico:inst|coloress2:inst1|D14[1]                                                                       ; Stuck at GND due to stuck port data_in                          ;
; subsistema2esquematico:inst|coloress2:inst1|D15[1]                                                                       ; Stuck at GND due to stuck port data_in                          ;
; subsistema2esquematico:inst|coloress2:inst1|D16[1]                                                                       ; Stuck at GND due to stuck port data_in                          ;
; subsistema2esquematico:inst|coloress2:inst1|D3[15]                                                                       ; Stuck at GND due to stuck port data_in                          ;
; subsistema2esquematico:inst|coloress2:inst1|D9[10]                                                                       ; Stuck at GND due to stuck port data_in                          ;
; driver:inst12|jvm_s                                                                                                      ; Lost fanout                                                     ;
; subsistema2esquematico:inst|coloress2:inst1|D2[15]                                                                       ; Stuck at GND due to stuck port data_in                          ;
; subsistema2esquematico:inst|coloress2:inst1|D4[15]                                                                       ; Stuck at GND due to stuck port data_in                          ;
; subsistema2esquematico:inst|coloress2:inst1|D5[10]                                                                       ; Stuck at GND due to stuck port data_in                          ;
; subsistema2esquematico:inst|coloress2:inst1|D13[10]                                                                      ; Stuck at GND due to stuck port data_in                          ;
; Total Number of Removed Registers = 128                                                                                  ;                                                                 ;
+--------------------------------------------------------------------------------------------------------------------------+-----------------------------------------------------------------+


+------------------------------------------------------+
; General Register Statistics                          ;
+----------------------------------------------+-------+
; Statistic                                    ; Value ;
+----------------------------------------------+-------+
; Total registers                              ; 777   ;
; Number of registers using Synchronous Clear  ; 22    ;
; Number of registers using Synchronous Load   ; 9     ;
; Number of registers using Asynchronous Clear ; 423   ;
; Number of registers using Asynchronous Load  ; 0     ;
; Number of registers using Clock Enable       ; 291   ;
; Number of registers using Preset             ; 0     ;
+----------------------------------------------+-------+


+-------------------------------------------------------------------------+
; Inverted Register Statistics                                            ;
+---------------------------------------------------------------+---------+
; Inverted Register                                             ; Fan out ;
+---------------------------------------------------------------+---------+
; subsistema2esquematico:inst|Block1:inst|pulso_384:inst12|strt ; 2       ;
; Total number of inverted registers = 1                        ;         ;
+---------------------------------------------------------------+---------+


+-----------------------------------------------------------------------------------------------------------------------------------------------------------------------------------+
; Multiplexer Restructuring Statistics (Restructuring Performed)                                                                                                                    ;
+--------------------+-----------+---------------+----------------------+------------------------+------------+---------------------------------------------------------------------+
; Multiplexer Inputs ; Bus Width ; Baseline Area ; Area if Restructured ; Saving if Restructured ; Registered ; Example Multiplexer Output                                          ;
+--------------------+-----------+---------------+----------------------+------------------------+------------+---------------------------------------------------------------------+
; 3:1                ; 18 bits   ; 36 LEs        ; 18 LEs               ; 18 LEs                 ; Yes        ; |proyecto_final|subsistema2esquematico:inst|coloress2:inst1|D1[0]   ;
; 4:1                ; 2 bits    ; 4 LEs         ; 2 LEs                ; 2 LEs                  ; Yes        ; |proyecto_final|Memoria_tablero:inst6|s_estado_tablero[0]           ;
; 4:1                ; 2 bits    ; 4 LEs         ; 2 LEs                ; 2 LEs                  ; Yes        ; |proyecto_final|Memoria_tablero:inst6|s_estado_tablero[3]           ;
; 4:1                ; 2 bits    ; 4 LEs         ; 2 LEs                ; 2 LEs                  ; Yes        ; |proyecto_final|Memoria_tablero:inst6|s_estado_tablero[4]           ;
; 4:1                ; 2 bits    ; 4 LEs         ; 2 LEs                ; 2 LEs                  ; Yes        ; |proyecto_final|Memoria_tablero:inst6|s_estado_tablero[6]           ;
; 4:1                ; 2 bits    ; 4 LEs         ; 2 LEs                ; 2 LEs                  ; Yes        ; |proyecto_final|Memoria_tablero:inst6|s_estado_tablero[9]           ;
; 4:1                ; 2 bits    ; 4 LEs         ; 2 LEs                ; 2 LEs                  ; Yes        ; |proyecto_final|Memoria_tablero:inst6|s_estado_tablero[11]          ;
; 4:1                ; 2 bits    ; 4 LEs         ; 2 LEs                ; 2 LEs                  ; Yes        ; |proyecto_final|Memoria_tablero:inst6|s_estado_tablero[12]          ;
; 4:1                ; 2 bits    ; 4 LEs         ; 2 LEs                ; 2 LEs                  ; Yes        ; |proyecto_final|Memoria_tablero:inst6|s_estado_tablero[14]          ;
; 4:1                ; 2 bits    ; 4 LEs         ; 2 LEs                ; 2 LEs                  ; Yes        ; |proyecto_final|Memoria_tablero:inst6|s_estado_tablero[16]          ;
; 32:1               ; 4 bits    ; 84 LEs        ; 24 LEs               ; 60 LEs                 ; Yes        ; |proyecto_final|driver:inst12|tablero_s[0]                          ;
; 32:1               ; 2 bits    ; 42 LEs        ; 2 LEs                ; 40 LEs                 ; Yes        ; |proyecto_final|driver:inst12|reset_s                               ;
; 7:1                ; 18 bits   ; 72 LEs        ; 36 LEs               ; 36 LEs                 ; Yes        ; |proyecto_final|subsistema2esquematico:inst|coloress2:inst1|D6[6]   ;
; 7:1                ; 18 bits   ; 72 LEs        ; 36 LEs               ; 36 LEs                 ; Yes        ; |proyecto_final|subsistema2esquematico:inst|coloress2:inst1|D7[12]  ;
; 7:1                ; 18 bits   ; 72 LEs        ; 36 LEs               ; 36 LEs                 ; Yes        ; |proyecto_final|subsistema2esquematico:inst|coloress2:inst1|D8[19]  ;
; 7:1                ; 18 bits   ; 72 LEs        ; 36 LEs               ; 36 LEs                 ; Yes        ; |proyecto_final|subsistema2esquematico:inst|coloress2:inst1|D10[19] ;
; 7:1                ; 18 bits   ; 72 LEs        ; 36 LEs               ; 36 LEs                 ; Yes        ; |proyecto_final|subsistema2esquematico:inst|coloress2:inst1|D11[15] ;
; 7:1                ; 18 bits   ; 72 LEs        ; 36 LEs               ; 36 LEs                 ; Yes        ; |proyecto_final|subsistema2esquematico:inst|coloress2:inst1|D12[8]  ;
; 7:1                ; 18 bits   ; 72 LEs        ; 36 LEs               ; 36 LEs                 ; Yes        ; |proyecto_final|subsistema2esquematico:inst|coloress2:inst1|D14[21] ;
; 7:1                ; 18 bits   ; 72 LEs        ; 36 LEs               ; 36 LEs                 ; Yes        ; |proyecto_final|subsistema2esquematico:inst|coloress2:inst1|D15[11] ;
; 7:1                ; 18 bits   ; 72 LEs        ; 36 LEs               ; 36 LEs                 ; Yes        ; |proyecto_final|subsistema2esquematico:inst|coloress2:inst1|D16[14] ;
; 8:1                ; 2 bits    ; 10 LEs        ; 8 LEs                ; 2 LEs                  ; Yes        ; |proyecto_final|subsistema2esquematico:inst|coloress2:inst1|D2[16]  ;
; 7:1                ; 8 bits    ; 32 LEs        ; 24 LEs               ; 8 LEs                  ; Yes        ; |proyecto_final|subsistema2esquematico:inst|coloress2:inst1|D2[10]  ;
; 8:1                ; 2 bits    ; 10 LEs        ; 8 LEs                ; 2 LEs                  ; Yes        ; |proyecto_final|subsistema2esquematico:inst|coloress2:inst1|D3[19]  ;
; 7:1                ; 8 bits    ; 32 LEs        ; 24 LEs               ; 8 LEs                  ; Yes        ; |proyecto_final|subsistema2esquematico:inst|coloress2:inst1|D3[11]  ;
; 7:1                ; 5 bits    ; 20 LEs        ; 15 LEs               ; 5 LEs                  ; Yes        ; |proyecto_final|subsistema2esquematico:inst|coloress2:inst1|D5[19]  ;
; 7:1                ; 9 bits    ; 36 LEs        ; 9 LEs                ; 27 LEs                 ; Yes        ; |proyecto_final|subsistema2esquematico:inst|coloress2:inst1|D5[22]  ;
; 7:1                ; 5 bits    ; 20 LEs        ; 15 LEs               ; 5 LEs                  ; Yes        ; |proyecto_final|subsistema2esquematico:inst|coloress2:inst1|D9[0]   ;
; 7:1                ; 9 bits    ; 36 LEs        ; 9 LEs                ; 27 LEs                 ; Yes        ; |proyecto_final|subsistema2esquematico:inst|coloress2:inst1|D9[22]  ;
; 8:1                ; 2 bits    ; 10 LEs        ; 8 LEs                ; 2 LEs                  ; Yes        ; |proyecto_final|subsistema2esquematico:inst|coloress2:inst1|D4[16]  ;
; 7:1                ; 8 bits    ; 32 LEs        ; 24 LEs               ; 8 LEs                  ; Yes        ; |proyecto_final|subsistema2esquematico:inst|coloress2:inst1|D4[10]  ;
; 7:1                ; 5 bits    ; 20 LEs        ; 15 LEs               ; 5 LEs                  ; Yes        ; |proyecto_final|subsistema2esquematico:inst|coloress2:inst1|D13[16] ;
; 8:1                ; 2 bits    ; 10 LEs        ; 6 LEs                ; 4 LEs                  ; Yes        ; |proyecto_final|subsistema2esquematico:inst|coloress2:inst1|D13[4]  ;
; 7:1                ; 9 bits    ; 36 LEs        ; 9 LEs                ; 27 LEs                 ; Yes        ; |proyecto_final|subsistema2esquematico:inst|coloress2:inst1|D13[17] ;
; 4:1                ; 2 bits    ; 4 LEs         ; 2 LEs                ; 2 LEs                  ; No         ; |proyecto_final|subsistema2esquematico:inst|coloress2:inst1|puntos1 ;
; 4:1                ; 2 bits    ; 4 LEs         ; 2 LEs                ; 2 LEs                  ; No         ; |proyecto_final|Validar_movimiento:inst8|Mux0                       ;
; 4:1                ; 2 bits    ; 4 LEs         ; 2 LEs                ; 2 LEs                  ; No         ; |proyecto_final|subsistema2esquematico:inst|coloress2:inst1|puntos2 ;
; 5:1                ; 2 bits    ; 6 LEs         ; 4 LEs                ; 2 LEs                  ; No         ; |proyecto_final|subsistema2esquematico:inst|coloress2:inst1|D3      ;
; 5:1                ; 2 bits    ; 6 LEs         ; 4 LEs                ; 2 LEs                  ; No         ; |proyecto_final|subsistema2esquematico:inst|coloress2:inst1|D9      ;
+--------------------+-----------+---------------+----------------------+------------------------+------------+---------------------------------------------------------------------+


+---------------------------------------------------------------------------------------------------------------------------+
; Parameter Settings for User Entity Instance: subsistema2esquematico:inst|Block1:inst|altpll0:inst|altpll:altpll_component ;
+-------------------------------+---------------------------+---------------------------------------------------------------+
; Parameter Name                ; Value                     ; Type                                                          ;
+-------------------------------+---------------------------+---------------------------------------------------------------+
; OPERATION_MODE                ; NORMAL                    ; Untyped                                                       ;
; PLL_TYPE                      ; AUTO                      ; Untyped                                                       ;
; LPM_HINT                      ; CBX_MODULE_PREFIX=altpll0 ; Untyped                                                       ;
; QUALIFY_CONF_DONE             ; OFF                       ; Untyped                                                       ;
; COMPENSATE_CLOCK              ; CLK0                      ; Untyped                                                       ;
; SCAN_CHAIN                    ; LONG                      ; Untyped                                                       ;
; PRIMARY_CLOCK                 ; INCLK0                    ; Untyped                                                       ;
; INCLK0_INPUT_FREQUENCY        ; 20000                     ; Signed Integer                                                ;
; INCLK1_INPUT_FREQUENCY        ; 0                         ; Untyped                                                       ;
; GATE_LOCK_SIGNAL              ; NO                        ; Untyped                                                       ;
; GATE_LOCK_COUNTER             ; 0                         ; Untyped                                                       ;
; LOCK_HIGH                     ; 1                         ; Untyped                                                       ;
; LOCK_LOW                      ; 1                         ; Untyped                                                       ;
; VALID_LOCK_MULTIPLIER         ; 1                         ; Untyped                                                       ;
; INVALID_LOCK_MULTIPLIER       ; 5                         ; Untyped                                                       ;
; SWITCH_OVER_ON_LOSSCLK        ; OFF                       ; Untyped                                                       ;
; SWITCH_OVER_ON_GATED_LOCK     ; OFF                       ; Untyped                                                       ;
; ENABLE_SWITCH_OVER_COUNTER    ; OFF                       ; Untyped                                                       ;
; SKIP_VCO                      ; OFF                       ; Untyped                                                       ;
; SWITCH_OVER_COUNTER           ; 0                         ; Untyped                                                       ;
; SWITCH_OVER_TYPE              ; AUTO                      ; Untyped                                                       ;
; FEEDBACK_SOURCE               ; EXTCLK0                   ; Untyped                                                       ;
; BANDWIDTH                     ; 0                         ; Untyped                                                       ;
; BANDWIDTH_TYPE                ; AUTO                      ; Untyped                                                       ;
; SPREAD_FREQUENCY              ; 0                         ; Untyped                                                       ;
; DOWN_SPREAD                   ; 0                         ; Untyped                                                       ;
; SELF_RESET_ON_GATED_LOSS_LOCK ; OFF                       ; Untyped                                                       ;
; SELF_RESET_ON_LOSS_LOCK       ; OFF                       ; Untyped                                                       ;
; CLK9_MULTIPLY_BY              ; 0                         ; Untyped                                                       ;
; CLK8_MULTIPLY_BY              ; 0                         ; Untyped                                                       ;
; CLK7_MULTIPLY_BY              ; 0                         ; Untyped                                                       ;
; CLK6_MULTIPLY_BY              ; 0                         ; Untyped                                                       ;
; CLK5_MULTIPLY_BY              ; 1                         ; Untyped                                                       ;
; CLK4_MULTIPLY_BY              ; 1                         ; Untyped                                                       ;
; CLK3_MULTIPLY_BY              ; 1                         ; Signed Integer                                                ;
; CLK2_MULTIPLY_BY              ; 1                         ; Signed Integer                                                ;
; CLK1_MULTIPLY_BY              ; 2                         ; Signed Integer                                                ;
; CLK0_MULTIPLY_BY              ; 2                         ; Signed Integer                                                ;
; CLK9_DIVIDE_BY                ; 0                         ; Untyped                                                       ;
; CLK8_DIVIDE_BY                ; 0                         ; Untyped                                                       ;
; CLK7_DIVIDE_BY                ; 0                         ; Untyped                                                       ;
; CLK6_DIVIDE_BY                ; 0                         ; Untyped                                                       ;
; CLK5_DIVIDE_BY                ; 1                         ; Untyped                                                       ;
; CLK4_DIVIDE_BY                ; 1                         ; Untyped                                                       ;
; CLK3_DIVIDE_BY                ; 25                        ; Signed Integer                                                ;
; CLK2_DIVIDE_BY                ; 25000                     ; Signed Integer                                                ;
; CLK1_DIVIDE_BY                ; 125                       ; Signed Integer                                                ;
; CLK0_DIVIDE_BY                ; 125                       ; Signed Integer                                                ;
; CLK9_PHASE_SHIFT              ; 0                         ; Untyped                                                       ;
; CLK8_PHASE_SHIFT              ; 0                         ; Untyped                                                       ;
; CLK7_PHASE_SHIFT              ; 0                         ; Untyped                                                       ;
; CLK6_PHASE_SHIFT              ; 0                         ; Untyped                                                       ;
; CLK5_PHASE_SHIFT              ; 0                         ; Untyped                                                       ;
; CLK4_PHASE_SHIFT              ; 0                         ; Untyped                                                       ;
; CLK3_PHASE_SHIFT              ; 0                         ; Untyped                                                       ;
; CLK2_PHASE_SHIFT              ; 0                         ; Untyped                                                       ;
; CLK1_PHASE_SHIFT              ; 0                         ; Untyped                                                       ;
; CLK0_PHASE_SHIFT              ; 0                         ; Untyped                                                       ;
; CLK5_TIME_DELAY               ; 0                         ; Untyped                                                       ;
; CLK4_TIME_DELAY               ; 0                         ; Untyped                                                       ;
; CLK3_TIME_DELAY               ; 0                         ; Untyped                                                       ;
; CLK2_TIME_DELAY               ; 0                         ; Untyped                                                       ;
; CLK1_TIME_DELAY               ; 0                         ; Untyped                                                       ;
; CLK0_TIME_DELAY               ; 0                         ; Untyped                                                       ;
; CLK9_DUTY_CYCLE               ; 50                        ; Untyped                                                       ;
; CLK8_DUTY_CYCLE               ; 50                        ; Untyped                                                       ;
; CLK7_DUTY_CYCLE               ; 50                        ; Untyped                                                       ;
; CLK6_DUTY_CYCLE               ; 50                        ; Untyped                                                       ;
; CLK5_DUTY_CYCLE               ; 50                        ; Untyped                                                       ;
; CLK4_DUTY_CYCLE               ; 50                        ; Untyped                                                       ;
; CLK3_DUTY_CYCLE               ; 50                        ; Signed Integer                                                ;
; CLK2_DUTY_CYCLE               ; 50                        ; Signed Integer                                                ;
; CLK1_DUTY_CYCLE               ; 64                        ; Signed Integer                                                ;
; CLK0_DUTY_CYCLE               ; 32                        ; Signed Integer                                                ;
; CLK9_USE_EVEN_COUNTER_MODE    ; OFF                       ; Untyped                                                       ;
; CLK8_USE_EVEN_COUNTER_MODE    ; OFF                       ; Untyped                                                       ;
; CLK7_USE_EVEN_COUNTER_MODE    ; OFF                       ; Untyped                                                       ;
; CLK6_USE_EVEN_COUNTER_MODE    ; OFF                       ; Untyped                                                       ;
; CLK5_USE_EVEN_COUNTER_MODE    ; OFF                       ; Untyped                                                       ;
; CLK4_USE_EVEN_COUNTER_MODE    ; OFF                       ; Untyped                                                       ;
; CLK3_USE_EVEN_COUNTER_MODE    ; OFF                       ; Untyped                                                       ;
; CLK2_USE_EVEN_COUNTER_MODE    ; OFF                       ; Untyped                                                       ;
; CLK1_USE_EVEN_COUNTER_MODE    ; OFF                       ; Untyped                                                       ;
; CLK0_USE_EVEN_COUNTER_MODE    ; OFF                       ; Untyped                                                       ;
; CLK9_USE_EVEN_COUNTER_VALUE   ; OFF                       ; Untyped                                                       ;
; CLK8_USE_EVEN_COUNTER_VALUE   ; OFF                       ; Untyped                                                       ;
; CLK7_USE_EVEN_COUNTER_VALUE   ; OFF                       ; Untyped                                                       ;
; CLK6_USE_EVEN_COUNTER_VALUE   ; OFF                       ; Untyped                                                       ;
; CLK5_USE_EVEN_COUNTER_VALUE   ; OFF                       ; Untyped                                                       ;
; CLK4_USE_EVEN_COUNTER_VALUE   ; OFF                       ; Untyped                                                       ;
; CLK3_USE_EVEN_COUNTER_VALUE   ; OFF                       ; Untyped                                                       ;
; CLK2_USE_EVEN_COUNTER_VALUE   ; OFF                       ; Untyped                                                       ;
; CLK1_USE_EVEN_COUNTER_VALUE   ; OFF                       ; Untyped                                                       ;
; CLK0_USE_EVEN_COUNTER_VALUE   ; OFF                       ; Untyped                                                       ;
; LOCK_WINDOW_UI                ;  0.05                     ; Untyped                                                       ;
; LOCK_WINDOW_UI_BITS           ; UNUSED                    ; Untyped                                                       ;
; VCO_RANGE_DETECTOR_LOW_BITS   ; UNUSED                    ; Untyped                                                       ;
; VCO_RANGE_DETECTOR_HIGH_BITS  ; UNUSED                    ; Untyped                                                       ;
; DPA_MULTIPLY_BY               ; 0                         ; Untyped                                                       ;
; DPA_DIVIDE_BY                 ; 1                         ; Untyped                                                       ;
; DPA_DIVIDER                   ; 0                         ; Untyped                                                       ;
; EXTCLK3_MULTIPLY_BY           ; 1                         ; Untyped                                                       ;
; EXTCLK2_MULTIPLY_BY           ; 1                         ; Untyped                                                       ;
; EXTCLK1_MULTIPLY_BY           ; 1                         ; Untyped                                                       ;
; EXTCLK0_MULTIPLY_BY           ; 1                         ; Untyped                                                       ;
; EXTCLK3_DIVIDE_BY             ; 1                         ; Untyped                                                       ;
; EXTCLK2_DIVIDE_BY             ; 1                         ; Untyped                                                       ;
; EXTCLK1_DIVIDE_BY             ; 1                         ; Untyped                                                       ;
; EXTCLK0_DIVIDE_BY             ; 1                         ; Untyped                                                       ;
; EXTCLK3_PHASE_SHIFT           ; 0                         ; Untyped                                                       ;
; EXTCLK2_PHASE_SHIFT           ; 0                         ; Untyped                                                       ;
; EXTCLK1_PHASE_SHIFT           ; 0                         ; Untyped                                                       ;
; EXTCLK0_PHASE_SHIFT           ; 0                         ; Untyped                                                       ;
; EXTCLK3_TIME_DELAY            ; 0                         ; Untyped                                                       ;
; EXTCLK2_TIME_DELAY            ; 0                         ; Untyped                                                       ;
; EXTCLK1_TIME_DELAY            ; 0                         ; Untyped                                                       ;
; EXTCLK0_TIME_DELAY            ; 0                         ; Untyped                                                       ;
; EXTCLK3_DUTY_CYCLE            ; 50                        ; Untyped                                                       ;
; EXTCLK2_DUTY_CYCLE            ; 50                        ; Untyped                                                       ;
; EXTCLK1_DUTY_CYCLE            ; 50                        ; Untyped                                                       ;
; EXTCLK0_DUTY_CYCLE            ; 50                        ; Untyped                                                       ;
; VCO_MULTIPLY_BY               ; 0                         ; Untyped                                                       ;
; VCO_DIVIDE_BY                 ; 0                         ; Untyped                                                       ;
; SCLKOUT0_PHASE_SHIFT          ; 0                         ; Untyped                                                       ;
; SCLKOUT1_PHASE_SHIFT          ; 0                         ; Untyped                                                       ;
; VCO_MIN                       ; 0                         ; Untyped                                                       ;
; VCO_MAX                       ; 0                         ; Untyped                                                       ;
; VCO_CENTER                    ; 0                         ; Untyped                                                       ;
; PFD_MIN                       ; 0                         ; Untyped                                                       ;
; PFD_MAX                       ; 0                         ; Untyped                                                       ;
; M_INITIAL                     ; 0                         ; Untyped                                                       ;
; M                             ; 0                         ; Untyped                                                       ;
; N                             ; 1                         ; Untyped                                                       ;
; M2                            ; 1                         ; Untyped                                                       ;
; N2                            ; 1                         ; Untyped                                                       ;
; SS                            ; 1                         ; Untyped                                                       ;
; C0_HIGH                       ; 0                         ; Untyped                                                       ;
; C1_HIGH                       ; 0                         ; Untyped                                                       ;
; C2_HIGH                       ; 0                         ; Untyped                                                       ;
; C3_HIGH                       ; 0                         ; Untyped                                                       ;
; C4_HIGH                       ; 0                         ; Untyped                                                       ;
; C5_HIGH                       ; 0                         ; Untyped                                                       ;
; C6_HIGH                       ; 0                         ; Untyped                                                       ;
; C7_HIGH                       ; 0                         ; Untyped                                                       ;
; C8_HIGH                       ; 0                         ; Untyped                                                       ;
; C9_HIGH                       ; 0                         ; Untyped                                                       ;
; C0_LOW                        ; 0                         ; Untyped                                                       ;
; C1_LOW                        ; 0                         ; Untyped                                                       ;
; C2_LOW                        ; 0                         ; Untyped                                                       ;
; C3_LOW                        ; 0                         ; Untyped                                                       ;
; C4_LOW                        ; 0                         ; Untyped                                                       ;
; C5_LOW                        ; 0                         ; Untyped                                                       ;
; C6_LOW                        ; 0                         ; Untyped                                                       ;
; C7_LOW                        ; 0                         ; Untyped                                                       ;
; C8_LOW                        ; 0                         ; Untyped                                                       ;
; C9_LOW                        ; 0                         ; Untyped                                                       ;
; C0_INITIAL                    ; 0                         ; Untyped                                                       ;
; C1_INITIAL                    ; 0                         ; Untyped                                                       ;
; C2_INITIAL                    ; 0                         ; Untyped                                                       ;
; C3_INITIAL                    ; 0                         ; Untyped                                                       ;
; C4_INITIAL                    ; 0                         ; Untyped                                                       ;
; C5_INITIAL                    ; 0                         ; Untyped                                                       ;
; C6_INITIAL                    ; 0                         ; Untyped                                                       ;
; C7_INITIAL                    ; 0                         ; Untyped                                                       ;
; C8_INITIAL                    ; 0                         ; Untyped                                                       ;
; C9_INITIAL                    ; 0                         ; Untyped                                                       ;
; C0_MODE                       ; BYPASS                    ; Untyped                                                       ;
; C1_MODE                       ; BYPASS                    ; Untyped                                                       ;
; C2_MODE                       ; BYPASS                    ; Untyped                                                       ;
; C3_MODE                       ; BYPASS                    ; Untyped                                                       ;
; C4_MODE                       ; BYPASS                    ; Untyped                                                       ;
; C5_MODE                       ; BYPASS                    ; Untyped                                                       ;
; C6_MODE                       ; BYPASS                    ; Untyped                                                       ;
; C7_MODE                       ; BYPASS                    ; Untyped                                                       ;
; C8_MODE                       ; BYPASS                    ; Untyped                                                       ;
; C9_MODE                       ; BYPASS                    ; Untyped                                                       ;
; C0_PH                         ; 0                         ; Untyped                                                       ;
; C1_PH                         ; 0                         ; Untyped                                                       ;
; C2_PH                         ; 0                         ; Untyped                                                       ;
; C3_PH                         ; 0                         ; Untyped                                                       ;
; C4_PH                         ; 0                         ; Untyped                                                       ;
; C5_PH                         ; 0                         ; Untyped                                                       ;
; C6_PH                         ; 0                         ; Untyped                                                       ;
; C7_PH                         ; 0                         ; Untyped                                                       ;
; C8_PH                         ; 0                         ; Untyped                                                       ;
; C9_PH                         ; 0                         ; Untyped                                                       ;
; L0_HIGH                       ; 1                         ; Untyped                                                       ;
; L1_HIGH                       ; 1                         ; Untyped                                                       ;
; G0_HIGH                       ; 1                         ; Untyped                                                       ;
; G1_HIGH                       ; 1                         ; Untyped                                                       ;
; G2_HIGH                       ; 1                         ; Untyped                                                       ;
; G3_HIGH                       ; 1                         ; Untyped                                                       ;
; E0_HIGH                       ; 1                         ; Untyped                                                       ;
; E1_HIGH                       ; 1                         ; Untyped                                                       ;
; E2_HIGH                       ; 1                         ; Untyped                                                       ;
; E3_HIGH                       ; 1                         ; Untyped                                                       ;
; L0_LOW                        ; 1                         ; Untyped                                                       ;
; L1_LOW                        ; 1                         ; Untyped                                                       ;
; G0_LOW                        ; 1                         ; Untyped                                                       ;
; G1_LOW                        ; 1                         ; Untyped                                                       ;
; G2_LOW                        ; 1                         ; Untyped                                                       ;
; G3_LOW                        ; 1                         ; Untyped                                                       ;
; E0_LOW                        ; 1                         ; Untyped                                                       ;
; E1_LOW                        ; 1                         ; Untyped                                                       ;
; E2_LOW                        ; 1                         ; Untyped                                                       ;
; E3_LOW                        ; 1                         ; Untyped                                                       ;
; L0_INITIAL                    ; 1                         ; Untyped                                                       ;
; L1_INITIAL                    ; 1                         ; Untyped                                                       ;
; G0_INITIAL                    ; 1                         ; Untyped                                                       ;
; G1_INITIAL                    ; 1                         ; Untyped                                                       ;
; G2_INITIAL                    ; 1                         ; Untyped                                                       ;
; G3_INITIAL                    ; 1                         ; Untyped                                                       ;
; E0_INITIAL                    ; 1                         ; Untyped                                                       ;
; E1_INITIAL                    ; 1                         ; Untyped                                                       ;
; E2_INITIAL                    ; 1                         ; Untyped                                                       ;
; E3_INITIAL                    ; 1                         ; Untyped                                                       ;
; L0_MODE                       ; BYPASS                    ; Untyped                                                       ;
; L1_MODE                       ; BYPASS                    ; Untyped                                                       ;
; G0_MODE                       ; BYPASS                    ; Untyped                                                       ;
; G1_MODE                       ; BYPASS                    ; Untyped                                                       ;
; G2_MODE                       ; BYPASS                    ; Untyped                                                       ;
; G3_MODE                       ; BYPASS                    ; Untyped                                                       ;
; E0_MODE                       ; BYPASS                    ; Untyped                                                       ;
; E1_MODE                       ; BYPASS                    ; Untyped                                                       ;
; E2_MODE                       ; BYPASS                    ; Untyped                                                       ;
; E3_MODE                       ; BYPASS                    ; Untyped                                                       ;
; L0_PH                         ; 0                         ; Untyped                                                       ;
; L1_PH                         ; 0                         ; Untyped                                                       ;
; G0_PH                         ; 0                         ; Untyped                                                       ;
; G1_PH                         ; 0                         ; Untyped                                                       ;
; G2_PH                         ; 0                         ; Untyped                                                       ;
; G3_PH                         ; 0                         ; Untyped                                                       ;
; E0_PH                         ; 0                         ; Untyped                                                       ;
; E1_PH                         ; 0                         ; Untyped                                                       ;
; E2_PH                         ; 0                         ; Untyped                                                       ;
; E3_PH                         ; 0                         ; Untyped                                                       ;
; M_PH                          ; 0                         ; Untyped                                                       ;
; C1_USE_CASC_IN                ; OFF                       ; Untyped                                                       ;
; C2_USE_CASC_IN                ; OFF                       ; Untyped                                                       ;
; C3_USE_CASC_IN                ; OFF                       ; Untyped                                                       ;
; C4_USE_CASC_IN                ; OFF                       ; Untyped                                                       ;
; C5_USE_CASC_IN                ; OFF                       ; Untyped                                                       ;
; C6_USE_CASC_IN                ; OFF                       ; Untyped                                                       ;
; C7_USE_CASC_IN                ; OFF                       ; Untyped                                                       ;
; C8_USE_CASC_IN                ; OFF                       ; Untyped                                                       ;
; C9_USE_CASC_IN                ; OFF                       ; Untyped                                                       ;
; CLK0_COUNTER                  ; G0                        ; Untyped                                                       ;
; CLK1_COUNTER                  ; G0                        ; Untyped                                                       ;
; CLK2_COUNTER                  ; G0                        ; Untyped                                                       ;
; CLK3_COUNTER                  ; G0                        ; Untyped                                                       ;
; CLK4_COUNTER                  ; G0                        ; Untyped                                                       ;
; CLK5_COUNTER                  ; G0                        ; Untyped                                                       ;
; CLK6_COUNTER                  ; E0                        ; Untyped                                                       ;
; CLK7_COUNTER                  ; E1                        ; Untyped                                                       ;
; CLK8_COUNTER                  ; E2                        ; Untyped                                                       ;
; CLK9_COUNTER                  ; E3                        ; Untyped                                                       ;
; L0_TIME_DELAY                 ; 0                         ; Untyped                                                       ;
; L1_TIME_DELAY                 ; 0                         ; Untyped                                                       ;
; G0_TIME_DELAY                 ; 0                         ; Untyped                                                       ;
; G1_TIME_DELAY                 ; 0                         ; Untyped                                                       ;
; G2_TIME_DELAY                 ; 0                         ; Untyped                                                       ;
; G3_TIME_DELAY                 ; 0                         ; Untyped                                                       ;
; E0_TIME_DELAY                 ; 0                         ; Untyped                                                       ;
; E1_TIME_DELAY                 ; 0                         ; Untyped                                                       ;
; E2_TIME_DELAY                 ; 0                         ; Untyped                                                       ;
; E3_TIME_DELAY                 ; 0                         ; Untyped                                                       ;
; M_TIME_DELAY                  ; 0                         ; Untyped                                                       ;
; N_TIME_DELAY                  ; 0                         ; Untyped                                                       ;
; EXTCLK3_COUNTER               ; E3                        ; Untyped                                                       ;
; EXTCLK2_COUNTER               ; E2                        ; Untyped                                                       ;
; EXTCLK1_COUNTER               ; E1                        ; Untyped                                                       ;
; EXTCLK0_COUNTER               ; E0                        ; Untyped                                                       ;
; ENABLE0_COUNTER               ; L0                        ; Untyped                                                       ;
; ENABLE1_COUNTER               ; L0                        ; Untyped                                                       ;
; CHARGE_PUMP_CURRENT           ; 2                         ; Untyped                                                       ;
; LOOP_FILTER_R                 ;  1.000000                 ; Untyped                                                       ;
; LOOP_FILTER_C                 ; 5                         ; Untyped                                                       ;
; CHARGE_PUMP_CURRENT_BITS      ; 9999                      ; Untyped                                                       ;
; LOOP_FILTER_R_BITS            ; 9999                      ; Untyped                                                       ;
; LOOP_FILTER_C_BITS            ; 9999                      ; Untyped                                                       ;
; VCO_POST_SCALE                ; 0                         ; Untyped                                                       ;
; CLK2_OUTPUT_FREQUENCY         ; 0                         ; Untyped                                                       ;
; CLK1_OUTPUT_FREQUENCY         ; 0                         ; Untyped                                                       ;
; CLK0_OUTPUT_FREQUENCY         ; 0                         ; Untyped                                                       ;
; INTENDED_DEVICE_FAMILY        ; Cyclone IV E              ; Untyped                                                       ;
; PORT_CLKENA0                  ; PORT_UNUSED               ; Untyped                                                       ;
; PORT_CLKENA1                  ; PORT_UNUSED               ; Untyped                                                       ;
; PORT_CLKENA2                  ; PORT_UNUSED               ; Untyped                                                       ;
; PORT_CLKENA3                  ; PORT_UNUSED               ; Untyped                                                       ;
; PORT_CLKENA4                  ; PORT_UNUSED               ; Untyped                                                       ;
; PORT_CLKENA5                  ; PORT_UNUSED               ; Untyped                                                       ;
; PORT_EXTCLKENA0               ; PORT_CONNECTIVITY         ; Untyped                                                       ;
; PORT_EXTCLKENA1               ; PORT_CONNECTIVITY         ; Untyped                                                       ;
; PORT_EXTCLKENA2               ; PORT_CONNECTIVITY         ; Untyped                                                       ;
; PORT_EXTCLKENA3               ; PORT_CONNECTIVITY         ; Untyped                                                       ;
; PORT_EXTCLK0                  ; PORT_UNUSED               ; Untyped                                                       ;
; PORT_EXTCLK1                  ; PORT_UNUSED               ; Untyped                                                       ;
; PORT_EXTCLK2                  ; PORT_UNUSED               ; Untyped                                                       ;
; PORT_EXTCLK3                  ; PORT_UNUSED               ; Untyped                                                       ;
; PORT_CLKBAD0                  ; PORT_UNUSED               ; Untyped                                                       ;
; PORT_CLKBAD1                  ; PORT_UNUSED               ; Untyped                                                       ;
; PORT_CLK0                     ; PORT_USED                 ; Untyped                                                       ;
; PORT_CLK1                     ; PORT_USED                 ; Untyped                                                       ;
; PORT_CLK2                     ; PORT_USED                 ; Untyped                                                       ;
; PORT_CLK3                     ; PORT_USED                 ; Untyped                                                       ;
; PORT_CLK4                     ; PORT_UNUSED               ; Untyped                                                       ;
; PORT_CLK5                     ; PORT_UNUSED               ; Untyped                                                       ;
; PORT_CLK6                     ; PORT_UNUSED               ; Untyped                                                       ;
; PORT_CLK7                     ; PORT_UNUSED               ; Untyped                                                       ;
; PORT_CLK8                     ; PORT_UNUSED               ; Untyped                                                       ;
; PORT_CLK9                     ; PORT_UNUSED               ; Untyped                                                       ;
; PORT_SCANDATA                 ; PORT_UNUSED               ; Untyped                                                       ;
; PORT_SCANDATAOUT              ; PORT_UNUSED               ; Untyped                                                       ;
; PORT_SCANDONE                 ; PORT_UNUSED               ; Untyped                                                       ;
; PORT_SCLKOUT1                 ; PORT_CONNECTIVITY         ; Untyped                                                       ;
; PORT_SCLKOUT0                 ; PORT_CONNECTIVITY         ; Untyped                                                       ;
; PORT_ACTIVECLOCK              ; PORT_UNUSED               ; Untyped                                                       ;
; PORT_CLKLOSS                  ; PORT_UNUSED               ; Untyped                                                       ;
; PORT_INCLK1                   ; PORT_UNUSED               ; Untyped                                                       ;
; PORT_INCLK0                   ; PORT_USED                 ; Untyped                                                       ;
; PORT_FBIN                     ; PORT_UNUSED               ; Untyped                                                       ;
; PORT_PLLENA                   ; PORT_UNUSED               ; Untyped                                                       ;
; PORT_CLKSWITCH                ; PORT_UNUSED               ; Untyped                                                       ;
; PORT_ARESET                   ; PORT_USED                 ; Untyped                                                       ;
; PORT_PFDENA                   ; PORT_UNUSED               ; Untyped                                                       ;
; PORT_SCANCLK                  ; PORT_UNUSED               ; Untyped                                                       ;
; PORT_SCANACLR                 ; PORT_UNUSED               ; Untyped                                                       ;
; PORT_SCANREAD                 ; PORT_UNUSED               ; Untyped                                                       ;
; PORT_SCANWRITE                ; PORT_UNUSED               ; Untyped                                                       ;
; PORT_ENABLE0                  ; PORT_CONNECTIVITY         ; Untyped                                                       ;
; PORT_ENABLE1                  ; PORT_CONNECTIVITY         ; Untyped                                                       ;
; PORT_LOCKED                   ; PORT_USED                 ; Untyped                                                       ;
; PORT_CONFIGUPDATE             ; PORT_UNUSED               ; Untyped                                                       ;
; PORT_FBOUT                    ; PORT_CONNECTIVITY         ; Untyped                                                       ;
; PORT_PHASEDONE                ; PORT_UNUSED               ; Untyped                                                       ;
; PORT_PHASESTEP                ; PORT_UNUSED               ; Untyped                                                       ;
; PORT_PHASEUPDOWN              ; PORT_UNUSED               ; Untyped                                                       ;
; PORT_SCANCLKENA               ; PORT_UNUSED               ; Untyped                                                       ;
; PORT_PHASECOUNTERSELECT       ; PORT_UNUSED               ; Untyped                                                       ;
; PORT_VCOOVERRANGE             ; PORT_CONNECTIVITY         ; Untyped                                                       ;
; PORT_VCOUNDERRANGE            ; PORT_CONNECTIVITY         ; Untyped                                                       ;
; M_TEST_SOURCE                 ; 5                         ; Untyped                                                       ;
; C0_TEST_SOURCE                ; 5                         ; Untyped                                                       ;
; C1_TEST_SOURCE                ; 5                         ; Untyped                                                       ;
; C2_TEST_SOURCE                ; 5                         ; Untyped                                                       ;
; C3_TEST_SOURCE                ; 5                         ; Untyped                                                       ;
; C4_TEST_SOURCE                ; 5                         ; Untyped                                                       ;
; C5_TEST_SOURCE                ; 5                         ; Untyped                                                       ;
; C6_TEST_SOURCE                ; 5                         ; Untyped                                                       ;
; C7_TEST_SOURCE                ; 5                         ; Untyped                                                       ;
; C8_TEST_SOURCE                ; 5                         ; Untyped                                                       ;
; C9_TEST_SOURCE                ; 5                         ; Untyped                                                       ;
; CBXI_PARAMETER                ; altpll0_altpll            ; Untyped                                                       ;
; VCO_FREQUENCY_CONTROL         ; AUTO                      ; Untyped                                                       ;
; VCO_PHASE_SHIFT_STEP          ; 0                         ; Untyped                                                       ;
; WIDTH_CLOCK                   ; 5                         ; Signed Integer                                                ;
; WIDTH_PHASECOUNTERSELECT      ; 4                         ; Untyped                                                       ;
; USING_FBMIMICBIDIR_PORT       ; OFF                       ; Untyped                                                       ;
; DEVICE_FAMILY                 ; Cyclone IV E              ; Untyped                                                       ;
; SCAN_CHAIN_MIF_FILE           ; UNUSED                    ; Untyped                                                       ;
; SIM_GATE_LOCK_DEVICE_BEHAVIOR ; OFF                       ; Untyped                                                       ;
; AUTO_CARRY_CHAINS             ; ON                        ; AUTO_CARRY                                                    ;
; IGNORE_CARRY_BUFFERS          ; OFF                       ; IGNORE_CARRY                                                  ;
; AUTO_CASCADE_CHAINS           ; ON                        ; AUTO_CASCADE                                                  ;
; IGNORE_CASCADE_BUFFERS        ; OFF                       ; IGNORE_CASCADE                                                ;
+-------------------------------+---------------------------+---------------------------------------------------------------+
Note: In order to hide this table in the UI and the text report file, please set the "Show Parameter Settings in Synthesis Report" option in "Analysis and Synthesis Settings -> More Settings" to "Off".


+------------------------------------------------------------------------------------------------------------------------+
; Parameter Settings for User Entity Instance: MaquinaFinal1:inst1|lpm_counter5:inst10|lpm_counter:LPM_COUNTER_component ;
+------------------------+--------------+--------------------------------------------------------------------------------+
; Parameter Name         ; Value        ; Type                                                                           ;
+------------------------+--------------+--------------------------------------------------------------------------------+
; AUTO_CARRY_CHAINS      ; ON           ; AUTO_CARRY                                                                     ;
; IGNORE_CARRY_BUFFERS   ; OFF          ; IGNORE_CARRY                                                                   ;
; AUTO_CASCADE_CHAINS    ; ON           ; AUTO_CASCADE                                                                   ;
; IGNORE_CASCADE_BUFFERS ; OFF          ; IGNORE_CASCADE                                                                 ;
; LPM_WIDTH              ; 2            ; Signed Integer                                                                 ;
; LPM_DIRECTION          ; UP           ; Untyped                                                                        ;
; LPM_MODULUS            ; 4            ; Signed Integer                                                                 ;
; LPM_AVALUE             ; UNUSED       ; Untyped                                                                        ;
; LPM_SVALUE             ; UNUSED       ; Untyped                                                                        ;
; LPM_PORT_UPDOWN        ; PORT_UNUSED  ; Untyped                                                                        ;
; DEVICE_FAMILY          ; Cyclone IV E ; Untyped                                                                        ;
; CARRY_CHAIN            ; MANUAL       ; Untyped                                                                        ;
; CARRY_CHAIN_LENGTH     ; 48           ; CARRY_CHAIN_LENGTH                                                             ;
; NOT_GATE_PUSH_BACK     ; ON           ; NOT_GATE_PUSH_BACK                                                             ;
; CARRY_CNT_EN           ; SMART        ; Untyped                                                                        ;
; LABWIDE_SCLR           ; ON           ; Untyped                                                                        ;
; USE_NEW_VERSION        ; TRUE         ; Untyped                                                                        ;
; CBXI_PARAMETER         ; cntr_70k     ; Untyped                                                                        ;
+------------------------+--------------+--------------------------------------------------------------------------------+
Note: In order to hide this table in the UI and the text report file, please set the "Show Parameter Settings in Synthesis Report" option in "Analysis and Synthesis Settings -> More Settings" to "Off".


+-----------------------------------------------------------------------------------------------------------------------+
; Parameter Settings for User Entity Instance: MaquinaFinal1:inst1|lpm_counter4:inst9|lpm_counter:LPM_COUNTER_component ;
+------------------------+--------------+-------------------------------------------------------------------------------+
; Parameter Name         ; Value        ; Type                                                                          ;
+------------------------+--------------+-------------------------------------------------------------------------------+
; AUTO_CARRY_CHAINS      ; ON           ; AUTO_CARRY                                                                    ;
; IGNORE_CARRY_BUFFERS   ; OFF          ; IGNORE_CARRY                                                                  ;
; AUTO_CASCADE_CHAINS    ; ON           ; AUTO_CASCADE                                                                  ;
; IGNORE_CASCADE_BUFFERS ; OFF          ; IGNORE_CASCADE                                                                ;
; LPM_WIDTH              ; 2            ; Signed Integer                                                                ;
; LPM_DIRECTION          ; UP           ; Untyped                                                                       ;
; LPM_MODULUS            ; 4            ; Signed Integer                                                                ;
; LPM_AVALUE             ; UNUSED       ; Untyped                                                                       ;
; LPM_SVALUE             ; UNUSED       ; Untyped                                                                       ;
; LPM_PORT_UPDOWN        ; PORT_UNUSED  ; Untyped                                                                       ;
; DEVICE_FAMILY          ; Cyclone IV E ; Untyped                                                                       ;
; CARRY_CHAIN            ; MANUAL       ; Untyped                                                                       ;
; CARRY_CHAIN_LENGTH     ; 48           ; CARRY_CHAIN_LENGTH                                                            ;
; NOT_GATE_PUSH_BACK     ; ON           ; NOT_GATE_PUSH_BACK                                                            ;
; CARRY_CNT_EN           ; SMART        ; Untyped                                                                       ;
; LABWIDE_SCLR           ; ON           ; Untyped                                                                       ;
; USE_NEW_VERSION        ; TRUE         ; Untyped                                                                       ;
; CBXI_PARAMETER         ; cntr_70k     ; Untyped                                                                       ;
+------------------------+--------------+-------------------------------------------------------------------------------+
Note: In order to hide this table in the UI and the text report file, please set the "Show Parameter Settings in Synthesis Report" option in "Analysis and Synthesis Settings -> More Settings" to "Off".


+-----------------------------------------------------------------------------------------------------------------------+
; Parameter Settings for User Entity Instance: MaquinaFinal1:inst1|lpm_counter6:inst3|lpm_counter:LPM_COUNTER_component ;
+------------------------+--------------+-------------------------------------------------------------------------------+
; Parameter Name         ; Value        ; Type                                                                          ;
+------------------------+--------------+-------------------------------------------------------------------------------+
; AUTO_CARRY_CHAINS      ; ON           ; AUTO_CARRY                                                                    ;
; IGNORE_CARRY_BUFFERS   ; OFF          ; IGNORE_CARRY                                                                  ;
; AUTO_CASCADE_CHAINS    ; ON           ; AUTO_CASCADE                                                                  ;
; IGNORE_CASCADE_BUFFERS ; OFF          ; IGNORE_CASCADE                                                                ;
; LPM_WIDTH              ; 2            ; Signed Integer                                                                ;
; LPM_DIRECTION          ; UP           ; Untyped                                                                       ;
; LPM_MODULUS            ; 4            ; Signed Integer                                                                ;
; LPM_AVALUE             ; UNUSED       ; Untyped                                                                       ;
; LPM_SVALUE             ; UNUSED       ; Untyped                                                                       ;
; LPM_PORT_UPDOWN        ; PORT_UNUSED  ; Untyped                                                                       ;
; DEVICE_FAMILY          ; Cyclone IV E ; Untyped                                                                       ;
; CARRY_CHAIN            ; MANUAL       ; Untyped                                                                       ;
; CARRY_CHAIN_LENGTH     ; 48           ; CARRY_CHAIN_LENGTH                                                            ;
; NOT_GATE_PUSH_BACK     ; ON           ; NOT_GATE_PUSH_BACK                                                            ;
; CARRY_CNT_EN           ; SMART        ; Untyped                                                                       ;
; LABWIDE_SCLR           ; ON           ; Untyped                                                                       ;
; USE_NEW_VERSION        ; TRUE         ; Untyped                                                                       ;
; CBXI_PARAMETER         ; cntr_70k     ; Untyped                                                                       ;
+------------------------+--------------+-------------------------------------------------------------------------------+
Note: In order to hide this table in the UI and the text report file, please set the "Show Parameter Settings in Synthesis Report" option in "Analysis and Synthesis Settings -> More Settings" to "Off".


+----------------------------------------------------------------------------------------------------------------------+
; Parameter Settings for User Entity Instance: tecladover2:inst7|lpm_counter1:inst13|lpm_counter:LPM_COUNTER_component ;
+------------------------+--------------+------------------------------------------------------------------------------+
; Parameter Name         ; Value        ; Type                                                                         ;
+------------------------+--------------+------------------------------------------------------------------------------+
; AUTO_CARRY_CHAINS      ; ON           ; AUTO_CARRY                                                                   ;
; IGNORE_CARRY_BUFFERS   ; OFF          ; IGNORE_CARRY                                                                 ;
; AUTO_CASCADE_CHAINS    ; ON           ; AUTO_CASCADE                                                                 ;
; IGNORE_CASCADE_BUFFERS ; OFF          ; IGNORE_CASCADE                                                               ;
; LPM_WIDTH              ; 6            ; Signed Integer                                                               ;
; LPM_DIRECTION          ; UP           ; Untyped                                                                      ;
; LPM_MODULUS            ; 20           ; Signed Integer                                                               ;
; LPM_AVALUE             ; UNUSED       ; Untyped                                                                      ;
; LPM_SVALUE             ; UNUSED       ; Untyped                                                                      ;
; LPM_PORT_UPDOWN        ; PORT_UNUSED  ; Untyped                                                                      ;
; DEVICE_FAMILY          ; Cyclone IV E ; Untyped                                                                      ;
; CARRY_CHAIN            ; MANUAL       ; Untyped                                                                      ;
; CARRY_CHAIN_LENGTH     ; 48           ; CARRY_CHAIN_LENGTH                                                           ;
; NOT_GATE_PUSH_BACK     ; ON           ; NOT_GATE_PUSH_BACK                                                           ;
; CARRY_CNT_EN           ; SMART        ; Untyped                                                                      ;
; LABWIDE_SCLR           ; ON           ; Untyped                                                                      ;
; USE_NEW_VERSION        ; TRUE         ; Untyped                                                                      ;
; CBXI_PARAMETER         ; cntr_p1k     ; Untyped                                                                      ;
+------------------------+--------------+------------------------------------------------------------------------------+
Note: In order to hide this table in the UI and the text report file, please set the "Show Parameter Settings in Synthesis Report" option in "Analysis and Synthesis Settings -> More Settings" to "Off".


+--------------------------------------------------------------------------------------------------------------+
; altpll Parameter Settings by Entity Instance                                                                 ;
+-------------------------------+------------------------------------------------------------------------------+
; Name                          ; Value                                                                        ;
+-------------------------------+------------------------------------------------------------------------------+
; Number of entity instances    ; 1                                                                            ;
; Entity Instance               ; subsistema2esquematico:inst|Block1:inst|altpll0:inst|altpll:altpll_component ;
;     -- OPERATION_MODE         ; NORMAL                                                                       ;
;     -- PLL_TYPE               ; AUTO                                                                         ;
;     -- PRIMARY_CLOCK          ; INCLK0                                                                       ;
;     -- INCLK0_INPUT_FREQUENCY ; 20000                                                                        ;
;     -- INCLK1_INPUT_FREQUENCY ; 0                                                                            ;
;     -- VCO_MULTIPLY_BY        ; 0                                                                            ;
;     -- VCO_DIVIDE_BY          ; 0                                                                            ;
+-------------------------------+------------------------------------------------------------------------------+


+-------------------------------+
; Elapsed Time Per Partition    ;
+----------------+--------------+
; Partition Name ; Elapsed Time ;
+----------------+--------------+
; Top            ; 00:00:03     ;
+----------------+--------------+


+-------------------------------+
; Analysis & Synthesis Messages ;
+-------------------------------+
Info: *******************************************************************
Info: Running Quartus II 64-Bit Analysis & Synthesis
    Info: Version 13.0.1 Build 232 06/12/2013 Service Pack 1 SJ Web Edition
    Info: Processing started: Tue Dec 09 21:48:56 2025
Info: Command: quartus_map --read_settings_files=on --write_settings_files=off proyecto_final_ahora_si -c proyecto_final_ahora_si
Warning (20028): Parallel compilation is not licensed and has been disabled
Info (12021): Found 2 design units, including 1 entities, in source file pulso_384.vhd
    Info (12022): Found design unit 1: pulso_384-rtl
    Info (12023): Found entity 1: pulso_384
Info (12021): Found 2 design units, including 1 entities, in source file paralelo_serie_384b.vhd
    Info (12022): Found design unit 1: paralelo_serie_384b-rtl
    Info (12023): Found entity 1: paralelo_serie_384b
Info (12021): Found 2 design units, including 1 entities, in source file maquina2.vhd
    Info (12022): Found design unit 1: maquina2-BEHAVIOR
    Info (12023): Found entity 1: maquina2
Info (12021): Found 2 design units, including 1 entities, in source file registros.vhd
    Info (12022): Found design unit 1: registros-rtl
    Info (12023): Found entity 1: registros
Info (12021): Found 1 design units, including 1 entities, in source file subsistema2esquematico.bdf
    Info (12023): Found entity 1: subsistema2esquematico
Info (12021): Found 2 design units, including 1 entities, in source file memoria_tablero.vhd
    Info (12022): Found design unit 1: Memoria_tablero-comportamiento
    Info (12023): Found entity 1: Memoria_tablero
Info (12021): Found 2 design units, including 1 entities, in source file validar_movimiento.vhd
    Info (12022): Found design unit 1: Validar_movimiento-comportamiento
    Info (12023): Found entity 1: Validar_movimiento
Info (12021): Found 2 design units, including 1 entities, in source file detector_victoria.vhd
    Info (12022): Found design unit 1: Detector_Victoria-comportamiento
    Info (12023): Found entity 1: Detector_Victoria
Info (12021): Found 1 design units, including 1 entities, in source file maquinafinal1.bdf
    Info (12023): Found entity 1: MaquinaFinal1
Info (12021): Found 2 design units, including 1 entities, in source file sm1.vhd
    Info (12022): Found design unit 1: SM1-BEHAVIOR
    Info (12023): Found entity 1: SM1
Info (12021): Found 1 design units, including 1 entities, in source file tecladover2.bdf
    Info (12023): Found entity 1: tecladover2
Info (12021): Found 1 design units, including 1 entities, in source file proyecto_final.bdf
    Info (12023): Found entity 1: proyecto_final
Info (12021): Found 1 design units, including 1 entities, in source file block1.bdf
    Info (12023): Found entity 1: Block1
Info (12021): Found 2 design units, including 1 entities, in source file driver.vhd
    Info (12022): Found design unit 1: driver-behaviour
    Info (12023): Found entity 1: driver
Info (12021): Found 2 design units, including 1 entities, in source file coloress2.vhd
    Info (12022): Found design unit 1: coloress2-fnc
    Info (12023): Found entity 1: coloress2
Info (12021): Found 2 design units, including 1 entities, in source file antirreboteimprovisado.vhd
    Info (12022): Found design unit 1: antirreboteimprovisado-behaviour
    Info (12023): Found entity 1: antirreboteimprovisado
Info (12127): Elaborating entity "proyecto_final" for the top level hierarchy
Warning (275011): Block or symbol "DFF" of instance "inst21" overlaps another block or symbol
Info (12128): Elaborating entity "subsistema2esquematico" for hierarchy "subsistema2esquematico:inst"
Info (12128): Elaborating entity "Block1" for hierarchy "subsistema2esquematico:inst|Block1:inst"
Warning (12125): Using design file altpll0.vhd, which is not specified as a design file for the current project, but contains definitions for 2 design units and 1 entities in project
    Info (12022): Found design unit 1: altpll0-SYN
    Info (12023): Found entity 1: altpll0
Info (12128): Elaborating entity "altpll0" for hierarchy "subsistema2esquematico:inst|Block1:inst|altpll0:inst"
Info (12128): Elaborating entity "altpll" for hierarchy "subsistema2esquematico:inst|Block1:inst|altpll0:inst|altpll:altpll_component"
Info (12130): Elaborated megafunction instantiation "subsistema2esquematico:inst|Block1:inst|altpll0:inst|altpll:altpll_component"
Info (12133): Instantiated megafunction "subsistema2esquematico:inst|Block1:inst|altpll0:inst|altpll:altpll_component" with the following parameter:
    Info (12134): Parameter "bandwidth_type" = "AUTO"
    Info (12134): Parameter "clk0_divide_by" = "125"
    Info (12134): Parameter "clk0_duty_cycle" = "32"
    Info (12134): Parameter "clk0_multiply_by" = "2"
    Info (12134): Parameter "clk0_phase_shift" = "0"
    Info (12134): Parameter "clk1_divide_by" = "125"
    Info (12134): Parameter "clk1_duty_cycle" = "64"
    Info (12134): Parameter "clk1_multiply_by" = "2"
    Info (12134): Parameter "clk1_phase_shift" = "0"
    Info (12134): Parameter "clk2_divide_by" = "25000"
    Info (12134): Parameter "clk2_duty_cycle" = "50"
    Info (12134): Parameter "clk2_multiply_by" = "1"
    Info (12134): Parameter "clk2_phase_shift" = "0"
    Info (12134): Parameter "clk3_divide_by" = "25"
    Info (12134): Parameter "clk3_duty_cycle" = "50"
    Info (12134): Parameter "clk3_multiply_by" = "1"
    Info (12134): Parameter "clk3_phase_shift" = "0"
    Info (12134): Parameter "compensate_clock" = "CLK0"
    Info (12134): Parameter "inclk0_input_frequency" = "20000"
    Info (12134): Parameter "intended_device_family" = "Cyclone IV E"
    Info (12134): Parameter "lpm_hint" = "CBX_MODULE_PREFIX=altpll0"
    Info (12134): Parameter "lpm_type" = "altpll"
    Info (12134): Parameter "operation_mode" = "NORMAL"
    Info (12134): Parameter "pll_type" = "AUTO"
    Info (12134): Parameter "port_activeclock" = "PORT_UNUSED"
    Info (12134): Parameter "port_areset" = "PORT_USED"
    Info (12134): Parameter "port_clkbad0" = "PORT_UNUSED"
    Info (12134): Parameter "port_clkbad1" = "PORT_UNUSED"
    Info (12134): Parameter "port_clkloss" = "PORT_UNUSED"
    Info (12134): Parameter "port_clkswitch" = "PORT_UNUSED"
    Info (12134): Parameter "port_configupdate" = "PORT_UNUSED"
    Info (12134): Parameter "port_fbin" = "PORT_UNUSED"
    Info (12134): Parameter "port_inclk0" = "PORT_USED"
    Info (12134): Parameter "port_inclk1" = "PORT_UNUSED"
    Info (12134): Parameter "port_locked" = "PORT_USED"
    Info (12134): Parameter "port_pfdena" = "PORT_UNUSED"
    Info (12134): Parameter "port_phasecounterselect" = "PORT_UNUSED"
    Info (12134): Parameter "port_phasedone" = "PORT_UNUSED"
    Info (12134): Parameter "port_phasestep" = "PORT_UNUSED"
    Info (12134): Parameter "port_phaseupdown" = "PORT_UNUSED"
    Info (12134): Parameter "port_pllena" = "PORT_UNUSED"
    Info (12134): Parameter "port_scanaclr" = "PORT_UNUSED"
    Info (12134): Parameter "port_scanclk" = "PORT_UNUSED"
    Info (12134): Parameter "port_scanclkena" = "PORT_UNUSED"
    Info (12134): Parameter "port_scandata" = "PORT_UNUSED"
    Info (12134): Parameter "port_scandataout" = "PORT_UNUSED"
    Info (12134): Parameter "port_scandone" = "PORT_UNUSED"
    Info (12134): Parameter "port_scanread" = "PORT_UNUSED"
    Info (12134): Parameter "port_scanwrite" = "PORT_UNUSED"
    Info (12134): Parameter "port_clk0" = "PORT_USED"
    Info (12134): Parameter "port_clk1" = "PORT_USED"
    Info (12134): Parameter "port_clk2" = "PORT_USED"
    Info (12134): Parameter "port_clk3" = "PORT_USED"
    Info (12134): Parameter "port_clk4" = "PORT_UNUSED"
    Info (12134): Parameter "port_clk5" = "PORT_UNUSED"
    Info (12134): Parameter "port_clkena0" = "PORT_UNUSED"
    Info (12134): Parameter "port_clkena1" = "PORT_UNUSED"
    Info (12134): Parameter "port_clkena2" = "PORT_UNUSED"
    Info (12134): Parameter "port_clkena3" = "PORT_UNUSED"
    Info (12134): Parameter "port_clkena4" = "PORT_UNUSED"
    Info (12134): Parameter "port_clkena5" = "PORT_UNUSED"
    Info (12134): Parameter "port_extclk0" = "PORT_UNUSED"
    Info (12134): Parameter "port_extclk1" = "PORT_UNUSED"
    Info (12134): Parameter "port_extclk2" = "PORT_UNUSED"
    Info (12134): Parameter "port_extclk3" = "PORT_UNUSED"
    Info (12134): Parameter "self_reset_on_loss_lock" = "OFF"
    Info (12134): Parameter "width_clock" = "5"
Info (12021): Found 1 design units, including 1 entities, in source file db/altpll0_altpll.v
    Info (12023): Found entity 1: altpll0_altpll
Info (12128): Elaborating entity "altpll0_altpll" for hierarchy "subsistema2esquematico:inst|Block1:inst|altpll0:inst|altpll:altpll_component|altpll0_altpll:auto_generated"
Info (12128): Elaborating entity "pulso_384" for hierarchy "subsistema2esquematico:inst|Block1:inst|pulso_384:inst12"
Info (12128): Elaborating entity "21mux" for hierarchy "subsistema2esquematico:inst|Block1:inst|21mux:inst6"
Info (12130): Elaborated megafunction instantiation "subsistema2esquematico:inst|Block1:inst|21mux:inst6"
Info (12128): Elaborating entity "paralelo_serie_384b" for hierarchy "subsistema2esquematico:inst|Block1:inst|paralelo_serie_384b:inst1"
Warning (10492): VHDL Process Statement warning at paralelo_serie_384b.vhd(24): signal "parallel_in" is read inside the Process Statement but isn't in the Process Statement's sensitivity list
Info (12128): Elaborating entity "coloress2" for hierarchy "subsistema2esquematico:inst|coloress2:inst1"
Warning (10631): VHDL Process Statement warning at coloress2.vhd(28): inferring latch(es) for signal or variable "CJ1", which holds its previous value in one or more paths through the process
Warning (10631): VHDL Process Statement warning at coloress2.vhd(54): inferring latch(es) for signal or variable "CJ2", which holds its previous value in one or more paths through the process
Info (10041): Inferred latch for "CJ2[0]" at coloress2.vhd(54)
Info (10041): Inferred latch for "CJ2[1]" at coloress2.vhd(54)
Info (10041): Inferred latch for "CJ2[2]" at coloress2.vhd(54)
Info (10041): Inferred latch for "CJ2[3]" at coloress2.vhd(54)
Info (10041): Inferred latch for "CJ2[4]" at coloress2.vhd(54)
Info (10041): Inferred latch for "CJ2[5]" at coloress2.vhd(54)
Info (10041): Inferred latch for "CJ2[6]" at coloress2.vhd(54)
Info (10041): Inferred latch for "CJ2[7]" at coloress2.vhd(54)
Info (10041): Inferred latch for "CJ2[8]" at coloress2.vhd(54)
Info (10041): Inferred latch for "CJ2[9]" at coloress2.vhd(54)
Info (10041): Inferred latch for "CJ2[10]" at coloress2.vhd(54)
Info (10041): Inferred latch for "CJ2[11]" at coloress2.vhd(54)
Info (10041): Inferred latch for "CJ2[12]" at coloress2.vhd(54)
Info (10041): Inferred latch for "CJ2[13]" at coloress2.vhd(54)
Info (10041): Inferred latch for "CJ2[14]" at coloress2.vhd(54)
Info (10041): Inferred latch for "CJ2[15]" at coloress2.vhd(54)
Info (10041): Inferred latch for "CJ2[16]" at coloress2.vhd(54)
Info (10041): Inferred latch for "CJ2[17]" at coloress2.vhd(54)
Info (10041): Inferred latch for "CJ2[18]" at coloress2.vhd(54)
Info (10041): Inferred latch for "CJ2[19]" at coloress2.vhd(54)
Info (10041): Inferred latch for "CJ2[20]" at coloress2.vhd(54)
Info (10041): Inferred latch for "CJ2[21]" at coloress2.vhd(54)
Info (10041): Inferred latch for "CJ2[22]" at coloress2.vhd(54)
Info (10041): Inferred latch for "CJ2[23]" at coloress2.vhd(54)
Info (10041): Inferred latch for "CJ1[0]" at coloress2.vhd(28)
Info (10041): Inferred latch for "CJ1[1]" at coloress2.vhd(28)
Info (10041): Inferred latch for "CJ1[2]" at coloress2.vhd(28)
Info (10041): Inferred latch for "CJ1[3]" at coloress2.vhd(28)
Info (10041): Inferred latch for "CJ1[4]" at coloress2.vhd(28)
Info (10041): Inferred latch for "CJ1[5]" at coloress2.vhd(28)
Info (10041): Inferred latch for "CJ1[6]" at coloress2.vhd(28)
Info (10041): Inferred latch for "CJ1[7]" at coloress2.vhd(28)
Info (10041): Inferred latch for "CJ1[8]" at coloress2.vhd(28)
Info (10041): Inferred latch for "CJ1[9]" at coloress2.vhd(28)
Info (10041): Inferred latch for "CJ1[10]" at coloress2.vhd(28)
Info (10041): Inferred latch for "CJ1[11]" at coloress2.vhd(28)
Info (10041): Inferred latch for "CJ1[12]" at coloress2.vhd(28)
Info (10041): Inferred latch for "CJ1[13]" at coloress2.vhd(28)
Info (10041): Inferred latch for "CJ1[14]" at coloress2.vhd(28)
Info (10041): Inferred latch for "CJ1[15]" at coloress2.vhd(28)
Info (10041): Inferred latch for "CJ1[16]" at coloress2.vhd(28)
Info (10041): Inferred latch for "CJ1[17]" at coloress2.vhd(28)
Info (10041): Inferred latch for "CJ1[18]" at coloress2.vhd(28)
Info (10041): Inferred latch for "CJ1[19]" at coloress2.vhd(28)
Info (10041): Inferred latch for "CJ1[20]" at coloress2.vhd(28)
Info (10041): Inferred latch for "CJ1[21]" at coloress2.vhd(28)
Info (10041): Inferred latch for "CJ1[22]" at coloress2.vhd(28)
Info (10041): Inferred latch for "CJ1[23]" at coloress2.vhd(28)
Info (12128): Elaborating entity "MaquinaFinal1" for hierarchy "MaquinaFinal1:inst1"
Info (12128): Elaborating entity "maquina2" for hierarchy "MaquinaFinal1:inst1|maquina2:inst1"
Warning (12125): Using design file lpm_counter5.vhd, which is not specified as a design file for the current project, but contains definitions for 2 design units and 1 entities in project
    Info (12022): Found design unit 1: lpm_counter5-SYN
    Info (12023): Found entity 1: lpm_counter5
Info (12128): Elaborating entity "lpm_counter5" for hierarchy "MaquinaFinal1:inst1|lpm_counter5:inst10"
Info (12128): Elaborating entity "lpm_counter" for hierarchy "MaquinaFinal1:inst1|lpm_counter5:inst10|lpm_counter:LPM_COUNTER_component"
Info (12130): Elaborated megafunction instantiation "MaquinaFinal1:inst1|lpm_counter5:inst10|lpm_counter:LPM_COUNTER_component"
Info (12133): Instantiated megafunction "MaquinaFinal1:inst1|lpm_counter5:inst10|lpm_counter:LPM_COUNTER_component" with the following parameter:
    Info (12134): Parameter "lpm_direction" = "UP"
    Info (12134): Parameter "lpm_modulus" = "4"
    Info (12134): Parameter "lpm_port_updown" = "PORT_UNUSED"
    Info (12134): Parameter "lpm_type" = "LPM_COUNTER"
    Info (12134): Parameter "lpm_width" = "2"
Info (12021): Found 1 design units, including 1 entities, in source file db/cntr_70k.tdf
    Info (12023): Found entity 1: cntr_70k
Info (12128): Elaborating entity "cntr_70k" for hierarchy "MaquinaFinal1:inst1|lpm_counter5:inst10|lpm_counter:LPM_COUNTER_component|cntr_70k:auto_generated"
Warning (12125): Using design file lpm_counter4.vhd, which is not specified as a design file for the current project, but contains definitions for 2 design units and 1 entities in project
    Info (12022): Found design unit 1: lpm_counter4-SYN
    Info (12023): Found entity 1: lpm_counter4
Info (12128): Elaborating entity "lpm_counter4" for hierarchy "MaquinaFinal1:inst1|lpm_counter4:inst9"
Warning (12125): Using design file lpm_counter6.vhd, which is not specified as a design file for the current project, but contains definitions for 2 design units and 1 entities in project
    Info (12022): Found design unit 1: lpm_counter6-SYN
    Info (12023): Found entity 1: lpm_counter6
Info (12128): Elaborating entity "lpm_counter6" for hierarchy "MaquinaFinal1:inst1|lpm_counter6:inst3"
Warning (12125): Using design file vf.vhd, which is not specified as a design file for the current project, but contains definitions for 2 design units and 1 entities in project
    Info (12022): Found design unit 1: VF-BEHAVIOR
    Info (12023): Found entity 1: VF
Info (12128): Elaborating entity "VF" for hierarchy "MaquinaFinal1:inst1|VF:inst"
Info (12128): Elaborating entity "driver" for hierarchy "driver:inst12"
Info (12128): Elaborating entity "tecladover2" for hierarchy "tecladover2:inst7"
Warning (275011): Block or symbol "SM1" of instance "inst8" overlaps another block or symbol
Warning (12125): Using design file maq_barrido.vhd, which is not specified as a design file for the current project, but contains definitions for 2 design units and 1 entities in project
    Info (12022): Found design unit 1: maq_barrido-BEHAVIOR
    Info (12023): Found entity 1: maq_barrido
Info (12128): Elaborating entity "maq_barrido" for hierarchy "tecladover2:inst7|maq_barrido:inst"
Info (12128): Elaborating entity "SM1" for hierarchy "tecladover2:inst7|SM1:inst6"
Warning (12125): Using design file lpm_counter1.vhd, which is not specified as a design file for the current project, but contains definitions for 2 design units and 1 entities in project
    Info (12022): Found design unit 1: lpm_counter1-SYN
    Info (12023): Found entity 1: lpm_counter1
Info (12128): Elaborating entity "lpm_counter1" for hierarchy "tecladover2:inst7|lpm_counter1:inst13"
Info (12128): Elaborating entity "lpm_counter" for hierarchy "tecladover2:inst7|lpm_counter1:inst13|lpm_counter:LPM_COUNTER_component"
Info (12130): Elaborated megafunction instantiation "tecladover2:inst7|lpm_counter1:inst13|lpm_counter:LPM_COUNTER_component"
Info (12133): Instantiated megafunction "tecladover2:inst7|lpm_counter1:inst13|lpm_counter:LPM_COUNTER_component" with the following parameter:
    Info (12134): Parameter "lpm_direction" = "UP"
    Info (12134): Parameter "lpm_modulus" = "20"
    Info (12134): Parameter "lpm_port_updown" = "PORT_UNUSED"
    Info (12134): Parameter "lpm_type" = "LPM_COUNTER"
    Info (12134): Parameter "lpm_width" = "6"
Info (12021): Found 1 design units, including 1 entities, in source file db/cntr_p1k.tdf
    Info (12023): Found entity 1: cntr_p1k
Info (12128): Elaborating entity "cntr_p1k" for hierarchy "tecladover2:inst7|lpm_counter1:inst13|lpm_counter:LPM_COUNTER_component|cntr_p1k:auto_generated"
Info (12021): Found 1 design units, including 1 entities, in source file db/cmpr_sgc.tdf
    Info (12023): Found entity 1: cmpr_sgc
Info (12128): Elaborating entity "cmpr_sgc" for hierarchy "tecladover2:inst7|lpm_counter1:inst13|lpm_counter:LPM_COUNTER_component|cntr_p1k:auto_generated|cmpr_sgc:cmpr1"
Info (12128): Elaborating entity "antirreboteimprovisado" for hierarchy "tecladover2:inst7|antirreboteimprovisado:inst15"
Warning (10492): VHDL Process Statement warning at antirreboteimprovisado.vhd(19): signal "vc" is read inside the Process Statement but isn't in the Process Statement's sensitivity list
Warning (10492): VHDL Process Statement warning at antirreboteimprovisado.vhd(58): signal "vc" is read inside the Process Statement but isn't in the Process Statement's sensitivity list
Warning (10492): VHDL Process Statement warning at antirreboteimprovisado.vhd(97): signal "vc" is read inside the Process Statement but isn't in the Process Statement's sensitivity list
Warning (10492): VHDL Process Statement warning at antirreboteimprovisado.vhd(136): signal "vc" is read inside the Process Statement but isn't in the Process Statement's sensitivity list
Warning (10631): VHDL Process Statement warning at antirreboteimprovisado.vhd(15): inferring latch(es) for signal or variable "hab", which holds its previous value in one or more paths through the process
Warning (10631): VHDL Process Statement warning at antirreboteimprovisado.vhd(15): inferring latch(es) for signal or variable "led1", which holds its previous value in one or more paths through the process
Warning (10631): VHDL Process Statement warning at antirreboteimprovisado.vhd(15): inferring latch(es) for signal or variable "led2", which holds its previous value in one or more paths through the process
Warning (10631): VHDL Process Statement warning at antirreboteimprovisado.vhd(15): inferring latch(es) for signal or variable "led3", which holds its previous value in one or more paths through the process
Warning (10631): VHDL Process Statement warning at antirreboteimprovisado.vhd(15): inferring latch(es) for signal or variable "led4", which holds its previous value in one or more paths through the process
Info (10041): Inferred latch for "led4" at antirreboteimprovisado.vhd(15)
Info (10041): Inferred latch for "led3" at antirreboteimprovisado.vhd(15)
Info (10041): Inferred latch for "led2" at antirreboteimprovisado.vhd(15)
Info (10041): Inferred latch for "led1" at antirreboteimprovisado.vhd(15)
Info (10041): Inferred latch for "hab" at antirreboteimprovisado.vhd(15)
Info (12128): Elaborating entity "Validar_movimiento" for hierarchy "Validar_movimiento:inst8"
Info (12128): Elaborating entity "registros" for hierarchy "registros:inst2"
Info (12128): Elaborating entity "Memoria_tablero" for hierarchy "Memoria_tablero:inst6"
Info (12128): Elaborating entity "Detector_Victoria" for hierarchy "Detector_Victoria:inst5"
Warning (19016): Clock multiplexers are found and protected
    Warning (19017): Found clock multiplexer Validar_movimiento:inst8|Mux1
    Warning (19017): Found clock multiplexer Validar_movimiento:inst8|Mux0
Info (13025): Duplicate LATCH primitives merged into single LATCH primitive
    Info (13026): Duplicate LATCH primitive "subsistema2esquematico:inst|coloress2:inst1|CJ2[2]" merged with LATCH primitive "subsistema2esquematico:inst|coloress2:inst1|CJ2[21]"
    Info (13026): Duplicate LATCH primitive "subsistema2esquematico:inst|coloress2:inst1|CJ2[14]" merged with LATCH primitive "subsistema2esquematico:inst|coloress2:inst1|CJ2[15]"
    Info (13026): Duplicate LATCH primitive "subsistema2esquematico:inst|coloress2:inst1|CJ2[12]" merged with LATCH primitive "subsistema2esquematico:inst|coloress2:inst1|CJ2[13]"
    Info (13026): Duplicate LATCH primitive "subsistema2esquematico:inst|coloress2:inst1|CJ1[12]" merged with LATCH primitive "subsistema2esquematico:inst|coloress2:inst1|CJ1[13]"
    Info (13026): Duplicate LATCH primitive "subsistema2esquematico:inst|coloress2:inst1|CJ2[3]" merged with LATCH primitive "subsistema2esquematico:inst|coloress2:inst1|CJ2[6]"
Warning (13012): Latch tecladover2:inst7|antirreboteimprovisado:inst15|led1 has unsafe behavior
    Warning (13013): Ports D and ENA on the latch are fed by the same signal inst24
Warning (13012): Latch tecladover2:inst7|antirreboteimprovisado:inst15|led2 has unsafe behavior
    Warning (13013): Ports D and ENA on the latch are fed by the same signal inst24
Info (13000): Registers with preset signals will power-up high
Info (13003): DEV_CLRn pin will set, and not reset, register with preset signal due to NOT Gate Push-Back
Warning (13004): Presettable and clearable registers converted to equivalent circuits with latches. Registers power-up to an undefined state, and DEVCLRn places the registers in an undefined state.
    Warning (13310): Register "subsistema2esquematico:inst|Block1:inst|paralelo_serie_384b:inst1|shift_reg[382]" is converted into an equivalent circuit using register "subsistema2esquematico:inst|Block1:inst|paralelo_serie_384b:inst1|shift_reg[382]~_emulated" and latch "subsistema2esquematico:inst|Block1:inst|paralelo_serie_384b:inst1|shift_reg[382]~1"
    Warning (13310): Register "subsistema2esquematico:inst|Block1:inst|paralelo_serie_384b:inst1|shift_reg[381]" is converted into an equivalent circuit using register "subsistema2esquematico:inst|Block1:inst|paralelo_serie_384b:inst1|shift_reg[381]~_emulated" and latch "subsistema2esquematico:inst|Block1:inst|paralelo_serie_384b:inst1|shift_reg[381]~5"
    Warning (13310): Register "subsistema2esquematico:inst|Block1:inst|paralelo_serie_384b:inst1|shift_reg[379]" is converted into an equivalent circuit using register "subsistema2esquematico:inst|Block1:inst|paralelo_serie_384b:inst1|shift_reg[379]~_emulated" and latch "subsistema2esquematico:inst|Block1:inst|paralelo_serie_384b:inst1|shift_reg[379]~9"
    Warning (13310): Register "subsistema2esquematico:inst|Block1:inst|paralelo_serie_384b:inst1|shift_reg[378]" is converted into an equivalent circuit using register "subsistema2esquematico:inst|Block1:inst|paralelo_serie_384b:inst1|shift_reg[378]~_emulated" and latch "subsistema2esquematico:inst|Block1:inst|paralelo_serie_384b:inst1|shift_reg[378]~13"
    Warning (13310): Register "subsistema2esquematico:inst|Block1:inst|paralelo_serie_384b:inst1|shift_reg[377]" is converted into an equivalent circuit using register "subsistema2esquematico:inst|Block1:inst|paralelo_serie_384b:inst1|shift_reg[377]~_emulated" and latch "subsistema2esquematico:inst|Block1:inst|paralelo_serie_384b:inst1|shift_reg[377]~17"
    Warning (13310): Register "subsistema2esquematico:inst|Block1:inst|paralelo_serie_384b:inst1|shift_reg[376]" is converted into an equivalent circuit using register "subsistema2esquematico:inst|Block1:inst|paralelo_serie_384b:inst1|shift_reg[376]~_emulated" and latch "subsistema2esquematico:inst|Block1:inst|paralelo_serie_384b:inst1|shift_reg[376]~21"
    Warning (13310): Register "subsistema2esquematico:inst|Block1:inst|paralelo_serie_384b:inst1|shift_reg[375]" is converted into an equivalent circuit using register "subsistema2esquematico:inst|Block1:inst|paralelo_serie_384b:inst1|shift_reg[375]~_emulated" and latch "subsistema2esquematico:inst|Block1:inst|paralelo_serie_384b:inst1|shift_reg[375]~25"
    Warning (13310): Register "subsistema2esquematico:inst|Block1:inst|paralelo_serie_384b:inst1|shift_reg[374]" is converted into an equivalent circuit using register "subsistema2esquematico:inst|Block1:inst|paralelo_serie_384b:inst1|shift_reg[374]~_emulated" and latch "subsistema2esquematico:inst|Block1:inst|paralelo_serie_384b:inst1|shift_reg[374]~29"
    Warning (13310): Register "subsistema2esquematico:inst|Block1:inst|paralelo_serie_384b:inst1|shift_reg[373]" is converted into an equivalent circuit using register "subsistema2esquematico:inst|Block1:inst|paralelo_serie_384b:inst1|shift_reg[373]~_emulated" and latch "subsistema2esquematico:inst|Block1:inst|paralelo_serie_384b:inst1|shift_reg[373]~33"
    Warning (13310): Register "subsistema2esquematico:inst|Block1:inst|paralelo_serie_384b:inst1|shift_reg[372]" is converted into an equivalent circuit using register "subsistema2esquematico:inst|Block1:inst|paralelo_serie_384b:inst1|shift_reg[372]~_emulated" and latch "subsistema2esquematico:inst|Block1:inst|paralelo_serie_384b:inst1|shift_reg[372]~37"
    Warning (13310): Register "subsistema2esquematico:inst|Block1:inst|paralelo_serie_384b:inst1|shift_reg[371]" is converted into an equivalent circuit using register "subsistema2esquematico:inst|Block1:inst|paralelo_serie_384b:inst1|shift_reg[371]~_emulated" and latch "subsistema2esquematico:inst|Block1:inst|paralelo_serie_384b:inst1|shift_reg[371]~41"
    Warning (13310): Register "subsistema2esquematico:inst|Block1:inst|paralelo_serie_384b:inst1|shift_reg[370]" is converted into an equivalent circuit using register "subsistema2esquematico:inst|Block1:inst|paralelo_serie_384b:inst1|shift_reg[370]~_emulated" and latch "subsistema2esquematico:inst|Block1:inst|paralelo_serie_384b:inst1|shift_reg[370]~45"
    Warning (13310): Register "subsistema2esquematico:inst|Block1:inst|paralelo_serie_384b:inst1|shift_reg[368]" is converted into an equivalent circuit using register "subsistema2esquematico:inst|Block1:inst|paralelo_serie_384b:inst1|shift_reg[368]~_emulated" and latch "subsistema2esquematico:inst|Block1:inst|paralelo_serie_384b:inst1|shift_reg[368]~49"
    Warning (13310): Register "subsistema2esquematico:inst|Block1:inst|paralelo_serie_384b:inst1|shift_reg[366]" is converted into an equivalent circuit using register "subsistema2esquematico:inst|Block1:inst|paralelo_serie_384b:inst1|shift_reg[366]~_emulated" and latch "subsistema2esquematico:inst|Block1:inst|paralelo_serie_384b:inst1|shift_reg[366]~53"
    Warning (13310): Register "subsistema2esquematico:inst|Block1:inst|paralelo_serie_384b:inst1|shift_reg[364]" is converted into an equivalent circuit using register "subsistema2esquematico:inst|Block1:inst|paralelo_serie_384b:inst1|shift_reg[364]~_emulated" and latch "subsistema2esquematico:inst|Block1:inst|paralelo_serie_384b:inst1|shift_reg[364]~57"
    Warning (13310): Register "subsistema2esquematico:inst|Block1:inst|paralelo_serie_384b:inst1|shift_reg[363]" is converted into an equivalent circuit using register "subsistema2esquematico:inst|Block1:inst|paralelo_serie_384b:inst1|shift_reg[363]~_emulated" and latch "subsistema2esquematico:inst|Block1:inst|paralelo_serie_384b:inst1|shift_reg[363]~61"
    Warning (13310): Register "subsistema2esquematico:inst|Block1:inst|paralelo_serie_384b:inst1|shift_reg[362]" is converted into an equivalent circuit using register "subsistema2esquematico:inst|Block1:inst|paralelo_serie_384b:inst1|shift_reg[362]~_emulated" and latch "subsistema2esquematico:inst|Block1:inst|paralelo_serie_384b:inst1|shift_reg[362]~65"
    Warning (13310): Register "subsistema2esquematico:inst|Block1:inst|paralelo_serie_384b:inst1|shift_reg[360]" is converted into an equivalent circuit using register "subsistema2esquematico:inst|Block1:inst|paralelo_serie_384b:inst1|shift_reg[360]~_emulated" and latch "subsistema2esquematico:inst|Block1:inst|paralelo_serie_384b:inst1|shift_reg[360]~69"
    Warning (13310): Register "subsistema2esquematico:inst|Block1:inst|paralelo_serie_384b:inst1|shift_reg[352]" is converted into an equivalent circuit using register "subsistema2esquematico:inst|Block1:inst|paralelo_serie_384b:inst1|shift_reg[352]~_emulated" and latch "subsistema2esquematico:inst|Block1:inst|paralelo_serie_384b:inst1|shift_reg[352]~73"
    Warning (13310): Register "subsistema2esquematico:inst|Block1:inst|paralelo_serie_384b:inst1|shift_reg[350]" is converted into an equivalent circuit using register "subsistema2esquematico:inst|Block1:inst|paralelo_serie_384b:inst1|shift_reg[350]~_emulated" and latch "subsistema2esquematico:inst|Block1:inst|paralelo_serie_384b:inst1|shift_reg[350]~77"
    Warning (13310): Register "subsistema2esquematico:inst|Block1:inst|paralelo_serie_384b:inst1|shift_reg[349]" is converted into an equivalent circuit using register "subsistema2esquematico:inst|Block1:inst|paralelo_serie_384b:inst1|shift_reg[349]~_emulated" and latch "subsistema2esquematico:inst|Block1:inst|paralelo_serie_384b:inst1|shift_reg[349]~81"
    Warning (13310): Register "subsistema2esquematico:inst|Block1:inst|paralelo_serie_384b:inst1|shift_reg[348]" is converted into an equivalent circuit using register "subsistema2esquematico:inst|Block1:inst|paralelo_serie_384b:inst1|shift_reg[348]~_emulated" and latch "subsistema2esquematico:inst|Block1:inst|paralelo_serie_384b:inst1|shift_reg[348]~85"
    Warning (13310): Register "subsistema2esquematico:inst|Block1:inst|paralelo_serie_384b:inst1|shift_reg[347]" is converted into an equivalent circuit using register "subsistema2esquematico:inst|Block1:inst|paralelo_serie_384b:inst1|shift_reg[347]~_emulated" and latch "subsistema2esquematico:inst|Block1:inst|paralelo_serie_384b:inst1|shift_reg[347]~89"
    Warning (13310): Register "subsistema2esquematico:inst|Block1:inst|paralelo_serie_384b:inst1|shift_reg[346]" is converted into an equivalent circuit using register "subsistema2esquematico:inst|Block1:inst|paralelo_serie_384b:inst1|shift_reg[346]~_emulated" and latch "subsistema2esquematico:inst|Block1:inst|paralelo_serie_384b:inst1|shift_reg[346]~93"
    Warning (13310): Register "subsistema2esquematico:inst|Block1:inst|paralelo_serie_384b:inst1|shift_reg[344]" is converted into an equivalent circuit using register "subsistema2esquematico:inst|Block1:inst|paralelo_serie_384b:inst1|shift_reg[344]~_emulated" and latch "subsistema2esquematico:inst|Block1:inst|paralelo_serie_384b:inst1|shift_reg[344]~97"
    Warning (13310): Register "subsistema2esquematico:inst|Block1:inst|paralelo_serie_384b:inst1|shift_reg[340]" is converted into an equivalent circuit using register "subsistema2esquematico:inst|Block1:inst|paralelo_serie_384b:inst1|shift_reg[340]~_emulated" and latch "subsistema2esquematico:inst|Block1:inst|paralelo_serie_384b:inst1|shift_reg[340]~101"
    Warning (13310): Register "subsistema2esquematico:inst|Block1:inst|paralelo_serie_384b:inst1|shift_reg[338]" is converted into an equivalent circuit using register "subsistema2esquematico:inst|Block1:inst|paralelo_serie_384b:inst1|shift_reg[338]~_emulated" and latch "subsistema2esquematico:inst|Block1:inst|paralelo_serie_384b:inst1|shift_reg[338]~105"
    Warning (13310): Register "subsistema2esquematico:inst|Block1:inst|paralelo_serie_384b:inst1|shift_reg[336]" is converted into an equivalent circuit using register "subsistema2esquematico:inst|Block1:inst|paralelo_serie_384b:inst1|shift_reg[336]~_emulated" and latch "subsistema2esquematico:inst|Block1:inst|paralelo_serie_384b:inst1|shift_reg[336]~109"
    Warning (13310): Register "subsistema2esquematico:inst|Block1:inst|paralelo_serie_384b:inst1|shift_reg[331]" is converted into an equivalent circuit using register "subsistema2esquematico:inst|Block1:inst|paralelo_serie_384b:inst1|shift_reg[331]~_emulated" and latch "subsistema2esquematico:inst|Block1:inst|paralelo_serie_384b:inst1|shift_reg[331]~113"
    Warning (13310): Register "subsistema2esquematico:inst|Block1:inst|paralelo_serie_384b:inst1|shift_reg[328]" is converted into an equivalent circuit using register "subsistema2esquematico:inst|Block1:inst|paralelo_serie_384b:inst1|shift_reg[328]~_emulated" and latch "subsistema2esquematico:inst|Block1:inst|paralelo_serie_384b:inst1|shift_reg[328]~117"
    Warning (13310): Register "subsistema2esquematico:inst|Block1:inst|paralelo_serie_384b:inst1|shift_reg[326]" is converted into an equivalent circuit using register "subsistema2esquematico:inst|Block1:inst|paralelo_serie_384b:inst1|shift_reg[326]~_emulated" and latch "subsistema2esquematico:inst|Block1:inst|paralelo_serie_384b:inst1|shift_reg[326]~121"
    Warning (13310): Register "subsistema2esquematico:inst|Block1:inst|paralelo_serie_384b:inst1|shift_reg[325]" is converted into an equivalent circuit using register "subsistema2esquematico:inst|Block1:inst|paralelo_serie_384b:inst1|shift_reg[325]~_emulated" and latch "subsistema2esquematico:inst|Block1:inst|paralelo_serie_384b:inst1|shift_reg[325]~125"
    Warning (13310): Register "subsistema2esquematico:inst|Block1:inst|paralelo_serie_384b:inst1|shift_reg[324]" is converted into an equivalent circuit using register "subsistema2esquematico:inst|Block1:inst|paralelo_serie_384b:inst1|shift_reg[324]~_emulated" and latch "subsistema2esquematico:inst|Block1:inst|paralelo_serie_384b:inst1|shift_reg[324]~129"
    Warning (13310): Register "subsistema2esquematico:inst|Block1:inst|paralelo_serie_384b:inst1|shift_reg[323]" is converted into an equivalent circuit using register "subsistema2esquematico:inst|Block1:inst|paralelo_serie_384b:inst1|shift_reg[323]~_emulated" and latch "subsistema2esquematico:inst|Block1:inst|paralelo_serie_384b:inst1|shift_reg[323]~133"
    Warning (13310): Register "subsistema2esquematico:inst|Block1:inst|paralelo_serie_384b:inst1|shift_reg[322]" is converted into an equivalent circuit using register "subsistema2esquematico:inst|Block1:inst|paralelo_serie_384b:inst1|shift_reg[322]~_emulated" and latch "subsistema2esquematico:inst|Block1:inst|paralelo_serie_384b:inst1|shift_reg[322]~137"
    Warning (13310): Register "subsistema2esquematico:inst|Block1:inst|paralelo_serie_384b:inst1|shift_reg[320]" is converted into an equivalent circuit using register "subsistema2esquematico:inst|Block1:inst|paralelo_serie_384b:inst1|shift_reg[320]~_emulated" and latch "subsistema2esquematico:inst|Block1:inst|paralelo_serie_384b:inst1|shift_reg[320]~141"
    Warning (13310): Register "subsistema2esquematico:inst|Block1:inst|paralelo_serie_384b:inst1|shift_reg[316]" is converted into an equivalent circuit using register "subsistema2esquematico:inst|Block1:inst|paralelo_serie_384b:inst1|shift_reg[316]~_emulated" and latch "subsistema2esquematico:inst|Block1:inst|paralelo_serie_384b:inst1|shift_reg[316]~145"
    Warning (13310): Register "subsistema2esquematico:inst|Block1:inst|paralelo_serie_384b:inst1|shift_reg[315]" is converted into an equivalent circuit using register "subsistema2esquematico:inst|Block1:inst|paralelo_serie_384b:inst1|shift_reg[315]~_emulated" and latch "subsistema2esquematico:inst|Block1:inst|paralelo_serie_384b:inst1|shift_reg[331]~113"
    Warning (13310): Register "subsistema2esquematico:inst|Block1:inst|paralelo_serie_384b:inst1|shift_reg[314]" is converted into an equivalent circuit using register "subsistema2esquematico:inst|Block1:inst|paralelo_serie_384b:inst1|shift_reg[314]~_emulated" and latch "subsistema2esquematico:inst|Block1:inst|paralelo_serie_384b:inst1|shift_reg[314]~151"
    Warning (13310): Register "subsistema2esquematico:inst|Block1:inst|paralelo_serie_384b:inst1|shift_reg[312]" is converted into an equivalent circuit using register "subsistema2esquematico:inst|Block1:inst|paralelo_serie_384b:inst1|shift_reg[312]~_emulated" and latch "subsistema2esquematico:inst|Block1:inst|paralelo_serie_384b:inst1|shift_reg[312]~155"
    Warning (13310): Register "subsistema2esquematico:inst|Block1:inst|paralelo_serie_384b:inst1|shift_reg[304]" is converted into an equivalent circuit using register "subsistema2esquematico:inst|Block1:inst|paralelo_serie_384b:inst1|shift_reg[304]~_emulated" and latch "subsistema2esquematico:inst|Block1:inst|paralelo_serie_384b:inst1|shift_reg[304]~159"
    Warning (13310): Register "subsistema2esquematico:inst|Block1:inst|paralelo_serie_384b:inst1|shift_reg[302]" is converted into an equivalent circuit using register "subsistema2esquematico:inst|Block1:inst|paralelo_serie_384b:inst1|shift_reg[302]~_emulated" and latch "subsistema2esquematico:inst|Block1:inst|paralelo_serie_384b:inst1|shift_reg[302]~163"
    Warning (13310): Register "subsistema2esquematico:inst|Block1:inst|paralelo_serie_384b:inst1|shift_reg[301]" is converted into an equivalent circuit using register "subsistema2esquematico:inst|Block1:inst|paralelo_serie_384b:inst1|shift_reg[301]~_emulated" and latch "subsistema2esquematico:inst|Block1:inst|paralelo_serie_384b:inst1|shift_reg[301]~167"
    Warning (13310): Register "subsistema2esquematico:inst|Block1:inst|paralelo_serie_384b:inst1|shift_reg[300]" is converted into an equivalent circuit using register "subsistema2esquematico:inst|Block1:inst|paralelo_serie_384b:inst1|shift_reg[300]~_emulated" and latch "subsistema2esquematico:inst|Block1:inst|paralelo_serie_384b:inst1|shift_reg[300]~171"
    Warning (13310): Register "subsistema2esquematico:inst|Block1:inst|paralelo_serie_384b:inst1|shift_reg[299]" is converted into an equivalent circuit using register "subsistema2esquematico:inst|Block1:inst|paralelo_serie_384b:inst1|shift_reg[299]~_emulated" and latch "subsistema2esquematico:inst|Block1:inst|paralelo_serie_384b:inst1|shift_reg[299]~175"
    Warning (13310): Register "subsistema2esquematico:inst|Block1:inst|paralelo_serie_384b:inst1|shift_reg[298]" is converted into an equivalent circuit using register "subsistema2esquematico:inst|Block1:inst|paralelo_serie_384b:inst1|shift_reg[298]~_emulated" and latch "subsistema2esquematico:inst|Block1:inst|paralelo_serie_384b:inst1|shift_reg[298]~179"
    Warning (13310): Register "subsistema2esquematico:inst|Block1:inst|paralelo_serie_384b:inst1|shift_reg[296]" is converted into an equivalent circuit using register "subsistema2esquematico:inst|Block1:inst|paralelo_serie_384b:inst1|shift_reg[296]~_emulated" and latch "subsistema2esquematico:inst|Block1:inst|paralelo_serie_384b:inst1|shift_reg[296]~183"
    Warning (13310): Register "subsistema2esquematico:inst|Block1:inst|paralelo_serie_384b:inst1|shift_reg[292]" is converted into an equivalent circuit using register "subsistema2esquematico:inst|Block1:inst|paralelo_serie_384b:inst1|shift_reg[292]~_emulated" and latch "subsistema2esquematico:inst|Block1:inst|paralelo_serie_384b:inst1|shift_reg[292]~187"
    Warning (13310): Register "subsistema2esquematico:inst|Block1:inst|paralelo_serie_384b:inst1|shift_reg[290]" is converted into an equivalent circuit using register "subsistema2esquematico:inst|Block1:inst|paralelo_serie_384b:inst1|shift_reg[290]~_emulated" and latch "subsistema2esquematico:inst|Block1:inst|paralelo_serie_384b:inst1|shift_reg[290]~191"
    Warning (13310): Register "subsistema2esquematico:inst|Block1:inst|paralelo_serie_384b:inst1|shift_reg[288]" is converted into an equivalent circuit using register "subsistema2esquematico:inst|Block1:inst|paralelo_serie_384b:inst1|shift_reg[288]~_emulated" and latch "subsistema2esquematico:inst|Block1:inst|paralelo_serie_384b:inst1|shift_reg[288]~195"
    Warning (13310): Register "subsistema2esquematico:inst|Block1:inst|paralelo_serie_384b:inst1|shift_reg[286]" is converted into an equivalent circuit using register "subsistema2esquematico:inst|Block1:inst|paralelo_serie_384b:inst1|shift_reg[286]~_emulated" and latch "subsistema2esquematico:inst|Block1:inst|paralelo_serie_384b:inst1|shift_reg[286]~199"
    Warning (13310): Register "subsistema2esquematico:inst|Block1:inst|paralelo_serie_384b:inst1|shift_reg[285]" is converted into an equivalent circuit using register "subsistema2esquematico:inst|Block1:inst|paralelo_serie_384b:inst1|shift_reg[285]~_emulated" and latch "subsistema2esquematico:inst|Block1:inst|paralelo_serie_384b:inst1|shift_reg[285]~203"
    Warning (13310): Register "subsistema2esquematico:inst|Block1:inst|paralelo_serie_384b:inst1|shift_reg[283]" is converted into an equivalent circuit using register "subsistema2esquematico:inst|Block1:inst|paralelo_serie_384b:inst1|shift_reg[283]~_emulated" and latch "subsistema2esquematico:inst|Block1:inst|paralelo_serie_384b:inst1|shift_reg[283]~207"
    Warning (13310): Register "subsistema2esquematico:inst|Block1:inst|paralelo_serie_384b:inst1|shift_reg[282]" is converted into an equivalent circuit using register "subsistema2esquematico:inst|Block1:inst|paralelo_serie_384b:inst1|shift_reg[282]~_emulated" and latch "subsistema2esquematico:inst|Block1:inst|paralelo_serie_384b:inst1|shift_reg[282]~211"
    Warning (13310): Register "subsistema2esquematico:inst|Block1:inst|paralelo_serie_384b:inst1|shift_reg[281]" is converted into an equivalent circuit using register "subsistema2esquematico:inst|Block1:inst|paralelo_serie_384b:inst1|shift_reg[281]~_emulated" and latch "subsistema2esquematico:inst|Block1:inst|paralelo_serie_384b:inst1|shift_reg[281]~215"
    Warning (13310): Register "subsistema2esquematico:inst|Block1:inst|paralelo_serie_384b:inst1|shift_reg[280]" is converted into an equivalent circuit using register "subsistema2esquematico:inst|Block1:inst|paralelo_serie_384b:inst1|shift_reg[280]~_emulated" and latch "subsistema2esquematico:inst|Block1:inst|paralelo_serie_384b:inst1|shift_reg[280]~219"
    Warning (13310): Register "subsistema2esquematico:inst|Block1:inst|paralelo_serie_384b:inst1|shift_reg[279]" is converted into an equivalent circuit using register "subsistema2esquematico:inst|Block1:inst|paralelo_serie_384b:inst1|shift_reg[279]~_emulated" and latch "subsistema2esquematico:inst|Block1:inst|paralelo_serie_384b:inst1|shift_reg[279]~223"
    Warning (13310): Register "subsistema2esquematico:inst|Block1:inst|paralelo_serie_384b:inst1|shift_reg[278]" is converted into an equivalent circuit using register "subsistema2esquematico:inst|Block1:inst|paralelo_serie_384b:inst1|shift_reg[278]~_emulated" and latch "subsistema2esquematico:inst|Block1:inst|paralelo_serie_384b:inst1|shift_reg[278]~227"
    Warning (13310): Register "subsistema2esquematico:inst|Block1:inst|paralelo_serie_384b:inst1|shift_reg[277]" is converted into an equivalent circuit using register "subsistema2esquematico:inst|Block1:inst|paralelo_serie_384b:inst1|shift_reg[277]~_emulated" and latch "subsistema2esquematico:inst|Block1:inst|paralelo_serie_384b:inst1|shift_reg[277]~231"
    Warning (13310): Register "subsistema2esquematico:inst|Block1:inst|paralelo_serie_384b:inst1|shift_reg[276]" is converted into an equivalent circuit using register "subsistema2esquematico:inst|Block1:inst|paralelo_serie_384b:inst1|shift_reg[276]~_emulated" and latch "subsistema2esquematico:inst|Block1:inst|paralelo_serie_384b:inst1|shift_reg[276]~235"
    Warning (13310): Register "subsistema2esquematico:inst|Block1:inst|paralelo_serie_384b:inst1|shift_reg[272]" is converted into an equivalent circuit using register "subsistema2esquematico:inst|Block1:inst|paralelo_serie_384b:inst1|shift_reg[272]~_emulated" and latch "subsistema2esquematico:inst|Block1:inst|paralelo_serie_384b:inst1|shift_reg[272]~239"
    Warning (13310): Register "subsistema2esquematico:inst|Block1:inst|paralelo_serie_384b:inst1|shift_reg[270]" is converted into an equivalent circuit using register "subsistema2esquematico:inst|Block1:inst|paralelo_serie_384b:inst1|shift_reg[270]~_emulated" and latch "subsistema2esquematico:inst|Block1:inst|paralelo_serie_384b:inst1|shift_reg[270]~243"
    Warning (13310): Register "subsistema2esquematico:inst|Block1:inst|paralelo_serie_384b:inst1|shift_reg[267]" is converted into an equivalent circuit using register "subsistema2esquematico:inst|Block1:inst|paralelo_serie_384b:inst1|shift_reg[267]~_emulated" and latch "subsistema2esquematico:inst|Block1:inst|paralelo_serie_384b:inst1|shift_reg[267]~247"
    Warning (13310): Register "subsistema2esquematico:inst|Block1:inst|paralelo_serie_384b:inst1|shift_reg[266]" is converted into an equivalent circuit using register "subsistema2esquematico:inst|Block1:inst|paralelo_serie_384b:inst1|shift_reg[266]~_emulated" and latch "subsistema2esquematico:inst|Block1:inst|paralelo_serie_384b:inst1|shift_reg[266]~251"
    Warning (13310): Register "subsistema2esquematico:inst|Block1:inst|paralelo_serie_384b:inst1|shift_reg[264]" is converted into an equivalent circuit using register "subsistema2esquematico:inst|Block1:inst|paralelo_serie_384b:inst1|shift_reg[264]~_emulated" and latch "subsistema2esquematico:inst|Block1:inst|paralelo_serie_384b:inst1|shift_reg[264]~255"
    Warning (13310): Register "subsistema2esquematico:inst|Block1:inst|paralelo_serie_384b:inst1|shift_reg[262]" is converted into an equivalent circuit using register "subsistema2esquematico:inst|Block1:inst|paralelo_serie_384b:inst1|shift_reg[262]~_emulated" and latch "subsistema2esquematico:inst|Block1:inst|paralelo_serie_384b:inst1|shift_reg[262]~259"
    Warning (13310): Register "subsistema2esquematico:inst|Block1:inst|paralelo_serie_384b:inst1|shift_reg[261]" is converted into an equivalent circuit using register "subsistema2esquematico:inst|Block1:inst|paralelo_serie_384b:inst1|shift_reg[261]~_emulated" and latch "subsistema2esquematico:inst|Block1:inst|paralelo_serie_384b:inst1|shift_reg[261]~263"
    Warning (13310): Register "subsistema2esquematico:inst|Block1:inst|paralelo_serie_384b:inst1|shift_reg[259]" is converted into an equivalent circuit using register "subsistema2esquematico:inst|Block1:inst|paralelo_serie_384b:inst1|shift_reg[259]~_emulated" and latch "subsistema2esquematico:inst|Block1:inst|paralelo_serie_384b:inst1|shift_reg[259]~267"
    Warning (13310): Register "subsistema2esquematico:inst|Block1:inst|paralelo_serie_384b:inst1|shift_reg[258]" is converted into an equivalent circuit using register "subsistema2esquematico:inst|Block1:inst|paralelo_serie_384b:inst1|shift_reg[258]~_emulated" and latch "subsistema2esquematico:inst|Block1:inst|paralelo_serie_384b:inst1|shift_reg[258]~271"
    Warning (13310): Register "subsistema2esquematico:inst|Block1:inst|paralelo_serie_384b:inst1|shift_reg[257]" is converted into an equivalent circuit using register "subsistema2esquematico:inst|Block1:inst|paralelo_serie_384b:inst1|shift_reg[257]~_emulated" and latch "subsistema2esquematico:inst|Block1:inst|paralelo_serie_384b:inst1|shift_reg[257]~275"
    Warning (13310): Register "subsistema2esquematico:inst|Block1:inst|paralelo_serie_384b:inst1|shift_reg[256]" is converted into an equivalent circuit using register "subsistema2esquematico:inst|Block1:inst|paralelo_serie_384b:inst1|shift_reg[256]~_emulated" and latch "subsistema2esquematico:inst|Block1:inst|paralelo_serie_384b:inst1|shift_reg[256]~279"
    Warning (13310): Register "subsistema2esquematico:inst|Block1:inst|paralelo_serie_384b:inst1|shift_reg[255]" is converted into an equivalent circuit using register "subsistema2esquematico:inst|Block1:inst|paralelo_serie_384b:inst1|shift_reg[255]~_emulated" and latch "subsistema2esquematico:inst|Block1:inst|paralelo_serie_384b:inst1|shift_reg[255]~283"
    Warning (13310): Register "subsistema2esquematico:inst|Block1:inst|paralelo_serie_384b:inst1|shift_reg[254]" is converted into an equivalent circuit using register "subsistema2esquematico:inst|Block1:inst|paralelo_serie_384b:inst1|shift_reg[254]~_emulated" and latch "subsistema2esquematico:inst|Block1:inst|paralelo_serie_384b:inst1|shift_reg[254]~287"
    Warning (13310): Register "subsistema2esquematico:inst|Block1:inst|paralelo_serie_384b:inst1|shift_reg[253]" is converted into an equivalent circuit using register "subsistema2esquematico:inst|Block1:inst|paralelo_serie_384b:inst1|shift_reg[253]~_emulated" and latch "subsistema2esquematico:inst|Block1:inst|paralelo_serie_384b:inst1|shift_reg[253]~291"
    Warning (13310): Register "subsistema2esquematico:inst|Block1:inst|paralelo_serie_384b:inst1|shift_reg[252]" is converted into an equivalent circuit using register "subsistema2esquematico:inst|Block1:inst|paralelo_serie_384b:inst1|shift_reg[252]~_emulated" and latch "subsistema2esquematico:inst|Block1:inst|paralelo_serie_384b:inst1|shift_reg[252]~295"
    Warning (13310): Register "subsistema2esquematico:inst|Block1:inst|paralelo_serie_384b:inst1|shift_reg[251]" is converted into an equivalent circuit using register "subsistema2esquematico:inst|Block1:inst|paralelo_serie_384b:inst1|shift_reg[251]~_emulated" and latch "subsistema2esquematico:inst|Block1:inst|paralelo_serie_384b:inst1|shift_reg[251]~299"
    Warning (13310): Register "subsistema2esquematico:inst|Block1:inst|paralelo_serie_384b:inst1|shift_reg[250]" is converted into an equivalent circuit using register "subsistema2esquematico:inst|Block1:inst|paralelo_serie_384b:inst1|shift_reg[250]~_emulated" and latch "subsistema2esquematico:inst|Block1:inst|paralelo_serie_384b:inst1|shift_reg[250]~303"
    Warning (13310): Register "subsistema2esquematico:inst|Block1:inst|paralelo_serie_384b:inst1|shift_reg[248]" is converted into an equivalent circuit using register "subsistema2esquematico:inst|Block1:inst|paralelo_serie_384b:inst1|shift_reg[248]~_emulated" and latch "subsistema2esquematico:inst|Block1:inst|paralelo_serie_384b:inst1|shift_reg[248]~307"
    Warning (13310): Register "subsistema2esquematico:inst|Block1:inst|paralelo_serie_384b:inst1|shift_reg[246]" is converted into an equivalent circuit using register "subsistema2esquematico:inst|Block1:inst|paralelo_serie_384b:inst1|shift_reg[246]~_emulated" and latch "subsistema2esquematico:inst|Block1:inst|paralelo_serie_384b:inst1|shift_reg[246]~311"
    Warning (13310): Register "subsistema2esquematico:inst|Block1:inst|paralelo_serie_384b:inst1|shift_reg[244]" is converted into an equivalent circuit using register "subsistema2esquematico:inst|Block1:inst|paralelo_serie_384b:inst1|shift_reg[244]~_emulated" and latch "subsistema2esquematico:inst|Block1:inst|paralelo_serie_384b:inst1|shift_reg[244]~315"
    Warning (13310): Register "subsistema2esquematico:inst|Block1:inst|paralelo_serie_384b:inst1|shift_reg[243]" is converted into an equivalent circuit using register "subsistema2esquematico:inst|Block1:inst|paralelo_serie_384b:inst1|shift_reg[243]~_emulated" and latch "subsistema2esquematico:inst|Block1:inst|paralelo_serie_384b:inst1|shift_reg[243]~319"
    Warning (13310): Register "subsistema2esquematico:inst|Block1:inst|paralelo_serie_384b:inst1|shift_reg[242]" is converted into an equivalent circuit using register "subsistema2esquematico:inst|Block1:inst|paralelo_serie_384b:inst1|shift_reg[242]~_emulated" and latch "subsistema2esquematico:inst|Block1:inst|paralelo_serie_384b:inst1|shift_reg[242]~323"
    Warning (13310): Register "subsistema2esquematico:inst|Block1:inst|paralelo_serie_384b:inst1|shift_reg[240]" is converted into an equivalent circuit using register "subsistema2esquematico:inst|Block1:inst|paralelo_serie_384b:inst1|shift_reg[240]~_emulated" and latch "subsistema2esquematico:inst|Block1:inst|paralelo_serie_384b:inst1|shift_reg[240]~327"
    Warning (13310): Register "subsistema2esquematico:inst|Block1:inst|paralelo_serie_384b:inst1|shift_reg[238]" is converted into an equivalent circuit using register "subsistema2esquematico:inst|Block1:inst|paralelo_serie_384b:inst1|shift_reg[238]~_emulated" and latch "subsistema2esquematico:inst|Block1:inst|paralelo_serie_384b:inst1|shift_reg[238]~331"
    Warning (13310): Register "subsistema2esquematico:inst|Block1:inst|paralelo_serie_384b:inst1|shift_reg[237]" is converted into an equivalent circuit using register "subsistema2esquematico:inst|Block1:inst|paralelo_serie_384b:inst1|shift_reg[237]~_emulated" and latch "subsistema2esquematico:inst|Block1:inst|paralelo_serie_384b:inst1|shift_reg[237]~335"
    Warning (13310): Register "subsistema2esquematico:inst|Block1:inst|paralelo_serie_384b:inst1|shift_reg[235]" is converted into an equivalent circuit using register "subsistema2esquematico:inst|Block1:inst|paralelo_serie_384b:inst1|shift_reg[235]~_emulated" and latch "subsistema2esquematico:inst|Block1:inst|paralelo_serie_384b:inst1|shift_reg[235]~339"
    Warning (13310): Register "subsistema2esquematico:inst|Block1:inst|paralelo_serie_384b:inst1|shift_reg[234]" is converted into an equivalent circuit using register "subsistema2esquematico:inst|Block1:inst|paralelo_serie_384b:inst1|shift_reg[234]~_emulated" and latch "subsistema2esquematico:inst|Block1:inst|paralelo_serie_384b:inst1|shift_reg[234]~343"
    Warning (13310): Register "subsistema2esquematico:inst|Block1:inst|paralelo_serie_384b:inst1|shift_reg[233]" is converted into an equivalent circuit using register "subsistema2esquematico:inst|Block1:inst|paralelo_serie_384b:inst1|shift_reg[233]~_emulated" and latch "subsistema2esquematico:inst|Block1:inst|paralelo_serie_384b:inst1|shift_reg[233]~347"
    Warning (13310): Register "subsistema2esquematico:inst|Block1:inst|paralelo_serie_384b:inst1|shift_reg[232]" is converted into an equivalent circuit using register "subsistema2esquematico:inst|Block1:inst|paralelo_serie_384b:inst1|shift_reg[232]~_emulated" and latch "subsistema2esquematico:inst|Block1:inst|paralelo_serie_384b:inst1|shift_reg[232]~351"
    Warning (13310): Register "subsistema2esquematico:inst|Block1:inst|paralelo_serie_384b:inst1|shift_reg[231]" is converted into an equivalent circuit using register "subsistema2esquematico:inst|Block1:inst|paralelo_serie_384b:inst1|shift_reg[231]~_emulated" and latch "subsistema2esquematico:inst|Block1:inst|paralelo_serie_384b:inst1|shift_reg[231]~355"
    Warning (13310): Register "subsistema2esquematico:inst|Block1:inst|paralelo_serie_384b:inst1|shift_reg[230]" is converted into an equivalent circuit using register "subsistema2esquematico:inst|Block1:inst|paralelo_serie_384b:inst1|shift_reg[230]~_emulated" and latch "subsistema2esquematico:inst|Block1:inst|paralelo_serie_384b:inst1|shift_reg[230]~359"
    Warning (13310): Register "subsistema2esquematico:inst|Block1:inst|paralelo_serie_384b:inst1|shift_reg[229]" is converted into an equivalent circuit using register "subsistema2esquematico:inst|Block1:inst|paralelo_serie_384b:inst1|shift_reg[229]~_emulated" and latch "subsistema2esquematico:inst|Block1:inst|paralelo_serie_384b:inst1|shift_reg[229]~363"
    Warning (13310): Register "subsistema2esquematico:inst|Block1:inst|paralelo_serie_384b:inst1|shift_reg[228]" is converted into an equivalent circuit using register "subsistema2esquematico:inst|Block1:inst|paralelo_serie_384b:inst1|shift_reg[228]~_emulated" and latch "subsistema2esquematico:inst|Block1:inst|paralelo_serie_384b:inst1|shift_reg[228]~367"
    Warning (13310): Register "subsistema2esquematico:inst|Block1:inst|paralelo_serie_384b:inst1|shift_reg[227]" is converted into an equivalent circuit using register "subsistema2esquematico:inst|Block1:inst|paralelo_serie_384b:inst1|shift_reg[227]~_emulated" and latch "subsistema2esquematico:inst|Block1:inst|paralelo_serie_384b:inst1|shift_reg[227]~371"
    Warning (13310): Register "subsistema2esquematico:inst|Block1:inst|paralelo_serie_384b:inst1|shift_reg[226]" is converted into an equivalent circuit using register "subsistema2esquematico:inst|Block1:inst|paralelo_serie_384b:inst1|shift_reg[226]~_emulated" and latch "subsistema2esquematico:inst|Block1:inst|paralelo_serie_384b:inst1|shift_reg[226]~375"
    Warning (13310): Register "subsistema2esquematico:inst|Block1:inst|paralelo_serie_384b:inst1|shift_reg[224]" is converted into an equivalent circuit using register "subsistema2esquematico:inst|Block1:inst|paralelo_serie_384b:inst1|shift_reg[224]~_emulated" and latch "subsistema2esquematico:inst|Block1:inst|paralelo_serie_384b:inst1|shift_reg[224]~379"
    Warning (13310): Register "subsistema2esquematico:inst|Block1:inst|paralelo_serie_384b:inst1|shift_reg[222]" is converted into an equivalent circuit using register "subsistema2esquematico:inst|Block1:inst|paralelo_serie_384b:inst1|shift_reg[222]~_emulated" and latch "subsistema2esquematico:inst|Block1:inst|paralelo_serie_384b:inst1|shift_reg[222]~383"
    Warning (13310): Register "subsistema2esquematico:inst|Block1:inst|paralelo_serie_384b:inst1|shift_reg[220]" is converted into an equivalent circuit using register "subsistema2esquematico:inst|Block1:inst|paralelo_serie_384b:inst1|shift_reg[220]~_emulated" and latch "subsistema2esquematico:inst|Block1:inst|paralelo_serie_384b:inst1|shift_reg[220]~387"
    Warning (13310): Register "subsistema2esquematico:inst|Block1:inst|paralelo_serie_384b:inst1|shift_reg[219]" is converted into an equivalent circuit using register "subsistema2esquematico:inst|Block1:inst|paralelo_serie_384b:inst1|shift_reg[219]~_emulated" and latch "subsistema2esquematico:inst|Block1:inst|paralelo_serie_384b:inst1|shift_reg[219]~391"
    Warning (13310): Register "subsistema2esquematico:inst|Block1:inst|paralelo_serie_384b:inst1|shift_reg[218]" is converted into an equivalent circuit using register "subsistema2esquematico:inst|Block1:inst|paralelo_serie_384b:inst1|shift_reg[218]~_emulated" and latch "subsistema2esquematico:inst|Block1:inst|paralelo_serie_384b:inst1|shift_reg[218]~395"
    Warning (13310): Register "subsistema2esquematico:inst|Block1:inst|paralelo_serie_384b:inst1|shift_reg[216]" is converted into an equivalent circuit using register "subsistema2esquematico:inst|Block1:inst|paralelo_serie_384b:inst1|shift_reg[216]~_emulated" and latch "subsistema2esquematico:inst|Block1:inst|paralelo_serie_384b:inst1|shift_reg[216]~399"
    Warning (13310): Register "subsistema2esquematico:inst|Block1:inst|paralelo_serie_384b:inst1|shift_reg[214]" is converted into an equivalent circuit using register "subsistema2esquematico:inst|Block1:inst|paralelo_serie_384b:inst1|shift_reg[214]~_emulated" and latch "subsistema2esquematico:inst|Block1:inst|paralelo_serie_384b:inst1|shift_reg[214]~403"
    Warning (13310): Register "subsistema2esquematico:inst|Block1:inst|paralelo_serie_384b:inst1|shift_reg[213]" is converted into an equivalent circuit using register "subsistema2esquematico:inst|Block1:inst|paralelo_serie_384b:inst1|shift_reg[213]~_emulated" and latch "subsistema2esquematico:inst|Block1:inst|paralelo_serie_384b:inst1|shift_reg[213]~407"
    Warning (13310): Register "subsistema2esquematico:inst|Block1:inst|paralelo_serie_384b:inst1|shift_reg[211]" is converted into an equivalent circuit using register "subsistema2esquematico:inst|Block1:inst|paralelo_serie_384b:inst1|shift_reg[211]~_emulated" and latch "subsistema2esquematico:inst|Block1:inst|paralelo_serie_384b:inst1|shift_reg[211]~411"
    Warning (13310): Register "subsistema2esquematico:inst|Block1:inst|paralelo_serie_384b:inst1|shift_reg[210]" is converted into an equivalent circuit using register "subsistema2esquematico:inst|Block1:inst|paralelo_serie_384b:inst1|shift_reg[210]~_emulated" and latch "subsistema2esquematico:inst|Block1:inst|paralelo_serie_384b:inst1|shift_reg[210]~415"
    Warning (13310): Register "subsistema2esquematico:inst|Block1:inst|paralelo_serie_384b:inst1|shift_reg[209]" is converted into an equivalent circuit using register "subsistema2esquematico:inst|Block1:inst|paralelo_serie_384b:inst1|shift_reg[209]~_emulated" and latch "subsistema2esquematico:inst|Block1:inst|paralelo_serie_384b:inst1|shift_reg[209]~419"
    Warning (13310): Register "subsistema2esquematico:inst|Block1:inst|paralelo_serie_384b:inst1|shift_reg[208]" is converted into an equivalent circuit using register "subsistema2esquematico:inst|Block1:inst|paralelo_serie_384b:inst1|shift_reg[208]~_emulated" and latch "subsistema2esquematico:inst|Block1:inst|paralelo_serie_384b:inst1|shift_reg[208]~423"
    Warning (13310): Register "subsistema2esquematico:inst|Block1:inst|paralelo_serie_384b:inst1|shift_reg[207]" is converted into an equivalent circuit using register "subsistema2esquematico:inst|Block1:inst|paralelo_serie_384b:inst1|shift_reg[207]~_emulated" and latch "subsistema2esquematico:inst|Block1:inst|paralelo_serie_384b:inst1|shift_reg[207]~427"
    Warning (13310): Register "subsistema2esquematico:inst|Block1:inst|paralelo_serie_384b:inst1|shift_reg[206]" is converted into an equivalent circuit using register "subsistema2esquematico:inst|Block1:inst|paralelo_serie_384b:inst1|shift_reg[206]~_emulated" and latch "subsistema2esquematico:inst|Block1:inst|paralelo_serie_384b:inst1|shift_reg[206]~431"
    Warning (13310): Register "subsistema2esquematico:inst|Block1:inst|paralelo_serie_384b:inst1|shift_reg[205]" is converted into an equivalent circuit using register "subsistema2esquematico:inst|Block1:inst|paralelo_serie_384b:inst1|shift_reg[205]~_emulated" and latch "subsistema2esquematico:inst|Block1:inst|paralelo_serie_384b:inst1|shift_reg[205]~435"
    Warning (13310): Register "subsistema2esquematico:inst|Block1:inst|paralelo_serie_384b:inst1|shift_reg[204]" is converted into an equivalent circuit using register "subsistema2esquematico:inst|Block1:inst|paralelo_serie_384b:inst1|shift_reg[204]~_emulated" and latch "subsistema2esquematico:inst|Block1:inst|paralelo_serie_384b:inst1|shift_reg[204]~439"
    Warning (13310): Register "subsistema2esquematico:inst|Block1:inst|paralelo_serie_384b:inst1|shift_reg[203]" is converted into an equivalent circuit using register "subsistema2esquematico:inst|Block1:inst|paralelo_serie_384b:inst1|shift_reg[203]~_emulated" and latch "subsistema2esquematico:inst|Block1:inst|paralelo_serie_384b:inst1|shift_reg[203]~443"
    Warning (13310): Register "subsistema2esquematico:inst|Block1:inst|paralelo_serie_384b:inst1|shift_reg[202]" is converted into an equivalent circuit using register "subsistema2esquematico:inst|Block1:inst|paralelo_serie_384b:inst1|shift_reg[202]~_emulated" and latch "subsistema2esquematico:inst|Block1:inst|paralelo_serie_384b:inst1|shift_reg[202]~447"
    Warning (13310): Register "subsistema2esquematico:inst|Block1:inst|paralelo_serie_384b:inst1|shift_reg[200]" is converted into an equivalent circuit using register "subsistema2esquematico:inst|Block1:inst|paralelo_serie_384b:inst1|shift_reg[200]~_emulated" and latch "subsistema2esquematico:inst|Block1:inst|paralelo_serie_384b:inst1|shift_reg[200]~451"
    Warning (13310): Register "subsistema2esquematico:inst|Block1:inst|paralelo_serie_384b:inst1|shift_reg[198]" is converted into an equivalent circuit using register "subsistema2esquematico:inst|Block1:inst|paralelo_serie_384b:inst1|shift_reg[198]~_emulated" and latch "subsistema2esquematico:inst|Block1:inst|paralelo_serie_384b:inst1|shift_reg[198]~455"
    Warning (13310): Register "subsistema2esquematico:inst|Block1:inst|paralelo_serie_384b:inst1|shift_reg[196]" is converted into an equivalent circuit using register "subsistema2esquematico:inst|Block1:inst|paralelo_serie_384b:inst1|shift_reg[196]~_emulated" and latch "subsistema2esquematico:inst|Block1:inst|paralelo_serie_384b:inst1|shift_reg[196]~459"
    Warning (13310): Register "subsistema2esquematico:inst|Block1:inst|paralelo_serie_384b:inst1|shift_reg[195]" is converted into an equivalent circuit using register "subsistema2esquematico:inst|Block1:inst|paralelo_serie_384b:inst1|shift_reg[195]~_emulated" and latch "subsistema2esquematico:inst|Block1:inst|paralelo_serie_384b:inst1|shift_reg[195]~463"
    Warning (13310): Register "subsistema2esquematico:inst|Block1:inst|paralelo_serie_384b:inst1|shift_reg[194]" is converted into an equivalent circuit using register "subsistema2esquematico:inst|Block1:inst|paralelo_serie_384b:inst1|shift_reg[194]~_emulated" and latch "subsistema2esquematico:inst|Block1:inst|paralelo_serie_384b:inst1|shift_reg[194]~467"
    Warning (13310): Register "subsistema2esquematico:inst|Block1:inst|paralelo_serie_384b:inst1|shift_reg[192]" is converted into an equivalent circuit using register "subsistema2esquematico:inst|Block1:inst|paralelo_serie_384b:inst1|shift_reg[192]~_emulated" and latch "subsistema2esquematico:inst|Block1:inst|paralelo_serie_384b:inst1|shift_reg[192]~471"
    Warning (13310): Register "subsistema2esquematico:inst|Block1:inst|paralelo_serie_384b:inst1|shift_reg[190]" is converted into an equivalent circuit using register "subsistema2esquematico:inst|Block1:inst|paralelo_serie_384b:inst1|shift_reg[190]~_emulated" and latch "subsistema2esquematico:inst|Block1:inst|paralelo_serie_384b:inst1|shift_reg[190]~475"
    Warning (13310): Register "subsistema2esquematico:inst|Block1:inst|paralelo_serie_384b:inst1|shift_reg[189]" is converted into an equivalent circuit using register "subsistema2esquematico:inst|Block1:inst|paralelo_serie_384b:inst1|shift_reg[189]~_emulated" and latch "subsistema2esquematico:inst|Block1:inst|paralelo_serie_384b:inst1|shift_reg[189]~479"
    Warning (13310): Register "subsistema2esquematico:inst|Block1:inst|paralelo_serie_384b:inst1|shift_reg[187]" is converted into an equivalent circuit using register "subsistema2esquematico:inst|Block1:inst|paralelo_serie_384b:inst1|shift_reg[187]~_emulated" and latch "subsistema2esquematico:inst|Block1:inst|paralelo_serie_384b:inst1|shift_reg[187]~483"
    Warning (13310): Register "subsistema2esquematico:inst|Block1:inst|paralelo_serie_384b:inst1|shift_reg[186]" is converted into an equivalent circuit using register "subsistema2esquematico:inst|Block1:inst|paralelo_serie_384b:inst1|shift_reg[186]~_emulated" and latch "subsistema2esquematico:inst|Block1:inst|paralelo_serie_384b:inst1|shift_reg[186]~487"
    Warning (13310): Register "subsistema2esquematico:inst|Block1:inst|paralelo_serie_384b:inst1|shift_reg[185]" is converted into an equivalent circuit using register "subsistema2esquematico:inst|Block1:inst|paralelo_serie_384b:inst1|shift_reg[185]~_emulated" and latch "subsistema2esquematico:inst|Block1:inst|paralelo_serie_384b:inst1|shift_reg[185]~491"
    Warning (13310): Register "subsistema2esquematico:inst|Block1:inst|paralelo_serie_384b:inst1|shift_reg[184]" is converted into an equivalent circuit using register "subsistema2esquematico:inst|Block1:inst|paralelo_serie_384b:inst1|shift_reg[184]~_emulated" and latch "subsistema2esquematico:inst|Block1:inst|paralelo_serie_384b:inst1|shift_reg[184]~495"
    Warning (13310): Register "subsistema2esquematico:inst|Block1:inst|paralelo_serie_384b:inst1|shift_reg[183]" is converted into an equivalent circuit using register "subsistema2esquematico:inst|Block1:inst|paralelo_serie_384b:inst1|shift_reg[183]~_emulated" and latch "subsistema2esquematico:inst|Block1:inst|paralelo_serie_384b:inst1|shift_reg[183]~499"
    Warning (13310): Register "subsistema2esquematico:inst|Block1:inst|paralelo_serie_384b:inst1|shift_reg[182]" is converted into an equivalent circuit using register "subsistema2esquematico:inst|Block1:inst|paralelo_serie_384b:inst1|shift_reg[182]~_emulated" and latch "subsistema2esquematico:inst|Block1:inst|paralelo_serie_384b:inst1|shift_reg[182]~503"
    Warning (13310): Register "subsistema2esquematico:inst|Block1:inst|paralelo_serie_384b:inst1|shift_reg[181]" is converted into an equivalent circuit using register "subsistema2esquematico:inst|Block1:inst|paralelo_serie_384b:inst1|shift_reg[181]~_emulated" and latch "subsistema2esquematico:inst|Block1:inst|paralelo_serie_384b:inst1|shift_reg[181]~507"
    Warning (13310): Register "subsistema2esquematico:inst|Block1:inst|paralelo_serie_384b:inst1|shift_reg[180]" is converted into an equivalent circuit using register "subsistema2esquematico:inst|Block1:inst|paralelo_serie_384b:inst1|shift_reg[180]~_emulated" and latch "subsistema2esquematico:inst|Block1:inst|paralelo_serie_384b:inst1|shift_reg[180]~511"
    Warning (13310): Register "subsistema2esquematico:inst|Block1:inst|paralelo_serie_384b:inst1|shift_reg[179]" is converted into an equivalent circuit using register "subsistema2esquematico:inst|Block1:inst|paralelo_serie_384b:inst1|shift_reg[179]~_emulated" and latch "subsistema2esquematico:inst|Block1:inst|paralelo_serie_384b:inst1|shift_reg[179]~515"
    Warning (13310): Register "subsistema2esquematico:inst|Block1:inst|paralelo_serie_384b:inst1|shift_reg[176]" is converted into an equivalent circuit using register "subsistema2esquematico:inst|Block1:inst|paralelo_serie_384b:inst1|shift_reg[176]~_emulated" and latch "subsistema2esquematico:inst|Block1:inst|paralelo_serie_384b:inst1|shift_reg[176]~519"
    Warning (13310): Register "subsistema2esquematico:inst|Block1:inst|paralelo_serie_384b:inst1|shift_reg[174]" is converted into an equivalent circuit using register "subsistema2esquematico:inst|Block1:inst|paralelo_serie_384b:inst1|shift_reg[174]~_emulated" and latch "subsistema2esquematico:inst|Block1:inst|paralelo_serie_384b:inst1|shift_reg[174]~523"
    Warning (13310): Register "subsistema2esquematico:inst|Block1:inst|paralelo_serie_384b:inst1|shift_reg[171]" is converted into an equivalent circuit using register "subsistema2esquematico:inst|Block1:inst|paralelo_serie_384b:inst1|shift_reg[171]~_emulated" and latch "subsistema2esquematico:inst|Block1:inst|paralelo_serie_384b:inst1|shift_reg[171]~527"
    Warning (13310): Register "subsistema2esquematico:inst|Block1:inst|paralelo_serie_384b:inst1|shift_reg[170]" is converted into an equivalent circuit using register "subsistema2esquematico:inst|Block1:inst|paralelo_serie_384b:inst1|shift_reg[170]~_emulated" and latch "subsistema2esquematico:inst|Block1:inst|paralelo_serie_384b:inst1|shift_reg[170]~531"
    Warning (13310): Register "subsistema2esquematico:inst|Block1:inst|paralelo_serie_384b:inst1|shift_reg[168]" is converted into an equivalent circuit using register "subsistema2esquematico:inst|Block1:inst|paralelo_serie_384b:inst1|shift_reg[168]~_emulated" and latch "subsistema2esquematico:inst|Block1:inst|paralelo_serie_384b:inst1|shift_reg[168]~535"
    Warning (13310): Register "subsistema2esquematico:inst|Block1:inst|paralelo_serie_384b:inst1|shift_reg[166]" is converted into an equivalent circuit using register "subsistema2esquematico:inst|Block1:inst|paralelo_serie_384b:inst1|shift_reg[166]~_emulated" and latch "subsistema2esquematico:inst|Block1:inst|paralelo_serie_384b:inst1|shift_reg[166]~539"
    Warning (13310): Register "subsistema2esquematico:inst|Block1:inst|paralelo_serie_384b:inst1|shift_reg[165]" is converted into an equivalent circuit using register "subsistema2esquematico:inst|Block1:inst|paralelo_serie_384b:inst1|shift_reg[165]~_emulated" and latch "subsistema2esquematico:inst|Block1:inst|paralelo_serie_384b:inst1|shift_reg[165]~543"
    Warning (13310): Register "subsistema2esquematico:inst|Block1:inst|paralelo_serie_384b:inst1|shift_reg[163]" is converted into an equivalent circuit using register "subsistema2esquematico:inst|Block1:inst|paralelo_serie_384b:inst1|shift_reg[163]~_emulated" and latch "subsistema2esquematico:inst|Block1:inst|paralelo_serie_384b:inst1|shift_reg[163]~547"
    Warning (13310): Register "subsistema2esquematico:inst|Block1:inst|paralelo_serie_384b:inst1|shift_reg[162]" is converted into an equivalent circuit using register "subsistema2esquematico:inst|Block1:inst|paralelo_serie_384b:inst1|shift_reg[162]~_emulated" and latch "subsistema2esquematico:inst|Block1:inst|paralelo_serie_384b:inst1|shift_reg[162]~551"
    Warning (13310): Register "subsistema2esquematico:inst|Block1:inst|paralelo_serie_384b:inst1|shift_reg[161]" is converted into an equivalent circuit using register "subsistema2esquematico:inst|Block1:inst|paralelo_serie_384b:inst1|shift_reg[161]~_emulated" and latch "subsistema2esquematico:inst|Block1:inst|paralelo_serie_384b:inst1|shift_reg[161]~555"
    Warning (13310): Register "subsistema2esquematico:inst|Block1:inst|paralelo_serie_384b:inst1|shift_reg[160]" is converted into an equivalent circuit using register "subsistema2esquematico:inst|Block1:inst|paralelo_serie_384b:inst1|shift_reg[160]~_emulated" and latch "subsistema2esquematico:inst|Block1:inst|paralelo_serie_384b:inst1|shift_reg[160]~559"
    Warning (13310): Register "subsistema2esquematico:inst|Block1:inst|paralelo_serie_384b:inst1|shift_reg[159]" is converted into an equivalent circuit using register "subsistema2esquematico:inst|Block1:inst|paralelo_serie_384b:inst1|shift_reg[159]~_emulated" and latch "subsistema2esquematico:inst|Block1:inst|paralelo_serie_384b:inst1|shift_reg[159]~563"
    Warning (13310): Register "subsistema2esquematico:inst|Block1:inst|paralelo_serie_384b:inst1|shift_reg[158]" is converted into an equivalent circuit using register "subsistema2esquematico:inst|Block1:inst|paralelo_serie_384b:inst1|shift_reg[158]~_emulated" and latch "subsistema2esquematico:inst|Block1:inst|paralelo_serie_384b:inst1|shift_reg[158]~567"
    Warning (13310): Register "subsistema2esquematico:inst|Block1:inst|paralelo_serie_384b:inst1|shift_reg[157]" is converted into an equivalent circuit using register "subsistema2esquematico:inst|Block1:inst|paralelo_serie_384b:inst1|shift_reg[157]~_emulated" and latch "subsistema2esquematico:inst|Block1:inst|paralelo_serie_384b:inst1|shift_reg[157]~571"
    Warning (13310): Register "subsistema2esquematico:inst|Block1:inst|paralelo_serie_384b:inst1|shift_reg[156]" is converted into an equivalent circuit using register "subsistema2esquematico:inst|Block1:inst|paralelo_serie_384b:inst1|shift_reg[156]~_emulated" and latch "subsistema2esquematico:inst|Block1:inst|paralelo_serie_384b:inst1|shift_reg[156]~575"
    Warning (13310): Register "subsistema2esquematico:inst|Block1:inst|paralelo_serie_384b:inst1|shift_reg[155]" is converted into an equivalent circuit using register "subsistema2esquematico:inst|Block1:inst|paralelo_serie_384b:inst1|shift_reg[155]~_emulated" and latch "subsistema2esquematico:inst|Block1:inst|paralelo_serie_384b:inst1|shift_reg[155]~579"
    Warning (13310): Register "subsistema2esquematico:inst|Block1:inst|paralelo_serie_384b:inst1|shift_reg[154]" is converted into an equivalent circuit using register "subsistema2esquematico:inst|Block1:inst|paralelo_serie_384b:inst1|shift_reg[154]~_emulated" and latch "subsistema2esquematico:inst|Block1:inst|paralelo_serie_384b:inst1|shift_reg[154]~583"
    Warning (13310): Register "subsistema2esquematico:inst|Block1:inst|paralelo_serie_384b:inst1|shift_reg[152]" is converted into an equivalent circuit using register "subsistema2esquematico:inst|Block1:inst|paralelo_serie_384b:inst1|shift_reg[152]~_emulated" and latch "subsistema2esquematico:inst|Block1:inst|paralelo_serie_384b:inst1|shift_reg[152]~587"
    Warning (13310): Register "subsistema2esquematico:inst|Block1:inst|paralelo_serie_384b:inst1|shift_reg[150]" is converted into an equivalent circuit using register "subsistema2esquematico:inst|Block1:inst|paralelo_serie_384b:inst1|shift_reg[150]~_emulated" and latch "subsistema2esquematico:inst|Block1:inst|paralelo_serie_384b:inst1|shift_reg[150]~591"
    Warning (13310): Register "subsistema2esquematico:inst|Block1:inst|paralelo_serie_384b:inst1|shift_reg[148]" is converted into an equivalent circuit using register "subsistema2esquematico:inst|Block1:inst|paralelo_serie_384b:inst1|shift_reg[148]~_emulated" and latch "subsistema2esquematico:inst|Block1:inst|paralelo_serie_384b:inst1|shift_reg[148]~595"
    Warning (13310): Register "subsistema2esquematico:inst|Block1:inst|paralelo_serie_384b:inst1|shift_reg[147]" is converted into an equivalent circuit using register "subsistema2esquematico:inst|Block1:inst|paralelo_serie_384b:inst1|shift_reg[147]~_emulated" and latch "subsistema2esquematico:inst|Block1:inst|paralelo_serie_384b:inst1|shift_reg[147]~599"
    Warning (13310): Register "subsistema2esquematico:inst|Block1:inst|paralelo_serie_384b:inst1|shift_reg[146]" is converted into an equivalent circuit using register "subsistema2esquematico:inst|Block1:inst|paralelo_serie_384b:inst1|shift_reg[146]~_emulated" and latch "subsistema2esquematico:inst|Block1:inst|paralelo_serie_384b:inst1|shift_reg[146]~603"
    Warning (13310): Register "subsistema2esquematico:inst|Block1:inst|paralelo_serie_384b:inst1|shift_reg[144]" is converted into an equivalent circuit using register "subsistema2esquematico:inst|Block1:inst|paralelo_serie_384b:inst1|shift_reg[144]~_emulated" and latch "subsistema2esquematico:inst|Block1:inst|paralelo_serie_384b:inst1|shift_reg[144]~607"
    Warning (13310): Register "subsistema2esquematico:inst|Block1:inst|paralelo_serie_384b:inst1|shift_reg[142]" is converted into an equivalent circuit using register "subsistema2esquematico:inst|Block1:inst|paralelo_serie_384b:inst1|shift_reg[142]~_emulated" and latch "subsistema2esquematico:inst|Block1:inst|paralelo_serie_384b:inst1|shift_reg[142]~611"
    Warning (13310): Register "subsistema2esquematico:inst|Block1:inst|paralelo_serie_384b:inst1|shift_reg[141]" is converted into an equivalent circuit using register "subsistema2esquematico:inst|Block1:inst|paralelo_serie_384b:inst1|shift_reg[141]~_emulated" and latch "subsistema2esquematico:inst|Block1:inst|paralelo_serie_384b:inst1|shift_reg[141]~615"
    Warning (13310): Register "subsistema2esquematico:inst|Block1:inst|paralelo_serie_384b:inst1|shift_reg[139]" is converted into an equivalent circuit using register "subsistema2esquematico:inst|Block1:inst|paralelo_serie_384b:inst1|shift_reg[139]~_emulated" and latch "subsistema2esquematico:inst|Block1:inst|paralelo_serie_384b:inst1|shift_reg[139]~619"
    Warning (13310): Register "subsistema2esquematico:inst|Block1:inst|paralelo_serie_384b:inst1|shift_reg[138]" is converted into an equivalent circuit using register "subsistema2esquematico:inst|Block1:inst|paralelo_serie_384b:inst1|shift_reg[138]~_emulated" and latch "subsistema2esquematico:inst|Block1:inst|paralelo_serie_384b:inst1|shift_reg[138]~623"
    Warning (13310): Register "subsistema2esquematico:inst|Block1:inst|paralelo_serie_384b:inst1|shift_reg[137]" is converted into an equivalent circuit using register "subsistema2esquematico:inst|Block1:inst|paralelo_serie_384b:inst1|shift_reg[137]~_emulated" and latch "subsistema2esquematico:inst|Block1:inst|paralelo_serie_384b:inst1|shift_reg[137]~627"
    Warning (13310): Register "subsistema2esquematico:inst|Block1:inst|paralelo_serie_384b:inst1|shift_reg[136]" is converted into an equivalent circuit using register "subsistema2esquematico:inst|Block1:inst|paralelo_serie_384b:inst1|shift_reg[136]~_emulated" and latch "subsistema2esquematico:inst|Block1:inst|paralelo_serie_384b:inst1|shift_reg[136]~631"
    Warning (13310): Register "subsistema2esquematico:inst|Block1:inst|paralelo_serie_384b:inst1|shift_reg[135]" is converted into an equivalent circuit using register "subsistema2esquematico:inst|Block1:inst|paralelo_serie_384b:inst1|shift_reg[135]~_emulated" and latch "subsistema2esquematico:inst|Block1:inst|paralelo_serie_384b:inst1|shift_reg[135]~635"
    Warning (13310): Register "subsistema2esquematico:inst|Block1:inst|paralelo_serie_384b:inst1|shift_reg[134]" is converted into an equivalent circuit using register "subsistema2esquematico:inst|Block1:inst|paralelo_serie_384b:inst1|shift_reg[134]~_emulated" and latch "subsistema2esquematico:inst|Block1:inst|paralelo_serie_384b:inst1|shift_reg[134]~639"
    Warning (13310): Register "subsistema2esquematico:inst|Block1:inst|paralelo_serie_384b:inst1|shift_reg[133]" is converted into an equivalent circuit using register "subsistema2esquematico:inst|Block1:inst|paralelo_serie_384b:inst1|shift_reg[133]~_emulated" and latch "subsistema2esquematico:inst|Block1:inst|paralelo_serie_384b:inst1|shift_reg[133]~643"
    Warning (13310): Register "subsistema2esquematico:inst|Block1:inst|paralelo_serie_384b:inst1|shift_reg[132]" is converted into an equivalent circuit using register "subsistema2esquematico:inst|Block1:inst|paralelo_serie_384b:inst1|shift_reg[132]~_emulated" and latch "subsistema2esquematico:inst|Block1:inst|paralelo_serie_384b:inst1|shift_reg[132]~647"
    Warning (13310): Register "subsistema2esquematico:inst|Block1:inst|paralelo_serie_384b:inst1|shift_reg[131]" is converted into an equivalent circuit using register "subsistema2esquematico:inst|Block1:inst|paralelo_serie_384b:inst1|shift_reg[131]~_emulated" and latch "subsistema2esquematico:inst|Block1:inst|paralelo_serie_384b:inst1|shift_reg[131]~651"
    Warning (13310): Register "subsistema2esquematico:inst|Block1:inst|paralelo_serie_384b:inst1|shift_reg[130]" is converted into an equivalent circuit using register "subsistema2esquematico:inst|Block1:inst|paralelo_serie_384b:inst1|shift_reg[130]~_emulated" and latch "subsistema2esquematico:inst|Block1:inst|paralelo_serie_384b:inst1|shift_reg[130]~655"
    Warning (13310): Register "subsistema2esquematico:inst|Block1:inst|paralelo_serie_384b:inst1|shift_reg[128]" is converted into an equivalent circuit using register "subsistema2esquematico:inst|Block1:inst|paralelo_serie_384b:inst1|shift_reg[128]~_emulated" and latch "subsistema2esquematico:inst|Block1:inst|paralelo_serie_384b:inst1|shift_reg[128]~659"
    Warning (13310): Register "subsistema2esquematico:inst|Block1:inst|paralelo_serie_384b:inst1|shift_reg[126]" is converted into an equivalent circuit using register "subsistema2esquematico:inst|Block1:inst|paralelo_serie_384b:inst1|shift_reg[126]~_emulated" and latch "subsistema2esquematico:inst|Block1:inst|paralelo_serie_384b:inst1|shift_reg[126]~663"
    Warning (13310): Register "subsistema2esquematico:inst|Block1:inst|paralelo_serie_384b:inst1|shift_reg[124]" is converted into an equivalent circuit using register "subsistema2esquematico:inst|Block1:inst|paralelo_serie_384b:inst1|shift_reg[124]~_emulated" and latch "subsistema2esquematico:inst|Block1:inst|paralelo_serie_384b:inst1|shift_reg[124]~667"
    Warning (13310): Register "subsistema2esquematico:inst|Block1:inst|paralelo_serie_384b:inst1|shift_reg[123]" is converted into an equivalent circuit using register "subsistema2esquematico:inst|Block1:inst|paralelo_serie_384b:inst1|shift_reg[123]~_emulated" and latch "subsistema2esquematico:inst|Block1:inst|paralelo_serie_384b:inst1|shift_reg[123]~671"
    Warning (13310): Register "subsistema2esquematico:inst|Block1:inst|paralelo_serie_384b:inst1|shift_reg[122]" is converted into an equivalent circuit using register "subsistema2esquematico:inst|Block1:inst|paralelo_serie_384b:inst1|shift_reg[122]~_emulated" and latch "subsistema2esquematico:inst|Block1:inst|paralelo_serie_384b:inst1|shift_reg[122]~675"
    Warning (13310): Register "subsistema2esquematico:inst|Block1:inst|paralelo_serie_384b:inst1|shift_reg[120]" is converted into an equivalent circuit using register "subsistema2esquematico:inst|Block1:inst|paralelo_serie_384b:inst1|shift_reg[120]~_emulated" and latch "subsistema2esquematico:inst|Block1:inst|paralelo_serie_384b:inst1|shift_reg[120]~679"
    Warning (13310): Register "subsistema2esquematico:inst|Block1:inst|paralelo_serie_384b:inst1|shift_reg[118]" is converted into an equivalent circuit using register "subsistema2esquematico:inst|Block1:inst|paralelo_serie_384b:inst1|shift_reg[118]~_emulated" and latch "subsistema2esquematico:inst|Block1:inst|paralelo_serie_384b:inst1|shift_reg[118]~683"
    Warning (13310): Register "subsistema2esquematico:inst|Block1:inst|paralelo_serie_384b:inst1|shift_reg[117]" is converted into an equivalent circuit using register "subsistema2esquematico:inst|Block1:inst|paralelo_serie_384b:inst1|shift_reg[117]~_emulated" and latch "subsistema2esquematico:inst|Block1:inst|paralelo_serie_384b:inst1|shift_reg[117]~687"
    Warning (13310): Register "subsistema2esquematico:inst|Block1:inst|paralelo_serie_384b:inst1|shift_reg[115]" is converted into an equivalent circuit using register "subsistema2esquematico:inst|Block1:inst|paralelo_serie_384b:inst1|shift_reg[115]~_emulated" and latch "subsistema2esquematico:inst|Block1:inst|paralelo_serie_384b:inst1|shift_reg[115]~691"
    Warning (13310): Register "subsistema2esquematico:inst|Block1:inst|paralelo_serie_384b:inst1|shift_reg[114]" is converted into an equivalent circuit using register "subsistema2esquematico:inst|Block1:inst|paralelo_serie_384b:inst1|shift_reg[114]~_emulated" and latch "subsistema2esquematico:inst|Block1:inst|paralelo_serie_384b:inst1|shift_reg[114]~695"
    Warning (13310): Register "subsistema2esquematico:inst|Block1:inst|paralelo_serie_384b:inst1|shift_reg[113]" is converted into an equivalent circuit using register "subsistema2esquematico:inst|Block1:inst|paralelo_serie_384b:inst1|shift_reg[113]~_emulated" and latch "subsistema2esquematico:inst|Block1:inst|paralelo_serie_384b:inst1|shift_reg[113]~699"
    Warning (13310): Register "subsistema2esquematico:inst|Block1:inst|paralelo_serie_384b:inst1|shift_reg[112]" is converted into an equivalent circuit using register "subsistema2esquematico:inst|Block1:inst|paralelo_serie_384b:inst1|shift_reg[112]~_emulated" and latch "subsistema2esquematico:inst|Block1:inst|paralelo_serie_384b:inst1|shift_reg[112]~703"
    Warning (13310): Register "subsistema2esquematico:inst|Block1:inst|paralelo_serie_384b:inst1|shift_reg[111]" is converted into an equivalent circuit using register "subsistema2esquematico:inst|Block1:inst|paralelo_serie_384b:inst1|shift_reg[111]~_emulated" and latch "subsistema2esquematico:inst|Block1:inst|paralelo_serie_384b:inst1|shift_reg[111]~707"
    Warning (13310): Register "subsistema2esquematico:inst|Block1:inst|paralelo_serie_384b:inst1|shift_reg[110]" is converted into an equivalent circuit using register "subsistema2esquematico:inst|Block1:inst|paralelo_serie_384b:inst1|shift_reg[110]~_emulated" and latch "subsistema2esquematico:inst|Block1:inst|paralelo_serie_384b:inst1|shift_reg[110]~711"
    Warning (13310): Register "subsistema2esquematico:inst|Block1:inst|paralelo_serie_384b:inst1|shift_reg[109]" is converted into an equivalent circuit using register "subsistema2esquematico:inst|Block1:inst|paralelo_serie_384b:inst1|shift_reg[109]~_emulated" and latch "subsistema2esquematico:inst|Block1:inst|paralelo_serie_384b:inst1|shift_reg[109]~715"
    Warning (13310): Register "subsistema2esquematico:inst|Block1:inst|paralelo_serie_384b:inst1|shift_reg[108]" is converted into an equivalent circuit using register "subsistema2esquematico:inst|Block1:inst|paralelo_serie_384b:inst1|shift_reg[108]~_emulated" and latch "subsistema2esquematico:inst|Block1:inst|paralelo_serie_384b:inst1|shift_reg[108]~719"
    Warning (13310): Register "subsistema2esquematico:inst|Block1:inst|paralelo_serie_384b:inst1|shift_reg[107]" is converted into an equivalent circuit using register "subsistema2esquematico:inst|Block1:inst|paralelo_serie_384b:inst1|shift_reg[107]~_emulated" and latch "subsistema2esquematico:inst|Block1:inst|paralelo_serie_384b:inst1|shift_reg[107]~723"
    Warning (13310): Register "subsistema2esquematico:inst|Block1:inst|paralelo_serie_384b:inst1|shift_reg[106]" is converted into an equivalent circuit using register "subsistema2esquematico:inst|Block1:inst|paralelo_serie_384b:inst1|shift_reg[106]~_emulated" and latch "subsistema2esquematico:inst|Block1:inst|paralelo_serie_384b:inst1|shift_reg[106]~727"
    Warning (13310): Register "subsistema2esquematico:inst|Block1:inst|paralelo_serie_384b:inst1|shift_reg[104]" is converted into an equivalent circuit using register "subsistema2esquematico:inst|Block1:inst|paralelo_serie_384b:inst1|shift_reg[104]~_emulated" and latch "subsistema2esquematico:inst|Block1:inst|paralelo_serie_384b:inst1|shift_reg[104]~731"
    Warning (13310): Register "subsistema2esquematico:inst|Block1:inst|paralelo_serie_384b:inst1|shift_reg[102]" is converted into an equivalent circuit using register "subsistema2esquematico:inst|Block1:inst|paralelo_serie_384b:inst1|shift_reg[102]~_emulated" and latch "subsistema2esquematico:inst|Block1:inst|paralelo_serie_384b:inst1|shift_reg[102]~735"
    Warning (13310): Register "subsistema2esquematico:inst|Block1:inst|paralelo_serie_384b:inst1|shift_reg[100]" is converted into an equivalent circuit using register "subsistema2esquematico:inst|Block1:inst|paralelo_serie_384b:inst1|shift_reg[100]~_emulated" and latch "subsistema2esquematico:inst|Block1:inst|paralelo_serie_384b:inst1|shift_reg[100]~739"
    Warning (13310): Register "subsistema2esquematico:inst|Block1:inst|paralelo_serie_384b:inst1|shift_reg[99]" is converted into an equivalent circuit using register "subsistema2esquematico:inst|Block1:inst|paralelo_serie_384b:inst1|shift_reg[99]~_emulated" and latch "subsistema2esquematico:inst|Block1:inst|paralelo_serie_384b:inst1|shift_reg[99]~743"
    Warning (13310): Register "subsistema2esquematico:inst|Block1:inst|paralelo_serie_384b:inst1|shift_reg[98]" is converted into an equivalent circuit using register "subsistema2esquematico:inst|Block1:inst|paralelo_serie_384b:inst1|shift_reg[98]~_emulated" and latch "subsistema2esquematico:inst|Block1:inst|paralelo_serie_384b:inst1|shift_reg[98]~747"
    Warning (13310): Register "subsistema2esquematico:inst|Block1:inst|paralelo_serie_384b:inst1|shift_reg[96]" is converted into an equivalent circuit using register "subsistema2esquematico:inst|Block1:inst|paralelo_serie_384b:inst1|shift_reg[96]~_emulated" and latch "subsistema2esquematico:inst|Block1:inst|paralelo_serie_384b:inst1|shift_reg[96]~751"
    Warning (13310): Register "subsistema2esquematico:inst|Block1:inst|paralelo_serie_384b:inst1|shift_reg[94]" is converted into an equivalent circuit using register "subsistema2esquematico:inst|Block1:inst|paralelo_serie_384b:inst1|shift_reg[94]~_emulated" and latch "subsistema2esquematico:inst|Block1:inst|paralelo_serie_384b:inst1|shift_reg[94]~755"
    Warning (13310): Register "subsistema2esquematico:inst|Block1:inst|paralelo_serie_384b:inst1|shift_reg[93]" is converted into an equivalent circuit using register "subsistema2esquematico:inst|Block1:inst|paralelo_serie_384b:inst1|shift_reg[93]~_emulated" and latch "subsistema2esquematico:inst|Block1:inst|paralelo_serie_384b:inst1|shift_reg[93]~759"
    Warning (13310): Register "subsistema2esquematico:inst|Block1:inst|paralelo_serie_384b:inst1|shift_reg[91]" is converted into an equivalent circuit using register "subsistema2esquematico:inst|Block1:inst|paralelo_serie_384b:inst1|shift_reg[91]~_emulated" and latch "subsistema2esquematico:inst|Block1:inst|paralelo_serie_384b:inst1|shift_reg[91]~763"
    Warning (13310): Register "subsistema2esquematico:inst|Block1:inst|paralelo_serie_384b:inst1|shift_reg[90]" is converted into an equivalent circuit using register "subsistema2esquematico:inst|Block1:inst|paralelo_serie_384b:inst1|shift_reg[90]~_emulated" and latch "subsistema2esquematico:inst|Block1:inst|paralelo_serie_384b:inst1|shift_reg[90]~767"
    Warning (13310): Register "subsistema2esquematico:inst|Block1:inst|paralelo_serie_384b:inst1|shift_reg[89]" is converted into an equivalent circuit using register "subsistema2esquematico:inst|Block1:inst|paralelo_serie_384b:inst1|shift_reg[89]~_emulated" and latch "subsistema2esquematico:inst|Block1:inst|paralelo_serie_384b:inst1|shift_reg[89]~771"
    Warning (13310): Register "subsistema2esquematico:inst|Block1:inst|paralelo_serie_384b:inst1|shift_reg[88]" is converted into an equivalent circuit using register "subsistema2esquematico:inst|Block1:inst|paralelo_serie_384b:inst1|shift_reg[88]~_emulated" and latch "subsistema2esquematico:inst|Block1:inst|paralelo_serie_384b:inst1|shift_reg[88]~775"
    Warning (13310): Register "subsistema2esquematico:inst|Block1:inst|paralelo_serie_384b:inst1|shift_reg[87]" is converted into an equivalent circuit using register "subsistema2esquematico:inst|Block1:inst|paralelo_serie_384b:inst1|shift_reg[87]~_emulated" and latch "subsistema2esquematico:inst|Block1:inst|paralelo_serie_384b:inst1|shift_reg[87]~779"
    Warning (13310): Register "subsistema2esquematico:inst|Block1:inst|paralelo_serie_384b:inst1|shift_reg[86]" is converted into an equivalent circuit using register "subsistema2esquematico:inst|Block1:inst|paralelo_serie_384b:inst1|shift_reg[86]~_emulated" and latch "subsistema2esquematico:inst|Block1:inst|paralelo_serie_384b:inst1|shift_reg[86]~783"
    Warning (13310): Register "subsistema2esquematico:inst|Block1:inst|paralelo_serie_384b:inst1|shift_reg[85]" is converted into an equivalent circuit using register "subsistema2esquematico:inst|Block1:inst|paralelo_serie_384b:inst1|shift_reg[85]~_emulated" and latch "subsistema2esquematico:inst|Block1:inst|paralelo_serie_384b:inst1|shift_reg[85]~787"
    Warning (13310): Register "subsistema2esquematico:inst|Block1:inst|paralelo_serie_384b:inst1|shift_reg[84]" is converted into an equivalent circuit using register "subsistema2esquematico:inst|Block1:inst|paralelo_serie_384b:inst1|shift_reg[84]~_emulated" and latch "subsistema2esquematico:inst|Block1:inst|paralelo_serie_384b:inst1|shift_reg[84]~791"
    Warning (13310): Register "subsistema2esquematico:inst|Block1:inst|paralelo_serie_384b:inst1|shift_reg[80]" is converted into an equivalent circuit using register "subsistema2esquematico:inst|Block1:inst|paralelo_serie_384b:inst1|shift_reg[80]~_emulated" and latch "subsistema2esquematico:inst|Block1:inst|paralelo_serie_384b:inst1|shift_reg[80]~795"
    Warning (13310): Register "subsistema2esquematico:inst|Block1:inst|paralelo_serie_384b:inst1|shift_reg[78]" is converted into an equivalent circuit using register "subsistema2esquematico:inst|Block1:inst|paralelo_serie_384b:inst1|shift_reg[78]~_emulated" and latch "subsistema2esquematico:inst|Block1:inst|paralelo_serie_384b:inst1|shift_reg[78]~799"
    Warning (13310): Register "subsistema2esquematico:inst|Block1:inst|paralelo_serie_384b:inst1|shift_reg[76]" is converted into an equivalent circuit using register "subsistema2esquematico:inst|Block1:inst|paralelo_serie_384b:inst1|shift_reg[76]~_emulated" and latch "subsistema2esquematico:inst|Block1:inst|paralelo_serie_384b:inst1|shift_reg[76]~803"
    Warning (13310): Register "subsistema2esquematico:inst|Block1:inst|paralelo_serie_384b:inst1|shift_reg[75]" is converted into an equivalent circuit using register "subsistema2esquematico:inst|Block1:inst|paralelo_serie_384b:inst1|shift_reg[75]~_emulated" and latch "subsistema2esquematico:inst|Block1:inst|paralelo_serie_384b:inst1|shift_reg[75]~807"
    Warning (13310): Register "subsistema2esquematico:inst|Block1:inst|paralelo_serie_384b:inst1|shift_reg[74]" is converted into an equivalent circuit using register "subsistema2esquematico:inst|Block1:inst|paralelo_serie_384b:inst1|shift_reg[74]~_emulated" and latch "subsistema2esquematico:inst|Block1:inst|paralelo_serie_384b:inst1|shift_reg[74]~811"
    Warning (13310): Register "subsistema2esquematico:inst|Block1:inst|paralelo_serie_384b:inst1|shift_reg[72]" is converted into an equivalent circuit using register "subsistema2esquematico:inst|Block1:inst|paralelo_serie_384b:inst1|shift_reg[72]~_emulated" and latch "subsistema2esquematico:inst|Block1:inst|paralelo_serie_384b:inst1|shift_reg[72]~815"
    Warning (13310): Register "subsistema2esquematico:inst|Block1:inst|paralelo_serie_384b:inst1|shift_reg[70]" is converted into an equivalent circuit using register "subsistema2esquematico:inst|Block1:inst|paralelo_serie_384b:inst1|shift_reg[70]~_emulated" and latch "subsistema2esquematico:inst|Block1:inst|paralelo_serie_384b:inst1|shift_reg[70]~819"
    Warning (13310): Register "subsistema2esquematico:inst|Block1:inst|paralelo_serie_384b:inst1|shift_reg[69]" is converted into an equivalent circuit using register "subsistema2esquematico:inst|Block1:inst|paralelo_serie_384b:inst1|shift_reg[69]~_emulated" and latch "subsistema2esquematico:inst|Block1:inst|paralelo_serie_384b:inst1|shift_reg[69]~823"
    Warning (13310): Register "subsistema2esquematico:inst|Block1:inst|paralelo_serie_384b:inst1|shift_reg[67]" is converted into an equivalent circuit using register "subsistema2esquematico:inst|Block1:inst|paralelo_serie_384b:inst1|shift_reg[67]~_emulated" and latch "subsistema2esquematico:inst|Block1:inst|paralelo_serie_384b:inst1|shift_reg[67]~827"
    Warning (13310): Register "subsistema2esquematico:inst|Block1:inst|paralelo_serie_384b:inst1|shift_reg[66]" is converted into an equivalent circuit using register "subsistema2esquematico:inst|Block1:inst|paralelo_serie_384b:inst1|shift_reg[66]~_emulated" and latch "subsistema2esquematico:inst|Block1:inst|paralelo_serie_384b:inst1|shift_reg[66]~831"
    Warning (13310): Register "subsistema2esquematico:inst|Block1:inst|paralelo_serie_384b:inst1|shift_reg[65]" is converted into an equivalent circuit using register "subsistema2esquematico:inst|Block1:inst|paralelo_serie_384b:inst1|shift_reg[65]~_emulated" and latch "subsistema2esquematico:inst|Block1:inst|paralelo_serie_384b:inst1|shift_reg[65]~835"
    Warning (13310): Register "subsistema2esquematico:inst|Block1:inst|paralelo_serie_384b:inst1|shift_reg[64]" is converted into an equivalent circuit using register "subsistema2esquematico:inst|Block1:inst|paralelo_serie_384b:inst1|shift_reg[64]~_emulated" and latch "subsistema2esquematico:inst|Block1:inst|paralelo_serie_384b:inst1|shift_reg[64]~839"
    Warning (13310): Register "subsistema2esquematico:inst|Block1:inst|paralelo_serie_384b:inst1|shift_reg[63]" is converted into an equivalent circuit using register "subsistema2esquematico:inst|Block1:inst|paralelo_serie_384b:inst1|shift_reg[63]~_emulated" and latch "subsistema2esquematico:inst|Block1:inst|paralelo_serie_384b:inst1|shift_reg[63]~843"
    Warning (13310): Register "subsistema2esquematico:inst|Block1:inst|paralelo_serie_384b:inst1|shift_reg[62]" is converted into an equivalent circuit using register "subsistema2esquematico:inst|Block1:inst|paralelo_serie_384b:inst1|shift_reg[62]~_emulated" and latch "subsistema2esquematico:inst|Block1:inst|paralelo_serie_384b:inst1|shift_reg[62]~847"
    Warning (13310): Register "subsistema2esquematico:inst|Block1:inst|paralelo_serie_384b:inst1|shift_reg[61]" is converted into an equivalent circuit using register "subsistema2esquematico:inst|Block1:inst|paralelo_serie_384b:inst1|shift_reg[61]~_emulated" and latch "subsistema2esquematico:inst|Block1:inst|paralelo_serie_384b:inst1|shift_reg[61]~851"
    Warning (13310): Register "subsistema2esquematico:inst|Block1:inst|paralelo_serie_384b:inst1|shift_reg[60]" is converted into an equivalent circuit using register "subsistema2esquematico:inst|Block1:inst|paralelo_serie_384b:inst1|shift_reg[60]~_emulated" and latch "subsistema2esquematico:inst|Block1:inst|paralelo_serie_384b:inst1|shift_reg[60]~855"
    Warning (13310): Register "subsistema2esquematico:inst|Block1:inst|paralelo_serie_384b:inst1|shift_reg[59]" is converted into an equivalent circuit using register "subsistema2esquematico:inst|Block1:inst|paralelo_serie_384b:inst1|shift_reg[59]~_emulated" and latch "subsistema2esquematico:inst|Block1:inst|paralelo_serie_384b:inst1|shift_reg[59]~859"
    Warning (13310): Register "subsistema2esquematico:inst|Block1:inst|paralelo_serie_384b:inst1|shift_reg[58]" is converted into an equivalent circuit using register "subsistema2esquematico:inst|Block1:inst|paralelo_serie_384b:inst1|shift_reg[58]~_emulated" and latch "subsistema2esquematico:inst|Block1:inst|paralelo_serie_384b:inst1|shift_reg[58]~863"
    Warning (13310): Register "subsistema2esquematico:inst|Block1:inst|paralelo_serie_384b:inst1|shift_reg[56]" is converted into an equivalent circuit using register "subsistema2esquematico:inst|Block1:inst|paralelo_serie_384b:inst1|shift_reg[56]~_emulated" and latch "subsistema2esquematico:inst|Block1:inst|paralelo_serie_384b:inst1|shift_reg[56]~867"
    Warning (13310): Register "subsistema2esquematico:inst|Block1:inst|paralelo_serie_384b:inst1|shift_reg[54]" is converted into an equivalent circuit using register "subsistema2esquematico:inst|Block1:inst|paralelo_serie_384b:inst1|shift_reg[54]~_emulated" and latch "subsistema2esquematico:inst|Block1:inst|paralelo_serie_384b:inst1|shift_reg[54]~871"
    Warning (13310): Register "subsistema2esquematico:inst|Block1:inst|paralelo_serie_384b:inst1|shift_reg[52]" is converted into an equivalent circuit using register "subsistema2esquematico:inst|Block1:inst|paralelo_serie_384b:inst1|shift_reg[52]~_emulated" and latch "subsistema2esquematico:inst|Block1:inst|paralelo_serie_384b:inst1|shift_reg[52]~875"
    Warning (13310): Register "subsistema2esquematico:inst|Block1:inst|paralelo_serie_384b:inst1|shift_reg[51]" is converted into an equivalent circuit using register "subsistema2esquematico:inst|Block1:inst|paralelo_serie_384b:inst1|shift_reg[51]~_emulated" and latch "subsistema2esquematico:inst|Block1:inst|paralelo_serie_384b:inst1|shift_reg[51]~879"
    Warning (13310): Register "subsistema2esquematico:inst|Block1:inst|paralelo_serie_384b:inst1|shift_reg[50]" is converted into an equivalent circuit using register "subsistema2esquematico:inst|Block1:inst|paralelo_serie_384b:inst1|shift_reg[50]~_emulated" and latch "subsistema2esquematico:inst|Block1:inst|paralelo_serie_384b:inst1|shift_reg[50]~883"
    Warning (13310): Register "subsistema2esquematico:inst|Block1:inst|paralelo_serie_384b:inst1|shift_reg[48]" is converted into an equivalent circuit using register "subsistema2esquematico:inst|Block1:inst|paralelo_serie_384b:inst1|shift_reg[48]~_emulated" and latch "subsistema2esquematico:inst|Block1:inst|paralelo_serie_384b:inst1|shift_reg[48]~887"
    Warning (13310): Register "subsistema2esquematico:inst|Block1:inst|paralelo_serie_384b:inst1|shift_reg[46]" is converted into an equivalent circuit using register "subsistema2esquematico:inst|Block1:inst|paralelo_serie_384b:inst1|shift_reg[46]~_emulated" and latch "subsistema2esquematico:inst|Block1:inst|paralelo_serie_384b:inst1|shift_reg[46]~891"
    Warning (13310): Register "subsistema2esquematico:inst|Block1:inst|paralelo_serie_384b:inst1|shift_reg[45]" is converted into an equivalent circuit using register "subsistema2esquematico:inst|Block1:inst|paralelo_serie_384b:inst1|shift_reg[45]~_emulated" and latch "subsistema2esquematico:inst|Block1:inst|paralelo_serie_384b:inst1|shift_reg[45]~895"
    Warning (13310): Register "subsistema2esquematico:inst|Block1:inst|paralelo_serie_384b:inst1|shift_reg[43]" is converted into an equivalent circuit using register "subsistema2esquematico:inst|Block1:inst|paralelo_serie_384b:inst1|shift_reg[43]~_emulated" and latch "subsistema2esquematico:inst|Block1:inst|paralelo_serie_384b:inst1|shift_reg[43]~899"
    Warning (13310): Register "subsistema2esquematico:inst|Block1:inst|paralelo_serie_384b:inst1|shift_reg[42]" is converted into an equivalent circuit using register "subsistema2esquematico:inst|Block1:inst|paralelo_serie_384b:inst1|shift_reg[42]~_emulated" and latch "subsistema2esquematico:inst|Block1:inst|paralelo_serie_384b:inst1|shift_reg[42]~903"
    Warning (13310): Register "subsistema2esquematico:inst|Block1:inst|paralelo_serie_384b:inst1|shift_reg[41]" is converted into an equivalent circuit using register "subsistema2esquematico:inst|Block1:inst|paralelo_serie_384b:inst1|shift_reg[41]~_emulated" and latch "subsistema2esquematico:inst|Block1:inst|paralelo_serie_384b:inst1|shift_reg[41]~907"
    Warning (13310): Register "subsistema2esquematico:inst|Block1:inst|paralelo_serie_384b:inst1|shift_reg[40]" is converted into an equivalent circuit using register "subsistema2esquematico:inst|Block1:inst|paralelo_serie_384b:inst1|shift_reg[40]~_emulated" and latch "subsistema2esquematico:inst|Block1:inst|paralelo_serie_384b:inst1|shift_reg[40]~911"
    Warning (13310): Register "subsistema2esquematico:inst|Block1:inst|paralelo_serie_384b:inst1|shift_reg[39]" is converted into an equivalent circuit using register "subsistema2esquematico:inst|Block1:inst|paralelo_serie_384b:inst1|shift_reg[39]~_emulated" and latch "subsistema2esquematico:inst|Block1:inst|paralelo_serie_384b:inst1|shift_reg[39]~915"
    Warning (13310): Register "subsistema2esquematico:inst|Block1:inst|paralelo_serie_384b:inst1|shift_reg[38]" is converted into an equivalent circuit using register "subsistema2esquematico:inst|Block1:inst|paralelo_serie_384b:inst1|shift_reg[38]~_emulated" and latch "subsistema2esquematico:inst|Block1:inst|paralelo_serie_384b:inst1|shift_reg[38]~919"
    Warning (13310): Register "subsistema2esquematico:inst|Block1:inst|paralelo_serie_384b:inst1|shift_reg[37]" is converted into an equivalent circuit using register "subsistema2esquematico:inst|Block1:inst|paralelo_serie_384b:inst1|shift_reg[37]~_emulated" and latch "subsistema2esquematico:inst|Block1:inst|paralelo_serie_384b:inst1|shift_reg[37]~923"
    Warning (13310): Register "subsistema2esquematico:inst|Block1:inst|paralelo_serie_384b:inst1|shift_reg[36]" is converted into an equivalent circuit using register "subsistema2esquematico:inst|Block1:inst|paralelo_serie_384b:inst1|shift_reg[36]~_emulated" and latch "subsistema2esquematico:inst|Block1:inst|paralelo_serie_384b:inst1|shift_reg[36]~927"
    Warning (13310): Register "subsistema2esquematico:inst|Block1:inst|paralelo_serie_384b:inst1|shift_reg[35]" is converted into an equivalent circuit using register "subsistema2esquematico:inst|Block1:inst|paralelo_serie_384b:inst1|shift_reg[35]~_emulated" and latch "subsistema2esquematico:inst|Block1:inst|paralelo_serie_384b:inst1|shift_reg[35]~931"
    Warning (13310): Register "subsistema2esquematico:inst|Block1:inst|paralelo_serie_384b:inst1|shift_reg[34]" is converted into an equivalent circuit using register "subsistema2esquematico:inst|Block1:inst|paralelo_serie_384b:inst1|shift_reg[34]~_emulated" and latch "subsistema2esquematico:inst|Block1:inst|paralelo_serie_384b:inst1|shift_reg[34]~935"
    Warning (13310): Register "subsistema2esquematico:inst|Block1:inst|paralelo_serie_384b:inst1|shift_reg[32]" is converted into an equivalent circuit using register "subsistema2esquematico:inst|Block1:inst|paralelo_serie_384b:inst1|shift_reg[32]~_emulated" and latch "subsistema2esquematico:inst|Block1:inst|paralelo_serie_384b:inst1|shift_reg[32]~939"
    Warning (13310): Register "subsistema2esquematico:inst|Block1:inst|paralelo_serie_384b:inst1|shift_reg[30]" is converted into an equivalent circuit using register "subsistema2esquematico:inst|Block1:inst|paralelo_serie_384b:inst1|shift_reg[30]~_emulated" and latch "subsistema2esquematico:inst|Block1:inst|paralelo_serie_384b:inst1|shift_reg[30]~943"
    Warning (13310): Register "subsistema2esquematico:inst|Block1:inst|paralelo_serie_384b:inst1|shift_reg[28]" is converted into an equivalent circuit using register "subsistema2esquematico:inst|Block1:inst|paralelo_serie_384b:inst1|shift_reg[28]~_emulated" and latch "subsistema2esquematico:inst|Block1:inst|paralelo_serie_384b:inst1|shift_reg[28]~947"
    Warning (13310): Register "subsistema2esquematico:inst|Block1:inst|paralelo_serie_384b:inst1|shift_reg[27]" is converted into an equivalent circuit using register "subsistema2esquematico:inst|Block1:inst|paralelo_serie_384b:inst1|shift_reg[27]~_emulated" and latch "subsistema2esquematico:inst|Block1:inst|paralelo_serie_384b:inst1|shift_reg[27]~951"
    Warning (13310): Register "subsistema2esquematico:inst|Block1:inst|paralelo_serie_384b:inst1|shift_reg[26]" is converted into an equivalent circuit using register "subsistema2esquematico:inst|Block1:inst|paralelo_serie_384b:inst1|shift_reg[26]~_emulated" and latch "subsistema2esquematico:inst|Block1:inst|paralelo_serie_384b:inst1|shift_reg[26]~955"
    Warning (13310): Register "subsistema2esquematico:inst|Block1:inst|paralelo_serie_384b:inst1|shift_reg[24]" is converted into an equivalent circuit using register "subsistema2esquematico:inst|Block1:inst|paralelo_serie_384b:inst1|shift_reg[24]~_emulated" and latch "subsistema2esquematico:inst|Block1:inst|paralelo_serie_384b:inst1|shift_reg[24]~959"
    Warning (13310): Register "subsistema2esquematico:inst|Block1:inst|paralelo_serie_384b:inst1|shift_reg[22]" is converted into an equivalent circuit using register "subsistema2esquematico:inst|Block1:inst|paralelo_serie_384b:inst1|shift_reg[22]~_emulated" and latch "subsistema2esquematico:inst|Block1:inst|paralelo_serie_384b:inst1|shift_reg[22]~963"
    Warning (13310): Register "subsistema2esquematico:inst|Block1:inst|paralelo_serie_384b:inst1|shift_reg[21]" is converted into an equivalent circuit using register "subsistema2esquematico:inst|Block1:inst|paralelo_serie_384b:inst1|shift_reg[21]~_emulated" and latch "subsistema2esquematico:inst|Block1:inst|paralelo_serie_384b:inst1|shift_reg[21]~967"
    Warning (13310): Register "subsistema2esquematico:inst|Block1:inst|paralelo_serie_384b:inst1|shift_reg[19]" is converted into an equivalent circuit using register "subsistema2esquematico:inst|Block1:inst|paralelo_serie_384b:inst1|shift_reg[19]~_emulated" and latch "subsistema2esquematico:inst|Block1:inst|paralelo_serie_384b:inst1|shift_reg[19]~971"
    Warning (13310): Register "subsistema2esquematico:inst|Block1:inst|paralelo_serie_384b:inst1|shift_reg[18]" is converted into an equivalent circuit using register "subsistema2esquematico:inst|Block1:inst|paralelo_serie_384b:inst1|shift_reg[18]~_emulated" and latch "subsistema2esquematico:inst|Block1:inst|paralelo_serie_384b:inst1|shift_reg[18]~975"
    Warning (13310): Register "subsistema2esquematico:inst|Block1:inst|paralelo_serie_384b:inst1|shift_reg[17]" is converted into an equivalent circuit using register "subsistema2esquematico:inst|Block1:inst|paralelo_serie_384b:inst1|shift_reg[17]~_emulated" and latch "subsistema2esquematico:inst|Block1:inst|paralelo_serie_384b:inst1|shift_reg[17]~979"
    Warning (13310): Register "subsistema2esquematico:inst|Block1:inst|paralelo_serie_384b:inst1|shift_reg[16]" is converted into an equivalent circuit using register "subsistema2esquematico:inst|Block1:inst|paralelo_serie_384b:inst1|shift_reg[16]~_emulated" and latch "subsistema2esquematico:inst|Block1:inst|paralelo_serie_384b:inst1|shift_reg[16]~983"
    Warning (13310): Register "subsistema2esquematico:inst|Block1:inst|paralelo_serie_384b:inst1|shift_reg[15]" is converted into an equivalent circuit using register "subsistema2esquematico:inst|Block1:inst|paralelo_serie_384b:inst1|shift_reg[15]~_emulated" and latch "subsistema2esquematico:inst|Block1:inst|paralelo_serie_384b:inst1|shift_reg[15]~987"
    Warning (13310): Register "subsistema2esquematico:inst|Block1:inst|paralelo_serie_384b:inst1|shift_reg[14]" is converted into an equivalent circuit using register "subsistema2esquematico:inst|Block1:inst|paralelo_serie_384b:inst1|shift_reg[14]~_emulated" and latch "subsistema2esquematico:inst|Block1:inst|paralelo_serie_384b:inst1|shift_reg[14]~991"
    Warning (13310): Register "subsistema2esquematico:inst|Block1:inst|paralelo_serie_384b:inst1|shift_reg[13]" is converted into an equivalent circuit using register "subsistema2esquematico:inst|Block1:inst|paralelo_serie_384b:inst1|shift_reg[13]~_emulated" and latch "subsistema2esquematico:inst|Block1:inst|paralelo_serie_384b:inst1|shift_reg[13]~995"
    Warning (13310): Register "subsistema2esquematico:inst|Block1:inst|paralelo_serie_384b:inst1|shift_reg[12]" is converted into an equivalent circuit using register "subsistema2esquematico:inst|Block1:inst|paralelo_serie_384b:inst1|shift_reg[12]~_emulated" and latch "subsistema2esquematico:inst|Block1:inst|paralelo_serie_384b:inst1|shift_reg[12]~999"
    Warning (13310): Register "subsistema2esquematico:inst|Block1:inst|paralelo_serie_384b:inst1|shift_reg[11]" is converted into an equivalent circuit using register "subsistema2esquematico:inst|Block1:inst|paralelo_serie_384b:inst1|shift_reg[11]~_emulated" and latch "subsistema2esquematico:inst|Block1:inst|paralelo_serie_384b:inst1|shift_reg[11]~1003"
    Warning (13310): Register "subsistema2esquematico:inst|Block1:inst|paralelo_serie_384b:inst1|shift_reg[10]" is converted into an equivalent circuit using register "subsistema2esquematico:inst|Block1:inst|paralelo_serie_384b:inst1|shift_reg[10]~_emulated" and latch "subsistema2esquematico:inst|Block1:inst|paralelo_serie_384b:inst1|shift_reg[10]~1007"
    Warning (13310): Register "subsistema2esquematico:inst|Block1:inst|paralelo_serie_384b:inst1|shift_reg[8]" is converted into an equivalent circuit using register "subsistema2esquematico:inst|Block1:inst|paralelo_serie_384b:inst1|shift_reg[8]~_emulated" and latch "subsistema2esquematico:inst|Block1:inst|paralelo_serie_384b:inst1|shift_reg[8]~1011"
    Warning (13310): Register "subsistema2esquematico:inst|Block1:inst|paralelo_serie_384b:inst1|shift_reg[6]" is converted into an equivalent circuit using register "subsistema2esquematico:inst|Block1:inst|paralelo_serie_384b:inst1|shift_reg[6]~_emulated" and latch "subsistema2esquematico:inst|Block1:inst|paralelo_serie_384b:inst1|shift_reg[6]~1015"
    Warning (13310): Register "subsistema2esquematico:inst|Block1:inst|paralelo_serie_384b:inst1|shift_reg[4]" is converted into an equivalent circuit using register "subsistema2esquematico:inst|Block1:inst|paralelo_serie_384b:inst1|shift_reg[4]~_emulated" and latch "subsistema2esquematico:inst|Block1:inst|paralelo_serie_384b:inst1|shift_reg[4]~1019"
    Warning (13310): Register "subsistema2esquematico:inst|Block1:inst|paralelo_serie_384b:inst1|shift_reg[3]" is converted into an equivalent circuit using register "subsistema2esquematico:inst|Block1:inst|paralelo_serie_384b:inst1|shift_reg[3]~_emulated" and latch "subsistema2esquematico:inst|Block1:inst|paralelo_serie_384b:inst1|shift_reg[3]~1023"
    Warning (13310): Register "subsistema2esquematico:inst|Block1:inst|paralelo_serie_384b:inst1|shift_reg[2]" is converted into an equivalent circuit using register "subsistema2esquematico:inst|Block1:inst|paralelo_serie_384b:inst1|shift_reg[2]~_emulated" and latch "subsistema2esquematico:inst|Block1:inst|paralelo_serie_384b:inst1|shift_reg[2]~1027"
    Warning (13310): Register "subsistema2esquematico:inst|Block1:inst|paralelo_serie_384b:inst1|shift_reg[0]" is converted into an equivalent circuit using register "subsistema2esquematico:inst|Block1:inst|paralelo_serie_384b:inst1|shift_reg[0]~_emulated" and latch "subsistema2esquematico:inst|Block1:inst|paralelo_serie_384b:inst1|shift_reg[0]~1031"
Warning (13024): Output pins are stuck at VCC or GND
    Warning (13410): Pin "modo" is stuck at GND
Info (286030): Timing-Driven Synthesis is running
Info (17049): 1 registers lost all their fanouts during netlist optimizations.
Info (16010): Generating hard_block partition "hard_block:auto_generated_inst"
    Info (16011): Adding 1 node(s), including 0 DDIO, 1 PLL, 0 transceiver and 0 LCELL
Warning (15899): PLL "subsistema2esquematico:inst|Block1:inst|altpll0:inst|altpll:altpll_component|altpll0_altpll:auto_generated|pll1" has parameters clk3_multiply_by and clk3_divide_by specified but port CLK[3] is not connected
Info (21057): Implemented 1528 device resources after synthesis - the final resource count might be different
    Info (21058): Implemented 5 input pins
    Info (21059): Implemented 15 output pins
    Info (21061): Implemented 1507 logic cells
    Info (21065): Implemented 1 PLLs
Info: Quartus II 64-Bit Analysis & Synthesis was successful. 0 errors, 292 warnings
    Info: Peak virtual memory: 4633 megabytes
    Info: Processing ended: Tue Dec 09 21:49:05 2025
    Info: Elapsed time: 00:00:09
    Info: Total CPU time (on all processors): 00:00:08


