$comment
	File created using the following command:
		vcd file prubaleds.msim.vcd -direction
$end
$date
	Wed Nov 26 15:34:56 2025
$end
$version
	ModelSim Version 10.1d
$end
$timescale
	1ps
$end
$scope module Block1_vlg_vec_tst $end
$var reg 1 ! inclk0 $end
$var reg 1 " load $end
$var wire 1 # locked $end
$var wire 1 $ pin_name1 $end
$var wire 1 % Y $end
$var wire 1 & sampler $end
$scope module i1 $end
$var wire 1 ' gnd $end
$var wire 1 ( vcc $end
$var wire 1 ) unknown $end
$var tri1 1 * devclrn $end
$var tri1 1 + devpor $end
$var tri1 1 , devoe $end
$var wire 1 - inst12|count[1]~11_combout $end
$var wire 1 . inst12|count[3]~15_combout $end
$var wire 1 / inst12|count[4]~17_combout $end
$var wire 1 0 inst12|pulso~0_combout $end
$var wire 1 1 inst12|pulso~1_combout $end
$var wire 1 2 inst12|pulso~2_combout $end
$var wire 1 3 inclk0~input_o $end
$var wire 1 4 inst|altpll_component|auto_generated|wire_pll1_fbout $end
$var wire 1 5 inst|altpll_component|auto_generated|wire_pll1_locked $end
$var wire 1 6 load~input_o $end
$var wire 1 7 inst12|strt~q $end
$var wire 1 8 inst12|count[0]~9_combout $end
$var wire 1 9 inst12|count[0]~10 $end
$var wire 1 : inst12|count[1]~12 $end
$var wire 1 ; inst12|count[2]~13_combout $end
$var wire 1 < inst12|count[2]~14 $end
$var wire 1 = inst12|count[3]~16 $end
$var wire 1 > inst12|count[4]~18 $end
$var wire 1 ? inst12|count[5]~19_combout $end
$var wire 1 @ inst12|count[5]~20 $end
$var wire 1 A inst12|count[6]~21_combout $end
$var wire 1 B inst12|count[6]~22 $end
$var wire 1 C inst12|count[7]~23_combout $end
$var wire 1 D inst12|count[7]~24 $end
$var wire 1 E inst12|count[8]~25_combout $end
$var wire 1 F inst12|pulso~3_combout $end
$var wire 1 G inst12|pulso~3_wirecell_combout $end
$var wire 1 H inst12|pulso~q $end
$var wire 1 I inst|altpll_component|auto_generated|wire_pll1_clk[1]~clkctrl_outclk $end
$var wire 1 J inst2~0_combout $end
$var wire 1 K inst|altpll_component|auto_generated|wire_pll1_clk [4] $end
$var wire 1 L inst|altpll_component|auto_generated|wire_pll1_clk [3] $end
$var wire 1 M inst|altpll_component|auto_generated|wire_pll1_clk [2] $end
$var wire 1 N inst|altpll_component|auto_generated|wire_pll1_clk [1] $end
$var wire 1 O inst|altpll_component|auto_generated|wire_pll1_clk [0] $end
$var wire 1 P inst12|count [8] $end
$var wire 1 Q inst12|count [7] $end
$var wire 1 R inst12|count [6] $end
$var wire 1 S inst12|count [5] $end
$var wire 1 T inst12|count [4] $end
$var wire 1 U inst12|count [3] $end
$var wire 1 V inst12|count [2] $end
$var wire 1 W inst12|count [1] $end
$var wire 1 X inst12|count [0] $end
$var wire 1 Y inst|altpll_component|auto_generated|pll1_CLK_bus [4] $end
$var wire 1 Z inst|altpll_component|auto_generated|pll1_CLK_bus [3] $end
$var wire 1 [ inst|altpll_component|auto_generated|pll1_CLK_bus [2] $end
$var wire 1 \ inst|altpll_component|auto_generated|pll1_CLK_bus [1] $end
$var wire 1 ] inst|altpll_component|auto_generated|pll1_CLK_bus [0] $end
$upscope $end
$upscope $end
$enddefinitions $end
#0
$dumpvars
0!
0"
x#
x$
x%
x&
0'
1(
x)
1*
1+
1,
x-
x.
x/
x0
x1
x2
03
x4
05
06
07
x8
x9
x:
x;
x<
x=
x>
x?
x@
xA
xB
xC
xD
xE
xF
xG
0H
xI
xJ
xO
xN
xM
xL
xK
0X
0W
0V
0U
0T
0S
0R
0Q
0P
x]
x\
x[
xZ
xY
$end
#416
01
#427
10
#634
0J
#653
0<
09
#654
0B
#660
0>
#690
18
#724
02
#776
1:
#782
1=
#784
1@
#785
1D
#1090
0-
0.
#1091
0C
#1097
0?
#1213
0;
#1219
0/
#1221
0A
#1222
0E
#3927
0%
#4570
0#
#4870
0F
#5326
1G
#6677
1$
#7227
14
#10000
1!
0&
#10514
13
#17227
04
#20000
0!
1&
#20679
03
#27228
14
#30000
1!
0&
#30514
13
#37228
04
#40000
0!
1&
#40679
03
#47228
14
#50000
1!
0&
#50514
13
#57228
04
#60000
0!
1&
#60679
03
#67228
14
#70000
1!
0&
#70514
13
#79810
04
#80000
0!
1&
#80679
03
#90000
1!
0&
#90514
13
#92392
14
15
0Y
0Z
0[
1\
0]
0K
0L
0M
1N
0O
#94288
1I
#97079
1#
#100000
0!
1&
#100679
03
#102392
04
#110000
1!
0&
#110514
13
#112392
14
#120000
0!
1&
#120679
03
#122392
04
#130000
1!
0&
#130514
13
#132392
14
#140000
0!
1&
#140679
03
#142392
04
#150000
1!
0&
#150514
13
#152392
14
#160000
0!
1&
#160679
03
#162392
04
#170000
1!
0&
#170514
13
#172392
14
#180000
0!
1&
#180679
03
#182392
04
#190000
1!
0&
#190514
13
#192392
14
#200000
0!
1&
#200679
03
#202392
04
#210000
1!
0&
#210514
13
#212392
14
#220000
0!
1&
#220679
03
#222392
04
#230000
1!
0&
#230514
13
#232392
14
#240000
0!
1&
#240679
03
#242392
04
#250000
1!
0&
#250514
13
#252392
14
#260000
0!
1&
#260679
03
#262392
04
#270000
1!
0&
#270514
13
#272392
14
#280000
0!
1&
#280679
03
#282392
04
#290000
1!
0&
#290514
13
#292392
14
#300000
0!
1&
#300679
03
#302392
04
#310000
1!
0&
#310514
13
#312392
14
#320000
0!
1&
#320679
03
#322392
04
#330000
1!
0&
#330514
13
#332392
14
#340000
0!
1&
#340679
03
#342392
04
#350000
1!
0&
#350514
13
#352392
14
#360000
0!
1&
#360679
03
#362392
04
#370000
1!
0&
#370514
13
#372392
14
#380000
0!
1&
#380679
03
#382392
04
#390000
1!
0&
#390514
13
#392392
14
#400000
0!
1&
#400679
03
#402392
04
#410000
1!
0&
#410514
13
#412392
14
#420000
0!
1&
#420679
03
#422392
04
#430000
1!
0&
#430514
13
#432392
14
#440000
0!
1&
#440679
03
#442392
04
#450000
1!
0&
#450514
13
#452392
14
#460000
0!
1&
#460679
03
#462392
04
#470000
1!
0&
#470514
13
#472392
14
#480000
0!
1&
#480679
03
#482392
04
#490000
1!
0&
#490514
13
#492392
14
#500000
0!
1&
#500679
03
#502392
04
#510000
1!
0&
#510514
13
#512392
14
#520000
0!
1&
#520679
03
#522392
04
#530000
1!
0&
#530514
13
#532392
14
#540000
0!
1&
#540679
03
#542392
04
#550000
1!
0&
#550514
13
#552392
14
#560000
0!
1&
#560679
03
#562392
04
#570000
1!
0&
#570514
13
#572392
14
#580000
0!
1&
#580679
03
#582392
04
#590000
1!
0&
#590514
13
#592392
14
#600000
0!
1&
#600679
03
#602392
04
#610000
1!
0&
#610514
13
#612392
14
#620000
0!
1&
#620679
03
#622392
04
#630000
1!
0&
#630514
13
#632392
14
#640000
0!
1&
#640679
03
#642392
04
#650000
1!
0&
#650514
13
#652392
14
#660000
0!
1&
#660679
03
#662392
04
#670000
1!
0&
#670514
13
#672392
14
#680000
0!
1&
#680679
03
#682392
04
#690000
1!
0&
#690514
13
#692392
14
#700000
0!
1&
#700679
03
#702392
04
#710000
1!
0&
#710514
13
#712392
14
#720000
0!
1&
#720679
03
#722392
04
#730000
1!
0&
#730514
13
#732392
14
#740000
0!
1&
#740679
03
#742392
04
#750000
1!
0&
#750514
13
#752392
14
#760000
0!
1&
#760679
03
#762392
04
#770000
1!
0&
#770514
13
#772392
14
#780000
0!
1&
#780679
03
#782392
04
#790000
1!
0&
#790514
13
#792392
14
#800000
0!
1&
#800679
03
#802392
04
#806831
0\
0N
#808709
0I
#810000
1!
0&
#810514
13
#812392
14
#820000
0!
1&
#820679
03
#822392
04
#830000
1!
0&
#830514
13
#832392
14
#840000
0!
1&
#840679
03
#842392
04
#850000
1!
0&
#850514
13
#852392
14
#860000
0!
1&
#860679
03
#862392
04
#870000
1!
0&
#870514
13
#872392
14
#880000
0!
1&
#880679
03
#882392
04
#890000
1!
0&
#890514
13
#892392
14
#900000
0!
1&
#900679
03
#902392
04
#910000
1!
0&
#910514
13
#912392
14
#920000
0!
1&
#920679
03
#922392
04
#930000
1!
0&
#930514
13
#932392
14
#940000
0!
1&
#940679
03
#942392
04
#950000
1!
0&
#950514
13
#952392
14
#960000
0!
1&
#960679
03
#962392
04
#970000
1!
0&
#970514
13
#972392
14
#980000
0!
1&
#980679
03
#982392
04
#990000
1!
0&
#990514
13
#992392
14
#1000000
0!
1&
#1000679
03
#1002392
04
#1010000
1!
0&
#1010514
13
#1012392
14
#1020000
0!
1&
#1020679
03
#1022392
04
#1030000
1!
0&
#1030514
13
#1032392
14
#1040000
0!
1&
#1040679
03
#1042392
04
#1050000
1!
0&
#1050514
13
#1052392
14
#1060000
0!
1&
#1060679
03
#1062392
04
#1070000
1!
0&
#1070514
13
#1072392
14
#1080000
0!
1&
#1080679
03
#1082392
04
#1090000
1!
0&
#1090514
13
#1092392
14
#1100000
0!
1&
#1100679
03
#1102392
04
#1110000
1!
0&
#1110514
13
#1112392
14
#1120000
0!
1&
#1120679
03
#1122392
04
#1130000
1!
0&
#1130514
13
#1132392
14
#1140000
0!
1&
#1140679
03
#1142392
04
#1150000
1!
0&
#1150514
13
#1152392
14
#1160000
0!
1&
#1160679
03
#1162392
04
#1170000
1!
0&
#1170514
13
#1172392
14
#1180000
0!
1&
#1180679
03
#1182392
04
#1190000
1!
0&
#1190514
13
#1192392
14
#1200000
0!
1&
#1200679
03
#1202392
04
#1210000
1!
0&
#1210514
13
#1212392
14
#1220000
0!
1&
#1220679
03
#1222392
04
#1230000
1!
0&
#1230514
13
#1232392
14
#1240000
0!
1&
#1240679
03
#1242392
04
#1250000
1!
0&
#1250514
13
#1252392
14
#1256831
1\
1N
#1258727
1I
#1260000
0!
1&
#1260473
1X
1H
#1260679
03
#1261023
1J
#1261092
08
#1261169
19
#1261624
1-
#1262392
04
#1264356
1%
#1270000
1!
0&
#1270514
13
#1272392
14
#1280000
0!
1&
#1280679
03
#1282392
04
#1290000
1!
0&
#1290514
13
#1292392
14
#1300000
0!
1&
#1300679
03
#1302392
04
#1310000
1!
0&
#1310514
13
#1312392
14
#1320000
0!
1&
#1320679
03
#1322392
04
#1330000
1!
0&
#1330514
13
#1332392
14
#1340000
0!
1&
#1340679
03
#1342392
04
#1350000
1!
0&
#1350514
13
#1352392
14
#1360000
0!
1&
#1360679
03
#1362392
04
#1370000
1!
0&
#1370514
13
#1372392
14
#1380000
0!
1&
#1380679
03
#1382392
04
#1390000
1!
0&
#1390514
13
#1392392
14
#1400000
0!
1&
#1400679
03
#1402392
04
#1410000
1!
0&
#1410514
13
#1412392
14
#1420000
0!
1&
#1420679
03
#1422392
04
#1430000
1!
0&
#1430514
13
#1432392
14
#1440000
0!
1&
#1440679
03
#1442392
04
#1450000
1!
0&
#1450514
13
#1452392
14
#1460000
0!
1&
#1460679
03
#1462392
04
#1470000
1!
0&
#1470514
13
#1472392
14
#1480000
0!
1&
#1480679
03
#1482392
04
#1490000
1!
0&
#1490514
13
#1492392
14
#1500000
0!
1&
#1500679
03
#1502392
04
#1510000
1!
0&
#1510514
13
#1512392
14
#1520000
0!
1&
#1520679
03
#1522392
04
#1530000
1!
0&
#1530514
13
#1532392
14
#1540000
0!
1&
#1540679
03
#1542392
04
#1550000
1!
0&
#1550514
13
#1552392
14
#1560000
0!
1&
#1560679
03
#1562392
04
#1570000
1!
0&
#1570514
13
#1572392
14
#1580000
0!
1&
#1580679
03
#1582392
04
#1590000
1!
0&
#1590514
13
#1592392
14
#1600000
0!
1&
#1600679
03
#1602392
04
#1610000
1!
0&
#1610514
13
#1612392
14
#1620000
0!
1&
#1620679
03
#1622392
04
#1630000
1!
0&
#1630514
13
#1632392
14
#1640000
0!
1&
#1640679
03
#1642392
04
#1650000
1!
0&
#1650514
13
#1652392
14
#1660000
0!
1&
#1660679
03
#1662392
04
#1670000
1!
0&
#1670514
13
#1672392
14
#1680000
0!
1&
#1680679
03
#1682392
04
#1690000
1!
0&
#1690514
13
#1692392
14
#1700000
0!
1&
#1700679
03
#1702392
04
#1710000
1!
0&
#1710514
13
#1712392
14
#1720000
0!
1&
#1720679
03
#1722392
04
#1730000
1!
0&
#1730514
13
#1732392
14
#1740000
0!
1&
#1740679
03
#1742392
04
#1750000
1!
0&
#1750514
13
#1752392
14
#1760000
0!
1&
#1760679
03
#1762392
04
#1770000
1!
0&
#1770514
13
#1772392
14
#1780000
0!
1&
#1780679
03
#1782392
04
#1790000
1!
0&
#1790514
13
#1792392
14
#1800000
0!
1&
#1800679
03
#1802392
04
#1810000
1!
0&
#1810514
13
#1812392
14
#1820000
0!
1&
#1820679
03
#1822392
04
#1830000
1!
0&
#1830514
13
#1832392
14
#1840000
0!
1&
#1840679
03
#1842392
04
#1850000
1!
0&
#1850514
13
#1852392
14
#1860000
0!
1&
#1860679
03
#1862392
04
#1870000
1!
0&
#1870514
13
#1872392
14
#1880000
0!
1&
#1880679
03
#1882392
04
#1890000
1!
0&
#1890514
13
#1892392
14
#1900000
0!
1&
#1900679
03
#1902392
04
#1910000
1!
0&
#1910514
13
#1912392
14
#1920000
0!
1&
#1920679
03
#1922392
04
#1930000
1!
0&
#1930514
13
#1932392
14
#1940000
0!
1&
#1940679
03
#1942392
04
#1950000
1!
0&
#1950514
13
#1952392
14
#1960000
0!
1&
#1960679
03
#1962392
04
#1970000
1!
0&
#1970514
13
#1972392
14
#1980000
0!
1&
#1980679
03
#1982392
04
#1990000
1!
0&
#1990514
13
#1992392
14
#2000000
0!
1&
#2000679
03
#2002392
04
#2010000
1!
0&
#2010514
13
#2012392
14
#2020000
0!
1&
#2020679
03
#2022392
04
#2030000
1!
0&
#2030514
13
#2032392
14
#2040000
0!
1&
#2040679
03
#2042392
04
#2050000
1!
0&
#2050514
13
#2052392
14
#2056831
0\
0N
#2058709
0I
#2060000
0!
1&
#2060192
0J
#2060679
03
#2062392
04
#2063485
0%
#2070000
1!
0&
#2070514
13
#2072392
14
#2080000
0!
1&
#2080679
03
#2082392
04
#2090000
1!
0&
#2090514
13
#2092392
14
#2100000
0!
1&
#2100679
03
#2102392
04
#2110000
1!
0&
#2110514
13
#2112392
14
#2120000
0!
1&
#2120679
03
#2122392
04
#2130000
1!
0&
#2130514
13
#2132392
14
#2140000
0!
1&
#2140679
03
#2142392
04
#2150000
1!
0&
#2150514
13
#2152392
14
#2160000
0!
1&
#2160679
03
#2162392
04
#2170000
1!
0&
#2170514
13
#2172392
14
#2180000
0!
1&
#2180679
03
#2182392
04
#2190000
1!
0&
#2190514
13
#2192392
14
#2200000
0!
1&
#2200679
03
#2202392
04
#2210000
1!
0&
#2210514
13
#2212392
14
#2220000
0!
1&
#2220679
03
#2222392
04
#2230000
1!
0&
#2230514
13
#2232392
14
#2240000
0!
1&
#2240679
03
#2242392
04
#2250000
1!
0&
#2250514
13
#2252392
14
#2260000
0!
1&
#2260679
03
#2262392
04
#2270000
1!
0&
#2270514
13
#2272392
14
#2280000
0!
1&
#2280679
03
#2282392
04
#2290000
1!
0&
#2290514
13
#2292392
14
#2300000
0!
1&
#2300679
03
#2302392
04
#2310000
1!
0&
#2310514
13
#2312392
14
#2320000
0!
1&
#2320679
03
#2322392
04
#2330000
1!
0&
#2330514
13
#2332392
14
#2340000
0!
1&
#2340679
03
#2342392
04
#2350000
1!
0&
#2350514
13
#2352392
14
#2360000
0!
1&
#2360679
03
#2362392
04
#2370000
1!
0&
#2370514
13
#2372392
14
#2380000
0!
1&
#2380679
03
#2382392
04
#2390000
1!
0&
#2390514
13
#2392392
14
#2400000
0!
1&
#2400679
03
#2402392
04
#2410000
1!
0&
#2410514
13
#2412392
14
#2420000
0!
1&
#2420679
03
#2422392
04
#2430000
1!
0&
#2430514
13
#2432392
14
#2440000
0!
1&
#2440679
03
#2442392
04
#2450000
1!
0&
#2450514
13
#2452392
14
#2460000
0!
1&
#2460679
03
#2462392
04
#2470000
1!
0&
#2470514
13
#2472392
14
#2480000
0!
1&
#2480679
03
#2482392
04
#2490000
1!
0&
#2490514
13
#2492392
14
#2500000
0!
1&
#2500679
03
#2502392
04
#2506831
1\
1N
#2508727
1I
#2510000
1!
0&
#2510215
1J
#2510473
1W
0X
#2510514
13
#2511040
0:
#2511093
0-
#2511126
09
#2511163
18
#2511184
1:
#2511581
1-
#2512392
14
#2513548
1%
#2520000
0!
1&
#2520679
03
#2522392
04
#2530000
1!
0&
#2530514
13
#2532392
14
#2540000
0!
1&
#2540679
03
#2542392
04
#2550000
1!
0&
#2550514
13
#2552392
14
#2560000
0!
1&
#2560679
03
#2562392
04
#2570000
1!
0&
#2570514
13
#2572392
14
#2580000
0!
1&
#2580679
03
#2582392
04
#2590000
1!
0&
#2590514
13
#2592392
14
#2600000
0!
1&
#2600679
03
#2602392
04
#2610000
1!
0&
#2610514
13
#2612392
14
#2620000
0!
1&
#2620679
03
#2622392
04
#2630000
1!
0&
#2630514
13
#2632392
14
#2640000
0!
1&
#2640679
03
#2642392
04
#2650000
1!
0&
#2650514
13
#2652392
14
#2660000
0!
1&
#2660679
03
#2662392
04
#2670000
1!
0&
#2670514
13
#2672392
14
#2680000
0!
1&
#2680679
03
#2682392
04
#2690000
1!
0&
#2690514
13
#2692392
14
#2700000
0!
1&
#2700679
03
#2702392
04
#2710000
1!
0&
#2710514
13
#2712392
14
#2720000
0!
1&
#2720679
03
#2722392
04
#2730000
1!
0&
#2730514
13
#2732392
14
#2740000
0!
1&
#2740679
03
#2742392
04
#2750000
1!
0&
#2750514
13
#2752392
14
#2760000
0!
1&
#2760679
03
#2762392
04
#2770000
1!
0&
#2770514
13
#2772392
14
#2780000
0!
1&
#2780679
03
#2782392
04
#2790000
1!
0&
#2790514
13
#2792392
14
#2800000
0!
1&
#2800679
03
#2802392
04
#2810000
1!
0&
#2810514
13
#2812392
14
#2820000
0!
1&
#2820679
03
#2822392
04
#2830000
1!
0&
#2830514
13
#2832392
14
#2840000
0!
1&
#2840679
03
#2842392
04
#2850000
1!
0&
#2850514
13
#2852392
14
#2860000
0!
1&
#2860679
03
#2862392
04
#2870000
1!
0&
#2870514
13
#2872392
14
#2880000
0!
1&
#2880679
03
#2882392
04
#2890000
1!
0&
#2890514
13
#2892392
14
#2900000
0!
1&
#2900679
03
#2902392
04
#2910000
1!
0&
#2910514
13
#2912392
14
#2920000
0!
1&
#2920679
03
#2922392
04
#2930000
1!
0&
#2930514
13
#2932392
14
#2940000
0!
1&
#2940679
03
#2942392
04
#2950000
1!
0&
#2950514
13
#2952392
14
#2960000
0!
1&
#2960679
03
#2962392
04
#2970000
1!
0&
#2970514
13
#2972392
14
#2980000
0!
1&
#2980679
03
#2982392
04
#2990000
1!
0&
#2990514
13
#2992392
14
#3000000
0!
1&
#3000679
03
#3002392
04
#3010000
1!
0&
#3010514
13
#3012392
14
#3020000
0!
1&
#3020679
03
#3022392
04
#3030000
1!
0&
#3030514
13
#3032392
14
#3040000
0!
1&
#3040679
03
#3042392
04
#3050000
1!
0&
#3050514
13
#3052392
14
#3060000
0!
1&
#3060679
03
#3062392
04
#3070000
1!
0&
#3070514
13
#3072392
14
#3080000
0!
1&
#3080679
03
#3082392
04
#3090000
1!
0&
#3090514
13
#3092392
14
#3100000
0!
1&
#3100679
03
#3102392
04
#3110000
1!
0&
#3110514
13
#3112392
14
#3120000
0!
1&
#3120679
03
#3122392
04
#3130000
1!
0&
#3130514
13
#3132392
14
#3140000
0!
1&
#3140679
03
#3142392
04
#3150000
1!
0&
#3150514
13
#3152392
14
#3160000
0!
1&
#3160679
03
#3162392
04
#3170000
1!
0&
#3170514
13
#3172392
14
#3180000
0!
1&
#3180679
03
#3182392
04
#3190000
1!
0&
#3190514
13
#3192392
14
#3200000
0!
1&
#3200679
03
#3202392
04
#3210000
1!
0&
#3210514
13
#3212392
14
#3220000
0!
1&
#3220679
03
#3222392
04
#3230000
1!
0&
#3230514
13
#3232392
14
#3240000
0!
1&
#3240679
03
#3242392
04
#3250000
1!
0&
#3250514
13
#3252392
14
#3260000
0!
1&
#3260679
03
#3262392
04
#3270000
1!
0&
#3270514
13
#3272392
14
#3280000
0!
1&
#3280679
03
#3282392
04
#3290000
1!
0&
#3290514
13
#3292392
14
#3300000
0!
1&
#3300679
03
#3302392
04
#3306831
0\
0N
#3308709
0I
#3310000
1!
0&
#3310192
0J
#3310514
13
#3312392
14
#3313485
0%
#3320000
0!
1&
#3320679
03
#3322392
04
#3330000
1!
0&
#3330514
13
#3332392
14
#3340000
0!
1&
#3340679
03
#3342392
04
#3350000
1!
0&
#3350514
13
#3352392
14
#3360000
0!
1&
#3360679
03
#3362392
04
#3370000
1!
0&
#3370514
13
#3372392
14
#3380000
0!
1&
#3380679
03
#3382392
04
#3390000
1!
0&
#3390514
13
#3392392
14
#3400000
0!
1&
#3400679
03
#3402392
04
#3410000
1!
0&
#3410514
13
#3412392
14
#3420000
0!
1&
#3420679
03
#3422392
04
#3430000
1!
0&
#3430514
13
#3432392
14
#3440000
0!
1&
#3440679
03
#3442392
04
#3450000
1!
0&
#3450514
13
#3452392
14
#3460000
0!
1&
#3460679
03
#3462392
04
#3470000
1!
0&
#3470514
13
#3472392
14
#3480000
0!
1&
#3480679
03
#3482392
04
#3490000
1!
0&
#3490514
13
#3492392
14
#3500000
0!
1&
#3500679
03
#3502392
04
#3510000
1!
0&
#3510514
13
#3512392
14
#3520000
0!
1&
#3520679
03
#3522392
04
#3530000
1!
0&
#3530514
13
#3532392
14
#3540000
0!
1&
#3540679
03
#3542392
04
#3550000
1!
0&
#3550514
13
#3552392
14
#3560000
0!
1&
#3560679
03
#3562392
04
#3570000
1!
0&
#3570514
13
#3572392
14
#3580000
0!
1&
#3580679
03
#3582392
04
#3590000
1!
0&
#3590514
13
#3592392
14
#3600000
0!
1&
#3600679
03
#3602392
04
#3610000
1!
0&
#3610514
13
#3612392
14
#3620000
0!
1&
#3620679
03
#3622392
04
#3630000
1!
0&
#3630514
13
#3632392
14
#3640000
0!
1&
#3640679
03
#3642392
04
#3650000
1!
0&
#3650514
13
#3652392
14
#3660000
0!
1&
#3660679
03
#3662392
04
#3670000
1!
0&
#3670514
13
#3672392
14
#3680000
0!
1&
#3680679
03
#3682392
04
#3690000
1!
0&
#3690514
13
#3692392
14
#3700000
0!
1&
#3700679
03
#3702392
04
#3710000
1!
0&
#3710514
13
#3712392
14
#3720000
0!
1&
#3720679
03
#3722392
04
#3730000
1!
0&
#3730514
13
#3732392
14
#3740000
0!
1&
#3740679
03
#3742392
04
#3750000
1!
0&
#3750514
13
#3752392
14
#3756831
1\
1N
#3758727
1I
#3760000
0!
1&
#3760215
1J
#3760473
1X
#3760679
03
#3761092
08
#3761169
19
#3761227
0:
#3761606
0-
#3761682
1;
#3762392
04
#3763548
1%
#3770000
1!
0&
#3770514
13
#3772392
14
#3780000
0!
1&
#3780679
03
#3782392
04
#3790000
1!
0&
#3790514
13
#3792392
14
#3800000
0!
1&
#3800679
03
#3802392
04
#3810000
1!
0&
#3810514
13
#3812392
14
#3820000
0!
1&
#3820679
03
#3822392
04
#3830000
1!
0&
#3830514
13
#3832392
14
#3840000
0!
1&
#3840679
03
#3842392
04
#3850000
1!
0&
#3850514
13
#3852392
14
#3860000
0!
1&
#3860679
03
#3862392
04
#3870000
1!
0&
#3870514
13
#3872392
14
#3880000
0!
1&
#3880679
03
#3882392
04
#3890000
1!
0&
#3890514
13
#3892392
14
#3900000
0!
1&
#3900679
03
#3902392
04
#3910000
1!
0&
#3910514
13
#3912392
14
#3920000
0!
1&
#3920679
03
#3922392
04
#3930000
1!
0&
#3930514
13
#3932392
14
#3940000
0!
1&
#3940679
03
#3942392
04
#3950000
1!
0&
#3950514
13
#3952392
14
#3960000
0!
1&
#3960679
03
#3962392
04
#3970000
1!
0&
#3970514
13
#3972392
14
#3980000
0!
1&
#3980679
03
#3982392
04
#3990000
1!
0&
#3990514
13
#3992392
14
#4000000
0!
1&
#4000679
03
#4002392
04
#4010000
1!
0&
#4010514
13
#4012392
14
#4020000
0!
1&
#4020679
03
#4022392
04
#4030000
1!
0&
#4030514
13
#4032392
14
#4040000
0!
1&
#4040679
03
#4042392
04
#4050000
1!
0&
#4050514
13
#4052392
14
#4060000
0!
1&
#4060679
03
#4062392
04
#4070000
1!
0&
#4070514
13
#4072392
14
#4080000
0!
1&
#4080679
03
#4082392
04
#4090000
1!
0&
#4090514
13
#4092392
14
#4100000
0!
1&
#4100679
03
#4102392
04
#4110000
1!
0&
#4110514
13
#4112392
14
#4120000
0!
1&
#4120679
03
#4122392
04
#4130000
1!
0&
#4130514
13
#4132392
14
#4140000
0!
1&
#4140679
03
#4142392
04
#4150000
1!
0&
#4150514
13
#4152392
14
#4160000
0!
1&
#4160679
03
#4162392
04
#4170000
1!
0&
#4170514
13
#4172392
14
#4180000
0!
1&
#4180679
03
#4182392
04
#4190000
1!
0&
#4190514
13
#4192392
14
#4200000
0!
1&
#4200679
03
#4202392
04
#4210000
1!
0&
#4210514
13
#4212392
14
#4220000
0!
1&
#4220679
03
#4222392
04
#4230000
1!
0&
#4230514
13
#4232392
14
#4240000
0!
1&
#4240679
03
#4242392
04
#4250000
1!
0&
#4250514
13
#4252392
14
#4260000
0!
1&
#4260679
03
#4262392
04
#4270000
1!
0&
#4270514
13
#4272392
14
#4280000
0!
1&
#4280679
03
#4282392
04
#4290000
1!
0&
#4290514
13
#4292392
14
#4300000
0!
1&
#4300679
03
#4302392
04
#4310000
1!
0&
#4310514
13
#4312392
14
#4320000
0!
1&
#4320679
03
#4322392
04
#4330000
1!
0&
#4330514
13
#4332392
14
#4340000
0!
1&
#4340679
03
#4342392
04
#4350000
1!
0&
#4350514
13
#4352392
14
#4360000
0!
1&
#4360679
03
#4362392
04
#4370000
1!
0&
#4370514
13
#4372392
14
#4380000
0!
1&
#4380679
03
#4382392
04
#4390000
1!
0&
#4390514
13
#4392392
14
#4400000
0!
1&
#4400679
03
#4402392
04
#4410000
1!
0&
#4410514
13
#4412392
14
#4420000
0!
1&
#4420679
03
#4422392
04
#4430000
1!
0&
#4430514
13
#4432392
14
#4440000
0!
1&
#4440679
03
#4442392
04
#4450000
1!
0&
#4450514
13
#4452392
14
#4460000
0!
1&
#4460679
03
#4462392
04
#4470000
1!
0&
#4470514
13
#4472392
14
#4480000
0!
1&
#4480679
03
#4482392
04
#4490000
1!
0&
#4490514
13
#4492392
14
#4500000
0!
1&
#4500679
03
#4502392
04
#4510000
1!
0&
#4510514
13
#4512392
14
#4520000
0!
1&
#4520679
03
#4522392
04
#4530000
1!
0&
#4530514
13
#4532392
14
#4540000
0!
1&
#4540679
03
#4542392
04
#4550000
1!
0&
#4550514
13
#4552392
14
#4556831
0\
0N
#4558709
0I
#4560000
0!
1&
#4560192
0J
#4560679
03
#4562392
04
#4563485
0%
#4570000
1!
0&
#4570514
13
#4572392
14
#4580000
0!
1&
#4580679
03
#4582392
04
#4590000
1!
0&
#4590514
13
#4592392
14
#4600000
0!
1&
#4600679
03
#4602392
04
#4610000
1!
0&
#4610514
13
#4612392
14
#4620000
0!
1&
#4620679
03
#4622392
04
#4630000
1!
0&
#4630514
13
#4632392
14
#4640000
0!
1&
#4640679
03
#4642392
04
#4650000
1!
0&
#4650514
13
#4652392
14
#4660000
0!
1&
#4660679
03
#4662392
04
#4670000
1!
0&
#4670514
13
#4672392
14
#4680000
0!
1&
#4680679
03
#4682392
04
#4690000
1!
0&
#4690514
13
#4692392
14
#4700000
0!
1&
#4700679
03
#4702392
04
#4710000
1!
0&
#4710514
13
#4712392
14
#4720000
0!
1&
#4720679
03
#4722392
04
#4730000
1!
0&
#4730514
13
#4732392
14
#4740000
0!
1&
#4740679
03
#4742392
04
#4750000
1!
0&
#4750514
13
#4752392
14
#4760000
0!
1&
#4760679
03
#4762392
04
#4770000
1!
0&
#4770514
13
#4772392
14
#4780000
0!
1&
#4780679
03
#4782392
04
#4790000
1!
0&
#4790514
13
#4792392
14
#4800000
0!
1&
#4800679
03
#4802392
04
#4810000
1!
0&
#4810514
13
#4812392
14
#4820000
0!
1&
#4820679
03
#4822392
04
#4830000
1!
0&
#4830514
13
#4832392
14
#4840000
0!
1&
#4840679
03
#4842392
04
#4850000
1!
0&
#4850514
13
#4852392
14
#4860000
0!
1&
#4860679
03
#4862392
04
#4870000
1!
0&
#4870514
13
#4872392
14
#4880000
0!
1&
#4880679
03
#4882392
04
#4890000
1!
0&
#4890514
13
#4892392
14
#4900000
0!
1&
#4900679
03
#4902392
04
#4910000
1!
0&
#4910514
13
#4912392
14
#4920000
0!
1&
#4920679
03
#4922392
04
#4930000
1!
0&
#4930514
13
#4932392
14
#4940000
0!
1&
#4940679
03
#4942392
04
#4950000
1!
0&
#4950514
13
#4952392
14
#4960000
0!
1&
#4960679
03
#4962392
04
#4970000
1!
0&
#4970514
13
#4972392
14
#4980000
0!
1&
#4980679
03
#4982392
04
#4990000
1!
0&
#4990514
13
#4992392
14
#5000000
0!
1&
#5000679
03
#5002392
04
#5006831
1\
1N
#5008727
1I
#5010000
1!
0&
#5010215
1J
#5010473
0W
0X
1V
#5010514
13
#5011093
0;
#5011126
09
#5011163
18
#5011170
1<
#5011249
1:
#5011307
0<
#5011704
1;
#5012392
14
#5013548
1%
#5020000
0!
1&
#5020679
03
#5022392
04
#5030000
1!
0&
#5030514
13
#5032392
14
#5040000
0!
1&
#5040679
03
#5042392
04
#5050000
1!
0&
#5050514
13
#5052392
14
#5060000
0!
1&
#5060679
03
#5062392
04
#5070000
1!
0&
#5070514
13
#5072392
14
#5080000
0!
1&
#5080679
03
#5082392
04
#5090000
1!
0&
#5090514
13
#5092392
14
#5100000
0!
1&
#5100679
03
#5102392
04
#5110000
1!
0&
#5110514
13
#5112392
14
#5120000
0!
1&
#5120679
03
#5122392
04
#5130000
1!
0&
#5130514
13
#5132392
14
#5140000
0!
1&
#5140679
03
#5142392
04
#5150000
1!
0&
#5150514
13
#5152392
14
#5160000
0!
1&
#5160679
03
#5162392
04
#5170000
1!
0&
#5170514
13
#5172392
14
#5180000
0!
1&
#5180679
03
#5182392
04
#5190000
1!
0&
#5190514
13
#5192392
14
#5200000
0!
1&
#5200679
03
#5202392
04
#5210000
1!
0&
#5210514
13
#5212392
14
#5220000
0!
1&
#5220679
03
#5222392
04
#5230000
1!
0&
#5230514
13
#5232392
14
#5240000
0!
1&
#5240679
03
#5242392
04
#5250000
1!
0&
#5250514
13
#5252392
14
#5260000
0!
1&
#5260679
03
#5262392
04
#5270000
1!
0&
#5270514
13
#5272392
14
#5280000
0!
1&
#5280679
03
#5282392
04
#5290000
1!
0&
#5290514
13
#5292392
14
#5300000
0!
1&
#5300679
03
#5302392
04
#5310000
1!
0&
#5310514
13
#5312392
14
#5320000
0!
1&
#5320679
03
#5322392
04
#5330000
1!
0&
#5330514
13
#5332392
14
#5340000
0!
1&
#5340679
03
#5342392
04
#5350000
1!
0&
#5350514
13
#5352392
14
#5360000
0!
1&
#5360679
03
#5362392
04
#5370000
1!
0&
#5370514
13
#5372392
14
#5380000
0!
1&
#5380679
03
#5382392
04
#5390000
1!
0&
#5390514
13
#5392392
14
#5400000
0!
1&
#5400679
03
#5402392
04
#5410000
1!
0&
#5410514
13
#5412392
14
#5420000
0!
1&
#5420679
03
#5422392
04
#5430000
1!
0&
#5430514
13
#5432392
14
#5440000
0!
1&
#5440679
03
#5442392
04
#5450000
1!
0&
#5450514
13
#5452392
14
#5460000
0!
1&
#5460679
03
#5462392
04
#5470000
1!
0&
#5470514
13
#5472392
14
#5480000
0!
1&
#5480679
03
#5482392
04
#5490000
1!
0&
#5490514
13
#5492392
14
#5500000
0!
1&
#5500679
03
#5502392
04
#5510000
1!
0&
#5510514
13
#5512392
14
#5520000
0!
1&
#5520679
03
#5522392
04
#5530000
1!
0&
#5530514
13
#5532392
14
#5540000
0!
1&
#5540679
03
#5542392
04
#5550000
1!
0&
#5550514
13
#5552392
14
#5560000
0!
1&
#5560679
03
#5562392
04
#5570000
1!
0&
#5570514
13
#5572392
14
#5580000
0!
1&
#5580679
03
#5582392
04
#5590000
1!
0&
#5590514
13
#5592392
14
#5600000
0!
1&
#5600679
03
#5602392
04
#5610000
1!
0&
#5610514
13
#5612392
14
#5620000
0!
1&
#5620679
03
#5622392
04
#5630000
1!
0&
#5630514
13
#5632392
14
#5640000
0!
1&
#5640679
03
#5642392
04
#5650000
1!
0&
#5650514
13
#5652392
14
#5660000
0!
1&
#5660679
03
#5662392
04
#5670000
1!
0&
#5670514
13
#5672392
14
#5680000
0!
1&
#5680679
03
#5682392
04
#5690000
1!
0&
#5690514
13
#5692392
14
#5700000
0!
1&
#5700679
03
#5702392
04
#5710000
1!
0&
#5710514
13
#5712392
14
#5720000
0!
1&
#5720679
03
#5722392
04
#5730000
1!
0&
#5730514
13
#5732392
14
#5740000
0!
1&
#5740679
03
#5742392
04
#5750000
1!
0&
#5750514
13
#5752392
14
#5760000
0!
1&
#5760679
03
#5762392
04
#5770000
1!
0&
#5770514
13
#5772392
14
#5780000
0!
1&
#5780679
03
#5782392
04
#5790000
1!
0&
#5790514
13
#5792392
14
#5800000
0!
1&
#5800679
03
#5802392
04
#5806831
0\
0N
#5808709
0I
#5810000
1!
0&
#5810192
0J
#5810514
13
#5812392
14
#5813485
0%
#5820000
0!
1&
#5820679
03
#5822392
04
#5830000
1!
0&
#5830514
13
#5832392
14
#5840000
0!
1&
#5840679
03
#5842392
04
#5850000
1!
0&
#5850514
13
#5852392
14
#5860000
0!
1&
#5860679
03
#5862392
04
#5870000
1!
0&
#5870514
13
#5872392
14
#5880000
0!
1&
#5880679
03
#5882392
04
#5890000
1!
0&
#5890514
13
#5892392
14
#5900000
0!
1&
#5900679
03
#5902392
04
#5910000
1!
0&
#5910514
13
#5912392
14
#5920000
0!
1&
#5920679
03
#5922392
04
#5930000
1!
0&
#5930514
13
#5932392
14
#5940000
0!
1&
#5940679
03
#5942392
04
#5950000
1!
0&
#5950514
13
#5952392
14
#5960000
0!
1&
#5960679
03
#5962392
04
#5970000
1!
0&
#5970514
13
#5972392
14
#5980000
0!
1&
#5980679
03
#5982392
04
#5990000
1!
0&
#5990514
13
#5992392
14
#6000000
0!
1&
#6000679
03
#6002392
04
#6010000
1!
0&
#6010514
13
#6012392
14
#6020000
0!
1&
#6020679
03
#6022392
04
#6030000
1!
0&
#6030514
13
#6032392
14
#6040000
0!
1&
#6040679
03
#6042392
04
#6050000
1!
0&
#6050514
13
#6052392
14
#6060000
0!
1&
#6060679
03
#6062392
04
#6070000
1!
0&
#6070514
13
#6072392
14
#6080000
0!
1&
#6080679
03
#6082392
04
#6090000
1!
0&
#6090514
13
#6092392
14
#6100000
0!
1&
#6100679
03
#6102392
04
#6110000
1!
0&
#6110514
13
#6112392
14
#6120000
0!
1&
#6120679
03
#6122392
04
#6130000
1!
0&
#6130514
13
#6132392
14
#6140000
0!
1&
#6140679
03
#6142392
04
#6150000
1!
0&
#6150514
13
#6152392
14
#6160000
0!
1&
#6160679
03
#6162392
04
#6170000
1!
0&
#6170514
13
#6172392
14
#6180000
0!
1&
#6180679
03
#6182392
04
#6190000
1!
0&
#6190514
13
#6192392
14
#6200000
0!
1&
#6200679
03
#6202392
04
#6210000
1!
0&
#6210514
13
#6212392
14
#6220000
0!
1&
#6220679
03
#6222392
04
#6230000
1!
0&
#6230514
13
#6232392
14
#6240000
0!
1&
#6240679
03
#6242392
04
#6250000
1!
0&
#6250514
13
#6252392
14
#6256831
1\
1N
#6258727
1I
#6260000
0!
1&
#6260215
1J
#6260473
1X
#6260679
03
#6261092
08
#6261169
19
#6261624
1-
#6262392
04
#6263548
1%
#6270000
1!
0&
#6270514
13
#6272392
14
#6280000
0!
1&
#6280679
03
#6282392
04
#6290000
1!
0&
#6290514
13
#6292392
14
#6300000
0!
1&
#6300679
03
#6302392
04
#6310000
1!
0&
#6310514
13
#6312392
14
#6320000
0!
1&
#6320679
03
#6322392
04
#6330000
1!
0&
#6330514
13
#6332392
14
#6340000
0!
1&
#6340679
03
#6342392
04
#6350000
1!
0&
#6350514
13
#6352392
14
#6360000
0!
1&
#6360679
03
#6362392
04
#6370000
1!
0&
#6370514
13
#6372392
14
#6380000
0!
1&
#6380679
03
#6382392
04
#6390000
1!
0&
#6390514
13
#6392392
14
#6400000
0!
1&
#6400679
03
#6402392
04
#6410000
1!
0&
#6410514
13
#6412392
14
#6420000
0!
1&
#6420679
03
#6422392
04
#6430000
1!
0&
#6430514
13
#6432392
14
#6440000
0!
1&
#6440679
03
#6442392
04
#6450000
1!
0&
#6450514
13
#6452392
14
#6460000
0!
1&
#6460679
03
#6462392
04
#6470000
1!
0&
#6470514
13
#6472392
14
#6480000
0!
1&
#6480679
03
#6482392
04
#6490000
1!
0&
#6490514
13
#6492392
14
#6500000
0!
1&
#6500679
03
#6502392
04
#6510000
1!
0&
#6510514
13
#6512392
14
#6520000
0!
1&
#6520679
03
#6522392
04
#6530000
1!
0&
#6530514
13
#6532392
14
#6540000
0!
1&
#6540679
03
#6542392
04
#6550000
1!
0&
#6550514
13
#6552392
14
#6560000
0!
1&
#6560679
03
#6562392
04
#6570000
1!
0&
#6570514
13
#6572392
14
#6580000
0!
1&
#6580679
03
#6582392
04
#6590000
1!
0&
#6590514
13
#6592392
14
#6600000
0!
1&
#6600679
03
#6602392
04
#6610000
1!
0&
#6610514
13
#6612392
14
#6620000
0!
1&
#6620679
03
#6622392
04
#6630000
1!
0&
#6630514
13
#6632392
14
#6640000
0!
1&
#6640679
03
#6642392
04
#6650000
1!
0&
#6650514
13
#6652392
14
#6660000
0!
1&
#6660679
03
#6662392
04
#6670000
1!
0&
#6670514
13
#6672392
14
#6680000
0!
1&
#6680679
03
#6682392
04
#6690000
1!
0&
#6690514
13
#6692392
14
#6700000
0!
1&
#6700679
03
#6702392
04
#6710000
1!
0&
#6710514
13
#6712392
14
#6720000
0!
1&
#6720679
03
#6722392
04
#6730000
1!
0&
#6730514
13
#6732392
14
#6740000
0!
1&
#6740679
03
#6742392
04
#6750000
1!
0&
#6750514
13
#6752392
14
#6760000
0!
1&
#6760679
03
#6762392
04
#6770000
1!
0&
#6770514
13
#6772392
14
#6780000
0!
1&
#6780679
03
#6782392
04
#6790000
1!
0&
#6790514
13
#6792392
14
#6800000
0!
1&
#6800679
03
#6802392
04
#6810000
1!
0&
#6810514
13
#6812392
14
#6820000
0!
1&
#6820679
03
#6822392
04
#6830000
1!
0&
#6830514
13
#6832392
14
#6840000
0!
1&
#6840679
03
#6842392
04
#6850000
1!
0&
#6850514
13
#6852392
14
#6860000
0!
1&
#6860679
03
#6862392
04
#6870000
1!
0&
#6870514
13
#6872392
14
#6880000
0!
1&
#6880679
03
#6882392
04
#6890000
1!
0&
#6890514
13
#6892392
14
#6900000
0!
1&
#6900679
03
#6902392
04
#6910000
1!
0&
#6910514
13
#6912392
14
#6920000
0!
1&
#6920679
03
#6922392
04
#6930000
1!
0&
#6930514
13
#6932392
14
#6940000
0!
1&
#6940679
03
#6942392
04
#6950000
1!
0&
#6950514
13
#6952392
14
#6960000
0!
1&
#6960679
03
#6962392
04
#6970000
1!
0&
#6970514
13
#6972392
14
#6980000
0!
1&
#6980679
03
#6982392
04
#6990000
1!
0&
#6990514
13
#6992392
14
#7000000
0!
1&
#7000679
03
#7002392
04
#7010000
1!
0&
#7010514
13
#7012392
14
#7020000
0!
1&
#7020679
03
#7022392
04
#7030000
1!
0&
#7030514
13
#7032392
14
#7040000
0!
1&
#7040679
03
#7042392
04
#7050000
1!
0&
#7050514
13
#7052392
14
#7056831
0\
0N
#7058709
0I
#7060000
0!
1&
#7060192
0J
#7060679
03
#7062392
04
#7063485
0%
#7070000
1!
0&
#7070514
13
#7072392
14
#7080000
0!
1&
#7080679
03
#7082392
04
#7090000
1!
0&
#7090514
13
#7092392
14
#7100000
0!
1&
#7100679
03
#7102392
04
#7110000
1!
0&
#7110514
13
#7112392
14
#7120000
0!
1&
#7120679
03
#7122392
04
#7130000
1!
0&
#7130514
13
#7132392
14
#7140000
0!
1&
#7140679
03
#7142392
04
#7150000
1!
0&
#7150514
13
#7152392
14
#7160000
0!
1&
#7160679
03
#7162392
04
#7170000
1!
0&
#7170514
13
#7172392
14
#7180000
0!
1&
#7180679
03
#7182392
04
#7190000
1!
0&
#7190514
13
#7192392
14
#7200000
0!
1&
#7200679
03
#7202392
04
#7210000
1!
0&
#7210514
13
#7212392
14
#7220000
0!
1&
#7220679
03
#7222392
04
#7230000
1!
0&
#7230514
13
#7232392
14
#7240000
0!
1&
#7240679
03
#7242392
04
#7250000
1!
0&
#7250514
13
#7252392
14
#7260000
0!
1&
#7260679
03
#7262392
04
#7270000
1!
0&
#7270514
13
#7272392
14
#7280000
0!
1&
#7280679
03
#7282392
04
#7290000
1!
0&
#7290514
13
#7292392
14
#7300000
0!
1&
#7300679
03
#7302392
04
#7310000
1!
0&
#7310514
13
#7312392
14
#7320000
0!
1&
#7320679
03
#7322392
04
#7330000
1!
0&
#7330514
13
#7332392
14
#7340000
0!
1&
#7340679
03
#7342392
04
#7350000
1!
0&
#7350514
13
#7352392
14
#7360000
0!
1&
#7360679
03
#7362392
04
#7370000
1!
0&
#7370514
13
#7372392
14
#7380000
0!
1&
#7380679
03
#7382392
04
#7390000
1!
0&
#7390514
13
#7392392
14
#7400000
0!
1&
#7400679
03
#7402392
04
#7410000
1!
0&
#7410514
13
#7412392
14
#7420000
0!
1&
#7420679
03
#7422392
04
#7430000
1!
0&
#7430514
13
#7432392
14
#7440000
0!
1&
#7440679
03
#7442392
04
#7450000
1!
0&
#7450514
13
#7452392
14
#7460000
0!
1&
#7460679
03
#7462392
04
#7470000
1!
0&
#7470514
13
#7472392
14
#7480000
0!
1&
#7480679
03
#7482392
04
#7490000
1!
0&
#7490514
13
#7492392
14
#7500000
0!
1&
#7500679
03
#7502392
04
#7506831
1\
1N
#7508727
1I
#7510000
1!
0&
#7510215
1J
#7510473
1W
0X
#7510514
13
#7511040
0:
#7511093
0-
#7511098
1<
#7511126
09
#7511163
18
#7511184
1:
#7511242
0<
#7511581
1-
#7512392
14
#7513548
1%
#7520000
0!
1&
#7520679
03
#7522392
04
#7530000
1!
0&
#7530514
13
#7532392
14
#7540000
0!
1&
#7540679
03
#7542392
04
#7550000
1!
0&
#7550514
13
#7552392
14
#7560000
0!
1&
#7560679
03
#7562392
04
#7570000
1!
0&
#7570514
13
#7572392
14
#7580000
0!
1&
#7580679
03
#7582392
04
#7590000
1!
0&
#7590514
13
#7592392
14
#7600000
0!
1&
#7600679
03
#7602392
04
#7610000
1!
0&
#7610514
13
#7612392
14
#7620000
0!
1&
#7620679
03
#7622392
04
#7630000
1!
0&
#7630514
13
#7632392
14
#7640000
0!
1&
#7640679
03
#7642392
04
#7650000
1!
0&
#7650514
13
#7652392
14
#7660000
0!
1&
#7660679
03
#7662392
04
#7670000
1!
0&
#7670514
13
#7672392
14
#7680000
0!
1&
#7680679
03
#7682392
04
#7690000
1!
0&
#7690514
13
#7692392
14
#7700000
0!
1&
#7700679
03
#7702392
04
#7710000
1!
0&
#7710514
13
#7712392
14
#7720000
0!
1&
#7720679
03
#7722392
04
#7730000
1!
0&
#7730514
13
#7732392
14
#7740000
0!
1&
#7740679
03
#7742392
04
#7750000
1!
0&
#7750514
13
#7752392
14
#7760000
0!
1&
#7760679
03
#7762392
04
#7770000
1!
0&
#7770514
13
#7772392
14
#7780000
0!
1&
#7780679
03
#7782392
04
#7790000
1!
0&
#7790514
13
#7792392
14
#7800000
0!
1&
#7800679
03
#7802392
04
#7810000
1!
0&
#7810514
13
#7812392
14
#7820000
0!
1&
#7820679
03
#7822392
04
#7830000
1!
0&
#7830514
13
#7832392
14
#7840000
0!
1&
#7840679
03
#7842392
04
#7850000
1!
0&
#7850514
13
#7852392
14
#7860000
0!
1&
#7860679
03
#7862392
04
#7870000
1!
0&
#7870514
13
#7872392
14
#7880000
0!
1&
#7880679
03
#7882392
04
#7890000
1!
0&
#7890514
13
#7892392
14
#7900000
0!
1&
#7900679
03
#7902392
04
#7910000
1!
0&
#7910514
13
#7912392
14
#7920000
0!
1&
#7920679
03
#7922392
04
#7930000
1!
0&
#7930514
13
#7932392
14
#7940000
0!
1&
#7940679
03
#7942392
04
#7950000
1!
0&
#7950514
13
#7952392
14
#7960000
0!
1&
#7960679
03
#7962392
04
#7970000
1!
0&
#7970514
13
#7972392
14
#7980000
0!
1&
#7980679
03
#7982392
04
#7990000
1!
0&
#7990514
13
#7992392
14
#8000000
0!
1&
#8000679
03
#8002392
04
#8010000
1!
0&
#8010514
13
#8012392
14
#8020000
0!
1&
#8020679
03
#8022392
04
#8030000
1!
0&
#8030514
13
#8032392
14
#8040000
0!
1&
#8040679
03
#8042392
04
#8050000
1!
0&
#8050514
13
#8052392
14
#8060000
0!
1&
#8060679
03
#8062392
04
#8070000
1!
0&
#8070514
13
#8072392
14
#8080000
0!
1&
#8080679
03
#8082392
04
#8090000
1!
0&
#8090514
13
#8092392
14
#8100000
0!
1&
#8100679
03
#8102392
04
#8110000
1!
0&
#8110514
13
#8112392
14
#8120000
0!
1&
#8120679
03
#8122392
04
#8130000
1!
0&
#8130514
13
#8132392
14
#8140000
0!
1&
#8140679
03
#8142392
04
#8150000
1!
0&
#8150514
13
#8152392
14
#8160000
0!
1&
#8160679
03
#8162392
04
#8170000
1!
0&
#8170514
13
#8172392
14
#8180000
0!
1&
#8180679
03
#8182392
04
#8190000
1!
0&
#8190514
13
#8192392
14
#8200000
0!
1&
#8200679
03
#8202392
04
#8210000
1!
0&
#8210514
13
#8212392
14
#8220000
0!
1&
#8220679
03
#8222392
04
#8230000
1!
0&
#8230514
13
#8232392
14
#8240000
0!
1&
#8240679
03
#8242392
04
#8250000
1!
0&
#8250514
13
#8252392
14
#8260000
0!
1&
#8260679
03
#8262392
04
#8270000
1!
0&
#8270514
13
#8272392
14
#8280000
0!
1&
#8280679
03
#8282392
04
#8290000
1!
0&
#8290514
13
#8292392
14
#8300000
0!
1&
#8300679
03
#8302392
04
#8306831
0\
0N
#8308709
0I
#8310000
1!
0&
#8310192
0J
#8310514
13
#8312392
14
#8313485
0%
#8320000
0!
1&
#8320679
03
#8322392
04
#8330000
1!
0&
#8330514
13
#8332392
14
#8340000
0!
1&
#8340679
03
#8342392
04
#8350000
1!
0&
#8350514
13
#8352392
14
#8360000
0!
1&
#8360679
03
#8362392
04
#8370000
1!
0&
#8370514
13
#8372392
14
#8380000
0!
1&
#8380679
03
#8382392
04
#8390000
1!
0&
#8390514
13
#8392392
14
#8400000
0!
1&
#8400679
03
#8402392
04
#8410000
1!
0&
#8410514
13
#8412392
14
#8420000
0!
1&
#8420679
03
#8422392
04
#8430000
1!
0&
#8430514
13
#8432392
14
#8440000
0!
1&
#8440679
03
#8442392
04
#8450000
1!
0&
#8450514
13
#8452392
14
#8460000
0!
1&
#8460679
03
#8462392
04
#8470000
1!
0&
#8470514
13
#8472392
14
#8480000
0!
1&
#8480679
03
#8482392
04
#8490000
1!
0&
#8490514
13
#8492392
14
#8500000
0!
1&
#8500679
03
#8502392
04
#8510000
1!
0&
#8510514
13
#8512392
14
#8520000
0!
1&
#8520679
03
#8522392
04
#8530000
1!
0&
#8530514
13
#8532392
14
#8540000
0!
1&
#8540679
03
#8542392
04
#8550000
1!
0&
#8550514
13
#8552392
14
#8560000
0!
1&
#8560679
03
#8562392
04
#8570000
1!
0&
#8570514
13
#8572392
14
#8580000
0!
1&
#8580679
03
#8582392
04
#8590000
1!
0&
#8590514
13
#8592392
14
#8600000
0!
1&
#8600679
03
#8602392
04
#8610000
1!
0&
#8610514
13
#8612392
14
#8620000
0!
1&
#8620679
03
#8622392
04
#8630000
1!
0&
#8630514
13
#8632392
14
#8640000
0!
1&
#8640679
03
#8642392
04
#8650000
1!
0&
#8650514
13
#8652392
14
#8660000
0!
1&
#8660679
03
#8662392
04
#8670000
1!
0&
#8670514
13
#8672392
14
#8680000
0!
1&
#8680679
03
#8682392
04
#8690000
1!
0&
#8690514
13
#8692392
14
#8700000
0!
1&
#8700679
03
#8702392
04
#8710000
1!
0&
#8710514
13
#8712392
14
#8720000
0!
1&
#8720679
03
#8722392
04
#8730000
1!
0&
#8730514
13
#8732392
14
#8740000
0!
1&
#8740679
03
#8742392
04
#8750000
1!
0&
#8750514
13
#8752392
14
#8756831
1\
1N
#8758727
1I
#8760000
0!
1&
#8760215
1J
#8760473
1X
#8760679
03
#8761092
08
#8761169
19
#8761227
0:
#8761285
1<
#8761606
0-
#8761664
0;
#8761740
1.
#8762392
04
#8763548
1%
#8770000
1!
0&
#8770514
13
#8772392
14
#8780000
0!
1&
#8780679
03
#8782392
04
#8790000
1!
0&
#8790514
13
#8792392
14
#8800000
0!
1&
#8800679
03
#8802392
04
#8810000
1!
0&
#8810514
13
#8812392
14
#8820000
0!
1&
#8820679
03
#8822392
04
#8830000
1!
0&
#8830514
13
#8832392
14
#8840000
0!
1&
#8840679
03
#8842392
04
#8850000
1!
0&
#8850514
13
#8852392
14
#8860000
0!
1&
#8860679
03
#8862392
04
#8870000
1!
0&
#8870514
13
#8872392
14
#8880000
0!
1&
#8880679
03
#8882392
04
#8890000
1!
0&
#8890514
13
#8892392
14
#8900000
0!
1&
#8900679
03
#8902392
04
#8910000
1!
0&
#8910514
13
#8912392
14
#8920000
0!
1&
#8920679
03
#8922392
04
#8930000
1!
0&
#8930514
13
#8932392
14
#8940000
0!
1&
#8940679
03
#8942392
04
#8950000
1!
0&
#8950514
13
#8952392
14
#8960000
0!
1&
#8960679
03
#8962392
04
#8970000
1!
0&
#8970514
13
#8972392
14
#8980000
0!
1&
#8980679
03
#8982392
04
#8990000
1!
0&
#8990514
13
#8992392
14
#9000000
0!
1&
#9000679
03
#9002392
04
#9010000
1!
0&
#9010514
13
#9012392
14
#9020000
0!
1&
#9020679
03
#9022392
04
#9030000
1!
0&
#9030514
13
#9032392
14
#9040000
0!
1&
#9040679
03
#9042392
04
#9050000
1!
0&
#9050514
13
#9052392
14
#9060000
0!
1&
#9060679
03
#9062392
04
#9070000
1!
0&
#9070514
13
#9072392
14
#9080000
0!
1&
#9080679
03
#9082392
04
#9090000
1!
0&
#9090514
13
#9092392
14
#9100000
0!
1&
#9100679
03
#9102392
04
#9110000
1!
0&
#9110514
13
#9112392
14
#9120000
0!
1&
#9120679
03
#9122392
04
#9130000
1!
0&
#9130514
13
#9132392
14
#9140000
0!
1&
#9140679
03
#9142392
04
#9150000
1!
0&
#9150514
13
#9152392
14
#9160000
0!
1&
#9160679
03
#9162392
04
#9170000
1!
0&
#9170514
13
#9172392
14
#9180000
0!
1&
#9180679
03
#9182392
04
#9190000
1!
0&
#9190514
13
#9192392
14
#9200000
0!
1&
#9200679
03
#9202392
04
#9210000
1!
0&
#9210514
13
#9212392
14
#9220000
0!
1&
#9220679
03
#9222392
04
#9230000
1!
0&
#9230514
13
#9232392
14
#9240000
0!
1&
#9240679
03
#9242392
04
#9250000
1!
0&
#9250514
13
#9252392
14
#9260000
0!
1&
#9260679
03
#9262392
04
#9270000
1!
0&
#9270514
13
#9272392
14
#9280000
0!
1&
#9280679
03
#9282392
04
#9290000
1!
0&
#9290514
13
#9292392
14
#9300000
0!
1&
#9300679
03
#9302392
04
#9310000
1!
0&
#9310514
13
#9312392
14
#9320000
0!
1&
#9320679
03
#9322392
04
#9330000
1!
0&
#9330514
13
#9332392
14
#9340000
0!
1&
#9340679
03
#9342392
04
#9350000
1!
0&
#9350514
13
#9352392
14
#9360000
0!
1&
#9360679
03
#9362392
04
#9370000
1!
0&
#9370514
13
#9372392
14
#9380000
0!
1&
#9380679
03
#9382392
04
#9390000
1!
0&
#9390514
13
#9392392
14
#9400000
0!
1&
#9400679
03
#9402392
04
#9410000
1!
0&
#9410514
13
#9412392
14
#9420000
0!
1&
#9420679
03
#9422392
04
#9430000
1!
0&
#9430514
13
#9432392
14
#9440000
0!
1&
#9440679
03
#9442392
04
#9450000
1!
0&
#9450514
13
#9452392
14
#9460000
0!
1&
#9460679
03
#9462392
04
#9470000
1!
0&
#9470514
13
#9472392
14
#9480000
0!
1&
#9480679
03
#9482392
04
#9490000
1!
0&
#9490514
13
#9492392
14
#9500000
0!
1&
#9500679
03
#9502392
04
#9510000
1!
0&
#9510514
13
#9512392
14
#9520000
0!
1&
#9520679
03
#9522392
04
#9530000
1!
0&
#9530514
13
#9532392
14
#9540000
0!
1&
#9540679
03
#9542392
04
#9550000
1!
0&
#9550514
13
#9552392
14
#9556831
0\
0N
#9558709
0I
#9560000
0!
1&
#9560192
0J
#9560679
03
#9562392
04
#9563485
0%
#9570000
1!
0&
#9570514
13
#9572392
14
#9580000
0!
1&
#9580679
03
#9582392
04
#9590000
1!
0&
#9590514
13
#9592392
14
#9600000
0!
1&
#9600679
03
#9602392
04
#9610000
1!
0&
#9610514
13
#9612392
14
#9620000
0!
1&
#9620679
03
#9622392
04
#9630000
1!
0&
#9630514
13
#9632392
14
#9640000
0!
1&
#9640679
03
#9642392
04
#9650000
1!
0&
#9650514
13
#9652392
14
#9660000
0!
1&
#9660679
03
#9662392
04
#9670000
1!
0&
#9670514
13
#9672392
14
#9680000
0!
1&
#9680679
03
#9682392
04
#9690000
1!
0&
#9690514
13
#9692392
14
#9700000
0!
1&
#9700679
03
#9702392
04
#9710000
1!
0&
#9710514
13
#9712392
14
#9720000
0!
1&
#9720679
03
#9722392
04
#9730000
1!
0&
#9730514
13
#9732392
14
#9740000
0!
1&
#9740679
03
#9742392
04
#9750000
1!
0&
#9750514
13
#9752392
14
#9760000
0!
1&
#9760679
03
#9762392
04
#9770000
1!
0&
#9770514
13
#9772392
14
#9780000
0!
1&
#9780679
03
#9782392
04
#9790000
1!
0&
#9790514
13
#9792392
14
#9800000
0!
1&
#9800679
03
#9802392
04
#9810000
1!
0&
#9810514
13
#9812392
14
#9820000
0!
1&
#9820679
03
#9822392
04
#9830000
1!
0&
#9830514
13
#9832392
14
#9840000
0!
1&
#9840679
03
#9842392
04
#9850000
1!
0&
#9850514
13
#9852392
14
#9860000
0!
1&
#9860679
03
#9862392
04
#9870000
1!
0&
#9870514
13
#9872392
14
#9880000
0!
1&
#9880679
03
#9882392
04
#9890000
1!
0&
#9890514
13
#9892392
14
#9900000
0!
1&
#9900679
03
#9902392
04
#9910000
1!
0&
#9910514
13
#9912392
14
#9920000
0!
1&
#9920679
03
#9922392
04
#9930000
1!
0&
#9930514
13
#9932392
14
#9940000
0!
1&
#9940679
03
#9942392
04
#9950000
1!
0&
#9950514
13
#9952392
14
#9960000
0!
1&
#9960679
03
#9962392
04
#9970000
1!
0&
#9970514
13
#9972392
14
#9980000
0!
1&
#9980679
03
#9982392
04
#9990000
1!
0&
#9990514
13
#9992392
14
#10000000
0!
1&
#10000679
03
#10002392
04
#10006831
1\
1N
#10008727
1I
#10010000
1!
0&
#10010215
1J
#10010473
0W
1U
0X
0V
#10010514
13
#10011042
0=
#10011095
0.
#10011126
09
0<
#10011163
1;
18
#10011184
1=
#10011249
1:
#10011581
1.
#10011686
0;
#10012392
14
#10013548
1%
#10020000
0!
1&
#10020679
03
#10022392
04
#10030000
1!
0&
#10030514
13
#10032392
14
#10040000
0!
1&
#10040679
03
#10042392
04
#10050000
1!
0&
#10050514
13
#10052392
14
#10060000
0!
1&
#10060679
03
#10062392
04
#10070000
1!
0&
#10070514
13
#10072392
14
#10080000
0!
1&
#10080679
03
#10082392
04
#10090000
1!
0&
#10090514
13
#10092392
14
#10100000
0!
1&
#10100679
03
#10102392
04
#10110000
1!
0&
#10110514
13
#10112392
14
#10120000
0!
1&
#10120679
03
#10122392
04
#10130000
1!
0&
#10130514
13
#10132392
14
#10140000
0!
1&
#10140679
03
#10142392
04
#10150000
1!
0&
#10150514
13
#10152392
14
#10160000
0!
1&
#10160679
03
#10162392
04
#10170000
1!
0&
#10170514
13
#10172392
14
#10180000
0!
1&
#10180679
03
#10182392
04
#10190000
1!
0&
#10190514
13
#10192392
14
#10200000
0!
1&
#10200679
03
#10202392
04
#10210000
1!
0&
#10210514
13
#10212392
14
#10220000
0!
1&
#10220679
03
#10222392
04
#10230000
1!
0&
#10230514
13
#10232392
14
#10240000
0!
1&
#10240679
03
#10242392
04
#10250000
1!
0&
#10250514
13
#10252392
14
#10260000
0!
1&
#10260679
03
#10262392
04
#10270000
1!
0&
#10270514
13
#10272392
14
#10280000
0!
1&
#10280679
03
#10282392
04
#10290000
1!
0&
#10290514
13
#10292392
14
#10300000
0!
1&
#10300679
03
#10302392
04
#10310000
1!
0&
#10310514
13
#10312392
14
#10320000
0!
1&
#10320679
03
#10322392
04
#10330000
1!
0&
#10330514
13
#10332392
14
#10340000
0!
1&
#10340679
03
#10342392
04
#10350000
1!
0&
#10350514
13
#10352392
14
#10360000
0!
1&
#10360679
03
#10362392
04
#10370000
1!
0&
#10370514
13
#10372392
14
#10380000
0!
1&
#10380679
03
#10382392
04
#10390000
1!
0&
#10390514
13
#10392392
14
#10400000
0!
1&
#10400679
03
#10402392
04
#10410000
1!
0&
#10410514
13
#10412392
14
#10420000
0!
1&
#10420679
03
#10422392
04
#10430000
1!
0&
#10430514
13
#10432392
14
#10440000
0!
1&
#10440679
03
#10442392
04
#10450000
1!
0&
#10450514
13
#10452392
14
#10460000
0!
1&
#10460679
03
#10462392
04
#10470000
1!
0&
#10470514
13
#10472392
14
#10480000
0!
1&
#10480679
03
#10482392
04
#10490000
1!
0&
#10490514
13
#10492392
14
#10500000
0!
1&
#10500679
03
#10502392
04
#10510000
1!
0&
#10510514
13
#10512392
14
#10520000
0!
1&
#10520679
03
#10522392
04
#10530000
1!
0&
#10530514
13
#10532392
14
#10540000
0!
1&
#10540679
03
#10542392
04
#10550000
1!
0&
#10550514
13
#10552392
14
#10560000
0!
1&
#10560679
03
#10562392
04
#10570000
1!
0&
#10570514
13
#10572392
14
#10580000
0!
1&
#10580679
03
#10582392
04
#10590000
1!
0&
#10590514
13
#10592392
14
#10600000
0!
1&
#10600679
03
#10602392
04
#10610000
1!
0&
#10610514
13
#10612392
14
#10620000
0!
1&
#10620679
03
#10622392
04
#10630000
1!
0&
#10630514
13
#10632392
14
#10640000
0!
1&
#10640679
03
#10642392
04
#10650000
1!
0&
#10650514
13
#10652392
14
#10660000
0!
1&
#10660679
03
#10662392
04
#10670000
1!
0&
#10670514
13
#10672392
14
#10680000
0!
1&
#10680679
03
#10682392
04
#10690000
1!
0&
#10690514
13
#10692392
14
#10700000
0!
1&
#10700679
03
#10702392
04
#10710000
1!
0&
#10710514
13
#10712392
14
#10720000
0!
1&
#10720679
03
#10722392
04
#10730000
1!
0&
#10730514
13
#10732392
14
#10740000
0!
1&
#10740679
03
#10742392
04
#10750000
1!
0&
#10750514
13
#10752392
14
#10760000
0!
1&
#10760679
03
#10762392
04
#10770000
1!
0&
#10770514
13
#10772392
14
#10780000
0!
1&
#10780679
03
#10782392
04
#10790000
1!
0&
#10790514
13
#10792392
14
#10800000
0!
1&
#10800679
03
#10802392
04
#10806831
0\
0N
#10808709
0I
#10810000
1!
0&
#10810192
0J
#10810514
13
#10812392
14
#10813485
0%
#10820000
0!
1&
#10820679
03
#10822392
04
#10830000
1!
0&
#10830514
13
#10832392
14
#10840000
0!
1&
#10840679
03
#10842392
04
#10850000
1!
0&
#10850514
13
#10852392
14
#10860000
0!
1&
#10860679
03
#10862392
04
#10870000
1!
0&
#10870514
13
#10872392
14
#10880000
0!
1&
#10880679
03
#10882392
04
#10890000
1!
0&
#10890514
13
#10892392
14
#10900000
0!
1&
#10900679
03
#10902392
04
#10910000
1!
0&
#10910514
13
#10912392
14
#10920000
0!
1&
#10920679
03
#10922392
04
#10930000
1!
0&
#10930514
13
#10932392
14
#10940000
0!
1&
#10940679
03
#10942392
04
#10950000
1!
0&
#10950514
13
#10952392
14
#10960000
0!
1&
#10960679
03
#10962392
04
#10970000
1!
0&
#10970514
13
#10972392
14
#10980000
0!
1&
#10980679
03
#10982392
04
#10990000
1!
0&
#10990514
13
#10992392
14
#11000000
0!
1&
#11000679
03
#11002392
04
#11010000
1!
0&
#11010514
13
#11012392
14
#11020000
0!
1&
#11020679
03
#11022392
04
#11030000
1!
0&
#11030514
13
#11032392
14
#11040000
0!
1&
#11040679
03
#11042392
04
#11050000
1!
0&
#11050514
13
#11052392
14
#11060000
0!
1&
#11060679
03
#11062392
04
#11070000
1!
0&
#11070514
13
#11072392
14
#11080000
0!
1&
#11080679
03
#11082392
04
#11090000
1!
0&
#11090514
13
#11092392
14
#11100000
0!
1&
#11100679
03
#11102392
04
#11110000
1!
0&
#11110514
13
#11112392
14
#11120000
0!
1&
#11120679
03
#11122392
04
#11130000
1!
0&
#11130514
13
#11132392
14
#11140000
0!
1&
#11140679
03
#11142392
04
#11150000
1!
0&
#11150514
13
#11152392
14
#11160000
0!
1&
#11160679
03
#11162392
04
#11170000
1!
0&
#11170514
13
#11172392
14
#11180000
0!
1&
#11180679
03
#11182392
04
#11190000
1!
0&
#11190514
13
#11192392
14
#11200000
0!
1&
#11200679
03
#11202392
04
#11210000
1!
0&
#11210514
13
#11212392
14
#11220000
0!
1&
#11220679
03
#11222392
04
#11230000
1!
0&
#11230514
13
#11232392
14
#11240000
0!
1&
#11240679
03
#11242392
04
#11250000
1!
0&
#11250514
13
#11252392
14
#11256831
1\
1N
#11258727
1I
#11260000
0!
1&
#11260215
1J
#11260473
1X
#11260679
03
#11261092
08
#11261169
19
#11261624
1-
#11262392
04
#11263548
1%
#11270000
1!
0&
#11270514
13
#11272392
14
#11280000
0!
1&
#11280679
03
#11282392
04
#11290000
1!
0&
#11290514
13
#11292392
14
#11300000
0!
1&
#11300679
03
#11302392
04
#11310000
1!
0&
#11310514
13
#11312392
14
#11320000
0!
1&
#11320679
03
#11322392
04
#11330000
1!
0&
#11330514
13
#11332392
14
#11340000
0!
1&
#11340679
03
#11342392
04
#11350000
1!
0&
#11350514
13
#11352392
14
#11360000
0!
1&
#11360679
03
#11362392
04
#11370000
1!
0&
#11370514
13
#11372392
14
#11380000
0!
1&
#11380679
03
#11382392
04
#11390000
1!
0&
#11390514
13
#11392392
14
#11400000
0!
1&
#11400679
03
#11402392
04
#11410000
1!
0&
#11410514
13
#11412392
14
#11420000
0!
1&
#11420679
03
#11422392
04
#11430000
1!
0&
#11430514
13
#11432392
14
#11440000
0!
1&
#11440679
03
#11442392
04
#11450000
1!
0&
#11450514
13
#11452392
14
#11460000
0!
1&
#11460679
03
#11462392
04
#11470000
1!
0&
#11470514
13
#11472392
14
#11480000
0!
1&
#11480679
03
#11482392
04
#11490000
1!
0&
#11490514
13
#11492392
14
#11500000
0!
1&
#11500679
03
#11502392
04
#11510000
1!
0&
#11510514
13
#11512392
14
#11520000
0!
1&
#11520679
03
#11522392
04
#11530000
1!
0&
#11530514
13
#11532392
14
#11540000
0!
1&
#11540679
03
#11542392
04
#11550000
1!
0&
#11550514
13
#11552392
14
#11560000
0!
1&
#11560679
03
#11562392
04
#11570000
1!
0&
#11570514
13
#11572392
14
#11580000
0!
1&
#11580679
03
#11582392
04
#11590000
1!
0&
#11590514
13
#11592392
14
#11600000
0!
1&
#11600679
03
#11602392
04
#11610000
1!
0&
#11610514
13
#11612392
14
#11620000
0!
1&
#11620679
03
#11622392
04
#11630000
1!
0&
#11630514
13
#11632392
14
#11640000
0!
1&
#11640679
03
#11642392
04
#11650000
1!
0&
#11650514
13
#11652392
14
#11660000
0!
1&
#11660679
03
#11662392
04
#11670000
1!
0&
#11670514
13
#11672392
14
#11680000
0!
1&
#11680679
03
#11682392
04
#11690000
1!
0&
#11690514
13
#11692392
14
#11700000
0!
1&
#11700679
03
#11702392
04
#11710000
1!
0&
#11710514
13
#11712392
14
#11720000
0!
1&
#11720679
03
#11722392
04
#11730000
1!
0&
#11730514
13
#11732392
14
#11740000
0!
1&
#11740679
03
#11742392
04
#11750000
1!
0&
#11750514
13
#11752392
14
#11760000
0!
1&
#11760679
03
#11762392
04
#11770000
1!
0&
#11770514
13
#11772392
14
#11780000
0!
1&
#11780679
03
#11782392
04
#11790000
1!
0&
#11790514
13
#11792392
14
#11800000
0!
1&
#11800679
03
#11802392
04
#11810000
1!
0&
#11810514
13
#11812392
14
#11820000
0!
1&
#11820679
03
#11822392
04
#11830000
1!
0&
#11830514
13
#11832392
14
#11840000
0!
1&
#11840679
03
#11842392
04
#11850000
1!
0&
#11850514
13
#11852392
14
#11860000
0!
1&
#11860679
03
#11862392
04
#11870000
1!
0&
#11870514
13
#11872392
14
#11880000
0!
1&
#11880679
03
#11882392
04
#11890000
1!
0&
#11890514
13
#11892392
14
#11900000
0!
1&
#11900679
03
#11902392
04
#11910000
1!
0&
#11910514
13
#11912392
14
#11920000
0!
1&
#11920679
03
#11922392
04
#11930000
1!
0&
#11930514
13
#11932392
14
#11940000
0!
1&
#11940679
03
#11942392
04
#11950000
1!
0&
#11950514
13
#11952392
14
#11960000
0!
1&
#11960679
03
#11962392
04
#11970000
1!
0&
#11970514
13
#11972392
14
#11980000
0!
1&
#11980679
03
#11982392
04
#11990000
1!
0&
#11990514
13
#11992392
14
#12000000
0!
1&
#12000679
03
#12002392
04
#12010000
1!
0&
#12010514
13
#12012392
14
#12020000
0!
1&
#12020679
03
#12022392
04
#12030000
1!
0&
#12030514
13
#12032392
14
#12040000
0!
1&
#12040679
03
#12042392
04
#12050000
1!
0&
#12050514
13
#12052392
14
#12056831
0\
0N
#12058709
0I
#12060000
0!
1&
#12060192
0J
#12060679
03
#12062392
04
#12063485
0%
#12070000
1!
0&
#12070514
13
#12072392
14
#12080000
0!
1&
#12080679
03
#12082392
04
#12090000
1!
0&
#12090514
13
#12092392
14
#12100000
0!
1&
#12100679
03
#12102392
04
#12110000
1!
0&
#12110514
13
#12112392
14
#12120000
0!
1&
#12120679
03
#12122392
04
#12130000
1!
0&
#12130514
13
#12132392
14
#12140000
0!
1&
#12140679
03
#12142392
04
#12150000
1!
0&
#12150514
13
#12152392
14
#12160000
0!
1&
#12160679
03
#12162392
04
#12170000
1!
0&
#12170514
13
#12172392
14
#12180000
0!
1&
#12180679
03
#12182392
04
#12190000
1!
0&
#12190514
13
#12192392
14
#12200000
0!
1&
#12200679
03
#12202392
04
#12210000
1!
0&
#12210514
13
#12212392
14
#12220000
0!
1&
#12220679
03
#12222392
04
#12230000
1!
0&
#12230514
13
#12232392
14
#12240000
0!
1&
#12240679
03
#12242392
04
#12250000
1!
0&
#12250514
13
#12252392
14
#12260000
0!
1&
#12260679
03
#12262392
04
#12270000
1!
0&
#12270514
13
#12272392
14
#12280000
0!
1&
#12280679
03
#12282392
04
#12290000
1!
0&
#12290514
13
#12292392
14
#12300000
0!
1&
#12300679
03
#12302392
04
#12310000
1!
0&
#12310514
13
#12312392
14
#12320000
0!
1&
#12320679
03
#12322392
04
#12330000
1!
0&
#12330514
13
#12332392
14
#12340000
0!
1&
#12340679
03
#12342392
04
#12350000
1!
0&
#12350514
13
#12352392
14
#12360000
0!
1&
#12360679
03
#12362392
04
#12370000
1!
0&
#12370514
13
#12372392
14
#12380000
0!
1&
#12380679
03
#12382392
04
#12390000
1!
0&
#12390514
13
#12392392
14
#12400000
0!
1&
#12400679
03
#12402392
04
#12410000
1!
0&
#12410514
13
#12412392
14
#12420000
0!
1&
#12420679
03
#12422392
04
#12430000
1!
0&
#12430514
13
#12432392
14
#12440000
0!
1&
#12440679
03
#12442392
04
#12450000
1!
0&
#12450514
13
#12452392
14
#12460000
0!
1&
#12460679
03
#12462392
04
#12470000
1!
0&
#12470514
13
#12472392
14
#12480000
0!
1&
#12480679
03
#12482392
04
#12490000
1!
0&
#12490514
13
#12492392
14
#12500000
0!
1&
#12500679
03
#12502392
04
#12506831
1\
1N
#12508727
1I
#12510000
1!
0&
#12510215
1J
#12510473
1W
0X
#12510514
13
#12511040
0:
#12511093
0-
#12511126
09
#12511163
18
#12511184
1:
#12511581
1-
#12512392
14
#12513548
1%
#12520000
0!
1&
#12520679
03
#12522392
04
#12530000
1!
0&
#12530514
13
#12532392
14
#12540000
0!
1&
#12540679
03
#12542392
04
#12550000
1!
0&
#12550514
13
#12552392
14
#12560000
0!
1&
#12560679
03
#12562392
04
#12570000
1!
0&
#12570514
13
#12572392
14
#12580000
0!
1&
#12580679
03
#12582392
04
#12590000
1!
0&
#12590514
13
#12592392
14
#12600000
0!
1&
#12600679
03
#12602392
04
#12610000
1!
0&
#12610514
13
#12612392
14
#12620000
0!
1&
#12620679
03
#12622392
04
#12630000
1!
0&
#12630514
13
#12632392
14
#12640000
0!
1&
#12640679
03
#12642392
04
#12650000
1!
0&
#12650514
13
#12652392
14
#12660000
0!
1&
#12660679
03
#12662392
04
#12670000
1!
0&
#12670514
13
#12672392
14
#12680000
0!
1&
#12680679
03
#12682392
04
#12690000
1!
0&
#12690514
13
#12692392
14
#12700000
0!
1&
#12700679
03
#12702392
04
#12710000
1!
0&
#12710514
13
#12712392
14
#12720000
0!
1&
#12720679
03
#12722392
04
#12730000
1!
0&
#12730514
13
#12732392
14
#12740000
0!
1&
#12740679
03
#12742392
04
#12750000
1!
0&
#12750514
13
#12752392
14
#12760000
0!
1&
#12760679
03
#12762392
04
#12770000
1!
0&
#12770514
13
#12772392
14
#12780000
0!
1&
#12780679
03
#12782392
04
#12790000
1!
0&
#12790514
13
#12792392
14
#12800000
0!
1&
#12800679
03
#12802392
04
#12810000
1!
0&
#12810514
13
#12812392
14
#12820000
0!
1&
#12820679
03
#12822392
04
#12830000
1!
0&
#12830514
13
#12832392
14
#12840000
0!
1&
#12840679
03
#12842392
04
#12850000
1!
0&
#12850514
13
#12852392
14
#12860000
0!
1&
#12860679
03
#12862392
04
#12870000
1!
0&
#12870514
13
#12872392
14
#12880000
0!
1&
#12880679
03
#12882392
04
#12890000
1!
0&
#12890514
13
#12892392
14
#12900000
0!
1&
#12900679
03
#12902392
04
#12910000
1!
0&
#12910514
13
#12912392
14
#12920000
0!
1&
#12920679
03
#12922392
04
#12930000
1!
0&
#12930514
13
#12932392
14
#12940000
0!
1&
#12940679
03
#12942392
04
#12950000
1!
0&
#12950514
13
#12952392
14
#12960000
0!
1&
#12960679
03
#12962392
04
#12970000
1!
0&
#12970514
13
#12972392
14
#12980000
0!
1&
#12980679
03
#12982392
04
#12990000
1!
0&
#12990514
13
#12992392
14
#13000000
0!
1&
#13000679
03
#13002392
04
#13010000
1!
0&
#13010514
13
#13012392
14
#13020000
0!
1&
#13020679
03
#13022392
04
#13030000
1!
0&
#13030514
13
#13032392
14
#13040000
0!
1&
#13040679
03
#13042392
04
#13050000
1!
0&
#13050514
13
#13052392
14
#13060000
0!
1&
#13060679
03
#13062392
04
#13070000
1!
0&
#13070514
13
#13072392
14
#13080000
0!
1&
#13080679
03
#13082392
04
#13090000
1!
0&
#13090514
13
#13092392
14
#13100000
0!
1&
#13100679
03
#13102392
04
#13110000
1!
0&
#13110514
13
#13112392
14
#13120000
0!
1&
#13120679
03
#13122392
04
#13130000
1!
0&
#13130514
13
#13132392
14
#13140000
0!
1&
#13140679
03
#13142392
04
#13150000
1!
0&
#13150514
13
#13152392
14
#13160000
0!
1&
#13160679
03
#13162392
04
#13170000
1!
0&
#13170514
13
#13172392
14
#13180000
0!
1&
#13180679
03
#13182392
04
#13190000
1!
0&
#13190514
13
#13192392
14
#13200000
0!
1&
#13200679
03
#13202392
04
#13210000
1!
0&
#13210514
13
#13212392
14
#13220000
0!
1&
#13220679
03
#13222392
04
#13230000
1!
0&
#13230514
13
#13232392
14
#13240000
0!
1&
#13240679
03
#13242392
04
#13250000
1!
0&
#13250514
13
#13252392
14
#13260000
0!
1&
#13260679
03
#13262392
04
#13270000
1!
0&
#13270514
13
#13272392
14
#13280000
0!
1&
#13280679
03
#13282392
04
#13290000
1!
0&
#13290514
13
#13292392
14
#13300000
0!
1&
#13300679
03
#13302392
04
#13306831
0\
0N
#13308709
0I
#13310000
1!
0&
#13310192
0J
#13310514
13
#13312392
14
#13313485
0%
#13320000
0!
1&
#13320679
03
#13322392
04
#13330000
1!
0&
#13330514
13
#13332392
14
#13340000
0!
1&
#13340679
03
#13342392
04
#13350000
1!
0&
#13350514
13
#13352392
14
#13360000
0!
1&
#13360679
03
#13362392
04
#13370000
1!
0&
#13370514
13
#13372392
14
#13380000
0!
1&
#13380679
03
#13382392
04
#13390000
1!
0&
#13390514
13
#13392392
14
#13400000
0!
1&
#13400679
03
#13402392
04
#13410000
1!
0&
#13410514
13
#13412392
14
#13420000
0!
1&
#13420679
03
#13422392
04
#13430000
1!
0&
#13430514
13
#13432392
14
#13440000
0!
1&
#13440679
03
#13442392
04
#13450000
1!
0&
#13450514
13
#13452392
14
#13460000
0!
1&
#13460679
03
#13462392
04
#13470000
1!
0&
#13470514
13
#13472392
14
#13480000
0!
1&
#13480679
03
#13482392
04
#13490000
1!
0&
#13490514
13
#13492392
14
#13500000
0!
1&
#13500679
03
#13502392
04
#13510000
1!
0&
#13510514
13
#13512392
14
#13520000
0!
1&
#13520679
03
#13522392
04
#13530000
1!
0&
#13530514
13
#13532392
14
#13540000
0!
1&
#13540679
03
#13542392
04
#13550000
1!
0&
#13550514
13
#13552392
14
#13560000
0!
1&
#13560679
03
#13562392
04
#13570000
1!
0&
#13570514
13
#13572392
14
#13580000
0!
1&
#13580679
03
#13582392
04
#13590000
1!
0&
#13590514
13
#13592392
14
#13600000
0!
1&
#13600679
03
#13602392
04
#13610000
1!
0&
#13610514
13
#13612392
14
#13620000
0!
1&
#13620679
03
#13622392
04
#13630000
1!
0&
#13630514
13
#13632392
14
#13640000
0!
1&
#13640679
03
#13642392
04
#13650000
1!
0&
#13650514
13
#13652392
14
#13660000
0!
1&
#13660679
03
#13662392
04
#13670000
1!
0&
#13670514
13
#13672392
14
#13680000
0!
1&
#13680679
03
#13682392
04
#13690000
1!
0&
#13690514
13
#13692392
14
#13700000
0!
1&
#13700679
03
#13702392
04
#13710000
1!
0&
#13710514
13
#13712392
14
#13720000
0!
1&
#13720679
03
#13722392
04
#13730000
1!
0&
#13730514
13
#13732392
14
#13740000
0!
1&
#13740679
03
#13742392
04
#13750000
1!
0&
#13750514
13
#13752392
14
#13756831
1\
1N
#13758727
1I
#13760000
0!
1&
#13760215
1J
#13760473
1X
#13760679
03
#13761092
08
#13761169
19
#13761227
0:
#13761606
0-
#13761682
1;
#13762392
04
#13763548
1%
#13770000
1!
0&
#13770514
13
#13772392
14
#13780000
0!
1&
#13780679
03
#13782392
04
#13790000
1!
0&
#13790514
13
#13792392
14
#13800000
0!
1&
#13800679
03
#13802392
04
#13810000
1!
0&
#13810514
13
#13812392
14
#13820000
0!
1&
#13820679
03
#13822392
04
#13830000
1!
0&
#13830514
13
#13832392
14
#13840000
0!
1&
#13840679
03
#13842392
04
#13850000
1!
0&
#13850514
13
#13852392
14
#13860000
0!
1&
#13860679
03
#13862392
04
#13870000
1!
0&
#13870514
13
#13872392
14
#13880000
0!
1&
#13880679
03
#13882392
04
#13890000
1!
0&
#13890514
13
#13892392
14
#13900000
0!
1&
#13900679
03
#13902392
04
#13910000
1!
0&
#13910514
13
#13912392
14
#13920000
0!
1&
#13920679
03
#13922392
04
#13930000
1!
0&
#13930514
13
#13932392
14
#13940000
0!
1&
#13940679
03
#13942392
04
#13950000
1!
0&
#13950514
13
#13952392
14
#13960000
0!
1&
#13960679
03
#13962392
04
#13970000
1!
0&
#13970514
13
#13972392
14
#13980000
0!
1&
#13980679
03
#13982392
04
#13990000
1!
0&
#13990514
13
#13992392
14
#14000000
0!
1&
#14000679
03
#14002392
04
#14010000
1!
0&
#14010514
13
#14012392
14
#14020000
0!
1&
#14020679
03
#14022392
04
#14030000
1!
0&
#14030514
13
#14032392
14
#14040000
0!
1&
#14040679
03
#14042392
04
#14050000
1!
0&
#14050514
13
#14052392
14
#14060000
0!
1&
#14060679
03
#14062392
04
#14070000
1!
0&
#14070514
13
#14072392
14
#14080000
0!
1&
#14080679
03
#14082392
04
#14090000
1!
0&
#14090514
13
#14092392
14
#14100000
0!
1&
#14100679
03
#14102392
04
#14110000
1!
0&
#14110514
13
#14112392
14
#14120000
0!
1&
#14120679
03
#14122392
04
#14130000
1!
0&
#14130514
13
#14132392
14
#14140000
0!
1&
#14140679
03
#14142392
04
#14150000
1!
0&
#14150514
13
#14152392
14
#14160000
0!
1&
#14160679
03
#14162392
04
#14170000
1!
0&
#14170514
13
#14172392
14
#14180000
0!
1&
#14180679
03
#14182392
04
#14190000
1!
0&
#14190514
13
#14192392
14
#14200000
0!
1&
#14200679
03
#14202392
04
#14210000
1!
0&
#14210514
13
#14212392
14
#14220000
0!
1&
#14220679
03
#14222392
04
#14230000
1!
0&
#14230514
13
#14232392
14
#14240000
0!
1&
#14240679
03
#14242392
04
#14250000
1!
0&
#14250514
13
#14252392
14
#14260000
0!
1&
#14260679
03
#14262392
04
#14270000
1!
0&
#14270514
13
#14272392
14
#14280000
0!
1&
#14280679
03
#14282392
04
#14290000
1!
0&
#14290514
13
#14292392
14
#14300000
0!
1&
#14300679
03
#14302392
04
#14310000
1!
0&
#14310514
13
#14312392
14
#14320000
0!
1&
#14320679
03
#14322392
04
#14330000
1!
0&
#14330514
13
#14332392
14
#14340000
0!
1&
#14340679
03
#14342392
04
#14350000
1!
0&
#14350514
13
#14352392
14
#14360000
0!
1&
#14360679
03
#14362392
04
#14370000
1!
0&
#14370514
13
#14372392
14
#14380000
0!
1&
#14380679
03
#14382392
04
#14390000
1!
0&
#14390514
13
#14392392
14
#14400000
0!
1&
#14400679
03
#14402392
04
#14410000
1!
0&
#14410514
13
#14412392
14
#14420000
0!
1&
#14420679
03
#14422392
04
#14430000
1!
0&
#14430514
13
#14432392
14
#14440000
0!
1&
#14440679
03
#14442392
04
#14450000
1!
0&
#14450514
13
#14452392
14
#14460000
0!
1&
#14460679
03
#14462392
04
#14470000
1!
0&
#14470514
13
#14472392
14
#14480000
0!
1&
#14480679
03
#14482392
04
#14490000
1!
0&
#14490514
13
#14492392
14
#14500000
0!
1&
#14500679
03
#14502392
04
#14510000
1!
0&
#14510514
13
#14512392
14
#14520000
0!
1&
#14520679
03
#14522392
04
#14530000
1!
0&
#14530514
13
#14532392
14
#14540000
0!
1&
#14540679
03
#14542392
04
#14550000
1!
0&
#14550514
13
#14552392
14
#14556831
0\
0N
#14558709
0I
#14560000
0!
1&
#14560192
0J
#14560679
03
#14562392
04
#14563485
0%
#14570000
1!
0&
#14570514
13
#14572392
14
#14580000
0!
1&
#14580679
03
#14582392
04
#14590000
1!
0&
#14590514
13
#14592392
14
#14600000
0!
1&
#14600679
03
#14602392
04
#14610000
1!
0&
#14610514
13
#14612392
14
#14620000
0!
1&
#14620679
03
#14622392
04
#14630000
1!
0&
#14630514
13
#14632392
14
#14640000
0!
1&
#14640679
03
#14642392
04
#14650000
1!
0&
#14650514
13
#14652392
14
#14660000
0!
1&
#14660679
03
#14662392
04
#14670000
1!
0&
#14670514
13
#14672392
14
#14680000
0!
1&
#14680679
03
#14682392
04
#14690000
1!
0&
#14690514
13
#14692392
14
#14700000
0!
1&
#14700679
03
#14702392
04
#14710000
1!
0&
#14710514
13
#14712392
14
#14720000
0!
1&
#14720679
03
#14722392
04
#14730000
1!
0&
#14730514
13
#14732392
14
#14740000
0!
1&
#14740679
03
#14742392
04
#14750000
1!
0&
#14750514
13
#14752392
14
#14760000
0!
1&
#14760679
03
#14762392
04
#14770000
1!
0&
#14770514
13
#14772392
14
#14780000
0!
1&
#14780679
03
#14782392
04
#14790000
1!
0&
#14790514
13
#14792392
14
#14800000
0!
1&
#14800679
03
#14802392
04
#14810000
1!
0&
#14810514
13
#14812392
14
#14820000
0!
1&
#14820679
03
#14822392
04
#14830000
1!
0&
#14830514
13
#14832392
14
#14840000
0!
1&
#14840679
03
#14842392
04
#14850000
1!
0&
#14850514
13
#14852392
14
#14860000
0!
1&
#14860679
03
#14862392
04
#14870000
1!
0&
#14870514
13
#14872392
14
#14880000
0!
1&
#14880679
03
#14882392
04
#14890000
1!
0&
#14890514
13
#14892392
14
#14900000
0!
1&
#14900679
03
#14902392
04
#14910000
1!
0&
#14910514
13
#14912392
14
#14920000
0!
1&
#14920679
03
#14922392
04
#14930000
1!
0&
#14930514
13
#14932392
14
#14940000
0!
1&
#14940679
03
#14942392
04
#14950000
1!
0&
#14950514
13
#14952392
14
#14960000
0!
1&
#14960679
03
#14962392
04
#14970000
1!
0&
#14970514
13
#14972392
14
#14980000
0!
1&
#14980679
03
#14982392
04
#14990000
1!
0&
#14990514
13
#14992392
14
#15000000
0!
1&
#15000679
03
#15002392
04
#15006831
1\
1N
#15008727
1I
#15010000
1!
0&
#15010215
1J
#15010473
0W
0X
1V
#15010514
13
#15011093
0;
#15011126
09
#15011163
18
#15011170
1<
#15011228
0=
#15011249
1:
#15011307
0<
#15011365
1=
#15011704
1;
#15012392
14
#15013548
1%
#15020000
0!
1&
#15020679
03
#15022392
04
#15030000
1!
0&
#15030514
13
#15032392
14
#15040000
0!
1&
#15040679
03
#15042392
04
#15050000
1!
0&
#15050514
13
#15052392
14
#15060000
0!
1&
#15060679
03
#15062392
04
#15070000
1!
0&
#15070514
13
#15072392
14
#15080000
0!
1&
#15080679
03
#15082392
04
#15090000
1!
0&
#15090514
13
#15092392
14
#15100000
0!
1&
#15100679
03
#15102392
04
#15110000
1!
0&
#15110514
13
#15112392
14
#15120000
0!
1&
#15120679
03
#15122392
04
#15130000
1!
0&
#15130514
13
#15132392
14
#15140000
0!
1&
#15140679
03
#15142392
04
#15150000
1!
0&
#15150514
13
#15152392
14
#15160000
0!
1&
#15160679
03
#15162392
04
#15170000
1!
0&
#15170514
13
#15172392
14
#15180000
0!
1&
#15180679
03
#15182392
04
#15190000
1!
0&
#15190514
13
#15192392
14
#15200000
0!
1&
#15200679
03
#15202392
04
#15210000
1!
0&
#15210514
13
#15212392
14
#15220000
0!
1&
#15220679
03
#15222392
04
#15230000
1!
0&
#15230514
13
#15232392
14
#15240000
0!
1&
#15240679
03
#15242392
04
#15250000
1!
0&
#15250514
13
#15252392
14
#15260000
0!
1&
#15260679
03
#15262392
04
#15270000
1!
0&
#15270514
13
#15272392
14
#15280000
0!
1&
#15280679
03
#15282392
04
#15290000
1!
0&
#15290514
13
#15292392
14
#15300000
0!
1&
#15300679
03
#15302392
04
#15310000
1!
0&
#15310514
13
#15312392
14
#15320000
0!
1&
#15320679
03
#15322392
04
#15330000
1!
0&
#15330514
13
#15332392
14
#15340000
0!
1&
#15340679
03
#15342392
04
#15350000
1!
0&
#15350514
13
#15352392
14
#15360000
0!
1&
#15360679
03
#15362392
04
#15370000
1!
0&
#15370514
13
#15372392
14
#15380000
0!
1&
#15380679
03
#15382392
04
#15390000
1!
0&
#15390514
13
#15392392
14
#15400000
0!
1&
#15400679
03
#15402392
04
#15410000
1!
0&
#15410514
13
#15412392
14
#15420000
0!
1&
#15420679
03
#15422392
04
#15430000
1!
0&
#15430514
13
#15432392
14
#15440000
0!
1&
#15440679
03
#15442392
04
#15450000
1!
0&
#15450514
13
#15452392
14
#15460000
0!
1&
#15460679
03
#15462392
04
#15470000
1!
0&
#15470514
13
#15472392
14
#15480000
0!
1&
#15480679
03
#15482392
04
#15490000
1!
0&
#15490514
13
#15492392
14
#15500000
0!
1&
#15500679
03
#15502392
04
#15510000
1!
0&
#15510514
13
#15512392
14
#15520000
0!
1&
#15520679
03
#15522392
04
#15530000
1!
0&
#15530514
13
#15532392
14
#15540000
0!
1&
#15540679
03
#15542392
04
#15550000
1!
0&
#15550514
13
#15552392
14
#15560000
0!
1&
#15560679
03
#15562392
04
#15570000
1!
0&
#15570514
13
#15572392
14
#15580000
0!
1&
#15580679
03
#15582392
04
#15590000
1!
0&
#15590514
13
#15592392
14
#15600000
0!
1&
#15600679
03
#15602392
04
#15610000
1!
0&
#15610514
13
#15612392
14
#15620000
0!
1&
#15620679
03
#15622392
04
#15630000
1!
0&
#15630514
13
#15632392
14
#15640000
0!
1&
#15640679
03
#15642392
04
#15650000
1!
0&
#15650514
13
#15652392
14
#15660000
0!
1&
#15660679
03
#15662392
04
#15670000
1!
0&
#15670514
13
#15672392
14
#15680000
0!
1&
#15680679
03
#15682392
04
#15690000
1!
0&
#15690514
13
#15692392
14
#15700000
0!
1&
#15700679
03
#15702392
04
#15710000
1!
0&
#15710514
13
#15712392
14
#15720000
0!
1&
#15720679
03
#15722392
04
#15730000
1!
0&
#15730514
13
#15732392
14
#15740000
0!
1&
#15740679
03
#15742392
04
#15750000
1!
0&
#15750514
13
#15752392
14
#15760000
0!
1&
#15760679
03
#15762392
04
#15770000
1!
0&
#15770514
13
#15772392
14
#15780000
0!
1&
#15780679
03
#15782392
04
#15790000
1!
0&
#15790514
13
#15792392
14
#15800000
0!
1&
#15800679
03
#15802392
04
#15806831
0\
0N
#15808709
0I
#15810000
1!
0&
#15810192
0J
#15810514
13
#15812392
14
#15813485
0%
#15820000
0!
1&
#15820679
03
#15822392
04
#15830000
1!
0&
#15830514
13
#15832392
14
#15840000
0!
1&
#15840679
03
#15842392
04
#15850000
1!
0&
#15850514
13
#15852392
14
#15860000
0!
1&
#15860679
03
#15862392
04
#15870000
1!
0&
#15870514
13
#15872392
14
#15880000
0!
1&
#15880679
03
#15882392
04
#15890000
1!
0&
#15890514
13
#15892392
14
#15900000
0!
1&
#15900679
03
#15902392
04
#15910000
1!
0&
#15910514
13
#15912392
14
#15920000
0!
1&
#15920679
03
#15922392
04
#15930000
1!
0&
#15930514
13
#15932392
14
#15940000
0!
1&
#15940679
03
#15942392
04
#15950000
1!
0&
#15950514
13
#15952392
14
#15960000
0!
1&
#15960679
03
#15962392
04
#15970000
1!
0&
#15970514
13
#15972392
14
#15980000
0!
1&
#15980679
03
#15982392
04
#15990000
1!
0&
#15990514
13
#15992392
14
#16000000
0!
1&
#16000679
03
#16002392
04
#16010000
1!
0&
#16010514
13
#16012392
14
#16020000
0!
1&
#16020679
03
#16022392
04
#16030000
1!
0&
#16030514
13
#16032392
14
#16040000
0!
1&
#16040679
03
#16042392
04
#16050000
1!
0&
#16050514
13
#16052392
14
#16060000
0!
1&
#16060679
03
#16062392
04
#16070000
1!
0&
#16070514
13
#16072392
14
#16080000
0!
1&
#16080679
03
#16082392
04
#16090000
1!
0&
#16090514
13
#16092392
14
#16100000
0!
1&
#16100679
03
#16102392
04
#16110000
1!
0&
#16110514
13
#16112392
14
#16120000
0!
1&
#16120679
03
#16122392
04
#16130000
1!
0&
#16130514
13
#16132392
14
#16140000
0!
1&
#16140679
03
#16142392
04
#16150000
1!
0&
#16150514
13
#16152392
14
#16160000
0!
1&
#16160679
03
#16162392
04
#16170000
1!
0&
#16170514
13
#16172392
14
#16180000
0!
1&
#16180679
03
#16182392
04
#16190000
1!
0&
#16190514
13
#16192392
14
#16200000
0!
1&
#16200679
03
#16202392
04
#16210000
1!
0&
#16210514
13
#16212392
14
#16220000
0!
1&
#16220679
03
#16222392
04
#16230000
1!
0&
#16230514
13
#16232392
14
#16240000
0!
1&
#16240679
03
#16242392
04
#16250000
1!
0&
#16250514
13
#16252392
14
#16256831
1\
1N
#16258727
1I
#16260000
0!
1&
#16260215
1J
#16260473
1X
#16260679
03
#16261092
08
#16261169
19
#16261624
1-
#16262392
04
#16263548
1%
#16270000
1!
0&
#16270514
13
#16272392
14
#16280000
0!
1&
#16280679
03
#16282392
04
#16290000
1!
0&
#16290514
13
#16292392
14
#16300000
0!
1&
#16300679
03
#16302392
04
#16310000
1!
0&
#16310514
13
#16312392
14
#16320000
0!
1&
#16320679
03
#16322392
04
#16330000
1!
0&
#16330514
13
#16332392
14
#16340000
0!
1&
#16340679
03
#16342392
04
#16350000
1!
0&
#16350514
13
#16352392
14
#16360000
0!
1&
#16360679
03
#16362392
04
#16370000
1!
0&
#16370514
13
#16372392
14
#16380000
0!
1&
#16380679
03
#16382392
04
#16390000
1!
0&
#16390514
13
#16392392
14
#16400000
0!
1&
#16400679
03
#16402392
04
#16410000
1!
0&
#16410514
13
#16412392
14
#16420000
0!
1&
#16420679
03
#16422392
04
#16430000
1!
0&
#16430514
13
#16432392
14
#16440000
0!
1&
#16440679
03
#16442392
04
#16450000
1!
0&
#16450514
13
#16452392
14
#16460000
0!
1&
#16460679
03
#16462392
04
#16470000
1!
0&
#16470514
13
#16472392
14
#16480000
0!
1&
#16480679
03
#16482392
04
#16490000
1!
0&
#16490514
13
#16492392
14
#16500000
0!
1&
#16500679
03
#16502392
04
#16510000
1!
0&
#16510514
13
#16512392
14
#16520000
0!
1&
#16520679
03
#16522392
04
#16530000
1!
0&
#16530514
13
#16532392
14
#16540000
0!
1&
#16540679
03
#16542392
04
#16550000
1!
0&
#16550514
13
#16552392
14
#16560000
0!
1&
#16560679
03
#16562392
04
#16570000
1!
0&
#16570514
13
#16572392
14
#16580000
0!
1&
#16580679
03
#16582392
04
#16590000
1!
0&
#16590514
13
#16592392
14
#16600000
0!
1&
#16600679
03
#16602392
04
#16610000
1!
0&
#16610514
13
#16612392
14
#16620000
0!
1&
#16620679
03
#16622392
04
#16630000
1!
0&
#16630514
13
#16632392
14
#16640000
0!
1&
#16640679
03
#16642392
04
#16650000
1!
0&
#16650514
13
#16652392
14
#16660000
0!
1&
#16660679
03
#16662392
04
#16670000
1!
0&
#16670514
13
#16672392
14
#16680000
0!
1&
#16680679
03
#16682392
04
#16690000
1!
0&
#16690514
13
#16692392
14
#16700000
0!
1&
#16700679
03
#16702392
04
#16710000
1!
0&
#16710514
13
#16712392
14
#16720000
0!
1&
#16720679
03
#16722392
04
#16730000
1!
0&
#16730514
13
#16732392
14
#16740000
0!
1&
#16740679
03
#16742392
04
#16750000
1!
0&
#16750514
13
#16752392
14
#16760000
0!
1&
#16760679
03
#16762392
04
#16770000
1!
0&
#16770514
13
#16772392
14
#16780000
0!
1&
#16780679
03
#16782392
04
#16790000
1!
0&
#16790514
13
#16792392
14
#16800000
0!
1&
#16800679
03
#16802392
04
#16810000
1!
0&
#16810514
13
#16812392
14
#16820000
0!
1&
#16820679
03
#16822392
04
#16830000
1!
0&
#16830514
13
#16832392
14
#16840000
0!
1&
#16840679
03
#16842392
04
#16850000
1!
0&
#16850514
13
#16852392
14
#16860000
0!
1&
#16860679
03
#16862392
04
#16870000
1!
0&
#16870514
13
#16872392
14
#16880000
0!
1&
#16880679
03
#16882392
04
#16890000
1!
0&
#16890514
13
#16892392
14
#16900000
0!
1&
#16900679
03
#16902392
04
#16910000
1!
0&
#16910514
13
#16912392
14
#16920000
0!
1&
#16920679
03
#16922392
04
#16930000
1!
0&
#16930514
13
#16932392
14
#16940000
0!
1&
#16940679
03
#16942392
04
#16950000
1!
0&
#16950514
13
#16952392
14
#16960000
0!
1&
#16960679
03
#16962392
04
#16970000
1!
0&
#16970514
13
#16972392
14
#16980000
0!
1&
#16980679
03
#16982392
04
#16990000
1!
0&
#16990514
13
#16992392
14
#17000000
0!
1&
#17000679
03
#17002392
04
#17010000
1!
0&
#17010514
13
#17012392
14
#17020000
0!
1&
#17020679
03
#17022392
04
#17030000
1!
0&
#17030514
13
#17032392
14
#17040000
0!
1&
#17040679
03
#17042392
04
#17050000
1!
0&
#17050514
13
#17052392
14
#17056831
0\
0N
#17058709
0I
#17060000
0!
1&
#17060192
0J
#17060679
03
#17062392
04
#17063485
0%
#17070000
1!
0&
#17070514
13
#17072392
14
#17080000
0!
1&
#17080679
03
#17082392
04
#17090000
1!
0&
#17090514
13
#17092392
14
#17100000
0!
1&
#17100679
03
#17102392
04
#17110000
1!
0&
#17110514
13
#17112392
14
#17120000
0!
1&
#17120679
03
#17122392
04
#17130000
1!
0&
#17130514
13
#17132392
14
#17140000
0!
1&
#17140679
03
#17142392
04
#17150000
1!
0&
#17150514
13
#17152392
14
#17160000
0!
1&
#17160679
03
#17162392
04
#17170000
1!
0&
#17170514
13
#17172392
14
#17180000
0!
1&
#17180679
03
#17182392
04
#17190000
1!
0&
#17190514
13
#17192392
14
#17200000
0!
1&
#17200679
03
#17202392
04
#17210000
1!
0&
#17210514
13
#17212392
14
#17220000
0!
1&
#17220679
03
#17222392
04
#17230000
1!
0&
#17230514
13
#17232392
14
#17240000
0!
1&
#17240679
03
#17242392
04
#17250000
1!
0&
#17250514
13
#17252392
14
#17260000
0!
1&
#17260679
03
#17262392
04
#17270000
1!
0&
#17270514
13
#17272392
14
#17280000
0!
1&
#17280679
03
#17282392
04
#17290000
1!
0&
#17290514
13
#17292392
14
#17300000
0!
1&
#17300679
03
#17302392
04
#17310000
1!
0&
#17310514
13
#17312392
14
#17320000
0!
1&
#17320679
03
#17322392
04
#17330000
1!
0&
#17330514
13
#17332392
14
#17340000
0!
1&
#17340679
03
#17342392
04
#17350000
1!
0&
#17350514
13
#17352392
14
#17360000
0!
1&
#17360679
03
#17362392
04
#17370000
1!
0&
#17370514
13
#17372392
14
#17380000
0!
1&
#17380679
03
#17382392
04
#17390000
1!
0&
#17390514
13
#17392392
14
#17400000
0!
1&
#17400679
03
#17402392
04
#17410000
1!
0&
#17410514
13
#17412392
14
#17420000
0!
1&
#17420679
03
#17422392
04
#17430000
1!
0&
#17430514
13
#17432392
14
#17440000
0!
1&
#17440679
03
#17442392
04
#17450000
1!
0&
#17450514
13
#17452392
14
#17460000
0!
1&
#17460679
03
#17462392
04
#17470000
1!
0&
#17470514
13
#17472392
14
#17480000
0!
1&
#17480679
03
#17482392
04
#17490000
1!
0&
#17490514
13
#17492392
14
#17500000
0!
1&
#17500679
03
#17502392
04
#17506831
1\
1N
#17508727
1I
#17510000
1!
0&
#17510215
1J
#17510473
1W
0X
#17510514
13
#17511040
0:
#17511093
0-
#17511098
1<
#17511126
09
#17511156
0=
#17511163
18
#17511184
1:
#17511242
0<
#17511300
1=
#17511581
1-
#17512392
14
#17513548
1%
#17520000
0!
1&
#17520679
03
#17522392
04
#17530000
1!
0&
#17530514
13
#17532392
14
#17540000
0!
1&
#17540679
03
#17542392
04
#17550000
1!
0&
#17550514
13
#17552392
14
#17560000
0!
1&
#17560679
03
#17562392
04
#17570000
1!
0&
#17570514
13
#17572392
14
#17580000
0!
1&
#17580679
03
#17582392
04
#17590000
1!
0&
#17590514
13
#17592392
14
#17600000
0!
1&
#17600679
03
#17602392
04
#17610000
1!
0&
#17610514
13
#17612392
14
#17620000
0!
1&
#17620679
03
#17622392
04
#17630000
1!
0&
#17630514
13
#17632392
14
#17640000
0!
1&
#17640679
03
#17642392
04
#17650000
1!
0&
#17650514
13
#17652392
14
#17660000
0!
1&
#17660679
03
#17662392
04
#17670000
1!
0&
#17670514
13
#17672392
14
#17680000
0!
1&
#17680679
03
#17682392
04
#17690000
1!
0&
#17690514
13
#17692392
14
#17700000
0!
1&
#17700679
03
#17702392
04
#17710000
1!
0&
#17710514
13
#17712392
14
#17720000
0!
1&
#17720679
03
#17722392
04
#17730000
1!
0&
#17730514
13
#17732392
14
#17740000
0!
1&
#17740679
03
#17742392
04
#17750000
1!
0&
#17750514
13
#17752392
14
#17760000
0!
1&
#17760679
03
#17762392
04
#17770000
1!
0&
#17770514
13
#17772392
14
#17780000
0!
1&
#17780679
03
#17782392
04
#17790000
1!
0&
#17790514
13
#17792392
14
#17800000
0!
1&
#17800679
03
#17802392
04
#17810000
1!
0&
#17810514
13
#17812392
14
#17820000
0!
1&
#17820679
03
#17822392
04
#17830000
1!
0&
#17830514
13
#17832392
14
#17840000
0!
1&
#17840679
03
#17842392
04
#17850000
1!
0&
#17850514
13
#17852392
14
#17860000
0!
1&
#17860679
03
#17862392
04
#17870000
1!
0&
#17870514
13
#17872392
14
#17880000
0!
1&
#17880679
03
#17882392
04
#17890000
1!
0&
#17890514
13
#17892392
14
#17900000
0!
1&
#17900679
03
#17902392
04
#17910000
1!
0&
#17910514
13
#17912392
14
#17920000
0!
1&
#17920679
03
#17922392
04
#17930000
1!
0&
#17930514
13
#17932392
14
#17940000
0!
1&
#17940679
03
#17942392
04
#17950000
1!
0&
#17950514
13
#17952392
14
#17960000
0!
1&
#17960679
03
#17962392
04
#17970000
1!
0&
#17970514
13
#17972392
14
#17980000
0!
1&
#17980679
03
#17982392
04
#17990000
1!
0&
#17990514
13
#17992392
14
#18000000
0!
1&
#18000679
03
#18002392
04
#18010000
1!
0&
#18010514
13
#18012392
14
#18020000
0!
1&
#18020679
03
#18022392
04
#18030000
1!
0&
#18030514
13
#18032392
14
#18040000
0!
1&
#18040679
03
#18042392
04
#18050000
1!
0&
#18050514
13
#18052392
14
#18060000
0!
1&
#18060679
03
#18062392
04
#18070000
1!
0&
#18070514
13
#18072392
14
#18080000
0!
1&
#18080679
03
#18082392
04
#18090000
1!
0&
#18090514
13
#18092392
14
#18100000
0!
1&
#18100679
03
#18102392
04
#18110000
1!
0&
#18110514
13
#18112392
14
#18120000
0!
1&
#18120679
03
#18122392
04
#18130000
1!
0&
#18130514
13
#18132392
14
#18140000
0!
1&
#18140679
03
#18142392
04
#18150000
1!
0&
#18150514
13
#18152392
14
#18160000
0!
1&
#18160679
03
#18162392
04
#18170000
1!
0&
#18170514
13
#18172392
14
#18180000
0!
1&
#18180679
03
#18182392
04
#18190000
1!
0&
#18190514
13
#18192392
14
#18200000
0!
1&
#18200679
03
#18202392
04
#18210000
1!
0&
#18210514
13
#18212392
14
#18220000
0!
1&
#18220679
03
#18222392
04
#18230000
1!
0&
#18230514
13
#18232392
14
#18240000
0!
1&
#18240679
03
#18242392
04
#18250000
1!
0&
#18250514
13
#18252392
14
#18260000
0!
1&
#18260679
03
#18262392
04
#18270000
1!
0&
#18270514
13
#18272392
14
#18280000
0!
1&
#18280679
03
#18282392
04
#18290000
1!
0&
#18290514
13
#18292392
14
#18300000
0!
1&
#18300679
03
#18302392
04
#18306831
0\
0N
#18308709
0I
#18310000
1!
0&
#18310192
0J
#18310514
13
#18312392
14
#18313485
0%
#18320000
0!
1&
#18320679
03
#18322392
04
#18330000
1!
0&
#18330514
13
#18332392
14
#18340000
0!
1&
#18340679
03
#18342392
04
#18350000
1!
0&
#18350514
13
#18352392
14
#18360000
0!
1&
#18360679
03
#18362392
04
#18370000
1!
0&
#18370514
13
#18372392
14
#18380000
0!
1&
#18380679
03
#18382392
04
#18390000
1!
0&
#18390514
13
#18392392
14
#18400000
0!
1&
#18400679
03
#18402392
04
#18410000
1!
0&
#18410514
13
#18412392
14
#18420000
0!
1&
#18420679
03
#18422392
04
#18430000
1!
0&
#18430514
13
#18432392
14
#18440000
0!
1&
#18440679
03
#18442392
04
#18450000
1!
0&
#18450514
13
#18452392
14
#18460000
0!
1&
#18460679
03
#18462392
04
#18470000
1!
0&
#18470514
13
#18472392
14
#18480000
0!
1&
#18480679
03
#18482392
04
#18490000
1!
0&
#18490514
13
#18492392
14
#18500000
0!
1&
#18500679
03
#18502392
04
#18510000
1!
0&
#18510514
13
#18512392
14
#18520000
0!
1&
#18520679
03
#18522392
04
#18530000
1!
0&
#18530514
13
#18532392
14
#18540000
0!
1&
#18540679
03
#18542392
04
#18550000
1!
0&
#18550514
13
#18552392
14
#18560000
0!
1&
#18560679
03
#18562392
04
#18570000
1!
0&
#18570514
13
#18572392
14
#18580000
0!
1&
#18580679
03
#18582392
04
#18590000
1!
0&
#18590514
13
#18592392
14
#18600000
0!
1&
#18600679
03
#18602392
04
#18610000
1!
0&
#18610514
13
#18612392
14
#18620000
0!
1&
#18620679
03
#18622392
04
#18630000
1!
0&
#18630514
13
#18632392
14
#18640000
0!
1&
#18640679
03
#18642392
04
#18650000
1!
0&
#18650514
13
#18652392
14
#18660000
0!
1&
#18660679
03
#18662392
04
#18670000
1!
0&
#18670514
13
#18672392
14
#18680000
0!
1&
#18680679
03
#18682392
04
#18690000
1!
0&
#18690514
13
#18692392
14
#18700000
0!
1&
#18700679
03
#18702392
04
#18710000
1!
0&
#18710514
13
#18712392
14
#18720000
0!
1&
#18720679
03
#18722392
04
#18730000
1!
0&
#18730514
13
#18732392
14
#18740000
0!
1&
#18740679
03
#18742392
04
#18750000
1!
0&
#18750514
13
#18752392
14
#18756831
1\
1N
#18758727
1I
#18760000
0!
1&
#18760215
1J
#18760473
1X
#18760679
03
#18761056
00
#18761092
08
#18761169
19
#18761227
0:
#18761285
1<
#18761343
0=
#18761606
0-
#18761664
0;
#18761722
0.
#18761798
1/
#18762392
04
#18763548
1%
#18770000
1!
0&
#18770514
13
#18772392
14
#18780000
0!
1&
#18780679
03
#18782392
04
#18790000
1!
0&
#18790514
13
#18792392
14
#18800000
0!
1&
#18800679
03
#18802392
04
#18810000
1!
0&
#18810514
13
#18812392
14
#18820000
0!
1&
#18820679
03
#18822392
04
#18830000
1!
0&
#18830514
13
#18832392
14
#18840000
0!
1&
#18840679
03
#18842392
04
#18850000
1!
0&
#18850514
13
#18852392
14
#18860000
0!
1&
#18860679
03
#18862392
04
#18870000
1!
0&
#18870514
13
#18872392
14
#18880000
0!
1&
#18880679
03
#18882392
04
#18890000
1!
0&
#18890514
13
#18892392
14
#18900000
0!
1&
#18900679
03
#18902392
04
#18910000
1!
0&
#18910514
13
#18912392
14
#18920000
0!
1&
#18920679
03
#18922392
04
#18930000
1!
0&
#18930514
13
#18932392
14
#18940000
0!
1&
#18940679
03
#18942392
04
#18950000
1!
0&
#18950514
13
#18952392
14
#18960000
0!
1&
#18960679
03
#18962392
04
#18970000
1!
0&
#18970514
13
#18972392
14
#18980000
0!
1&
#18980679
03
#18982392
04
#18990000
1!
0&
#18990514
13
#18992392
14
#19000000
0!
1&
#19000679
03
#19002392
04
#19010000
1!
0&
#19010514
13
#19012392
14
#19020000
0!
1&
#19020679
03
#19022392
04
#19030000
1!
0&
#19030514
13
#19032392
14
#19040000
0!
1&
#19040679
03
#19042392
04
#19050000
1!
0&
#19050514
13
#19052392
14
#19060000
0!
1&
#19060679
03
#19062392
04
#19070000
1!
0&
#19070514
13
#19072392
14
#19080000
0!
1&
#19080679
03
#19082392
04
#19090000
1!
0&
#19090514
13
#19092392
14
#19100000
0!
1&
#19100679
03
#19102392
04
#19110000
1!
0&
#19110514
13
#19112392
14
#19120000
0!
1&
#19120679
03
#19122392
04
#19130000
1!
0&
#19130514
13
#19132392
14
#19140000
0!
1&
#19140679
03
#19142392
04
#19150000
1!
0&
#19150514
13
#19152392
14
#19160000
0!
1&
#19160679
03
#19162392
04
#19170000
1!
0&
#19170514
13
#19172392
14
#19180000
0!
1&
#19180679
03
#19182392
04
#19190000
1!
0&
#19190514
13
#19192392
14
#19200000
0!
1&
#19200679
03
#19202392
04
#19210000
1!
0&
#19210514
13
#19212392
14
#19220000
0!
1&
#19220679
03
#19222392
04
#19230000
1!
0&
#19230514
13
#19232392
14
#19240000
0!
1&
#19240679
03
#19242392
04
#19250000
1!
0&
#19250514
13
#19252392
14
#19260000
0!
1&
#19260679
03
#19262392
04
#19270000
1!
0&
#19270514
13
#19272392
14
#19280000
0!
1&
#19280679
03
#19282392
04
#19290000
1!
0&
#19290514
13
#19292392
14
#19300000
0!
1&
#19300679
03
#19302392
04
#19310000
1!
0&
#19310514
13
#19312392
14
#19320000
0!
1&
#19320679
03
#19322392
04
#19330000
1!
0&
#19330514
13
#19332392
14
#19340000
0!
1&
#19340679
03
#19342392
04
#19350000
1!
0&
#19350514
13
#19352392
14
#19360000
0!
1&
#19360679
03
#19362392
04
#19370000
1!
0&
#19370514
13
#19372392
14
#19380000
0!
1&
#19380679
03
#19382392
04
#19390000
1!
0&
#19390514
13
#19392392
14
#19400000
0!
1&
#19400679
03
#19402392
04
#19410000
1!
0&
#19410514
13
#19412392
14
#19420000
0!
1&
#19420679
03
#19422392
04
#19430000
1!
0&
#19430514
13
#19432392
14
#19440000
0!
1&
#19440679
03
#19442392
04
#19450000
1!
0&
#19450514
13
#19452392
14
#19460000
0!
1&
#19460679
03
#19462392
04
#19470000
1!
0&
#19470514
13
#19472392
14
#19480000
0!
1&
#19480679
03
#19482392
04
#19490000
1!
0&
#19490514
13
#19492392
14
#19500000
0!
1&
#19500679
03
#19502392
04
#19510000
1!
0&
#19510514
13
#19512392
14
#19520000
0!
1&
#19520679
03
#19522392
04
#19530000
1!
0&
#19530514
13
#19532392
14
#19540000
0!
1&
#19540679
03
#19542392
04
#19550000
1!
0&
#19550514
13
#19552392
14
#19556831
0\
0N
#19558709
0I
#19560000
0!
1&
#19560192
0J
#19560679
03
#19562392
04
#19563485
0%
#19570000
1!
0&
#19570514
13
#19572392
14
#19580000
0!
1&
#19580679
03
#19582392
04
#19590000
1!
0&
#19590514
13
#19592392
14
#19600000
0!
1&
#19600679
03
#19602392
04
#19610000
1!
0&
#19610514
13
#19612392
14
#19620000
0!
1&
#19620679
03
#19622392
04
#19630000
1!
0&
#19630514
13
#19632392
14
#19640000
0!
1&
#19640679
03
#19642392
04
#19650000
1!
0&
#19650514
13
#19652392
14
#19660000
0!
1&
#19660679
03
#19662392
04
#19670000
1!
0&
#19670514
13
#19672392
14
#19680000
0!
1&
#19680679
03
#19682392
04
#19690000
1!
0&
#19690514
13
#19692392
14
#19700000
0!
1&
#19700679
03
#19702392
04
#19710000
1!
0&
#19710514
13
#19712392
14
#19720000
0!
1&
#19720679
03
#19722392
04
#19730000
1!
0&
#19730514
13
#19732392
14
#19740000
0!
1&
#19740679
03
#19742392
04
#19750000
1!
0&
#19750514
13
#19752392
14
#19760000
0!
1&
#19760679
03
#19762392
04
#19770000
1!
0&
#19770514
13
#19772392
14
#19780000
0!
1&
#19780679
03
#19782392
04
#19790000
1!
0&
#19790514
13
#19792392
14
#19800000
0!
1&
#19800679
03
#19802392
04
#19810000
1!
0&
#19810514
13
#19812392
14
#19820000
0!
1&
#19820679
03
#19822392
04
#19830000
1!
0&
#19830514
13
#19832392
14
#19840000
0!
1&
#19840679
03
#19842392
04
#19850000
1!
0&
#19850514
13
#19852392
14
#19860000
0!
1&
#19860679
03
#19862392
04
#19870000
1!
0&
#19870514
13
#19872392
14
#19880000
0!
1&
#19880679
03
#19882392
04
#19890000
1!
0&
#19890514
13
#19892392
14
#19900000
0!
1&
#19900679
03
#19902392
04
#19910000
1!
0&
#19910514
13
#19912392
14
#19920000
0!
1&
#19920679
03
#19922392
04
#19930000
1!
0&
#19930514
13
#19932392
14
#19940000
0!
1&
#19940679
03
#19942392
04
#19950000
1!
0&
#19950514
13
#19952392
14
#19960000
0!
1&
#19960679
03
#19962392
04
#19970000
1!
0&
#19970514
13
#19972392
14
#19980000
0!
1&
#19980679
03
#19982392
04
#19990000
1!
0&
#19990514
13
#19992392
14
#20000000
0!
1&
#20000679
03
#20002392
04
#20006831
1\
1N
#20008727
1I
#20010000
1!
0&
#20010215
1J
#20010473
0W
0U
1T
0X
0V
#20010514
13
#20010900
10
#20011093
0/
#20011126
09
0<
#20011162
1>
#20011163
1;
18
#20011249
1:
#20011255
1=
#20011313
0>
#20011686
0;
#20011710
1/
#20012392
14
#20013548
1%
#20020000
0!
1&
#20020679
03
#20022392
04
#20030000
1!
0&
#20030514
13
#20032392
14
#20040000
0!
1&
#20040679
03
#20042392
04
#20050000
1!
0&
#20050514
13
#20052392
14
#20060000
0!
1&
#20060679
03
#20062392
04
#20070000
1!
0&
#20070514
13
#20072392
14
#20080000
0!
1&
#20080679
03
#20082392
04
#20090000
1!
0&
#20090514
13
#20092392
14
#20100000
0!
1&
#20100679
03
#20102392
04
#20110000
1!
0&
#20110514
13
#20112392
14
#20120000
0!
1&
#20120679
03
#20122392
04
#20130000
1!
0&
#20130514
13
#20132392
14
#20140000
0!
1&
#20140679
03
#20142392
04
#20150000
1!
0&
#20150514
13
#20152392
14
#20160000
0!
1&
#20160679
03
#20162392
04
#20170000
1!
0&
#20170514
13
#20172392
14
#20180000
0!
1&
#20180679
03
#20182392
04
#20190000
1!
0&
#20190514
13
#20192392
14
#20200000
0!
1&
#20200679
03
#20202392
04
#20210000
1!
0&
#20210514
13
#20212392
14
#20220000
0!
1&
#20220679
03
#20222392
04
#20230000
1!
0&
#20230514
13
#20232392
14
#20240000
0!
1&
#20240679
03
#20242392
04
#20250000
1!
0&
#20250514
13
#20252392
14
#20260000
0!
1&
#20260679
03
#20262392
04
#20270000
1!
0&
#20270514
13
#20272392
14
#20280000
0!
1&
#20280679
03
#20282392
04
#20290000
1!
0&
#20290514
13
#20292392
14
#20300000
0!
1&
#20300679
03
#20302392
04
#20310000
1!
0&
#20310514
13
#20312392
14
#20320000
0!
1&
#20320679
03
#20322392
04
#20330000
1!
0&
#20330514
13
#20332392
14
#20340000
0!
1&
#20340679
03
#20342392
04
#20350000
1!
0&
#20350514
13
#20352392
14
#20360000
0!
1&
#20360679
03
#20362392
04
#20370000
1!
0&
#20370514
13
#20372392
14
#20380000
0!
1&
#20380679
03
#20382392
04
#20390000
1!
0&
#20390514
13
#20392392
14
#20400000
0!
1&
#20400679
03
#20402392
04
#20410000
1!
0&
#20410514
13
#20412392
14
#20420000
0!
1&
#20420679
03
#20422392
04
#20430000
1!
0&
#20430514
13
#20432392
14
#20440000
0!
1&
#20440679
03
#20442392
04
#20450000
1!
0&
#20450514
13
#20452392
14
#20460000
0!
1&
#20460679
03
#20462392
04
#20470000
1!
0&
#20470514
13
#20472392
14
#20480000
0!
1&
#20480679
03
#20482392
04
#20490000
1!
0&
#20490514
13
#20492392
14
#20500000
0!
1&
#20500679
03
#20502392
04
#20510000
1!
0&
#20510514
13
#20512392
14
#20520000
0!
1&
#20520679
03
#20522392
04
#20530000
1!
0&
#20530514
13
#20532392
14
#20540000
0!
1&
#20540679
03
#20542392
04
#20550000
1!
0&
#20550514
13
#20552392
14
#20560000
0!
1&
#20560679
03
#20562392
04
#20570000
1!
0&
#20570514
13
#20572392
14
#20580000
0!
1&
#20580679
03
#20582392
04
#20590000
1!
0&
#20590514
13
#20592392
14
#20600000
0!
1&
#20600679
03
#20602392
04
#20610000
1!
0&
#20610514
13
#20612392
14
#20620000
0!
1&
#20620679
03
#20622392
04
#20630000
1!
0&
#20630514
13
#20632392
14
#20640000
0!
1&
#20640679
03
#20642392
04
#20650000
1!
0&
#20650514
13
#20652392
14
#20660000
0!
1&
#20660679
03
#20662392
04
#20670000
1!
0&
#20670514
13
#20672392
14
#20680000
0!
1&
#20680679
03
#20682392
04
#20690000
1!
0&
#20690514
13
#20692392
14
#20700000
0!
1&
#20700679
03
#20702392
04
#20710000
1!
0&
#20710514
13
#20712392
14
#20720000
0!
1&
#20720679
03
#20722392
04
#20730000
1!
0&
#20730514
13
#20732392
14
#20740000
0!
1&
#20740679
03
#20742392
04
#20750000
1!
0&
#20750514
13
#20752392
14
#20760000
0!
1&
#20760679
03
#20762392
04
#20770000
1!
0&
#20770514
13
#20772392
14
#20780000
0!
1&
#20780679
03
#20782392
04
#20790000
1!
0&
#20790514
13
#20792392
14
#20800000
0!
1&
#20800679
03
#20802392
04
#20806831
0\
0N
#20808709
0I
#20810000
1!
0&
#20810192
0J
#20810514
13
#20812392
14
#20813485
0%
#20820000
0!
1&
#20820679
03
#20822392
04
#20830000
1!
0&
#20830514
13
#20832392
14
#20840000
0!
1&
#20840679
03
#20842392
04
#20850000
1!
0&
#20850514
13
#20852392
14
#20860000
0!
1&
#20860679
03
#20862392
04
#20870000
1!
0&
#20870514
13
#20872392
14
#20880000
0!
1&
#20880679
03
#20882392
04
#20890000
1!
0&
#20890514
13
#20892392
14
#20900000
0!
1&
#20900679
03
#20902392
04
#20910000
1!
0&
#20910514
13
#20912392
14
#20920000
0!
1&
#20920679
03
#20922392
04
#20930000
1!
0&
#20930514
13
#20932392
14
#20940000
0!
1&
#20940679
03
#20942392
04
#20950000
1!
0&
#20950514
13
#20952392
14
#20960000
0!
1&
#20960679
03
#20962392
04
#20970000
1!
0&
#20970514
13
#20972392
14
#20980000
0!
1&
#20980679
03
#20982392
04
#20990000
1!
0&
#20990514
13
#20992392
14
#21000000
0!
1&
#21000679
03
#21002392
04
#21010000
1!
0&
#21010514
13
#21012392
14
#21020000
0!
1&
#21020679
03
#21022392
04
#21030000
1!
0&
#21030514
13
#21032392
14
#21040000
0!
1&
#21040679
03
#21042392
04
#21050000
1!
0&
#21050514
13
#21052392
14
#21060000
0!
1&
#21060679
03
#21062392
04
#21070000
1!
0&
#21070514
13
#21072392
14
#21080000
0!
1&
#21080679
03
#21082392
04
#21090000
1!
0&
#21090514
13
#21092392
14
#21100000
0!
1&
#21100679
03
#21102392
04
#21110000
1!
0&
#21110514
13
#21112392
14
#21120000
0!
1&
#21120679
03
#21122392
04
#21130000
1!
0&
#21130514
13
#21132392
14
#21140000
0!
1&
#21140679
03
#21142392
04
#21150000
1!
0&
#21150514
13
#21152392
14
#21160000
0!
1&
#21160679
03
#21162392
04
#21170000
1!
0&
#21170514
13
#21172392
14
#21180000
0!
1&
#21180679
03
#21182392
04
#21190000
1!
0&
#21190514
13
#21192392
14
#21200000
0!
1&
#21200679
03
#21202392
04
#21210000
1!
0&
#21210514
13
#21212392
14
#21220000
0!
1&
#21220679
03
#21222392
04
#21230000
1!
0&
#21230514
13
#21232392
14
#21240000
0!
1&
#21240679
03
#21242392
04
#21250000
1!
0&
#21250514
13
#21252392
14
#21256831
1\
1N
#21258727
1I
#21260000
0!
1&
#21260215
1J
#21260473
1X
#21260679
03
#21261092
08
#21261169
19
#21261624
1-
#21262392
04
#21263548
1%
#21270000
1!
0&
#21270514
13
#21272392
14
#21280000
0!
1&
#21280679
03
#21282392
04
#21290000
1!
0&
#21290514
13
#21292392
14
#21300000
0!
1&
#21300679
03
#21302392
04
#21310000
1!
0&
#21310514
13
#21312392
14
#21320000
0!
1&
#21320679
03
#21322392
04
#21330000
1!
0&
#21330514
13
#21332392
14
#21340000
0!
1&
#21340679
03
#21342392
04
#21350000
1!
0&
#21350514
13
#21352392
14
#21360000
0!
1&
#21360679
03
#21362392
04
#21370000
1!
0&
#21370514
13
#21372392
14
#21380000
0!
1&
#21380679
03
#21382392
04
#21390000
1!
0&
#21390514
13
#21392392
14
#21400000
0!
1&
#21400679
03
#21402392
04
#21410000
1!
0&
#21410514
13
#21412392
14
#21420000
0!
1&
#21420679
03
#21422392
04
#21430000
1!
0&
#21430514
13
#21432392
14
#21440000
0!
1&
#21440679
03
#21442392
04
#21450000
1!
0&
#21450514
13
#21452392
14
#21460000
0!
1&
#21460679
03
#21462392
04
#21470000
1!
0&
#21470514
13
#21472392
14
#21480000
0!
1&
#21480679
03
#21482392
04
#21490000
1!
0&
#21490514
13
#21492392
14
#21500000
0!
1&
#21500679
03
#21502392
04
#21510000
1!
0&
#21510514
13
#21512392
14
#21520000
0!
1&
#21520679
03
#21522392
04
#21530000
1!
0&
#21530514
13
#21532392
14
#21540000
0!
1&
#21540679
03
#21542392
04
#21550000
1!
0&
#21550514
13
#21552392
14
#21560000
0!
1&
#21560679
03
#21562392
04
#21570000
1!
0&
#21570514
13
#21572392
14
#21580000
0!
1&
#21580679
03
#21582392
04
#21590000
1!
0&
#21590514
13
#21592392
14
#21600000
0!
1&
#21600679
03
#21602392
04
#21610000
1!
0&
#21610514
13
#21612392
14
#21620000
0!
1&
#21620679
03
#21622392
04
#21630000
1!
0&
#21630514
13
#21632392
14
#21640000
0!
1&
#21640679
03
#21642392
04
#21650000
1!
0&
#21650514
13
#21652392
14
#21660000
0!
1&
#21660679
03
#21662392
04
#21670000
1!
0&
#21670514
13
#21672392
14
#21680000
0!
1&
#21680679
03
#21682392
04
#21690000
1!
0&
#21690514
13
#21692392
14
#21700000
0!
1&
#21700679
03
#21702392
04
#21710000
1!
0&
#21710514
13
#21712392
14
#21720000
0!
1&
#21720679
03
#21722392
04
#21730000
1!
0&
#21730514
13
#21732392
14
#21740000
0!
1&
#21740679
03
#21742392
04
#21750000
1!
0&
#21750514
13
#21752392
14
#21760000
0!
1&
#21760679
03
#21762392
04
#21770000
1!
0&
#21770514
13
#21772392
14
#21780000
0!
1&
#21780679
03
#21782392
04
#21790000
1!
0&
#21790514
13
#21792392
14
#21800000
0!
1&
#21800679
03
#21802392
04
#21810000
1!
0&
#21810514
13
#21812392
14
#21820000
0!
1&
#21820679
03
#21822392
04
#21830000
1!
0&
#21830514
13
#21832392
14
#21840000
0!
1&
#21840679
03
#21842392
04
#21850000
1!
0&
#21850514
13
#21852392
14
#21860000
0!
1&
#21860679
03
#21862392
04
#21870000
1!
0&
#21870514
13
#21872392
14
#21880000
0!
1&
#21880679
03
#21882392
04
#21890000
1!
0&
#21890514
13
#21892392
14
#21900000
0!
1&
#21900679
03
#21902392
04
#21910000
1!
0&
#21910514
13
#21912392
14
#21920000
0!
1&
#21920679
03
#21922392
04
#21930000
1!
0&
#21930514
13
#21932392
14
#21940000
0!
1&
#21940679
03
#21942392
04
#21950000
1!
0&
#21950514
13
#21952392
14
#21960000
0!
1&
#21960679
03
#21962392
04
#21970000
1!
0&
#21970514
13
#21972392
14
#21980000
0!
1&
#21980679
03
#21982392
04
#21990000
1!
0&
#21990514
13
#21992392
14
#22000000
0!
1&
#22000679
03
#22002392
04
#22010000
1!
0&
#22010514
13
#22012392
14
#22020000
0!
1&
#22020679
03
#22022392
04
#22030000
1!
0&
#22030514
13
#22032392
14
#22040000
0!
1&
#22040679
03
#22042392
04
#22050000
1!
0&
#22050514
13
#22052392
14
#22056831
0\
0N
#22058709
0I
#22060000
0!
1&
#22060192
0J
#22060679
03
#22062392
04
#22063485
0%
#22070000
1!
0&
#22070514
13
#22072392
14
#22080000
0!
1&
#22080679
03
#22082392
04
#22090000
1!
0&
#22090514
13
#22092392
14
#22100000
0!
1&
#22100679
03
#22102392
04
#22110000
1!
0&
#22110514
13
#22112392
14
#22120000
0!
1&
#22120679
03
#22122392
04
#22130000
1!
0&
#22130514
13
#22132392
14
#22140000
0!
1&
#22140679
03
#22142392
04
#22150000
1!
0&
#22150514
13
#22152392
14
#22160000
0!
1&
#22160679
03
#22162392
04
#22170000
1!
0&
#22170514
13
#22172392
14
#22180000
0!
1&
#22180679
03
#22182392
04
#22190000
1!
0&
#22190514
13
#22192392
14
#22200000
0!
1&
#22200679
03
#22202392
04
#22210000
1!
0&
#22210514
13
#22212392
14
#22220000
0!
1&
#22220679
03
#22222392
04
#22230000
1!
0&
#22230514
13
#22232392
14
#22240000
0!
1&
#22240679
03
#22242392
04
#22250000
1!
0&
#22250514
13
#22252392
14
#22260000
0!
1&
#22260679
03
#22262392
04
#22270000
1!
0&
#22270514
13
#22272392
14
#22280000
0!
1&
#22280679
03
#22282392
04
#22290000
1!
0&
#22290514
13
#22292392
14
#22300000
0!
1&
#22300679
03
#22302392
04
#22310000
1!
0&
#22310514
13
#22312392
14
#22320000
0!
1&
#22320679
03
#22322392
04
#22330000
1!
0&
#22330514
13
#22332392
14
#22340000
0!
1&
#22340679
03
#22342392
04
#22350000
1!
0&
#22350514
13
#22352392
14
#22360000
0!
1&
#22360679
03
#22362392
04
#22370000
1!
0&
#22370514
13
#22372392
14
#22380000
0!
1&
#22380679
03
#22382392
04
#22390000
1!
0&
#22390514
13
#22392392
14
#22400000
0!
1&
#22400679
03
#22402392
04
#22410000
1!
0&
#22410514
13
#22412392
14
#22420000
0!
1&
#22420679
03
#22422392
04
#22430000
1!
0&
#22430514
13
#22432392
14
#22440000
0!
1&
#22440679
03
#22442392
04
#22450000
1!
0&
#22450514
13
#22452392
14
#22460000
0!
1&
#22460679
03
#22462392
04
#22470000
1!
0&
#22470514
13
#22472392
14
#22480000
0!
1&
#22480679
03
#22482392
04
#22490000
1!
0&
#22490514
13
#22492392
14
#22500000
0!
1&
#22500679
03
#22502392
04
#22506831
1\
1N
#22508727
1I
#22510000
1!
0&
#22510215
1J
#22510473
1W
0X
#22510514
13
#22511040
0:
#22511093
0-
#22511126
09
#22511163
18
#22511184
1:
#22511581
1-
#22512392
14
#22513548
1%
#22520000
0!
1&
#22520679
03
#22522392
04
#22530000
1!
0&
#22530514
13
#22532392
14
#22540000
0!
1&
#22540679
03
#22542392
04
#22550000
1!
0&
#22550514
13
#22552392
14
#22560000
0!
1&
#22560679
03
#22562392
04
#22570000
1!
0&
#22570514
13
#22572392
14
#22580000
0!
1&
#22580679
03
#22582392
04
#22590000
1!
0&
#22590514
13
#22592392
14
#22600000
0!
1&
#22600679
03
#22602392
04
#22610000
1!
0&
#22610514
13
#22612392
14
#22620000
0!
1&
#22620679
03
#22622392
04
#22630000
1!
0&
#22630514
13
#22632392
14
#22640000
0!
1&
#22640679
03
#22642392
04
#22650000
1!
0&
#22650514
13
#22652392
14
#22660000
0!
1&
#22660679
03
#22662392
04
#22670000
1!
0&
#22670514
13
#22672392
14
#22680000
0!
1&
#22680679
03
#22682392
04
#22690000
1!
0&
#22690514
13
#22692392
14
#22700000
0!
1&
#22700679
03
#22702392
04
#22710000
1!
0&
#22710514
13
#22712392
14
#22720000
0!
1&
#22720679
03
#22722392
04
#22730000
1!
0&
#22730514
13
#22732392
14
#22740000
0!
1&
#22740679
03
#22742392
04
#22750000
1!
0&
#22750514
13
#22752392
14
#22760000
0!
1&
#22760679
03
#22762392
04
#22770000
1!
0&
#22770514
13
#22772392
14
#22780000
0!
1&
#22780679
03
#22782392
04
#22790000
1!
0&
#22790514
13
#22792392
14
#22800000
0!
1&
#22800679
03
#22802392
04
#22810000
1!
0&
#22810514
13
#22812392
14
#22820000
0!
1&
#22820679
03
#22822392
04
#22830000
1!
0&
#22830514
13
#22832392
14
#22840000
0!
1&
#22840679
03
#22842392
04
#22850000
1!
0&
#22850514
13
#22852392
14
#22860000
0!
1&
#22860679
03
#22862392
04
#22870000
1!
0&
#22870514
13
#22872392
14
#22880000
0!
1&
#22880679
03
#22882392
04
#22890000
1!
0&
#22890514
13
#22892392
14
#22900000
0!
1&
#22900679
03
#22902392
04
#22910000
1!
0&
#22910514
13
#22912392
14
#22920000
0!
1&
#22920679
03
#22922392
04
#22930000
1!
0&
#22930514
13
#22932392
14
#22940000
0!
1&
#22940679
03
#22942392
04
#22950000
1!
0&
#22950514
13
#22952392
14
#22960000
0!
1&
#22960679
03
#22962392
04
#22970000
1!
0&
#22970514
13
#22972392
14
#22980000
0!
1&
#22980679
03
#22982392
04
#22990000
1!
0&
#22990514
13
#22992392
14
#23000000
0!
1&
#23000679
03
#23002392
04
#23010000
1!
0&
#23010514
13
#23012392
14
#23020000
0!
1&
#23020679
03
#23022392
04
#23030000
1!
0&
#23030514
13
#23032392
14
#23040000
0!
1&
#23040679
03
#23042392
04
#23050000
1!
0&
#23050514
13
#23052392
14
#23060000
0!
1&
#23060679
03
#23062392
04
#23070000
1!
0&
#23070514
13
#23072392
14
#23080000
0!
1&
#23080679
03
#23082392
04
#23090000
1!
0&
#23090514
13
#23092392
14
#23100000
0!
1&
#23100679
03
#23102392
04
#23110000
1!
0&
#23110514
13
#23112392
14
#23120000
0!
1&
#23120679
03
#23122392
04
#23130000
1!
0&
#23130514
13
#23132392
14
#23140000
0!
1&
#23140679
03
#23142392
04
#23150000
1!
0&
#23150514
13
#23152392
14
#23160000
0!
1&
#23160679
03
#23162392
04
#23170000
1!
0&
#23170514
13
#23172392
14
#23180000
0!
1&
#23180679
03
#23182392
04
#23190000
1!
0&
#23190514
13
#23192392
14
#23200000
0!
1&
#23200679
03
#23202392
04
#23210000
1!
0&
#23210514
13
#23212392
14
#23220000
0!
1&
#23220679
03
#23222392
04
#23230000
1!
0&
#23230514
13
#23232392
14
#23240000
0!
1&
#23240679
03
#23242392
04
#23250000
1!
0&
#23250514
13
#23252392
14
#23260000
0!
1&
#23260679
03
#23262392
04
#23270000
1!
0&
#23270514
13
#23272392
14
#23280000
0!
1&
#23280679
03
#23282392
04
#23290000
1!
0&
#23290514
13
#23292392
14
#23300000
0!
1&
#23300679
03
#23302392
04
#23306831
0\
0N
#23308709
0I
#23310000
1!
0&
#23310192
0J
#23310514
13
#23312392
14
#23313485
0%
#23320000
0!
1&
#23320679
03
#23322392
04
#23330000
1!
0&
#23330514
13
#23332392
14
#23340000
0!
1&
#23340679
03
#23342392
04
#23350000
1!
0&
#23350514
13
#23352392
14
#23360000
0!
1&
#23360679
03
#23362392
04
#23370000
1!
0&
#23370514
13
#23372392
14
#23380000
0!
1&
#23380679
03
#23382392
04
#23390000
1!
0&
#23390514
13
#23392392
14
#23400000
0!
1&
#23400679
03
#23402392
04
#23410000
1!
0&
#23410514
13
#23412392
14
#23420000
0!
1&
#23420679
03
#23422392
04
#23430000
1!
0&
#23430514
13
#23432392
14
#23440000
0!
1&
#23440679
03
#23442392
04
#23450000
1!
0&
#23450514
13
#23452392
14
#23460000
0!
1&
#23460679
03
#23462392
04
#23470000
1!
0&
#23470514
13
#23472392
14
#23480000
0!
1&
#23480679
03
#23482392
04
#23490000
1!
0&
#23490514
13
#23492392
14
#23500000
0!
1&
#23500679
03
#23502392
04
#23510000
1!
0&
#23510514
13
#23512392
14
#23520000
0!
1&
#23520679
03
#23522392
04
#23530000
1!
0&
#23530514
13
#23532392
14
#23540000
0!
1&
#23540679
03
#23542392
04
#23550000
1!
0&
#23550514
13
#23552392
14
#23560000
0!
1&
#23560679
03
#23562392
04
#23570000
1!
0&
#23570514
13
#23572392
14
#23580000
0!
1&
#23580679
03
#23582392
04
#23590000
1!
0&
#23590514
13
#23592392
14
#23600000
0!
1&
#23600679
03
#23602392
04
#23610000
1!
0&
#23610514
13
#23612392
14
#23620000
0!
1&
#23620679
03
#23622392
04
#23630000
1!
0&
#23630514
13
#23632392
14
#23640000
0!
1&
#23640679
03
#23642392
04
#23650000
1!
0&
#23650514
13
#23652392
14
#23660000
0!
1&
#23660679
03
#23662392
04
#23670000
1!
0&
#23670514
13
#23672392
14
#23680000
0!
1&
#23680679
03
#23682392
04
#23690000
1!
0&
#23690514
13
#23692392
14
#23700000
0!
1&
#23700679
03
#23702392
04
#23710000
1!
0&
#23710514
13
#23712392
14
#23720000
0!
1&
#23720679
03
#23722392
04
#23730000
1!
0&
#23730514
13
#23732392
14
#23740000
0!
1&
#23740679
03
#23742392
04
#23750000
1!
0&
#23750514
13
#23752392
14
#23756831
1\
1N
#23758727
1I
#23760000
0!
1&
#23760215
1J
#23760473
1X
#23760679
03
#23761092
08
#23761169
19
#23761227
0:
#23761606
0-
#23761682
1;
#23762392
04
#23763548
1%
#23770000
1!
0&
#23770514
13
#23772392
14
#23780000
0!
1&
#23780679
03
#23782392
04
#23790000
1!
0&
#23790514
13
#23792392
14
#23800000
0!
1&
#23800679
03
#23802392
04
#23810000
1!
0&
#23810514
13
#23812392
14
#23820000
0!
1&
#23820679
03
#23822392
04
#23830000
1!
0&
#23830514
13
#23832392
14
#23840000
0!
1&
#23840679
03
#23842392
04
#23850000
1!
0&
#23850514
13
#23852392
14
#23860000
0!
1&
#23860679
03
#23862392
04
#23870000
1!
0&
#23870514
13
#23872392
14
#23880000
0!
1&
#23880679
03
#23882392
04
#23890000
1!
0&
#23890514
13
#23892392
14
#23900000
0!
1&
#23900679
03
#23902392
04
#23910000
1!
0&
#23910514
13
#23912392
14
#23920000
0!
1&
#23920679
03
#23922392
04
#23930000
1!
0&
#23930514
13
#23932392
14
#23940000
0!
1&
#23940679
03
#23942392
04
#23950000
1!
0&
#23950514
13
#23952392
14
#23960000
0!
1&
#23960679
03
#23962392
04
#23970000
1!
0&
#23970514
13
#23972392
14
#23980000
0!
1&
#23980679
03
#23982392
04
#23990000
1!
0&
#23990514
13
#23992392
14
#24000000
0!
1&
#24000679
03
#24002392
04
#24010000
1!
0&
#24010514
13
#24012392
14
#24020000
0!
1&
#24020679
03
#24022392
04
#24030000
1!
0&
#24030514
13
#24032392
14
#24040000
0!
1&
#24040679
03
#24042392
04
#24050000
1!
0&
#24050514
13
#24052392
14
#24060000
0!
1&
#24060679
03
#24062392
04
#24070000
1!
0&
#24070514
13
#24072392
14
#24080000
0!
1&
#24080679
03
#24082392
04
#24090000
1!
0&
#24090514
13
#24092392
14
#24100000
0!
1&
#24100679
03
#24102392
04
#24110000
1!
0&
#24110514
13
#24112392
14
#24120000
0!
1&
#24120679
03
#24122392
04
#24130000
1!
0&
#24130514
13
#24132392
14
#24140000
0!
1&
#24140679
03
#24142392
04
#24150000
1!
0&
#24150514
13
#24152392
14
#24160000
0!
1&
#24160679
03
#24162392
04
#24170000
1!
0&
#24170514
13
#24172392
14
#24180000
0!
1&
#24180679
03
#24182392
04
#24190000
1!
0&
#24190514
13
#24192392
14
#24200000
0!
1&
#24200679
03
#24202392
04
#24210000
1!
0&
#24210514
13
#24212392
14
#24220000
0!
1&
#24220679
03
#24222392
04
#24230000
1!
0&
#24230514
13
#24232392
14
#24240000
0!
1&
#24240679
03
#24242392
04
#24250000
1!
0&
#24250514
13
#24252392
14
#24260000
0!
1&
#24260679
03
#24262392
04
#24270000
1!
0&
#24270514
13
#24272392
14
#24280000
0!
1&
#24280679
03
#24282392
04
#24290000
1!
0&
#24290514
13
#24292392
14
#24300000
0!
1&
#24300679
03
#24302392
04
#24310000
1!
0&
#24310514
13
#24312392
14
#24320000
0!
1&
#24320679
03
#24322392
04
#24330000
1!
0&
#24330514
13
#24332392
14
#24340000
0!
1&
#24340679
03
#24342392
04
#24350000
1!
0&
#24350514
13
#24352392
14
#24360000
0!
1&
#24360679
03
#24362392
04
#24370000
1!
0&
#24370514
13
#24372392
14
#24380000
0!
1&
#24380679
03
#24382392
04
#24390000
1!
0&
#24390514
13
#24392392
14
#24400000
0!
1&
#24400679
03
#24402392
04
#24410000
1!
0&
#24410514
13
#24412392
14
#24420000
0!
1&
#24420679
03
#24422392
04
#24430000
1!
0&
#24430514
13
#24432392
14
#24440000
0!
1&
#24440679
03
#24442392
04
#24450000
1!
0&
#24450514
13
#24452392
14
#24460000
0!
1&
#24460679
03
#24462392
04
#24470000
1!
0&
#24470514
13
#24472392
14
#24480000
0!
1&
#24480679
03
#24482392
04
#24490000
1!
0&
#24490514
13
#24492392
14
#24500000
0!
1&
#24500679
03
#24502392
04
#24510000
1!
0&
#24510514
13
#24512392
14
#24520000
0!
1&
#24520679
03
#24522392
04
#24530000
1!
0&
#24530514
13
#24532392
14
#24540000
0!
1&
#24540679
03
#24542392
04
#24550000
1!
0&
#24550514
13
#24552392
14
#24556831
0\
0N
#24558709
0I
#24560000
0!
1&
#24560192
0J
#24560679
03
#24562392
04
#24563485
0%
#24570000
1!
0&
#24570514
13
#24572392
14
#24580000
0!
1&
#24580679
03
#24582392
04
#24590000
1!
0&
#24590514
13
#24592392
14
#24600000
0!
1&
#24600679
03
#24602392
04
#24610000
1!
0&
#24610514
13
#24612392
14
#24620000
0!
1&
#24620679
03
#24622392
04
#24630000
1!
0&
#24630514
13
#24632392
14
#24640000
0!
1&
#24640679
03
#24642392
04
#24650000
1!
0&
#24650514
13
#24652392
14
#24660000
0!
1&
#24660679
03
#24662392
04
#24670000
1!
0&
#24670514
13
#24672392
14
#24680000
0!
1&
#24680679
03
#24682392
04
#24690000
1!
0&
#24690514
13
#24692392
14
#24700000
0!
1&
#24700679
03
#24702392
04
#24710000
1!
0&
#24710514
13
#24712392
14
#24720000
0!
1&
#24720679
03
#24722392
04
#24730000
1!
0&
#24730514
13
#24732392
14
#24740000
0!
1&
#24740679
03
#24742392
04
#24750000
1!
0&
#24750514
13
#24752392
14
#24760000
0!
1&
#24760679
03
#24762392
04
#24770000
1!
0&
#24770514
13
#24772392
14
#24780000
0!
1&
#24780679
03
#24782392
04
#24790000
1!
0&
#24790514
13
#24792392
14
#24800000
0!
1&
#24800679
03
#24802392
04
#24810000
1!
0&
#24810514
13
#24812392
14
#24820000
0!
1&
#24820679
03
#24822392
04
#24830000
1!
0&
#24830514
13
#24832392
14
#24840000
0!
1&
#24840679
03
#24842392
04
#24850000
1!
0&
#24850514
13
#24852392
14
#24860000
0!
1&
#24860679
03
#24862392
04
#24870000
1!
0&
#24870514
13
#24872392
14
#24880000
0!
1&
#24880679
03
#24882392
04
#24890000
1!
0&
#24890514
13
#24892392
14
#24900000
0!
1&
#24900679
03
#24902392
04
#24910000
1!
0&
#24910514
13
#24912392
14
#24920000
0!
1&
#24920679
03
#24922392
04
#24930000
1!
0&
#24930514
13
#24932392
14
#24940000
0!
1&
#24940679
03
#24942392
04
#24950000
1!
0&
#24950514
13
#24952392
14
#24960000
0!
1&
#24960679
03
#24962392
04
#24970000
1!
0&
#24970514
13
#24972392
14
#24980000
0!
1&
#24980679
03
#24982392
04
#24990000
1!
0&
#24990514
13
#24992392
14
#25000000
0!
1&
#25000679
03
#25002392
04
#25006831
1\
1N
#25008727
1I
#25010000
1!
0&
#25010215
1J
#25010473
0W
0X
1V
#25010514
13
#25011093
0;
#25011126
09
#25011163
18
#25011170
1<
#25011249
1:
#25011307
0<
#25011704
1;
#25012392
14
#25013548
1%
#25020000
0!
1&
#25020679
03
#25022392
04
#25030000
1!
0&
#25030514
13
#25032392
14
#25040000
0!
1&
#25040679
03
#25042392
04
#25050000
1!
0&
#25050514
13
#25052392
14
#25060000
0!
1&
#25060679
03
#25062392
04
#25070000
1!
0&
#25070514
13
#25072392
14
#25080000
0!
1&
#25080679
03
#25082392
04
#25090000
1!
0&
#25090514
13
#25092392
14
#25100000
0!
1&
#25100679
03
#25102392
04
#25110000
1!
0&
#25110514
13
#25112392
14
#25120000
0!
1&
#25120679
03
#25122392
04
#25130000
1!
0&
#25130514
13
#25132392
14
#25140000
0!
1&
#25140679
03
#25142392
04
#25150000
1!
0&
#25150514
13
#25152392
14
#25160000
0!
1&
#25160679
03
#25162392
04
#25170000
1!
0&
#25170514
13
#25172392
14
#25180000
0!
1&
#25180679
03
#25182392
04
#25190000
1!
0&
#25190514
13
#25192392
14
#25200000
0!
1&
#25200679
03
#25202392
04
#25210000
1!
0&
#25210514
13
#25212392
14
#25220000
0!
1&
#25220679
03
#25222392
04
#25230000
1!
0&
#25230514
13
#25232392
14
#25240000
0!
1&
#25240679
03
#25242392
04
#25250000
1!
0&
#25250514
13
#25252392
14
#25260000
0!
1&
#25260679
03
#25262392
04
#25270000
1!
0&
#25270514
13
#25272392
14
#25280000
0!
1&
#25280679
03
#25282392
04
#25290000
1!
0&
#25290514
13
#25292392
14
#25300000
0!
1&
#25300679
03
#25302392
04
#25310000
1!
0&
#25310514
13
#25312392
14
#25320000
0!
1&
#25320679
03
#25322392
04
#25330000
1!
0&
#25330514
13
#25332392
14
#25340000
0!
1&
#25340679
03
#25342392
04
#25350000
1!
0&
#25350514
13
#25352392
14
#25360000
0!
1&
#25360679
03
#25362392
04
#25370000
1!
0&
#25370514
13
#25372392
14
#25380000
0!
1&
#25380679
03
#25382392
04
#25390000
1!
0&
#25390514
13
#25392392
14
#25400000
0!
1&
#25400679
03
#25402392
04
#25410000
1!
0&
#25410514
13
#25412392
14
#25420000
0!
1&
#25420679
03
#25422392
04
#25430000
1!
0&
#25430514
13
#25432392
14
#25440000
0!
1&
#25440679
03
#25442392
04
#25450000
1!
0&
#25450514
13
#25452392
14
#25460000
0!
1&
#25460679
03
#25462392
04
#25470000
1!
0&
#25470514
13
#25472392
14
#25480000
0!
1&
#25480679
03
#25482392
04
#25490000
1!
0&
#25490514
13
#25492392
14
#25500000
0!
1&
#25500679
03
#25502392
04
#25510000
1!
0&
#25510514
13
#25512392
14
#25520000
0!
1&
#25520679
03
#25522392
04
#25530000
1!
0&
#25530514
13
#25532392
14
#25540000
0!
1&
#25540679
03
#25542392
04
#25550000
1!
0&
#25550514
13
#25552392
14
#25560000
0!
1&
#25560679
03
#25562392
04
#25570000
1!
0&
#25570514
13
#25572392
14
#25580000
0!
1&
#25580679
03
#25582392
04
#25590000
1!
0&
#25590514
13
#25592392
14
#25600000
0!
1&
#25600679
03
#25602392
04
#25610000
1!
0&
#25610514
13
#25612392
14
#25620000
0!
1&
#25620679
03
#25622392
04
#25630000
1!
0&
#25630514
13
#25632392
14
#25640000
0!
1&
#25640679
03
#25642392
04
#25650000
1!
0&
#25650514
13
#25652392
14
#25660000
0!
1&
#25660679
03
#25662392
04
#25670000
1!
0&
#25670514
13
#25672392
14
#25680000
0!
1&
#25680679
03
#25682392
04
#25690000
1!
0&
#25690514
13
#25692392
14
#25700000
0!
1&
#25700679
03
#25702392
04
#25710000
1!
0&
#25710514
13
#25712392
14
#25720000
0!
1&
#25720679
03
#25722392
04
#25730000
1!
0&
#25730514
13
#25732392
14
#25740000
0!
1&
#25740679
03
#25742392
04
#25750000
1!
0&
#25750514
13
#25752392
14
#25760000
0!
1&
#25760679
03
#25762392
04
#25770000
1!
0&
#25770514
13
#25772392
14
#25780000
0!
1&
#25780679
03
#25782392
04
#25790000
1!
0&
#25790514
13
#25792392
14
#25800000
0!
1&
#25800679
03
#25802392
04
#25806831
0\
0N
#25808709
0I
#25810000
1!
0&
#25810192
0J
#25810514
13
#25812392
14
#25813485
0%
#25820000
0!
1&
#25820679
03
#25822392
04
#25830000
1!
0&
#25830514
13
#25832392
14
#25840000
0!
1&
#25840679
03
#25842392
04
#25850000
1!
0&
#25850514
13
#25852392
14
#25860000
0!
1&
#25860679
03
#25862392
04
#25870000
1!
0&
#25870514
13
#25872392
14
#25880000
0!
1&
#25880679
03
#25882392
04
#25890000
1!
0&
#25890514
13
#25892392
14
#25900000
0!
1&
#25900679
03
#25902392
04
#25910000
1!
0&
#25910514
13
#25912392
14
#25920000
0!
1&
#25920679
03
#25922392
04
#25930000
1!
0&
#25930514
13
#25932392
14
#25940000
0!
1&
#25940679
03
#25942392
04
#25950000
1!
0&
#25950514
13
#25952392
14
#25960000
0!
1&
#25960679
03
#25962392
04
#25970000
1!
0&
#25970514
13
#25972392
14
#25980000
0!
1&
#25980679
03
#25982392
04
#25990000
1!
0&
#25990514
13
#25992392
14
#26000000
0!
1&
#26000679
03
#26002392
04
#26010000
1!
0&
#26010514
13
#26012392
14
#26020000
0!
1&
#26020679
03
#26022392
04
#26030000
1!
0&
#26030514
13
#26032392
14
#26040000
0!
1&
#26040679
03
#26042392
04
#26050000
1!
0&
#26050514
13
#26052392
14
#26060000
0!
1&
#26060679
03
#26062392
04
#26070000
1!
0&
#26070514
13
#26072392
14
#26080000
0!
1&
#26080679
03
#26082392
04
#26090000
1!
0&
#26090514
13
#26092392
14
#26100000
0!
1&
#26100679
03
#26102392
04
#26110000
1!
0&
#26110514
13
#26112392
14
#26120000
0!
1&
#26120679
03
#26122392
04
#26130000
1!
0&
#26130514
13
#26132392
14
#26140000
0!
1&
#26140679
03
#26142392
04
#26150000
1!
0&
#26150514
13
#26152392
14
#26160000
0!
1&
#26160679
03
#26162392
04
#26170000
1!
0&
#26170514
13
#26172392
14
#26180000
0!
1&
#26180679
03
#26182392
04
#26190000
1!
0&
#26190514
13
#26192392
14
#26200000
0!
1&
#26200679
03
#26202392
04
#26210000
1!
0&
#26210514
13
#26212392
14
#26220000
0!
1&
#26220679
03
#26222392
04
#26230000
1!
0&
#26230514
13
#26232392
14
#26240000
0!
1&
#26240679
03
#26242392
04
#26250000
1!
0&
#26250514
13
#26252392
14
#26256831
1\
1N
#26258727
1I
#26260000
0!
1&
#26260215
1J
#26260473
1X
#26260679
03
#26261092
08
#26261169
19
#26261624
1-
#26262392
04
#26263548
1%
#26270000
1!
0&
#26270514
13
#26272392
14
#26280000
0!
1&
#26280679
03
#26282392
04
#26290000
1!
0&
#26290514
13
#26292392
14
#26300000
0!
1&
#26300679
03
#26302392
04
#26310000
1!
0&
#26310514
13
#26312392
14
#26320000
0!
1&
#26320679
03
#26322392
04
#26330000
1!
0&
#26330514
13
#26332392
14
#26340000
0!
1&
#26340679
03
#26342392
04
#26350000
1!
0&
#26350514
13
#26352392
14
#26360000
0!
1&
#26360679
03
#26362392
04
#26370000
1!
0&
#26370514
13
#26372392
14
#26380000
0!
1&
#26380679
03
#26382392
04
#26390000
1!
0&
#26390514
13
#26392392
14
#26400000
0!
1&
#26400679
03
#26402392
04
#26410000
1!
0&
#26410514
13
#26412392
14
#26420000
0!
1&
#26420679
03
#26422392
04
#26430000
1!
0&
#26430514
13
#26432392
14
#26440000
0!
1&
#26440679
03
#26442392
04
#26450000
1!
0&
#26450514
13
#26452392
14
#26460000
0!
1&
#26460679
03
#26462392
04
#26470000
1!
0&
#26470514
13
#26472392
14
#26480000
0!
1&
#26480679
03
#26482392
04
#26490000
1!
0&
#26490514
13
#26492392
14
#26500000
0!
1&
#26500679
03
#26502392
04
#26510000
1!
0&
#26510514
13
#26512392
14
#26520000
0!
1&
#26520679
03
#26522392
04
#26530000
1!
0&
#26530514
13
#26532392
14
#26540000
0!
1&
#26540679
03
#26542392
04
#26550000
1!
0&
#26550514
13
#26552392
14
#26560000
0!
1&
#26560679
03
#26562392
04
#26570000
1!
0&
#26570514
13
#26572392
14
#26580000
0!
1&
#26580679
03
#26582392
04
#26590000
1!
0&
#26590514
13
#26592392
14
#26600000
0!
1&
#26600679
03
#26602392
04
#26610000
1!
0&
#26610514
13
#26612392
14
#26620000
0!
1&
#26620679
03
#26622392
04
#26630000
1!
0&
#26630514
13
#26632392
14
#26640000
0!
1&
#26640679
03
#26642392
04
#26650000
1!
0&
#26650514
13
#26652392
14
#26660000
0!
1&
#26660679
03
#26662392
04
#26670000
1!
0&
#26670514
13
#26672392
14
#26680000
0!
1&
#26680679
03
#26682392
04
#26690000
1!
0&
#26690514
13
#26692392
14
#26700000
0!
1&
#26700679
03
#26702392
04
#26710000
1!
0&
#26710514
13
#26712392
14
#26720000
0!
1&
#26720679
03
#26722392
04
#26730000
1!
0&
#26730514
13
#26732392
14
#26740000
0!
1&
#26740679
03
#26742392
04
#26750000
1!
0&
#26750514
13
#26752392
14
#26760000
0!
1&
#26760679
03
#26762392
04
#26770000
1!
0&
#26770514
13
#26772392
14
#26780000
0!
1&
#26780679
03
#26782392
04
#26790000
1!
0&
#26790514
13
#26792392
14
#26800000
0!
1&
#26800679
03
#26802392
04
#26810000
1!
0&
#26810514
13
#26812392
14
#26820000
0!
1&
#26820679
03
#26822392
04
#26830000
1!
0&
#26830514
13
#26832392
14
#26840000
0!
1&
#26840679
03
#26842392
04
#26850000
1!
0&
#26850514
13
#26852392
14
#26860000
0!
1&
#26860679
03
#26862392
04
#26870000
1!
0&
#26870514
13
#26872392
14
#26880000
0!
1&
#26880679
03
#26882392
04
#26890000
1!
0&
#26890514
13
#26892392
14
#26900000
0!
1&
#26900679
03
#26902392
04
#26910000
1!
0&
#26910514
13
#26912392
14
#26920000
0!
1&
#26920679
03
#26922392
04
#26930000
1!
0&
#26930514
13
#26932392
14
#26940000
0!
1&
#26940679
03
#26942392
04
#26950000
1!
0&
#26950514
13
#26952392
14
#26960000
0!
1&
#26960679
03
#26962392
04
#26970000
1!
0&
#26970514
13
#26972392
14
#26980000
0!
1&
#26980679
03
#26982392
04
#26990000
1!
0&
#26990514
13
#26992392
14
#27000000
0!
1&
#27000679
03
#27002392
04
#27010000
1!
0&
#27010514
13
#27012392
14
#27020000
0!
1&
#27020679
03
#27022392
04
#27030000
1!
0&
#27030514
13
#27032392
14
#27040000
0!
1&
#27040679
03
#27042392
04
#27050000
1!
0&
#27050514
13
#27052392
14
#27056831
0\
0N
#27058709
0I
#27060000
0!
1&
#27060192
0J
#27060679
03
#27062392
04
#27063485
0%
#27070000
1!
0&
#27070514
13
#27072392
14
#27080000
0!
1&
#27080679
03
#27082392
04
#27090000
1!
0&
#27090514
13
#27092392
14
#27100000
0!
1&
#27100679
03
#27102392
04
#27110000
1!
0&
#27110514
13
#27112392
14
#27120000
0!
1&
#27120679
03
#27122392
04
#27130000
1!
0&
#27130514
13
#27132392
14
#27140000
0!
1&
#27140679
03
#27142392
04
#27150000
1!
0&
#27150514
13
#27152392
14
#27160000
0!
1&
#27160679
03
#27162392
04
#27170000
1!
0&
#27170514
13
#27172392
14
#27180000
0!
1&
#27180679
03
#27182392
04
#27190000
1!
0&
#27190514
13
#27192392
14
#27200000
0!
1&
#27200679
03
#27202392
04
#27210000
1!
0&
#27210514
13
#27212392
14
#27220000
0!
1&
#27220679
03
#27222392
04
#27230000
1!
0&
#27230514
13
#27232392
14
#27240000
0!
1&
#27240679
03
#27242392
04
#27250000
1!
0&
#27250514
13
#27252392
14
#27260000
0!
1&
#27260679
03
#27262392
04
#27270000
1!
0&
#27270514
13
#27272392
14
#27280000
0!
1&
#27280679
03
#27282392
04
#27290000
1!
0&
#27290514
13
#27292392
14
#27300000
0!
1&
#27300679
03
#27302392
04
#27310000
1!
0&
#27310514
13
#27312392
14
#27320000
0!
1&
#27320679
03
#27322392
04
#27330000
1!
0&
#27330514
13
#27332392
14
#27340000
0!
1&
#27340679
03
#27342392
04
#27350000
1!
0&
#27350514
13
#27352392
14
#27360000
0!
1&
#27360679
03
#27362392
04
#27370000
1!
0&
#27370514
13
#27372392
14
#27380000
0!
1&
#27380679
03
#27382392
04
#27390000
1!
0&
#27390514
13
#27392392
14
#27400000
0!
1&
#27400679
03
#27402392
04
#27410000
1!
0&
#27410514
13
#27412392
14
#27420000
0!
1&
#27420679
03
#27422392
04
#27430000
1!
0&
#27430514
13
#27432392
14
#27440000
0!
1&
#27440679
03
#27442392
04
#27450000
1!
0&
#27450514
13
#27452392
14
#27460000
0!
1&
#27460679
03
#27462392
04
#27470000
1!
0&
#27470514
13
#27472392
14
#27480000
0!
1&
#27480679
03
#27482392
04
#27490000
1!
0&
#27490514
13
#27492392
14
#27500000
0!
1&
#27500679
03
#27502392
04
#27506831
1\
1N
#27508727
1I
#27510000
1!
0&
#27510215
1J
#27510473
1W
0X
#27510514
13
#27511040
0:
#27511093
0-
#27511098
1<
#27511126
09
#27511163
18
#27511184
1:
#27511242
0<
#27511581
1-
#27512392
14
#27513548
1%
#27520000
0!
1&
#27520679
03
#27522392
04
#27530000
1!
0&
#27530514
13
#27532392
14
#27540000
0!
1&
#27540679
03
#27542392
04
#27550000
1!
0&
#27550514
13
#27552392
14
#27560000
0!
1&
#27560679
03
#27562392
04
#27570000
1!
0&
#27570514
13
#27572392
14
#27580000
0!
1&
#27580679
03
#27582392
04
#27590000
1!
0&
#27590514
13
#27592392
14
#27600000
0!
1&
#27600679
03
#27602392
04
#27610000
1!
0&
#27610514
13
#27612392
14
#27620000
0!
1&
#27620679
03
#27622392
04
#27630000
1!
0&
#27630514
13
#27632392
14
#27640000
0!
1&
#27640679
03
#27642392
04
#27650000
1!
0&
#27650514
13
#27652392
14
#27660000
0!
1&
#27660679
03
#27662392
04
#27670000
1!
0&
#27670514
13
#27672392
14
#27680000
0!
1&
#27680679
03
#27682392
04
#27690000
1!
0&
#27690514
13
#27692392
14
#27700000
0!
1&
#27700679
03
#27702392
04
#27710000
1!
0&
#27710514
13
#27712392
14
#27720000
0!
1&
#27720679
03
#27722392
04
#27730000
1!
0&
#27730514
13
#27732392
14
#27740000
0!
1&
#27740679
03
#27742392
04
#27750000
1!
0&
#27750514
13
#27752392
14
#27760000
0!
1&
#27760679
03
#27762392
04
#27770000
1!
0&
#27770514
13
#27772392
14
#27780000
0!
1&
#27780679
03
#27782392
04
#27790000
1!
0&
#27790514
13
#27792392
14
#27800000
0!
1&
#27800679
03
#27802392
04
#27810000
1!
0&
#27810514
13
#27812392
14
#27820000
0!
1&
#27820679
03
#27822392
04
#27830000
1!
0&
#27830514
13
#27832392
14
#27840000
0!
1&
#27840679
03
#27842392
04
#27850000
1!
0&
#27850514
13
#27852392
14
#27860000
0!
1&
#27860679
03
#27862392
04
#27870000
1!
0&
#27870514
13
#27872392
14
#27880000
0!
1&
#27880679
03
#27882392
04
#27890000
1!
0&
#27890514
13
#27892392
14
#27900000
0!
1&
#27900679
03
#27902392
04
#27910000
1!
0&
#27910514
13
#27912392
14
#27920000
0!
1&
#27920679
03
#27922392
04
#27930000
1!
0&
#27930514
13
#27932392
14
#27940000
0!
1&
#27940679
03
#27942392
04
#27950000
1!
0&
#27950514
13
#27952392
14
#27960000
0!
1&
#27960679
03
#27962392
04
#27970000
1!
0&
#27970514
13
#27972392
14
#27980000
0!
1&
#27980679
03
#27982392
04
#27990000
1!
0&
#27990514
13
#27992392
14
#28000000
0!
1&
#28000679
03
#28002392
04
#28010000
1!
0&
#28010514
13
#28012392
14
#28020000
0!
1&
#28020679
03
#28022392
04
#28030000
1!
0&
#28030514
13
#28032392
14
#28040000
0!
1&
#28040679
03
#28042392
04
#28050000
1!
0&
#28050514
13
#28052392
14
#28060000
0!
1&
#28060679
03
#28062392
04
#28070000
1!
0&
#28070514
13
#28072392
14
#28080000
0!
1&
#28080679
03
#28082392
04
#28090000
1!
0&
#28090514
13
#28092392
14
#28100000
0!
1&
#28100679
03
#28102392
04
#28110000
1!
0&
#28110514
13
#28112392
14
#28120000
0!
1&
#28120679
03
#28122392
04
#28130000
1!
0&
#28130514
13
#28132392
14
#28140000
0!
1&
#28140679
03
#28142392
04
#28150000
1!
0&
#28150514
13
#28152392
14
#28160000
1"
0!
1&
#28160516
16
#28160679
03
#28162392
04
#28164996
1F
#28165416
0G
#28166838
0$
#28170000
1!
0&
#28170514
13
#28172392
14
#28180000
0!
1&
#28180679
03
#28182392
04
#28190000
1!
0&
#28190514
13
#28192392
14
#28200000
0!
1&
#28200679
03
#28202392
04
#28210000
1!
0&
#28210514
13
#28212392
14
#28220000
0!
1&
#28220679
03
#28222392
04
#28230000
1!
0&
#28230514
13
#28232392
14
#28240000
0!
1&
#28240679
03
#28242392
04
#28250000
1!
0&
#28250514
13
#28252392
14
#28260000
0!
1&
#28260679
03
#28262392
04
#28270000
1!
0&
#28270514
13
#28272392
14
#28280000
0!
1&
#28280679
03
#28282392
04
#28290000
1!
0&
#28290514
13
#28292392
14
#28300000
0!
1&
#28300679
03
#28302392
04
#28306831
0\
0N
#28308709
0I
#28310000
1!
0&
#28310192
0J
#28310514
13
#28312392
14
#28313485
0%
#28320000
0!
1&
#28320679
03
#28322392
04
#28330000
1!
0&
#28330514
13
#28332392
14
#28340000
0!
1&
#28340679
03
#28342392
04
#28350000
1!
0&
#28350514
13
#28352392
14
#28360000
0!
1&
#28360679
03
#28362392
04
#28370000
1!
0&
#28370514
13
#28372392
14
#28380000
0!
1&
#28380679
03
#28382392
04
#28390000
1!
0&
#28390514
13
#28392392
14
#28400000
0!
1&
#28400679
03
#28402392
04
#28410000
1!
0&
#28410514
13
#28412392
14
#28420000
0!
1&
#28420679
03
#28422392
04
#28430000
1!
0&
#28430514
13
#28432392
14
#28440000
0!
1&
#28440679
03
#28442392
04
#28450000
1!
0&
#28450514
13
#28452392
14
#28460000
0!
1&
#28460679
03
#28462392
04
#28470000
1!
0&
#28470514
13
#28472392
14
#28480000
0!
1&
#28480679
03
#28482392
04
#28490000
1!
0&
#28490514
13
#28492392
14
#28500000
0!
1&
#28500679
03
#28502392
04
#28510000
1!
0&
#28510514
13
#28512392
14
#28520000
0!
1&
#28520679
03
#28522392
04
#28530000
1!
0&
#28530514
13
#28532392
14
#28540000
0!
1&
#28540679
03
#28542392
04
#28550000
1!
0&
#28550514
13
#28552392
14
#28560000
0!
1&
#28560679
03
#28562392
04
#28570000
1!
0&
#28570514
13
#28572392
14
#28580000
0!
1&
#28580679
03
#28582392
04
#28590000
1!
0&
#28590514
13
#28592392
14
#28600000
0!
1&
#28600679
03
#28602392
04
#28610000
1!
0&
#28610514
13
#28612392
14
#28620000
0!
1&
#28620679
03
#28622392
04
#28630000
1!
0&
#28630514
13
#28632392
14
#28640000
0!
1&
#28640679
03
#28642392
04
#28650000
1!
0&
#28650514
13
#28652392
14
#28660000
0!
1&
#28660679
03
#28662392
04
#28670000
1!
0&
#28670514
13
#28672392
14
#28680000
0!
1&
#28680679
03
#28682392
04
#28690000
1!
0&
#28690514
13
#28692392
14
#28700000
0!
1&
#28700679
03
#28702392
04
#28710000
1!
0&
#28710514
13
#28712392
14
#28720000
0!
1&
#28720679
03
#28722392
04
#28730000
1!
0&
#28730514
13
#28732392
14
#28740000
0!
1&
#28740679
03
#28742392
04
#28750000
1!
0&
#28750514
13
#28752392
14
#28756831
1\
1N
#28758727
1I
#28760000
0!
1&
#28760215
1J
#28760473
17
0W
0T
0V
0H
#28760679
03
#28761107
0J
#28761177
0;
#28761181
0-
#28761185
0/
#28762392
04
#28770000
1!
0&
#28770514
13
#28772392
14
#28780000
0!
1&
#28780679
03
#28782392
04
#28790000
1!
0&
#28790514
13
#28792392
14
#28800000
0!
1&
#28800679
03
#28802392
04
#28810000
1!
0&
#28810514
13
#28812392
14
#28820000
0!
1&
#28820679
03
#28822392
04
#28830000
1!
0&
#28830514
13
#28832392
14
#28840000
0!
1&
#28840679
03
#28842392
04
#28850000
1!
0&
#28850514
13
#28852392
14
#28860000
0!
1&
#28860679
03
#28862392
04
#28870000
1!
0&
#28870514
13
#28872392
14
#28880000
0!
1&
#28880679
03
#28882392
04
#28890000
1!
0&
#28890514
13
#28892392
14
#28900000
0!
1&
#28900679
03
#28902392
04
#28910000
1!
0&
#28910514
13
#28912392
14
#28920000
0!
1&
#28920679
03
#28922392
04
#28930000
1!
0&
#28930514
13
#28932392
14
#28940000
0!
1&
#28940679
03
#28942392
04
#28950000
1!
0&
#28950514
13
#28952392
14
#28960000
0!
1&
#28960679
03
#28962392
04
#28970000
1!
0&
#28970514
13
#28972392
14
#28980000
0!
1&
#28980679
03
#28982392
04
#28990000
1!
0&
#28990514
13
#28992392
14
#29000000
0!
1&
#29000679
03
#29002392
04
#29010000
1!
0&
#29010514
13
#29012392
14
#29020000
0!
1&
#29020679
03
#29022392
04
#29030000
1!
0&
#29030514
13
#29032392
14
#29040000
0!
1&
#29040679
03
#29042392
04
#29050000
1!
0&
#29050514
13
#29052392
14
#29060000
0!
1&
#29060679
03
#29062392
04
#29070000
1!
0&
#29070514
13
#29072392
14
#29080000
0!
1&
#29080679
03
#29082392
04
#29090000
1!
0&
#29090514
13
#29092392
14
#29100000
0!
1&
#29100679
03
#29102392
04
#29110000
1!
0&
#29110514
13
#29112392
14
#29120000
0!
1&
#29120679
03
#29122392
04
#29130000
1!
0&
#29130514
13
#29132392
14
#29140000
0!
1&
#29140679
03
#29142392
04
#29150000
1!
0&
#29150514
13
#29152392
14
#29160000
0!
1&
#29160679
03
#29162392
04
#29170000
1!
0&
#29170514
13
#29172392
14
#29180000
0!
1&
#29180679
03
#29182392
04
#29190000
1!
0&
#29190514
13
#29192392
14
#29200000
0!
1&
#29200679
03
#29202392
04
#29210000
1!
0&
#29210514
13
#29212392
14
#29220000
0!
1&
#29220679
03
#29222392
04
#29230000
1!
0&
#29230514
13
#29232392
14
#29240000
0!
1&
#29240679
03
#29242392
04
#29250000
1!
0&
#29250514
13
#29252392
14
#29260000
0!
1&
#29260679
03
#29262392
04
#29270000
1!
0&
#29270514
13
#29272392
14
#29280000
0!
1&
#29280679
03
#29282392
04
#29290000
1!
0&
#29290514
13
#29292392
14
#29300000
0!
1&
#29300679
03
#29302392
04
#29310000
1!
0&
#29310514
13
#29312392
14
#29320000
0!
1&
#29320679
03
#29322392
04
#29330000
1!
0&
#29330514
13
#29332392
14
#29340000
0!
1&
#29340679
03
#29342392
04
#29350000
1!
0&
#29350514
13
#29352392
14
#29360000
0!
1&
#29360679
03
#29362392
04
#29370000
1!
0&
#29370514
13
#29372392
14
#29380000
0!
1&
#29380679
03
#29382392
04
#29390000
1!
0&
#29390514
13
#29392392
14
#29400000
0!
1&
#29400679
03
#29402392
04
#29410000
1!
0&
#29410514
13
#29412392
14
#29420000
0!
1&
#29420679
03
#29422392
04
#29430000
1!
0&
#29430514
13
#29432392
14
#29440000
0!
1&
#29440679
03
#29442392
04
#29450000
1!
0&
#29450514
13
#29452392
14
#29460000
0!
1&
#29460679
03
#29462392
04
#29470000
1!
0&
#29470514
13
#29472392
14
#29480000
0!
1&
#29480679
03
#29482392
04
#29490000
1!
0&
#29490514
13
#29492392
14
#29500000
0!
1&
#29500679
03
#29502392
04
#29510000
1!
0&
#29510514
13
#29512392
14
#29520000
0!
1&
#29520679
03
#29522392
04
#29530000
1!
0&
#29530514
13
#29532392
14
#29540000
0!
1&
#29540679
03
#29542392
04
#29550000
1!
0&
#29550514
13
#29552392
14
#29556831
0\
0N
#29558709
0I
#29560000
0!
1&
#29560679
03
#29562392
04
#29570000
1!
0&
#29570514
13
#29572392
14
#29580000
0!
1&
#29580679
03
#29582392
04
#29590000
1!
0&
#29590514
13
#29592392
14
#29600000
0!
1&
#29600679
03
#29602392
04
#29610000
1!
0&
#29610514
13
#29612392
14
#29620000
0!
1&
#29620679
03
#29622392
04
#29630000
1!
0&
#29630514
13
#29632392
14
#29640000
0!
1&
#29640679
03
#29642392
04
#29650000
1!
0&
#29650514
13
#29652392
14
#29660000
0!
1&
#29660679
03
#29662392
04
#29670000
1!
0&
#29670514
13
#29672392
14
#29680000
0!
1&
#29680679
03
#29682392
04
#29690000
1!
0&
#29690514
13
#29692392
14
#29700000
0!
1&
#29700679
03
#29702392
04
#29710000
1!
0&
#29710514
13
#29712392
14
#29720000
0!
1&
#29720679
03
#29722392
04
#29730000
1!
0&
#29730514
13
#29732392
14
#29740000
0!
1&
#29740679
03
#29742392
04
#29750000
1!
0&
#29750514
13
#29752392
14
#29760000
0!
1&
#29760679
03
#29762392
04
#29770000
1!
0&
#29770514
13
#29772392
14
#29780000
0!
1&
#29780679
03
#29782392
04
#29790000
1!
0&
#29790514
13
#29792392
14
#29800000
0!
1&
#29800679
03
#29802392
04
#29810000
1!
0&
#29810514
13
#29812392
14
#29820000
0!
1&
#29820679
03
#29822392
04
#29830000
1!
0&
#29830514
13
#29832392
14
#29840000
0!
1&
#29840679
03
#29842392
04
#29850000
1!
0&
#29850514
13
#29852392
14
#29860000
0!
1&
#29860679
03
#29862392
04
#29870000
1!
0&
#29870514
13
#29872392
14
#29880000
0!
1&
#29880679
03
#29882392
04
#29890000
1!
0&
#29890514
13
#29892392
14
#29900000
0!
1&
#29900679
03
#29902392
04
#29910000
1!
0&
#29910514
13
#29912392
14
#29920000
0!
1&
#29920679
03
#29922392
04
#29930000
1!
0&
#29930514
13
#29932392
14
#29940000
0!
1&
#29940679
03
#29942392
04
#29950000
1!
0&
#29950514
13
#29952392
14
#29960000
0!
1&
#29960679
03
#29962392
04
#29970000
1!
0&
#29970514
13
#29972392
14
#29980000
0!
1&
#29980679
03
#29982392
04
#29990000
1!
0&
#29990514
13
#29992392
14
#30000000
0!
1&
#30000679
03
#30002392
04
#30006831
1\
1N
#30008727
1I
#30010000
1!
0&
#30010514
13
#30012392
14
#30020000
0!
1&
#30020679
03
#30022392
04
#30030000
1!
0&
#30030514
13
#30032392
14
#30040000
0!
1&
#30040679
03
#30042392
04
#30050000
1!
0&
#30050514
13
#30052392
14
#30060000
0!
1&
#30060679
03
#30062392
04
#30070000
1!
0&
#30070514
13
#30072392
14
#30080000
0!
1&
#30080679
03
#30082392
04
#30090000
1!
0&
#30090514
13
#30092392
14
#30100000
0!
1&
#30100679
03
#30102392
04
#30110000
1!
0&
#30110514
13
#30112392
14
#30120000
0!
1&
#30120679
03
#30122392
04
#30130000
1!
0&
#30130514
13
#30132392
14
#30140000
0!
1&
#30140679
03
#30142392
04
#30150000
1!
0&
#30150514
13
#30152392
14
#30160000
0!
1&
#30160679
03
#30162392
04
#30170000
1!
0&
#30170514
13
#30172392
14
#30180000
0!
1&
#30180679
03
#30182392
04
#30190000
1!
0&
#30190514
13
#30192392
14
#30200000
0!
1&
#30200679
03
#30202392
04
#30210000
1!
0&
#30210514
13
#30212392
14
#30220000
0!
1&
#30220679
03
#30222392
04
#30230000
1!
0&
#30230514
13
#30232392
14
#30240000
0!
1&
#30240679
03
#30242392
04
#30250000
1!
0&
#30250514
13
#30252392
14
#30260000
0!
1&
#30260679
03
#30262392
04
#30270000
1!
0&
#30270514
13
#30272392
14
#30280000
0!
1&
#30280679
03
#30282392
04
#30290000
1!
0&
#30290514
13
#30292392
14
#30300000
0!
1&
#30300679
03
#30302392
04
#30310000
1!
0&
#30310514
13
#30312392
14
#30320000
0!
1&
#30320679
03
#30322392
04
#30330000
1!
0&
#30330514
13
#30332392
14
#30340000
0!
1&
#30340679
03
#30342392
04
#30350000
1!
0&
#30350514
13
#30352392
14
#30360000
0!
1&
#30360679
03
#30362392
04
#30370000
1!
0&
#30370514
13
#30372392
14
#30380000
0!
1&
#30380679
03
#30382392
04
#30390000
1!
0&
#30390514
13
#30392392
14
#30400000
0!
1&
#30400679
03
#30402392
04
#30410000
1!
0&
#30410514
13
#30412392
14
#30420000
0!
1&
#30420679
03
#30422392
04
#30430000
1!
0&
#30430514
13
#30432392
14
#30440000
0!
1&
#30440679
03
#30442392
04
#30450000
1!
0&
#30450514
13
#30452392
14
#30460000
0!
1&
#30460679
03
#30462392
04
#30470000
1!
0&
#30470514
13
#30472392
14
#30480000
0!
1&
#30480679
03
#30482392
04
#30490000
1!
0&
#30490514
13
#30492392
14
#30500000
0!
1&
#30500679
03
#30502392
04
#30510000
1!
0&
#30510514
13
#30512392
14
#30520000
0!
1&
#30520679
03
#30522392
04
#30530000
1!
0&
#30530514
13
#30532392
14
#30540000
0!
1&
#30540679
03
#30542392
04
#30550000
1!
0&
#30550514
13
#30552392
14
#30560000
0!
1&
#30560679
03
#30562392
04
#30570000
1!
0&
#30570514
13
#30572392
14
#30580000
0!
1&
#30580679
03
#30582392
04
#30590000
1!
0&
#30590514
13
#30592392
14
#30600000
0!
1&
#30600679
03
#30602392
04
#30610000
1!
0&
#30610514
13
#30612392
14
#30620000
0!
1&
#30620679
03
#30622392
04
#30630000
1!
0&
#30630514
13
#30632392
14
#30640000
0!
1&
#30640679
03
#30642392
04
#30650000
1!
0&
#30650514
13
#30652392
14
#30660000
0!
1&
#30660679
03
#30662392
04
#30670000
1!
0&
#30670514
13
#30672392
14
#30680000
0!
1&
#30680679
03
#30682392
04
#30690000
1!
0&
#30690514
13
#30692392
14
#30700000
0!
1&
#30700679
03
#30702392
04
#30710000
1!
0&
#30710514
13
#30712392
14
#30720000
0!
1&
#30720679
03
#30722392
04
#30730000
1!
0&
#30730514
13
#30732392
14
#30740000
0!
1&
#30740679
03
#30742392
04
#30750000
1!
0&
#30750514
13
#30752392
14
#30760000
0!
1&
#30760679
03
#30762392
04
#30770000
1!
0&
#30770514
13
#30772392
14
#30780000
0!
1&
#30780679
03
#30782392
04
#30790000
1!
0&
#30790514
13
#30792392
14
#30800000
0!
1&
#30800679
03
#30802392
04
#30806831
0\
0N
#30808709
0I
#30810000
1!
0&
#30810514
13
#30812392
14
#30820000
0!
1&
#30820679
03
#30822392
04
#30830000
1!
0&
#30830514
13
#30832392
14
#30840000
0!
1&
#30840679
03
#30842392
04
#30850000
1!
0&
#30850514
13
#30852392
14
#30860000
0!
1&
#30860679
03
#30862392
04
#30870000
1!
0&
#30870514
13
#30872392
14
#30880000
0!
1&
#30880679
03
#30882392
04
#30890000
1!
0&
#30890514
13
#30892392
14
#30900000
0!
1&
#30900679
03
#30902392
04
#30910000
1!
0&
#30910514
13
#30912392
14
#30920000
0!
1&
#30920679
03
#30922392
04
#30930000
1!
0&
#30930514
13
#30932392
14
#30940000
0!
1&
#30940679
03
#30942392
04
#30950000
1!
0&
#30950514
13
#30952392
14
#30960000
0!
1&
#30960679
03
#30962392
04
#30970000
1!
0&
#30970514
13
#30972392
14
#30980000
0!
1&
#30980679
03
#30982392
04
#30990000
1!
0&
#30990514
13
#30992392
14
#31000000
0!
1&
#31000679
03
#31002392
04
#31010000
1!
0&
#31010514
13
#31012392
14
#31020000
0!
1&
#31020679
03
#31022392
04
#31030000
1!
0&
#31030514
13
#31032392
14
#31040000
0!
1&
#31040679
03
#31042392
04
#31050000
1!
0&
#31050514
13
#31052392
14
#31060000
0!
1&
#31060679
03
#31062392
04
#31070000
1!
0&
#31070514
13
#31072392
14
#31080000
0!
1&
#31080679
03
#31082392
04
#31090000
1!
0&
#31090514
13
#31092392
14
#31100000
0!
1&
#31100679
03
#31102392
04
#31110000
1!
0&
#31110514
13
#31112392
14
#31120000
0!
1&
#31120679
03
#31122392
04
#31130000
1!
0&
#31130514
13
#31132392
14
#31140000
0!
1&
#31140679
03
#31142392
04
#31150000
1!
0&
#31150514
13
#31152392
14
#31160000
0!
1&
#31160679
03
#31162392
04
#31170000
1!
0&
#31170514
13
#31172392
14
#31180000
0!
1&
#31180679
03
#31182392
04
#31190000
1!
0&
#31190514
13
#31192392
14
#31200000
0!
1&
#31200679
03
#31202392
04
#31210000
1!
0&
#31210514
13
#31212392
14
#31220000
0!
1&
#31220679
03
#31222392
04
#31230000
1!
0&
#31230514
13
#31232392
14
#31240000
0!
1&
#31240679
03
#31242392
04
#31250000
1!
0&
#31250514
13
#31252392
14
#31256831
1\
1N
#31258727
1I
#31260000
0!
1&
#31260679
03
#31262392
04
#31270000
1!
0&
#31270514
13
#31272392
14
#31280000
0!
1&
#31280679
03
#31282392
04
#31290000
1!
0&
#31290514
13
#31292392
14
#31300000
0!
1&
#31300679
03
#31302392
04
#31310000
1!
0&
#31310514
13
#31312392
14
#31320000
0!
1&
#31320679
03
#31322392
04
#31330000
1!
0&
#31330514
13
#31332392
14
#31340000
0!
1&
#31340679
03
#31342392
04
#31350000
1!
0&
#31350514
13
#31352392
14
#31360000
0!
1&
#31360679
03
#31362392
04
#31370000
1!
0&
#31370514
13
#31372392
14
#31380000
0!
1&
#31380679
03
#31382392
04
#31390000
1!
0&
#31390514
13
#31392392
14
#31400000
0!
1&
#31400679
03
#31402392
04
#31410000
1!
0&
#31410514
13
#31412392
14
#31420000
0!
1&
#31420679
03
#31422392
04
#31430000
1!
0&
#31430514
13
#31432392
14
#31440000
0!
1&
#31440679
03
#31442392
04
#31450000
1!
0&
#31450514
13
#31452392
14
#31460000
0!
1&
#31460679
03
#31462392
04
#31470000
1!
0&
#31470514
13
#31472392
14
#31480000
0!
1&
#31480679
03
#31482392
04
#31490000
1!
0&
#31490514
13
#31492392
14
#31500000
0!
1&
#31500679
03
#31502392
04
#31510000
1!
0&
#31510514
13
#31512392
14
#31520000
0!
1&
#31520679
03
#31522392
04
#31530000
1!
0&
#31530514
13
#31532392
14
#31540000
0!
1&
#31540679
03
#31542392
04
#31550000
1!
0&
#31550514
13
#31552392
14
#31560000
0!
1&
#31560679
03
#31562392
04
#31570000
1!
0&
#31570514
13
#31572392
14
#31580000
0!
1&
#31580679
03
#31582392
04
#31590000
1!
0&
#31590514
13
#31592392
14
#31600000
0!
1&
#31600679
03
#31602392
04
#31610000
1!
0&
#31610514
13
#31612392
14
#31620000
0!
1&
#31620679
03
#31622392
04
#31630000
1!
0&
#31630514
13
#31632392
14
#31640000
0!
1&
#31640679
03
#31642392
04
#31650000
1!
0&
#31650514
13
#31652392
14
#31660000
0!
1&
#31660679
03
#31662392
04
#31670000
1!
0&
#31670514
13
#31672392
14
#31680000
0!
1&
#31680679
03
#31682392
04
#31690000
1!
0&
#31690514
13
#31692392
14
#31700000
0!
1&
#31700679
03
#31702392
04
#31710000
1!
0&
#31710514
13
#31712392
14
#31720000
0!
1&
#31720679
03
#31722392
04
#31730000
1!
0&
#31730514
13
#31732392
14
#31740000
0!
1&
#31740679
03
#31742392
04
#31750000
1!
0&
#31750514
13
#31752392
14
#31760000
0!
1&
#31760679
03
#31762392
04
#31770000
1!
0&
#31770514
13
#31772392
14
#31780000
0!
1&
#31780679
03
#31782392
04
#31790000
1!
0&
#31790514
13
#31792392
14
#31800000
0!
1&
#31800679
03
#31802392
04
#31810000
1!
0&
#31810514
13
#31812392
14
#31820000
0!
1&
#31820679
03
#31822392
04
#31830000
1!
0&
#31830514
13
#31832392
14
#31840000
0!
1&
#31840679
03
#31842392
04
#31850000
1!
0&
#31850514
13
#31852392
14
#31860000
0!
1&
#31860679
03
#31862392
04
#31870000
1!
0&
#31870514
13
#31872392
14
#31880000
0!
1&
#31880679
03
#31882392
04
#31890000
1!
0&
#31890514
13
#31892392
14
#31900000
0!
1&
#31900679
03
#31902392
04
#31910000
1!
0&
#31910514
13
#31912392
14
#31920000
0!
1&
#31920679
03
#31922392
04
#31930000
1!
0&
#31930514
13
#31932392
14
#31940000
0!
1&
#31940679
03
#31942392
04
#31950000
1!
0&
#31950514
13
#31952392
14
#31960000
0!
1&
#31960679
03
#31962392
04
#31970000
1!
0&
#31970514
13
#31972392
14
#31980000
0!
1&
#31980679
03
#31982392
04
#31990000
1!
0&
#31990514
13
#31992392
14
#32000000
0!
1&
#32000679
03
#32002392
04
#32010000
1!
0&
#32010514
13
#32012392
14
#32020000
0!
1&
#32020679
03
#32022392
04
#32030000
1!
0&
#32030514
13
#32032392
14
#32040000
0!
1&
#32040679
03
#32042392
04
#32050000
1!
0&
#32050514
13
#32052392
14
#32056831
0\
0N
#32058709
0I
#32060000
0!
1&
#32060679
03
#32062392
04
#32070000
1!
0&
#32070514
13
#32072392
14
#32080000
0!
1&
#32080679
03
#32082392
04
#32090000
1!
0&
#32090514
13
#32092392
14
#32100000
0!
1&
#32100679
03
#32102392
04
#32110000
1!
0&
#32110514
13
#32112392
14
#32120000
0!
1&
#32120679
03
#32122392
04
#32130000
1!
0&
#32130514
13
#32132392
14
#32140000
0!
1&
#32140679
03
#32142392
04
#32150000
1!
0&
#32150514
13
#32152392
14
#32160000
0!
1&
#32160679
03
#32162392
04
#32170000
1!
0&
#32170514
13
#32172392
14
#32180000
0!
1&
#32180679
03
#32182392
04
#32190000
1!
0&
#32190514
13
#32192392
14
#32200000
0!
1&
#32200679
03
#32202392
04
#32210000
1!
0&
#32210514
13
#32212392
14
#32220000
0!
1&
#32220679
03
#32222392
04
#32230000
1!
0&
#32230514
13
#32232392
14
#32240000
0!
1&
#32240679
03
#32242392
04
#32250000
1!
0&
#32250514
13
#32252392
14
#32260000
0!
1&
#32260679
03
#32262392
04
#32270000
1!
0&
#32270514
13
#32272392
14
#32280000
0!
1&
#32280679
03
#32282392
04
#32290000
1!
0&
#32290514
13
#32292392
14
#32300000
0!
1&
#32300679
03
#32302392
04
#32310000
1!
0&
#32310514
13
#32312392
14
#32320000
0!
1&
#32320679
03
#32322392
04
#32330000
1!
0&
#32330514
13
#32332392
14
#32340000
0!
1&
#32340679
03
#32342392
04
#32350000
1!
0&
#32350514
13
#32352392
14
#32360000
0!
1&
#32360679
03
#32362392
04
#32370000
1!
0&
#32370514
13
#32372392
14
#32380000
0!
1&
#32380679
03
#32382392
04
#32390000
1!
0&
#32390514
13
#32392392
14
#32400000
0!
1&
#32400679
03
#32402392
04
#32410000
1!
0&
#32410514
13
#32412392
14
#32420000
0!
1&
#32420679
03
#32422392
04
#32430000
1!
0&
#32430514
13
#32432392
14
#32440000
0!
1&
#32440679
03
#32442392
04
#32450000
1!
0&
#32450514
13
#32452392
14
#32460000
0!
1&
#32460679
03
#32462392
04
#32470000
1!
0&
#32470514
13
#32472392
14
#32480000
0!
1&
#32480679
03
#32482392
04
#32490000
1!
0&
#32490514
13
#32492392
14
#32500000
0!
1&
#32500679
03
#32502392
04
#32506831
1\
1N
#32508727
1I
#32510000
1!
0&
#32510514
13
#32512392
14
#32520000
0!
1&
#32520679
03
#32522392
04
#32530000
1!
0&
#32530514
13
#32532392
14
#32540000
0!
1&
#32540679
03
#32542392
04
#32550000
1!
0&
#32550514
13
#32552392
14
#32560000
0!
1&
#32560679
03
#32562392
04
#32570000
1!
0&
#32570514
13
#32572392
14
#32580000
0!
1&
#32580679
03
#32582392
04
#32590000
1!
0&
#32590514
13
#32592392
14
#32600000
0!
1&
#32600679
03
#32602392
04
#32610000
1!
0&
#32610514
13
#32612392
14
#32620000
0!
1&
#32620679
03
#32622392
04
#32630000
1!
0&
#32630514
13
#32632392
14
#32640000
0!
1&
#32640679
03
#32642392
04
#32650000
1!
0&
#32650514
13
#32652392
14
#32660000
0!
1&
#32660679
03
#32662392
04
#32670000
1!
0&
#32670514
13
#32672392
14
#32680000
0!
1&
#32680679
03
#32682392
04
#32690000
1!
0&
#32690514
13
#32692392
14
#32700000
0!
1&
#32700679
03
#32702392
04
#32710000
1!
0&
#32710514
13
#32712392
14
#32720000
0!
1&
#32720679
03
#32722392
04
#32730000
1!
0&
#32730514
13
#32732392
14
#32740000
0!
1&
#32740679
03
#32742392
04
#32750000
1!
0&
#32750514
13
#32752392
14
#32760000
0!
1&
#32760679
03
#32762392
04
#32770000
1!
0&
#32770514
13
#32772392
14
#32780000
0!
1&
#32780679
03
#32782392
04
#32790000
1!
0&
#32790514
13
#32792392
14
#32800000
0!
1&
#32800679
03
#32802392
04
#32810000
1!
0&
#32810514
13
#32812392
14
#32820000
0!
1&
#32820679
03
#32822392
04
#32830000
1!
0&
#32830514
13
#32832392
14
#32840000
0!
1&
#32840679
03
#32842392
04
#32850000
1!
0&
#32850514
13
#32852392
14
#32860000
0!
1&
#32860679
03
#32862392
04
#32870000
1!
0&
#32870514
13
#32872392
14
#32880000
0!
1&
#32880679
03
#32882392
04
#32890000
1!
0&
#32890514
13
#32892392
14
#32900000
0!
1&
#32900679
03
#32902392
04
#32910000
1!
0&
#32910514
13
#32912392
14
#32920000
0!
1&
#32920679
03
#32922392
04
#32930000
1!
0&
#32930514
13
#32932392
14
#32940000
0!
1&
#32940679
03
#32942392
04
#32950000
1!
0&
#32950514
13
#32952392
14
#32960000
0!
1&
#32960679
03
#32962392
04
#32970000
1!
0&
#32970514
13
#32972392
14
#32980000
0!
1&
#32980679
03
#32982392
04
#32990000
1!
0&
#32990514
13
#32992392
14
#33000000
0!
1&
#33000679
03
#33002392
04
#33010000
1!
0&
#33010514
13
#33012392
14
#33020000
0!
1&
#33020679
03
#33022392
04
#33030000
1!
0&
#33030514
13
#33032392
14
#33040000
0!
1&
#33040679
03
#33042392
04
#33050000
1!
0&
#33050514
13
#33052392
14
#33060000
0!
1&
#33060679
03
#33062392
04
#33070000
1!
0&
#33070514
13
#33072392
14
#33080000
0!
1&
#33080679
03
#33082392
04
#33090000
1!
0&
#33090514
13
#33092392
14
#33100000
0!
1&
#33100679
03
#33102392
04
#33110000
1!
0&
#33110514
13
#33112392
14
#33120000
0!
1&
#33120679
03
#33122392
04
#33130000
1!
0&
#33130514
13
#33132392
14
#33140000
0!
1&
#33140679
03
#33142392
04
#33150000
1!
0&
#33150514
13
#33152392
14
#33160000
0!
1&
#33160679
03
#33162392
04
#33170000
1!
0&
#33170514
13
#33172392
14
#33180000
0!
1&
#33180679
03
#33182392
04
#33190000
1!
0&
#33190514
13
#33192392
14
#33200000
0!
1&
#33200679
03
#33202392
04
#33210000
1!
0&
#33210514
13
#33212392
14
#33220000
0!
1&
#33220679
03
#33222392
04
#33230000
1!
0&
#33230514
13
#33232392
14
#33240000
0!
1&
#33240679
03
#33242392
04
#33250000
1!
0&
#33250514
13
#33252392
14
#33260000
0!
1&
#33260679
03
#33262392
04
#33270000
1!
0&
#33270514
13
#33272392
14
#33280000
0!
1&
#33280679
03
#33282392
04
#33290000
1!
0&
#33290514
13
#33292392
14
#33300000
0!
1&
#33300679
03
#33302392
04
#33306831
0\
0N
#33308709
0I
#33310000
1!
0&
#33310514
13
#33312392
14
#33320000
0!
1&
#33320679
03
#33322392
04
#33330000
1!
0&
#33330514
13
#33332392
14
#33340000
0!
1&
#33340679
03
#33342392
04
#33350000
1!
0&
#33350514
13
#33352392
14
#33360000
0!
1&
#33360679
03
#33362392
04
#33370000
1!
0&
#33370514
13
#33372392
14
#33380000
0!
1&
#33380679
03
#33382392
04
#33390000
1!
0&
#33390514
13
#33392392
14
#33400000
0!
1&
#33400679
03
#33402392
04
#33410000
1!
0&
#33410514
13
#33412392
14
#33420000
0!
1&
#33420679
03
#33422392
04
#33430000
1!
0&
#33430514
13
#33432392
14
#33440000
0!
1&
#33440679
03
#33442392
04
#33450000
1!
0&
#33450514
13
#33452392
14
#33460000
0!
1&
#33460679
03
#33462392
04
#33470000
1!
0&
#33470514
13
#33472392
14
#33480000
0!
1&
#33480679
03
#33482392
04
#33490000
1!
0&
#33490514
13
#33492392
14
#33500000
0!
1&
#33500679
03
#33502392
04
#33510000
1!
0&
#33510514
13
#33512392
14
#33520000
0!
1&
#33520679
03
#33522392
04
#33530000
1!
0&
#33530514
13
#33532392
14
#33540000
0!
1&
#33540679
03
#33542392
04
#33550000
1!
0&
#33550514
13
#33552392
14
#33560000
0!
1&
#33560679
03
#33562392
04
#33570000
1!
0&
#33570514
13
#33572392
14
#33580000
0!
1&
#33580679
03
#33582392
04
#33590000
1!
0&
#33590514
13
#33592392
14
#33600000
0!
1&
#33600679
03
#33602392
04
#33610000
1!
0&
#33610514
13
#33612392
14
#33620000
0!
1&
#33620679
03
#33622392
04
#33630000
1!
0&
#33630514
13
#33632392
14
#33640000
0!
1&
#33640679
03
#33642392
04
#33650000
1!
0&
#33650514
13
#33652392
14
#33660000
0!
1&
#33660679
03
#33662392
04
#33670000
1!
0&
#33670514
13
#33672392
14
#33680000
0!
1&
#33680679
03
#33682392
04
#33690000
1!
0&
#33690514
13
#33692392
14
#33700000
0!
1&
#33700679
03
#33702392
04
#33710000
1!
0&
#33710514
13
#33712392
14
#33720000
0!
1&
#33720679
03
#33722392
04
#33730000
1!
0&
#33730514
13
#33732392
14
#33740000
0!
1&
#33740679
03
#33742392
04
#33750000
1!
0&
#33750514
13
#33752392
14
#33756831
1\
1N
#33758727
1I
#33760000
0!
1&
#33760679
03
#33762392
04
#33770000
1!
0&
#33770514
13
#33772392
14
#33780000
0!
1&
#33780679
03
#33782392
04
#33790000
1!
0&
#33790514
13
#33792392
14
#33800000
0!
1&
#33800679
03
#33802392
04
#33810000
1!
0&
#33810514
13
#33812392
14
#33820000
0!
1&
#33820679
03
#33822392
04
#33830000
1!
0&
#33830514
13
#33832392
14
#33840000
0!
1&
#33840679
03
#33842392
04
#33850000
1!
0&
#33850514
13
#33852392
14
#33860000
0!
1&
#33860679
03
#33862392
04
#33870000
1!
0&
#33870514
13
#33872392
14
#33880000
0!
1&
#33880679
03
#33882392
04
#33890000
1!
0&
#33890514
13
#33892392
14
#33900000
0!
1&
#33900679
03
#33902392
04
#33910000
1!
0&
#33910514
13
#33912392
14
#33920000
0!
1&
#33920679
03
#33922392
04
#33930000
1!
0&
#33930514
13
#33932392
14
#33940000
0!
1&
#33940679
03
#33942392
04
#33950000
1!
0&
#33950514
13
#33952392
14
#33960000
0!
1&
#33960679
03
#33962392
04
#33970000
1!
0&
#33970514
13
#33972392
14
#33980000
0!
1&
#33980679
03
#33982392
04
#33990000
1!
0&
#33990514
13
#33992392
14
#34000000
0!
1&
#34000679
03
#34002392
04
#34010000
1!
0&
#34010514
13
#34012392
14
#34020000
0!
1&
#34020679
03
#34022392
04
#34030000
1!
0&
#34030514
13
#34032392
14
#34040000
0!
1&
#34040679
03
#34042392
04
#34050000
1!
0&
#34050514
13
#34052392
14
#34060000
0!
1&
#34060679
03
#34062392
04
#34070000
1!
0&
#34070514
13
#34072392
14
#34080000
0!
1&
#34080679
03
#34082392
04
#34090000
1!
0&
#34090514
13
#34092392
14
#34100000
0!
1&
#34100679
03
#34102392
04
#34110000
1!
0&
#34110514
13
#34112392
14
#34120000
0!
1&
#34120679
03
#34122392
04
#34130000
1!
0&
#34130514
13
#34132392
14
#34140000
0!
1&
#34140679
03
#34142392
04
#34150000
1!
0&
#34150514
13
#34152392
14
#34160000
0!
1&
#34160679
03
#34162392
04
#34170000
1!
0&
#34170514
13
#34172392
14
#34180000
0!
1&
#34180679
03
#34182392
04
#34190000
1!
0&
#34190514
13
#34192392
14
#34200000
0!
1&
#34200679
03
#34202392
04
#34210000
1!
0&
#34210514
13
#34212392
14
#34220000
0!
1&
#34220679
03
#34222392
04
#34230000
1!
0&
#34230514
13
#34232392
14
#34240000
0!
1&
#34240679
03
#34242392
04
#34250000
1!
0&
#34250514
13
#34252392
14
#34260000
0!
1&
#34260679
03
#34262392
04
#34270000
1!
0&
#34270514
13
#34272392
14
#34280000
0!
1&
#34280679
03
#34282392
04
#34290000
1!
0&
#34290514
13
#34292392
14
#34300000
0!
1&
#34300679
03
#34302392
04
#34310000
1!
0&
#34310514
13
#34312392
14
#34320000
0!
1&
#34320679
03
#34322392
04
#34330000
1!
0&
#34330514
13
#34332392
14
#34340000
0!
1&
#34340679
03
#34342392
04
#34350000
1!
0&
#34350514
13
#34352392
14
#34360000
0!
1&
#34360679
03
#34362392
04
#34370000
1!
0&
#34370514
13
#34372392
14
#34380000
0!
1&
#34380679
03
#34382392
04
#34390000
1!
0&
#34390514
13
#34392392
14
#34400000
0!
1&
#34400679
03
#34402392
04
#34410000
1!
0&
#34410514
13
#34412392
14
#34420000
0!
1&
#34420679
03
#34422392
04
#34430000
1!
0&
#34430514
13
#34432392
14
#34440000
0!
1&
#34440679
03
#34442392
04
#34450000
1!
0&
#34450514
13
#34452392
14
#34460000
0!
1&
#34460679
03
#34462392
04
#34470000
1!
0&
#34470514
13
#34472392
14
#34480000
0!
1&
#34480679
03
#34482392
04
#34490000
1!
0&
#34490514
13
#34492392
14
#34500000
0!
1&
#34500679
03
#34502392
04
#34510000
1!
0&
#34510514
13
#34512392
14
#34520000
0!
1&
#34520679
03
#34522392
04
#34530000
1!
0&
#34530514
13
#34532392
14
#34540000
0!
1&
#34540679
03
#34542392
04
#34550000
1!
0&
#34550514
13
#34552392
14
#34556831
0\
0N
#34558709
0I
#34560000
0!
1&
#34560679
03
#34562392
04
#34570000
1!
0&
#34570514
13
#34572392
14
#34580000
0!
1&
#34580679
03
#34582392
04
#34590000
1!
0&
#34590514
13
#34592392
14
#34600000
0!
1&
#34600679
03
#34602392
04
#34610000
1!
0&
#34610514
13
#34612392
14
#34620000
0!
1&
#34620679
03
#34622392
04
#34630000
1!
0&
#34630514
13
#34632392
14
#34640000
0!
1&
#34640679
03
#34642392
04
#34650000
1!
0&
#34650514
13
#34652392
14
#34660000
0!
1&
#34660679
03
#34662392
04
#34670000
1!
0&
#34670514
13
#34672392
14
#34680000
0!
1&
#34680679
03
#34682392
04
#34690000
1!
0&
#34690514
13
#34692392
14
#34700000
0!
1&
#34700679
03
#34702392
04
#34710000
1!
0&
#34710514
13
#34712392
14
#34720000
0!
1&
#34720679
03
#34722392
04
#34730000
1!
0&
#34730514
13
#34732392
14
#34740000
0!
1&
#34740679
03
#34742392
04
#34750000
1!
0&
#34750514
13
#34752392
14
#34760000
0!
1&
#34760679
03
#34762392
04
#34770000
1!
0&
#34770514
13
#34772392
14
#34780000
0!
1&
#34780679
03
#34782392
04
#34790000
1!
0&
#34790514
13
#34792392
14
#34800000
0!
1&
#34800679
03
#34802392
04
#34810000
1!
0&
#34810514
13
#34812392
14
#34820000
0!
1&
#34820679
03
#34822392
04
#34830000
1!
0&
#34830514
13
#34832392
14
#34840000
0!
1&
#34840679
03
#34842392
04
#34850000
1!
0&
#34850514
13
#34852392
14
#34860000
0!
1&
#34860679
03
#34862392
04
#34870000
1!
0&
#34870514
13
#34872392
14
#34880000
0!
1&
#34880679
03
#34882392
04
#34890000
1!
0&
#34890514
13
#34892392
14
#34900000
0!
1&
#34900679
03
#34902392
04
#34910000
1!
0&
#34910514
13
#34912392
14
#34920000
0!
1&
#34920679
03
#34922392
04
#34930000
1!
0&
#34930514
13
#34932392
14
#34940000
0!
1&
#34940679
03
#34942392
04
#34950000
1!
0&
#34950514
13
#34952392
14
#34960000
0!
1&
#34960679
03
#34962392
04
#34970000
1!
0&
#34970514
13
#34972392
14
#34980000
0!
1&
#34980679
03
#34982392
04
#34990000
1!
0&
#34990514
13
#34992392
14
#35000000
0!
1&
#35000679
03
#35002392
04
#35006831
1\
1N
#35008727
1I
#35010000
1!
0&
#35010514
13
#35012392
14
#35020000
0!
1&
#35020679
03
#35022392
04
#35030000
1!
0&
#35030514
13
#35032392
14
#35040000
0!
1&
#35040679
03
#35042392
04
#35050000
1!
0&
#35050514
13
#35052392
14
#35060000
0!
1&
#35060679
03
#35062392
04
#35070000
1!
0&
#35070514
13
#35072392
14
#35080000
0!
1&
#35080679
03
#35082392
04
#35090000
1!
0&
#35090514
13
#35092392
14
#35100000
0!
1&
#35100679
03
#35102392
04
#35110000
1!
0&
#35110514
13
#35112392
14
#35120000
0!
1&
#35120679
03
#35122392
04
#35130000
1!
0&
#35130514
13
#35132392
14
#35140000
0!
1&
#35140679
03
#35142392
04
#35150000
1!
0&
#35150514
13
#35152392
14
#35160000
0!
1&
#35160679
03
#35162392
04
#35170000
1!
0&
#35170514
13
#35172392
14
#35180000
0!
1&
#35180679
03
#35182392
04
#35190000
1!
0&
#35190514
13
#35192392
14
#35200000
0!
1&
#35200679
03
#35202392
04
#35210000
1!
0&
#35210514
13
#35212392
14
#35220000
0!
1&
#35220679
03
#35222392
04
#35230000
1!
0&
#35230514
13
#35232392
14
#35240000
0!
1&
#35240679
03
#35242392
04
#35250000
1!
0&
#35250514
13
#35252392
14
#35260000
0!
1&
#35260679
03
#35262392
04
#35270000
1!
0&
#35270514
13
#35272392
14
#35280000
0!
1&
#35280679
03
#35282392
04
#35290000
1!
0&
#35290514
13
#35292392
14
#35300000
0!
1&
#35300679
03
#35302392
04
#35310000
1!
0&
#35310514
13
#35312392
14
#35320000
0!
1&
#35320679
03
#35322392
04
#35330000
1!
0&
#35330514
13
#35332392
14
#35340000
0!
1&
#35340679
03
#35342392
04
#35350000
1!
0&
#35350514
13
#35352392
14
#35360000
0!
1&
#35360679
03
#35362392
04
#35370000
1!
0&
#35370514
13
#35372392
14
#35380000
0!
1&
#35380679
03
#35382392
04
#35390000
1!
0&
#35390514
13
#35392392
14
#35400000
0!
1&
#35400679
03
#35402392
04
#35410000
1!
0&
#35410514
13
#35412392
14
#35420000
0!
1&
#35420679
03
#35422392
04
#35430000
1!
0&
#35430514
13
#35432392
14
#35440000
0!
1&
#35440679
03
#35442392
04
#35450000
1!
0&
#35450514
13
#35452392
14
#35460000
0!
1&
#35460679
03
#35462392
04
#35470000
1!
0&
#35470514
13
#35472392
14
#35480000
0!
1&
#35480679
03
#35482392
04
#35490000
1!
0&
#35490514
13
#35492392
14
#35500000
0!
1&
#35500679
03
#35502392
04
#35510000
1!
0&
#35510514
13
#35512392
14
#35520000
0!
1&
#35520679
03
#35522392
04
#35530000
1!
0&
#35530514
13
#35532392
14
#35540000
0!
1&
#35540679
03
#35542392
04
#35550000
1!
0&
#35550514
13
#35552392
14
#35560000
0!
1&
#35560679
03
#35562392
04
#35570000
1!
0&
#35570514
13
#35572392
14
#35580000
0!
1&
#35580679
03
#35582392
04
#35590000
1!
0&
#35590514
13
#35592392
14
#35600000
0!
1&
#35600679
03
#35602392
04
#35610000
1!
0&
#35610514
13
#35612392
14
#35620000
0!
1&
#35620679
03
#35622392
04
#35630000
1!
0&
#35630514
13
#35632392
14
#35640000
0!
1&
#35640679
03
#35642392
04
#35650000
1!
0&
#35650514
13
#35652392
14
#35660000
0!
1&
#35660679
03
#35662392
04
#35670000
1!
0&
#35670514
13
#35672392
14
#35680000
0!
1&
#35680679
03
#35682392
04
#35690000
1!
0&
#35690514
13
#35692392
14
#35700000
0!
1&
#35700679
03
#35702392
04
#35710000
1!
0&
#35710514
13
#35712392
14
#35720000
0!
1&
#35720679
03
#35722392
04
#35730000
1!
0&
#35730514
13
#35732392
14
#35740000
0!
1&
#35740679
03
#35742392
04
#35750000
1!
0&
#35750514
13
#35752392
14
#35760000
0!
1&
#35760679
03
#35762392
04
#35770000
1!
0&
#35770514
13
#35772392
14
#35780000
0!
1&
#35780679
03
#35782392
04
#35790000
1!
0&
#35790514
13
#35792392
14
#35800000
0!
1&
#35800679
03
#35802392
04
#35806831
0\
0N
#35808709
0I
#35810000
1!
0&
#35810514
13
#35812392
14
#35820000
0!
1&
#35820679
03
#35822392
04
#35830000
1!
0&
#35830514
13
#35832392
14
#35840000
0!
1&
#35840679
03
#35842392
04
#35850000
1!
0&
#35850514
13
#35852392
14
#35860000
0!
1&
#35860679
03
#35862392
04
#35870000
1!
0&
#35870514
13
#35872392
14
#35880000
0!
1&
#35880679
03
#35882392
04
#35890000
1!
0&
#35890514
13
#35892392
14
#35900000
0!
1&
#35900679
03
#35902392
04
#35910000
1!
0&
#35910514
13
#35912392
14
#35920000
0!
1&
#35920679
03
#35922392
04
#35930000
1!
0&
#35930514
13
#35932392
14
#35940000
0!
1&
#35940679
03
#35942392
04
#35950000
1!
0&
#35950514
13
#35952392
14
#35960000
0!
1&
#35960679
03
#35962392
04
#35970000
1!
0&
#35970514
13
#35972392
14
#35980000
0!
1&
#35980679
03
#35982392
04
#35990000
1!
0&
#35990514
13
#35992392
14
#36000000
0!
1&
#36000679
03
#36002392
04
#36010000
1!
0&
#36010514
13
#36012392
14
#36020000
0!
1&
#36020679
03
#36022392
04
#36030000
1!
0&
#36030514
13
#36032392
14
#36040000
0!
1&
#36040679
03
#36042392
04
#36050000
1!
0&
#36050514
13
#36052392
14
#36060000
0!
1&
#36060679
03
#36062392
04
#36070000
1!
0&
#36070514
13
#36072392
14
#36080000
0!
1&
#36080679
03
#36082392
04
#36090000
1!
0&
#36090514
13
#36092392
14
#36100000
0!
1&
#36100679
03
#36102392
04
#36110000
1!
0&
#36110514
13
#36112392
14
#36120000
0!
1&
#36120679
03
#36122392
04
#36130000
1!
0&
#36130514
13
#36132392
14
#36140000
0!
1&
#36140679
03
#36142392
04
#36150000
1!
0&
#36150514
13
#36152392
14
#36160000
0!
1&
#36160679
03
#36162392
04
#36170000
1!
0&
#36170514
13
#36172392
14
#36180000
0!
1&
#36180679
03
#36182392
04
#36190000
1!
0&
#36190514
13
#36192392
14
#36200000
0!
1&
#36200679
03
#36202392
04
#36210000
1!
0&
#36210514
13
#36212392
14
#36220000
0!
1&
#36220679
03
#36222392
04
#36230000
1!
0&
#36230514
13
#36232392
14
#36240000
0!
1&
#36240679
03
#36242392
04
#36250000
1!
0&
#36250514
13
#36252392
14
#36256831
1\
1N
#36258727
1I
#36260000
0!
1&
#36260679
03
#36262392
04
#36270000
1!
0&
#36270514
13
#36272392
14
#36280000
0!
1&
#36280679
03
#36282392
04
#36290000
1!
0&
#36290514
13
#36292392
14
#36300000
0!
1&
#36300679
03
#36302392
04
#36310000
1!
0&
#36310514
13
#36312392
14
#36320000
0!
1&
#36320679
03
#36322392
04
#36330000
1!
0&
#36330514
13
#36332392
14
#36340000
0!
1&
#36340679
03
#36342392
04
#36350000
1!
0&
#36350514
13
#36352392
14
#36360000
0!
1&
#36360679
03
#36362392
04
#36370000
1!
0&
#36370514
13
#36372392
14
#36380000
0!
1&
#36380679
03
#36382392
04
#36390000
1!
0&
#36390514
13
#36392392
14
#36400000
0!
1&
#36400679
03
#36402392
04
#36410000
1!
0&
#36410514
13
#36412392
14
#36420000
0!
1&
#36420679
03
#36422392
04
#36430000
1!
0&
#36430514
13
#36432392
14
#36440000
0!
1&
#36440679
03
#36442392
04
#36450000
1!
0&
#36450514
13
#36452392
14
#36460000
0!
1&
#36460679
03
#36462392
04
#36470000
1!
0&
#36470514
13
#36472392
14
#36480000
0!
1&
#36480679
03
#36482392
04
#36490000
1!
0&
#36490514
13
#36492392
14
#36500000
0!
1&
#36500679
03
#36502392
04
#36510000
1!
0&
#36510514
13
#36512392
14
#36520000
0!
1&
#36520679
03
#36522392
04
#36530000
1!
0&
#36530514
13
#36532392
14
#36540000
0!
1&
#36540679
03
#36542392
04
#36550000
1!
0&
#36550514
13
#36552392
14
#36560000
0!
1&
#36560679
03
#36562392
04
#36570000
1!
0&
#36570514
13
#36572392
14
#36580000
0!
1&
#36580679
03
#36582392
04
#36590000
1!
0&
#36590514
13
#36592392
14
#36600000
0!
1&
#36600679
03
#36602392
04
#36610000
1!
0&
#36610514
13
#36612392
14
#36620000
0!
1&
#36620679
03
#36622392
04
#36630000
1!
0&
#36630514
13
#36632392
14
#36640000
0!
1&
#36640679
03
#36642392
04
#36650000
1!
0&
#36650514
13
#36652392
14
#36660000
0!
1&
#36660679
03
#36662392
04
#36670000
1!
0&
#36670514
13
#36672392
14
#36680000
0!
1&
#36680679
03
#36682392
04
#36690000
1!
0&
#36690514
13
#36692392
14
#36700000
0!
1&
#36700679
03
#36702392
04
#36710000
1!
0&
#36710514
13
#36712392
14
#36720000
0!
1&
#36720679
03
#36722392
04
#36730000
1!
0&
#36730514
13
#36732392
14
#36740000
0!
1&
#36740679
03
#36742392
04
#36750000
1!
0&
#36750514
13
#36752392
14
#36760000
0!
1&
#36760679
03
#36762392
04
#36770000
1!
0&
#36770514
13
#36772392
14
#36780000
0!
1&
#36780679
03
#36782392
04
#36790000
1!
0&
#36790514
13
#36792392
14
#36800000
0!
1&
#36800679
03
#36802392
04
#36810000
1!
0&
#36810514
13
#36812392
14
#36820000
0!
1&
#36820679
03
#36822392
04
#36830000
1!
0&
#36830514
13
#36832392
14
#36840000
0!
1&
#36840679
03
#36842392
04
#36850000
1!
0&
#36850514
13
#36852392
14
#36860000
0!
1&
#36860679
03
#36862392
04
#36870000
1!
0&
#36870514
13
#36872392
14
#36880000
0!
1&
#36880679
03
#36882392
04
#36890000
1!
0&
#36890514
13
#36892392
14
#36900000
0!
1&
#36900679
03
#36902392
04
#36910000
1!
0&
#36910514
13
#36912392
14
#36920000
0!
1&
#36920679
03
#36922392
04
#36930000
1!
0&
#36930514
13
#36932392
14
#36940000
0!
1&
#36940679
03
#36942392
04
#36950000
1!
0&
#36950514
13
#36952392
14
#36960000
0!
1&
#36960679
03
#36962392
04
#36970000
1!
0&
#36970514
13
#36972392
14
#36980000
0!
1&
#36980679
03
#36982392
04
#36990000
1!
0&
#36990514
13
#36992392
14
#37000000
0!
1&
#37000679
03
#37002392
04
#37010000
1!
0&
#37010514
13
#37012392
14
#37020000
0!
1&
#37020679
03
#37022392
04
#37030000
1!
0&
#37030514
13
#37032392
14
#37040000
0!
1&
#37040679
03
#37042392
04
#37050000
1!
0&
#37050514
13
#37052392
14
#37056831
0\
0N
#37058709
0I
#37060000
0!
1&
#37060679
03
#37062392
04
#37070000
1!
0&
#37070514
13
#37072392
14
#37080000
0!
1&
#37080679
03
#37082392
04
#37090000
1!
0&
#37090514
13
#37092392
14
#37100000
0!
1&
#37100679
03
#37102392
04
#37110000
1!
0&
#37110514
13
#37112392
14
#37120000
0!
1&
#37120679
03
#37122392
04
#37130000
1!
0&
#37130514
13
#37132392
14
#37140000
0!
1&
#37140679
03
#37142392
04
#37150000
1!
0&
#37150514
13
#37152392
14
#37160000
0!
1&
#37160679
03
#37162392
04
#37170000
1!
0&
#37170514
13
#37172392
14
#37180000
0!
1&
#37180679
03
#37182392
04
#37190000
1!
0&
#37190514
13
#37192392
14
#37200000
0!
1&
#37200679
03
#37202392
04
#37210000
1!
0&
#37210514
13
#37212392
14
#37220000
0!
1&
#37220679
03
#37222392
04
#37230000
1!
0&
#37230514
13
#37232392
14
#37240000
0!
1&
#37240679
03
#37242392
04
#37250000
1!
0&
#37250514
13
#37252392
14
#37260000
0!
1&
#37260679
03
#37262392
04
#37270000
1!
0&
#37270514
13
#37272392
14
#37280000
0!
1&
#37280679
03
#37282392
04
#37290000
1!
0&
#37290514
13
#37292392
14
#37300000
0!
1&
#37300679
03
#37302392
04
#37310000
1!
0&
#37310514
13
#37312392
14
#37320000
0!
1&
#37320679
03
#37322392
04
#37330000
1!
0&
#37330514
13
#37332392
14
#37340000
0!
1&
#37340679
03
#37342392
04
#37350000
1!
0&
#37350514
13
#37352392
14
#37360000
0!
1&
#37360679
03
#37362392
04
#37370000
1!
0&
#37370514
13
#37372392
14
#37380000
0!
1&
#37380679
03
#37382392
04
#37390000
1!
0&
#37390514
13
#37392392
14
#37400000
0!
1&
#37400679
03
#37402392
04
#37410000
1!
0&
#37410514
13
#37412392
14
#37420000
0!
1&
#37420679
03
#37422392
04
#37430000
1!
0&
#37430514
13
#37432392
14
#37440000
0!
1&
#37440679
03
#37442392
04
#37450000
1!
0&
#37450514
13
#37452392
14
#37460000
0!
1&
#37460679
03
#37462392
04
#37470000
1!
0&
#37470514
13
#37472392
14
#37480000
0!
1&
#37480679
03
#37482392
04
#37490000
1!
0&
#37490514
13
#37492392
14
#37500000
0!
1&
#37500679
03
#37502392
04
#37506831
1\
1N
#37508727
1I
#37510000
1!
0&
#37510514
13
#37512392
14
#37520000
0!
1&
#37520679
03
#37522392
04
#37530000
1!
0&
#37530514
13
#37532392
14
#37540000
0!
1&
#37540679
03
#37542392
04
#37550000
1!
0&
#37550514
13
#37552392
14
#37560000
0!
1&
#37560679
03
#37562392
04
#37570000
1!
0&
#37570514
13
#37572392
14
#37580000
0!
1&
#37580679
03
#37582392
04
#37590000
1!
0&
#37590514
13
#37592392
14
#37600000
0!
1&
#37600679
03
#37602392
04
#37610000
1!
0&
#37610514
13
#37612392
14
#37620000
0!
1&
#37620679
03
#37622392
04
#37630000
1!
0&
#37630514
13
#37632392
14
#37640000
0!
1&
#37640679
03
#37642392
04
#37650000
1!
0&
#37650514
13
#37652392
14
#37660000
0!
1&
#37660679
03
#37662392
04
#37670000
1!
0&
#37670514
13
#37672392
14
#37680000
0!
1&
#37680679
03
#37682392
04
#37690000
1!
0&
#37690514
13
#37692392
14
#37700000
0!
1&
#37700679
03
#37702392
04
#37710000
1!
0&
#37710514
13
#37712392
14
#37720000
0!
1&
#37720679
03
#37722392
04
#37730000
1!
0&
#37730514
13
#37732392
14
#37740000
0!
1&
#37740679
03
#37742392
04
#37750000
1!
0&
#37750514
13
#37752392
14
#37760000
0!
1&
#37760679
03
#37762392
04
#37770000
1!
0&
#37770514
13
#37772392
14
#37780000
0!
1&
#37780679
03
#37782392
04
#37790000
1!
0&
#37790514
13
#37792392
14
#37800000
0!
1&
#37800679
03
#37802392
04
#37810000
1!
0&
#37810514
13
#37812392
14
#37820000
0!
1&
#37820679
03
#37822392
04
#37830000
1!
0&
#37830514
13
#37832392
14
#37840000
0!
1&
#37840679
03
#37842392
04
#37850000
1!
0&
#37850514
13
#37852392
14
#37860000
0!
1&
#37860679
03
#37862392
04
#37870000
1!
0&
#37870514
13
#37872392
14
#37880000
0!
1&
#37880679
03
#37882392
04
#37890000
1!
0&
#37890514
13
#37892392
14
#37900000
0!
1&
#37900679
03
#37902392
04
#37910000
1!
0&
#37910514
13
#37912392
14
#37920000
0!
1&
#37920679
03
#37922392
04
#37930000
1!
0&
#37930514
13
#37932392
14
#37940000
0!
1&
#37940679
03
#37942392
04
#37950000
1!
0&
#37950514
13
#37952392
14
#37960000
0!
1&
#37960679
03
#37962392
04
#37970000
1!
0&
#37970514
13
#37972392
14
#37980000
0!
1&
#37980679
03
#37982392
04
#37990000
1!
0&
#37990514
13
#37992392
14
#38000000
0!
1&
#38000679
03
#38002392
04
#38010000
1!
0&
#38010514
13
#38012392
14
#38020000
0!
1&
#38020679
03
#38022392
04
#38030000
1!
0&
#38030514
13
#38032392
14
#38040000
0!
1&
#38040679
03
#38042392
04
#38050000
1!
0&
#38050514
13
#38052392
14
#38060000
0!
1&
#38060679
03
#38062392
04
#38070000
1!
0&
#38070514
13
#38072392
14
#38080000
0!
1&
#38080679
03
#38082392
04
#38090000
1!
0&
#38090514
13
#38092392
14
#38100000
0!
1&
#38100679
03
#38102392
04
#38110000
1!
0&
#38110514
13
#38112392
14
#38120000
0!
1&
#38120679
03
#38122392
04
#38130000
1!
0&
#38130514
13
#38132392
14
#38140000
0!
1&
#38140679
03
#38142392
04
#38150000
1!
0&
#38150514
13
#38152392
14
#38160000
0!
1&
#38160679
03
#38162392
04
#38170000
1!
0&
#38170514
13
#38172392
14
#38180000
0!
1&
#38180679
03
#38182392
04
#38190000
1!
0&
#38190514
13
#38192392
14
#38200000
0!
1&
#38200679
03
#38202392
04
#38210000
1!
0&
#38210514
13
#38212392
14
#38220000
0!
1&
#38220679
03
#38222392
04
#38230000
1!
0&
#38230514
13
#38232392
14
#38240000
0!
1&
#38240679
03
#38242392
04
#38250000
1!
0&
#38250514
13
#38252392
14
#38260000
0!
1&
#38260679
03
#38262392
04
#38270000
1!
0&
#38270514
13
#38272392
14
#38280000
0!
1&
#38280679
03
#38282392
04
#38290000
1!
0&
#38290514
13
#38292392
14
#38300000
0!
1&
#38300679
03
#38302392
04
#38306831
0\
0N
#38308709
0I
#38310000
1!
0&
#38310514
13
#38312392
14
#38320000
0!
1&
#38320679
03
#38322392
04
#38330000
1!
0&
#38330514
13
#38332392
14
#38340000
0!
1&
#38340679
03
#38342392
04
#38350000
1!
0&
#38350514
13
#38352392
14
#38360000
0!
1&
#38360679
03
#38362392
04
#38370000
1!
0&
#38370514
13
#38372392
14
#38380000
0!
1&
#38380679
03
#38382392
04
#38390000
1!
0&
#38390514
13
#38392392
14
#38400000
0!
1&
#38400679
03
#38402392
04
#38410000
1!
0&
#38410514
13
#38412392
14
#38420000
0!
1&
#38420679
03
#38422392
04
#38430000
1!
0&
#38430514
13
#38432392
14
#38440000
0!
1&
#38440679
03
#38442392
04
#38450000
1!
0&
#38450514
13
#38452392
14
#38460000
0!
1&
#38460679
03
#38462392
04
#38470000
1!
0&
#38470514
13
#38472392
14
#38480000
0!
1&
#38480679
03
#38482392
04
#38490000
1!
0&
#38490514
13
#38492392
14
#38500000
0!
1&
#38500679
03
#38502392
04
#38510000
1!
0&
#38510514
13
#38512392
14
#38520000
0!
1&
#38520679
03
#38522392
04
#38530000
1!
0&
#38530514
13
#38532392
14
#38540000
0!
1&
#38540679
03
#38542392
04
#38550000
1!
0&
#38550514
13
#38552392
14
#38560000
0!
1&
#38560679
03
#38562392
04
#38570000
1!
0&
#38570514
13
#38572392
14
#38580000
0!
1&
#38580679
03
#38582392
04
#38590000
1!
0&
#38590514
13
#38592392
14
#38600000
0!
1&
#38600679
03
#38602392
04
#38610000
1!
0&
#38610514
13
#38612392
14
#38620000
0!
1&
#38620679
03
#38622392
04
#38630000
1!
0&
#38630514
13
#38632392
14
#38640000
0!
1&
#38640679
03
#38642392
04
#38650000
1!
0&
#38650514
13
#38652392
14
#38660000
0!
1&
#38660679
03
#38662392
04
#38670000
1!
0&
#38670514
13
#38672392
14
#38680000
0!
1&
#38680679
03
#38682392
04
#38690000
1!
0&
#38690514
13
#38692392
14
#38700000
0!
1&
#38700679
03
#38702392
04
#38710000
1!
0&
#38710514
13
#38712392
14
#38720000
0!
1&
#38720679
03
#38722392
04
#38730000
1!
0&
#38730514
13
#38732392
14
#38740000
0!
1&
#38740679
03
#38742392
04
#38750000
1!
0&
#38750514
13
#38752392
14
#38756831
1\
1N
#38758727
1I
#38760000
0!
1&
#38760679
03
#38762392
04
#38770000
1!
0&
#38770514
13
#38772392
14
#38780000
0!
1&
#38780679
03
#38782392
04
#38790000
1!
0&
#38790514
13
#38792392
14
#38800000
0!
1&
#38800679
03
#38802392
04
#38810000
1!
0&
#38810514
13
#38812392
14
#38820000
0!
1&
#38820679
03
#38822392
04
#38830000
1!
0&
#38830514
13
#38832392
14
#38840000
0!
1&
#38840679
03
#38842392
04
#38850000
1!
0&
#38850514
13
#38852392
14
#38860000
0!
1&
#38860679
03
#38862392
04
#38870000
1!
0&
#38870514
13
#38872392
14
#38880000
0!
1&
#38880679
03
#38882392
04
#38890000
1!
0&
#38890514
13
#38892392
14
#38900000
0!
1&
#38900679
03
#38902392
04
#38910000
1!
0&
#38910514
13
#38912392
14
#38920000
0!
1&
#38920679
03
#38922392
04
#38930000
1!
0&
#38930514
13
#38932392
14
#38940000
0!
1&
#38940679
03
#38942392
04
#38950000
1!
0&
#38950514
13
#38952392
14
#38960000
0!
1&
#38960679
03
#38962392
04
#38970000
1!
0&
#38970514
13
#38972392
14
#38980000
0!
1&
#38980679
03
#38982392
04
#38990000
1!
0&
#38990514
13
#38992392
14
#39000000
0!
1&
#39000679
03
#39002392
04
#39010000
1!
0&
#39010514
13
#39012392
14
#39020000
0!
1&
#39020679
03
#39022392
04
#39030000
1!
0&
#39030514
13
#39032392
14
#39040000
0!
1&
#39040679
03
#39042392
04
#39050000
1!
0&
#39050514
13
#39052392
14
#39060000
0!
1&
#39060679
03
#39062392
04
#39070000
1!
0&
#39070514
13
#39072392
14
#39080000
0!
1&
#39080679
03
#39082392
04
#39090000
1!
0&
#39090514
13
#39092392
14
#39100000
0!
1&
#39100679
03
#39102392
04
#39110000
1!
0&
#39110514
13
#39112392
14
#39120000
0!
1&
#39120679
03
#39122392
04
#39130000
1!
0&
#39130514
13
#39132392
14
#39140000
0!
1&
#39140679
03
#39142392
04
#39150000
1!
0&
#39150514
13
#39152392
14
#39160000
0!
1&
#39160679
03
#39162392
04
#39170000
1!
0&
#39170514
13
#39172392
14
#39180000
0!
1&
#39180679
03
#39182392
04
#39190000
1!
0&
#39190514
13
#39192392
14
#39200000
0!
1&
#39200679
03
#39202392
04
#39210000
1!
0&
#39210514
13
#39212392
14
#39220000
0!
1&
#39220679
03
#39222392
04
#39230000
1!
0&
#39230514
13
#39232392
14
#39240000
0!
1&
#39240679
03
#39242392
04
#39250000
1!
0&
#39250514
13
#39252392
14
#39260000
0!
1&
#39260679
03
#39262392
04
#39270000
1!
0&
#39270514
13
#39272392
14
#39280000
0!
1&
#39280679
03
#39282392
04
#39290000
1!
0&
#39290514
13
#39292392
14
#39300000
0!
1&
#39300679
03
#39302392
04
#39310000
1!
0&
#39310514
13
#39312392
14
#39320000
0!
1&
#39320679
03
#39322392
04
#39330000
1!
0&
#39330514
13
#39332392
14
#39340000
0!
1&
#39340679
03
#39342392
04
#39350000
1!
0&
#39350514
13
#39352392
14
#39360000
0!
1&
#39360679
03
#39362392
04
#39370000
1!
0&
#39370514
13
#39372392
14
#39380000
0!
1&
#39380679
03
#39382392
04
#39390000
1!
0&
#39390514
13
#39392392
14
#39400000
0!
1&
#39400679
03
#39402392
04
#39410000
1!
0&
#39410514
13
#39412392
14
#39420000
0!
1&
#39420679
03
#39422392
04
#39430000
1!
0&
#39430514
13
#39432392
14
#39440000
0!
1&
#39440679
03
#39442392
04
#39450000
1!
0&
#39450514
13
#39452392
14
#39460000
0!
1&
#39460679
03
#39462392
04
#39470000
1!
0&
#39470514
13
#39472392
14
#39480000
0!
1&
#39480679
03
#39482392
04
#39490000
1!
0&
#39490514
13
#39492392
14
#39500000
0!
1&
#39500679
03
#39502392
04
#39510000
1!
0&
#39510514
13
#39512392
14
#39520000
0!
1&
#39520679
03
#39522392
04
#39530000
1!
0&
#39530514
13
#39532392
14
#39540000
0!
1&
#39540679
03
#39542392
04
#39550000
1!
0&
#39550514
13
#39552392
14
#39556831
0\
0N
#39558709
0I
#39560000
0!
1&
#39560679
03
#39562392
04
#39570000
1!
0&
#39570514
13
#39572392
14
#39580000
0!
1&
#39580679
03
#39582392
04
#39590000
1!
0&
#39590514
13
#39592392
14
#39600000
0!
1&
#39600679
03
#39602392
04
#39610000
1!
0&
#39610514
13
#39612392
14
#39620000
0!
1&
#39620679
03
#39622392
04
#39630000
1!
0&
#39630514
13
#39632392
14
#39640000
0!
1&
#39640679
03
#39642392
04
#39650000
1!
0&
#39650514
13
#39652392
14
#39660000
0!
1&
#39660679
03
#39662392
04
#39670000
1!
0&
#39670514
13
#39672392
14
#39680000
0!
1&
#39680679
03
#39682392
04
#39690000
1!
0&
#39690514
13
#39692392
14
#39700000
0!
1&
#39700679
03
#39702392
04
#39710000
1!
0&
#39710514
13
#39712392
14
#39720000
0!
1&
#39720679
03
#39722392
04
#39730000
1!
0&
#39730514
13
#39732392
14
#39740000
0!
1&
#39740679
03
#39742392
04
#39750000
1!
0&
#39750514
13
#39752392
14
#39760000
0!
1&
#39760679
03
#39762392
04
#39770000
1!
0&
#39770514
13
#39772392
14
#39780000
0!
1&
#39780679
03
#39782392
04
#39790000
1!
0&
#39790514
13
#39792392
14
#39800000
0!
1&
#39800679
03
#39802392
04
#39810000
1!
0&
#39810514
13
#39812392
14
#39820000
0!
1&
#39820679
03
#39822392
04
#39830000
1!
0&
#39830514
13
#39832392
14
#39840000
0!
1&
#39840679
03
#39842392
04
#39850000
1!
0&
#39850514
13
#39852392
14
#39860000
0!
1&
#39860679
03
#39862392
04
#39870000
1!
0&
#39870514
13
#39872392
14
#39880000
0!
1&
#39880679
03
#39882392
04
#39890000
1!
0&
#39890514
13
#39892392
14
#39900000
0!
1&
#39900679
03
#39902392
04
#39910000
1!
0&
#39910514
13
#39912392
14
#39920000
0!
1&
#39920679
03
#39922392
04
#39930000
1!
0&
#39930514
13
#39932392
14
#39940000
0!
1&
#39940679
03
#39942392
04
#39950000
1!
0&
#39950514
13
#39952392
14
#39960000
0!
1&
#39960679
03
#39962392
04
#39970000
1!
0&
#39970514
13
#39972392
14
#39980000
0!
1&
#39980679
03
#39982392
04
#39990000
1!
0&
#39990514
13
#39992392
14
#40000000
0!
1&
#40000679
03
#40002392
04
#40006831
1\
1N
#40008727
1I
#40010000
1!
0&
#40010514
13
#40012392
14
#40020000
0!
1&
#40020679
03
#40022392
04
#40030000
1!
0&
#40030514
13
#40032392
14
#40040000
0!
1&
#40040679
03
#40042392
04
#40050000
1!
0&
#40050514
13
#40052392
14
#40060000
0!
1&
#40060679
03
#40062392
04
#40070000
1!
0&
#40070514
13
#40072392
14
#40080000
0!
1&
#40080679
03
#40082392
04
#40090000
1!
0&
#40090514
13
#40092392
14
#40100000
0!
1&
#40100679
03
#40102392
04
#40110000
1!
0&
#40110514
13
#40112392
14
#40120000
0!
1&
#40120679
03
#40122392
04
#40130000
1!
0&
#40130514
13
#40132392
14
#40140000
0!
1&
#40140679
03
#40142392
04
#40150000
1!
0&
#40150514
13
#40152392
14
#40160000
0!
1&
#40160679
03
#40162392
04
#40170000
1!
0&
#40170514
13
#40172392
14
#40180000
0!
1&
#40180679
03
#40182392
04
#40190000
1!
0&
#40190514
13
#40192392
14
#40200000
0!
1&
#40200679
03
#40202392
04
#40210000
1!
0&
#40210514
13
#40212392
14
#40220000
0!
1&
#40220679
03
#40222392
04
#40230000
1!
0&
#40230514
13
#40232392
14
#40240000
0!
1&
#40240679
03
#40242392
04
#40250000
1!
0&
#40250514
13
#40252392
14
#40260000
0!
1&
#40260679
03
#40262392
04
#40270000
1!
0&
#40270514
13
#40272392
14
#40280000
0!
1&
#40280679
03
#40282392
04
#40290000
1!
0&
#40290514
13
#40292392
14
#40300000
0!
1&
#40300679
03
#40302392
04
#40310000
1!
0&
#40310514
13
#40312392
14
#40320000
0!
1&
#40320679
03
#40322392
04
#40330000
1!
0&
#40330514
13
#40332392
14
#40340000
0!
1&
#40340679
03
#40342392
04
#40350000
1!
0&
#40350514
13
#40352392
14
#40360000
0!
1&
#40360679
03
#40362392
04
#40370000
1!
0&
#40370514
13
#40372392
14
#40380000
0!
1&
#40380679
03
#40382392
04
#40390000
1!
0&
#40390514
13
#40392392
14
#40400000
0!
1&
#40400679
03
#40402392
04
#40410000
1!
0&
#40410514
13
#40412392
14
#40420000
0!
1&
#40420679
03
#40422392
04
#40430000
1!
0&
#40430514
13
#40432392
14
#40440000
0!
1&
#40440679
03
#40442392
04
#40450000
1!
0&
#40450514
13
#40452392
14
#40460000
0!
1&
#40460679
03
#40462392
04
#40470000
1!
0&
#40470514
13
#40472392
14
#40480000
0!
1&
#40480679
03
#40482392
04
#40490000
1!
0&
#40490514
13
#40492392
14
#40500000
0!
1&
#40500679
03
#40502392
04
#40510000
1!
0&
#40510514
13
#40512392
14
#40520000
0!
1&
#40520679
03
#40522392
04
#40530000
1!
0&
#40530514
13
#40532392
14
#40540000
0!
1&
#40540679
03
#40542392
04
#40550000
1!
0&
#40550514
13
#40552392
14
#40560000
0!
1&
#40560679
03
#40562392
04
#40570000
1!
0&
#40570514
13
#40572392
14
#40580000
0!
1&
#40580679
03
#40582392
04
#40590000
1!
0&
#40590514
13
#40592392
14
#40600000
0!
1&
#40600679
03
#40602392
04
#40610000
1!
0&
#40610514
13
#40612392
14
#40620000
0!
1&
#40620679
03
#40622392
04
#40630000
1!
0&
#40630514
13
#40632392
14
#40640000
0!
1&
#40640679
03
#40642392
04
#40650000
1!
0&
#40650514
13
#40652392
14
#40660000
0!
1&
#40660679
03
#40662392
04
#40670000
1!
0&
#40670514
13
#40672392
14
#40680000
0!
1&
#40680679
03
#40682392
04
#40690000
1!
0&
#40690514
13
#40692392
14
#40700000
0!
1&
#40700679
03
#40702392
04
#40710000
1!
0&
#40710514
13
#40712392
14
#40720000
0!
1&
#40720679
03
#40722392
04
#40730000
1!
0&
#40730514
13
#40732392
14
#40740000
0!
1&
#40740679
03
#40742392
04
#40750000
1!
0&
#40750514
13
#40752392
14
#40760000
0!
1&
#40760679
03
#40762392
04
#40770000
1!
0&
#40770514
13
#40772392
14
#40780000
0!
1&
#40780679
03
#40782392
04
#40790000
1!
0&
#40790514
13
#40792392
14
#40800000
0!
1&
#40800679
03
#40802392
04
#40806831
0\
0N
#40808709
0I
#40810000
1!
0&
#40810514
13
#40812392
14
#40820000
0!
1&
#40820679
03
#40822392
04
#40830000
1!
0&
#40830514
13
#40832392
14
#40840000
0!
1&
#40840679
03
#40842392
04
#40850000
1!
0&
#40850514
13
#40852392
14
#40860000
0!
1&
#40860679
03
#40862392
04
#40870000
1!
0&
#40870514
13
#40872392
14
#40880000
0!
1&
#40880679
03
#40882392
04
#40890000
1!
0&
#40890514
13
#40892392
14
#40900000
0!
1&
#40900679
03
#40902392
04
#40910000
1!
0&
#40910514
13
#40912392
14
#40920000
0!
1&
#40920679
03
#40922392
04
#40930000
1!
0&
#40930514
13
#40932392
14
#40940000
0!
1&
#40940679
03
#40942392
04
#40950000
1!
0&
#40950514
13
#40952392
14
#40960000
0!
1&
#40960679
03
#40962392
04
#40970000
1!
0&
#40970514
13
#40972392
14
#40980000
0!
1&
#40980679
03
#40982392
04
#40990000
1!
0&
#40990514
13
#40992392
14
#41000000
0!
1&
#41000679
03
#41002392
04
#41010000
1!
0&
#41010514
13
#41012392
14
#41020000
0!
1&
#41020679
03
#41022392
04
#41030000
1!
0&
#41030514
13
#41032392
14
#41040000
0!
1&
#41040679
03
#41042392
04
#41050000
1!
0&
#41050514
13
#41052392
14
#41060000
0!
1&
#41060679
03
#41062392
04
#41070000
1!
0&
#41070514
13
#41072392
14
#41080000
0!
1&
#41080679
03
#41082392
04
#41090000
1!
0&
#41090514
13
#41092392
14
#41100000
0!
1&
#41100679
03
#41102392
04
#41110000
1!
0&
#41110514
13
#41112392
14
#41120000
0!
1&
#41120679
03
#41122392
04
#41130000
1!
0&
#41130514
13
#41132392
14
#41140000
0!
1&
#41140679
03
#41142392
04
#41150000
1!
0&
#41150514
13
#41152392
14
#41160000
0!
1&
#41160679
03
#41162392
04
#41170000
1!
0&
#41170514
13
#41172392
14
#41180000
0!
1&
#41180679
03
#41182392
04
#41190000
1!
0&
#41190514
13
#41192392
14
#41200000
0!
1&
#41200679
03
#41202392
04
#41210000
1!
0&
#41210514
13
#41212392
14
#41220000
0!
1&
#41220679
03
#41222392
04
#41230000
1!
0&
#41230514
13
#41232392
14
#41240000
0!
1&
#41240679
03
#41242392
04
#41250000
1!
0&
#41250514
13
#41252392
14
#41256831
1\
1N
#41258727
1I
#41260000
0!
1&
#41260679
03
#41262392
04
#41270000
1!
0&
#41270514
13
#41272392
14
#41280000
0!
1&
#41280679
03
#41282392
04
#41290000
1!
0&
#41290514
13
#41292392
14
#41300000
0!
1&
#41300679
03
#41302392
04
#41310000
1!
0&
#41310514
13
#41312392
14
#41320000
0!
1&
#41320679
03
#41322392
04
#41330000
1!
0&
#41330514
13
#41332392
14
#41340000
0!
1&
#41340679
03
#41342392
04
#41350000
1!
0&
#41350514
13
#41352392
14
#41360000
0!
1&
#41360679
03
#41362392
04
#41370000
1!
0&
#41370514
13
#41372392
14
#41380000
0!
1&
#41380679
03
#41382392
04
#41390000
1!
0&
#41390514
13
#41392392
14
#41400000
0!
1&
#41400679
03
#41402392
04
#41410000
1!
0&
#41410514
13
#41412392
14
#41420000
0!
1&
#41420679
03
#41422392
04
#41430000
1!
0&
#41430514
13
#41432392
14
#41440000
0!
1&
#41440679
03
#41442392
04
#41450000
1!
0&
#41450514
13
#41452392
14
#41460000
0!
1&
#41460679
03
#41462392
04
#41470000
1!
0&
#41470514
13
#41472392
14
#41480000
0!
1&
#41480679
03
#41482392
04
#41490000
1!
0&
#41490514
13
#41492392
14
#41500000
0!
1&
#41500679
03
#41502392
04
#41510000
1!
0&
#41510514
13
#41512392
14
#41520000
0!
1&
#41520679
03
#41522392
04
#41530000
1!
0&
#41530514
13
#41532392
14
#41540000
0!
1&
#41540679
03
#41542392
04
#41550000
1!
0&
#41550514
13
#41552392
14
#41560000
0!
1&
#41560679
03
#41562392
04
#41570000
1!
0&
#41570514
13
#41572392
14
#41580000
0!
1&
#41580679
03
#41582392
04
#41590000
1!
0&
#41590514
13
#41592392
14
#41600000
0!
1&
#41600679
03
#41602392
04
#41610000
1!
0&
#41610514
13
#41612392
14
#41620000
0!
1&
#41620679
03
#41622392
04
#41630000
1!
0&
#41630514
13
#41632392
14
#41640000
0!
1&
#41640679
03
#41642392
04
#41650000
1!
0&
#41650514
13
#41652392
14
#41660000
0!
1&
#41660679
03
#41662392
04
#41670000
1!
0&
#41670514
13
#41672392
14
#41680000
0!
1&
#41680679
03
#41682392
04
#41690000
1!
0&
#41690514
13
#41692392
14
#41700000
0!
1&
#41700679
03
#41702392
04
#41710000
1!
0&
#41710514
13
#41712392
14
#41720000
0!
1&
#41720679
03
#41722392
04
#41730000
1!
0&
#41730514
13
#41732392
14
#41740000
0!
1&
#41740679
03
#41742392
04
#41750000
1!
0&
#41750514
13
#41752392
14
#41760000
0!
1&
#41760679
03
#41762392
04
#41770000
1!
0&
#41770514
13
#41772392
14
#41780000
0!
1&
#41780679
03
#41782392
04
#41790000
1!
0&
#41790514
13
#41792392
14
#41800000
0!
1&
#41800679
03
#41802392
04
#41810000
1!
0&
#41810514
13
#41812392
14
#41820000
0!
1&
#41820679
03
#41822392
04
#41830000
1!
0&
#41830514
13
#41832392
14
#41840000
0!
1&
#41840679
03
#41842392
04
#41850000
1!
0&
#41850514
13
#41852392
14
#41860000
0!
1&
#41860679
03
#41862392
04
#41870000
1!
0&
#41870514
13
#41872392
14
#41880000
0!
1&
#41880679
03
#41882392
04
#41890000
1!
0&
#41890514
13
#41892392
14
#41900000
0!
1&
#41900679
03
#41902392
04
#41910000
1!
0&
#41910514
13
#41912392
14
#41920000
0!
1&
#41920679
03
#41922392
04
#41930000
1!
0&
#41930514
13
#41932392
14
#41940000
0!
1&
#41940679
03
#41942392
04
#41950000
1!
0&
#41950514
13
#41952392
14
#41960000
0!
1&
#41960679
03
#41962392
04
#41970000
1!
0&
#41970514
13
#41972392
14
#41980000
0!
1&
#41980679
03
#41982392
04
#41990000
1!
0&
#41990514
13
#41992392
14
#42000000
0!
1&
#42000679
03
#42002392
04
#42010000
1!
0&
#42010514
13
#42012392
14
#42020000
0!
1&
#42020679
03
#42022392
04
#42030000
1!
0&
#42030514
13
#42032392
14
#42040000
0!
1&
#42040679
03
#42042392
04
#42050000
1!
0&
#42050514
13
#42052392
14
#42056831
0\
0N
#42058709
0I
#42060000
0!
1&
#42060679
03
#42062392
04
#42070000
1!
0&
#42070514
13
#42072392
14
#42080000
0!
1&
#42080679
03
#42082392
04
#42090000
1!
0&
#42090514
13
#42092392
14
#42100000
0!
1&
#42100679
03
#42102392
04
#42110000
1!
0&
#42110514
13
#42112392
14
#42120000
0!
1&
#42120679
03
#42122392
04
#42130000
1!
0&
#42130514
13
#42132392
14
#42140000
0!
1&
#42140679
03
#42142392
04
#42150000
1!
0&
#42150514
13
#42152392
14
#42160000
0!
1&
#42160679
03
#42162392
04
#42170000
1!
0&
#42170514
13
#42172392
14
#42180000
0!
1&
#42180679
03
#42182392
04
#42190000
1!
0&
#42190514
13
#42192392
14
#42200000
0!
1&
#42200679
03
#42202392
04
#42210000
1!
0&
#42210514
13
#42212392
14
#42220000
0!
1&
#42220679
03
#42222392
04
#42230000
1!
0&
#42230514
13
#42232392
14
#42240000
0!
1&
#42240679
03
#42242392
04
#42250000
1!
0&
#42250514
13
#42252392
14
#42260000
0!
1&
#42260679
03
#42262392
04
#42270000
1!
0&
#42270514
13
#42272392
14
#42280000
0!
1&
#42280679
03
#42282392
04
#42290000
1!
0&
#42290514
13
#42292392
14
#42300000
0!
1&
#42300679
03
#42302392
04
#42310000
1!
0&
#42310514
13
#42312392
14
#42320000
0!
1&
#42320679
03
#42322392
04
#42330000
1!
0&
#42330514
13
#42332392
14
#42340000
0!
1&
#42340679
03
#42342392
04
#42350000
1!
0&
#42350514
13
#42352392
14
#42360000
0!
1&
#42360679
03
#42362392
04
#42370000
1!
0&
#42370514
13
#42372392
14
#42380000
0!
1&
#42380679
03
#42382392
04
#42390000
1!
0&
#42390514
13
#42392392
14
#42400000
0!
1&
#42400679
03
#42402392
04
#42410000
1!
0&
#42410514
13
#42412392
14
#42420000
0!
1&
#42420679
03
#42422392
04
#42430000
1!
0&
#42430514
13
#42432392
14
#42440000
0!
1&
#42440679
03
#42442392
04
#42450000
1!
0&
#42450514
13
#42452392
14
#42460000
0!
1&
#42460679
03
#42462392
04
#42470000
1!
0&
#42470514
13
#42472392
14
#42480000
0!
1&
#42480679
03
#42482392
04
#42490000
1!
0&
#42490514
13
#42492392
14
#42500000
0!
1&
#42500679
03
#42502392
04
#42506831
1\
1N
#42508727
1I
#42510000
1!
0&
#42510514
13
#42512392
14
#42520000
0!
1&
#42520679
03
#42522392
04
#42530000
1!
0&
#42530514
13
#42532392
14
#42540000
0!
1&
#42540679
03
#42542392
04
#42550000
1!
0&
#42550514
13
#42552392
14
#42560000
0!
1&
#42560679
03
#42562392
04
#42570000
1!
0&
#42570514
13
#42572392
14
#42580000
0!
1&
#42580679
03
#42582392
04
#42590000
1!
0&
#42590514
13
#42592392
14
#42600000
0!
1&
#42600679
03
#42602392
04
#42610000
1!
0&
#42610514
13
#42612392
14
#42620000
0!
1&
#42620679
03
#42622392
04
#42630000
1!
0&
#42630514
13
#42632392
14
#42640000
0!
1&
#42640679
03
#42642392
04
#42650000
1!
0&
#42650514
13
#42652392
14
#42660000
0!
1&
#42660679
03
#42662392
04
#42670000
1!
0&
#42670514
13
#42672392
14
#42680000
0!
1&
#42680679
03
#42682392
04
#42690000
1!
0&
#42690514
13
#42692392
14
#42700000
0!
1&
#42700679
03
#42702392
04
#42710000
1!
0&
#42710514
13
#42712392
14
#42720000
0!
1&
#42720679
03
#42722392
04
#42730000
1!
0&
#42730514
13
#42732392
14
#42740000
0!
1&
#42740679
03
#42742392
04
#42750000
1!
0&
#42750514
13
#42752392
14
#42760000
0!
1&
#42760679
03
#42762392
04
#42770000
1!
0&
#42770514
13
#42772392
14
#42780000
0!
1&
#42780679
03
#42782392
04
#42790000
1!
0&
#42790514
13
#42792392
14
#42800000
0!
1&
#42800679
03
#42802392
04
#42810000
1!
0&
#42810514
13
#42812392
14
#42820000
0!
1&
#42820679
03
#42822392
04
#42830000
1!
0&
#42830514
13
#42832392
14
#42840000
0!
1&
#42840679
03
#42842392
04
#42850000
1!
0&
#42850514
13
#42852392
14
#42860000
0!
1&
#42860679
03
#42862392
04
#42870000
1!
0&
#42870514
13
#42872392
14
#42880000
0!
1&
#42880679
03
#42882392
04
#42890000
1!
0&
#42890514
13
#42892392
14
#42900000
0!
1&
#42900679
03
#42902392
04
#42910000
1!
0&
#42910514
13
#42912392
14
#42920000
0!
1&
#42920679
03
#42922392
04
#42930000
1!
0&
#42930514
13
#42932392
14
#42940000
0!
1&
#42940679
03
#42942392
04
#42950000
1!
0&
#42950514
13
#42952392
14
#42960000
0!
1&
#42960679
03
#42962392
04
#42970000
1!
0&
#42970514
13
#42972392
14
#42980000
0!
1&
#42980679
03
#42982392
04
#42990000
1!
0&
#42990514
13
#42992392
14
#43000000
0!
1&
#43000679
03
#43002392
04
#43010000
1!
0&
#43010514
13
#43012392
14
#43020000
0!
1&
#43020679
03
#43022392
04
#43030000
1!
0&
#43030514
13
#43032392
14
#43040000
0!
1&
#43040679
03
#43042392
04
#43050000
1!
0&
#43050514
13
#43052392
14
#43060000
0!
1&
#43060679
03
#43062392
04
#43070000
1!
0&
#43070514
13
#43072392
14
#43080000
0!
1&
#43080679
03
#43082392
04
#43090000
1!
0&
#43090514
13
#43092392
14
#43100000
0!
1&
#43100679
03
#43102392
04
#43110000
1!
0&
#43110514
13
#43112392
14
#43120000
0!
1&
#43120679
03
#43122392
04
#43130000
1!
0&
#43130514
13
#43132392
14
#43140000
0!
1&
#43140679
03
#43142392
04
#43150000
1!
0&
#43150514
13
#43152392
14
#43160000
0!
1&
#43160679
03
#43162392
04
#43170000
1!
0&
#43170514
13
#43172392
14
#43180000
0!
1&
#43180679
03
#43182392
04
#43190000
1!
0&
#43190514
13
#43192392
14
#43200000
0!
1&
#43200679
03
#43202392
04
#43210000
1!
0&
#43210514
13
#43212392
14
#43220000
0!
1&
#43220679
03
#43222392
04
#43230000
1!
0&
#43230514
13
#43232392
14
#43240000
0!
1&
#43240679
03
#43242392
04
#43250000
1!
0&
#43250514
13
#43252392
14
#43260000
0!
1&
#43260679
03
#43262392
04
#43270000
1!
0&
#43270514
13
#43272392
14
#43280000
0!
1&
#43280679
03
#43282392
04
#43290000
1!
0&
#43290514
13
#43292392
14
#43300000
0!
1&
#43300679
03
#43302392
04
#43306831
0\
0N
#43308709
0I
#43310000
1!
0&
#43310514
13
#43312392
14
#43320000
0!
1&
#43320679
03
#43322392
04
#43330000
1!
0&
#43330514
13
#43332392
14
#43340000
0!
1&
#43340679
03
#43342392
04
#43350000
1!
0&
#43350514
13
#43352392
14
#43360000
0!
1&
#43360679
03
#43362392
04
#43370000
1!
0&
#43370514
13
#43372392
14
#43380000
0!
1&
#43380679
03
#43382392
04
#43390000
1!
0&
#43390514
13
#43392392
14
#43400000
0!
1&
#43400679
03
#43402392
04
#43410000
1!
0&
#43410514
13
#43412392
14
#43420000
0!
1&
#43420679
03
#43422392
04
#43430000
1!
0&
#43430514
13
#43432392
14
#43440000
0!
1&
#43440679
03
#43442392
04
#43450000
1!
0&
#43450514
13
#43452392
14
#43460000
0!
1&
#43460679
03
#43462392
04
#43470000
1!
0&
#43470514
13
#43472392
14
#43480000
0!
1&
#43480679
03
#43482392
04
#43490000
1!
0&
#43490514
13
#43492392
14
#43500000
0!
1&
#43500679
03
#43502392
04
#43510000
1!
0&
#43510514
13
#43512392
14
#43520000
0!
1&
#43520679
03
#43522392
04
#43530000
1!
0&
#43530514
13
#43532392
14
#43540000
0!
1&
#43540679
03
#43542392
04
#43550000
1!
0&
#43550514
13
#43552392
14
#43560000
0!
1&
#43560679
03
#43562392
04
#43570000
1!
0&
#43570514
13
#43572392
14
#43580000
0!
1&
#43580679
03
#43582392
04
#43590000
1!
0&
#43590514
13
#43592392
14
#43600000
0!
1&
#43600679
03
#43602392
04
#43610000
1!
0&
#43610514
13
#43612392
14
#43620000
0!
1&
#43620679
03
#43622392
04
#43630000
1!
0&
#43630514
13
#43632392
14
#43640000
0!
1&
#43640679
03
#43642392
04
#43650000
1!
0&
#43650514
13
#43652392
14
#43660000
0!
1&
#43660679
03
#43662392
04
#43670000
1!
0&
#43670514
13
#43672392
14
#43680000
0!
1&
#43680679
03
#43682392
04
#43690000
1!
0&
#43690514
13
#43692392
14
#43700000
0!
1&
#43700679
03
#43702392
04
#43710000
1!
0&
#43710514
13
#43712392
14
#43720000
0!
1&
#43720679
03
#43722392
04
#43730000
1!
0&
#43730514
13
#43732392
14
#43740000
0!
1&
#43740679
03
#43742392
04
#43750000
1!
0&
#43750514
13
#43752392
14
#43756831
1\
1N
#43758727
1I
#43760000
0!
1&
#43760679
03
#43762392
04
#43770000
1!
0&
#43770514
13
#43772392
14
#43780000
0!
1&
#43780679
03
#43782392
04
#43790000
1!
0&
#43790514
13
#43792392
14
#43800000
0!
1&
#43800679
03
#43802392
04
#43810000
1!
0&
#43810514
13
#43812392
14
#43820000
0!
1&
#43820679
03
#43822392
04
#43830000
1!
0&
#43830514
13
#43832392
14
#43840000
0!
1&
#43840679
03
#43842392
04
#43850000
1!
0&
#43850514
13
#43852392
14
#43860000
0!
1&
#43860679
03
#43862392
04
#43870000
1!
0&
#43870514
13
#43872392
14
#43880000
0!
1&
#43880679
03
#43882392
04
#43890000
1!
0&
#43890514
13
#43892392
14
#43900000
0!
1&
#43900679
03
#43902392
04
#43910000
1!
0&
#43910514
13
#43912392
14
#43920000
0!
1&
#43920679
03
#43922392
04
#43930000
1!
0&
#43930514
13
#43932392
14
#43940000
0!
1&
#43940679
03
#43942392
04
#43950000
1!
0&
#43950514
13
#43952392
14
#43960000
0!
1&
#43960679
03
#43962392
04
#43970000
1!
0&
#43970514
13
#43972392
14
#43980000
0!
1&
#43980679
03
#43982392
04
#43990000
1!
0&
#43990514
13
#43992392
14
#44000000
0!
1&
#44000679
03
#44002392
04
#44010000
1!
0&
#44010514
13
#44012392
14
#44020000
0!
1&
#44020679
03
#44022392
04
#44030000
1!
0&
#44030514
13
#44032392
14
#44040000
0!
1&
#44040679
03
#44042392
04
#44050000
1!
0&
#44050514
13
#44052392
14
#44060000
0!
1&
#44060679
03
#44062392
04
#44070000
1!
0&
#44070514
13
#44072392
14
#44080000
0!
1&
#44080679
03
#44082392
04
#44090000
1!
0&
#44090514
13
#44092392
14
#44100000
0!
1&
#44100679
03
#44102392
04
#44110000
1!
0&
#44110514
13
#44112392
14
#44120000
0!
1&
#44120679
03
#44122392
04
#44130000
1!
0&
#44130514
13
#44132392
14
#44140000
0!
1&
#44140679
03
#44142392
04
#44150000
1!
0&
#44150514
13
#44152392
14
#44160000
0!
1&
#44160679
03
#44162392
04
#44170000
1!
0&
#44170514
13
#44172392
14
#44180000
0!
1&
#44180679
03
#44182392
04
#44190000
1!
0&
#44190514
13
#44192392
14
#44200000
0!
1&
#44200679
03
#44202392
04
#44210000
1!
0&
#44210514
13
#44212392
14
#44220000
0!
1&
#44220679
03
#44222392
04
#44230000
1!
0&
#44230514
13
#44232392
14
#44240000
0!
1&
#44240679
03
#44242392
04
#44250000
1!
0&
#44250514
13
#44252392
14
#44260000
0!
1&
#44260679
03
#44262392
04
#44270000
1!
0&
#44270514
13
#44272392
14
#44280000
0!
1&
#44280679
03
#44282392
04
#44290000
1!
0&
#44290514
13
#44292392
14
#44300000
0!
1&
#44300679
03
#44302392
04
#44310000
1!
0&
#44310514
13
#44312392
14
#44320000
0!
1&
#44320679
03
#44322392
04
#44330000
1!
0&
#44330514
13
#44332392
14
#44340000
0!
1&
#44340679
03
#44342392
04
#44350000
1!
0&
#44350514
13
#44352392
14
#44360000
0!
1&
#44360679
03
#44362392
04
#44370000
1!
0&
#44370514
13
#44372392
14
#44380000
0!
1&
#44380679
03
#44382392
04
#44390000
1!
0&
#44390514
13
#44392392
14
#44400000
0!
1&
#44400679
03
#44402392
04
#44410000
1!
0&
#44410514
13
#44412392
14
#44420000
0!
1&
#44420679
03
#44422392
04
#44430000
1!
0&
#44430514
13
#44432392
14
#44440000
0!
1&
#44440679
03
#44442392
04
#44450000
1!
0&
#44450514
13
#44452392
14
#44460000
0!
1&
#44460679
03
#44462392
04
#44470000
1!
0&
#44470514
13
#44472392
14
#44480000
0!
1&
#44480679
03
#44482392
04
#44490000
1!
0&
#44490514
13
#44492392
14
#44500000
0!
1&
#44500679
03
#44502392
04
#44510000
1!
0&
#44510514
13
#44512392
14
#44520000
0!
1&
#44520679
03
#44522392
04
#44530000
1!
0&
#44530514
13
#44532392
14
#44540000
0!
1&
#44540679
03
#44542392
04
#44550000
1!
0&
#44550514
13
#44552392
14
#44556831
0\
0N
#44558709
0I
#44560000
0!
1&
#44560679
03
#44562392
04
#44570000
1!
0&
#44570514
13
#44572392
14
#44580000
0!
1&
#44580679
03
#44582392
04
#44590000
1!
0&
#44590514
13
#44592392
14
#44600000
0!
1&
#44600679
03
#44602392
04
#44610000
1!
0&
#44610514
13
#44612392
14
#44620000
0!
1&
#44620679
03
#44622392
04
#44630000
1!
0&
#44630514
13
#44632392
14
#44640000
0!
1&
#44640679
03
#44642392
04
#44650000
1!
0&
#44650514
13
#44652392
14
#44660000
0!
1&
#44660679
03
#44662392
04
#44670000
1!
0&
#44670514
13
#44672392
14
#44680000
0!
1&
#44680679
03
#44682392
04
#44690000
1!
0&
#44690514
13
#44692392
14
#44700000
0!
1&
#44700679
03
#44702392
04
#44710000
1!
0&
#44710514
13
#44712392
14
#44720000
0!
1&
#44720679
03
#44722392
04
#44730000
1!
0&
#44730514
13
#44732392
14
#44740000
0!
1&
#44740679
03
#44742392
04
#44750000
1!
0&
#44750514
13
#44752392
14
#44760000
0!
1&
#44760679
03
#44762392
04
#44770000
1!
0&
#44770514
13
#44772392
14
#44780000
0!
1&
#44780679
03
#44782392
04
#44790000
1!
0&
#44790514
13
#44792392
14
#44800000
0!
1&
#44800679
03
#44802392
04
#44810000
1!
0&
#44810514
13
#44812392
14
#44820000
0!
1&
#44820679
03
#44822392
04
#44830000
1!
0&
#44830514
13
#44832392
14
#44840000
0!
1&
#44840679
03
#44842392
04
#44850000
1!
0&
#44850514
13
#44852392
14
#44860000
0!
1&
#44860679
03
#44862392
04
#44870000
1!
0&
#44870514
13
#44872392
14
#44880000
0!
1&
#44880679
03
#44882392
04
#44890000
1!
0&
#44890514
13
#44892392
14
#44900000
0!
1&
#44900679
03
#44902392
04
#44910000
1!
0&
#44910514
13
#44912392
14
#44920000
0!
1&
#44920679
03
#44922392
04
#44930000
1!
0&
#44930514
13
#44932392
14
#44940000
0!
1&
#44940679
03
#44942392
04
#44950000
1!
0&
#44950514
13
#44952392
14
#44960000
0!
1&
#44960679
03
#44962392
04
#44970000
1!
0&
#44970514
13
#44972392
14
#44980000
0!
1&
#44980679
03
#44982392
04
#44990000
1!
0&
#44990514
13
#44992392
14
#45000000
0!
1&
#45000679
03
#45002392
04
#45006831
1\
1N
#45008727
1I
#45010000
1!
0&
#45010514
13
#45012392
14
#45020000
0!
1&
#45020679
03
#45022392
04
#45030000
1!
0&
#45030514
13
#45032392
14
#45040000
0!
1&
#45040679
03
#45042392
04
#45050000
1!
0&
#45050514
13
#45052392
14
#45060000
0!
1&
#45060679
03
#45062392
04
#45070000
1!
0&
#45070514
13
#45072392
14
#45080000
0!
1&
#45080679
03
#45082392
04
#45090000
1!
0&
#45090514
13
#45092392
14
#45100000
0!
1&
#45100679
03
#45102392
04
#45110000
1!
0&
#45110514
13
#45112392
14
#45120000
0!
1&
#45120679
03
#45122392
04
#45130000
1!
0&
#45130514
13
#45132392
14
#45140000
0!
1&
#45140679
03
#45142392
04
#45150000
1!
0&
#45150514
13
#45152392
14
#45160000
0!
1&
#45160679
03
#45162392
04
#45170000
1!
0&
#45170514
13
#45172392
14
#45180000
0!
1&
#45180679
03
#45182392
04
#45190000
1!
0&
#45190514
13
#45192392
14
#45200000
0!
1&
#45200679
03
#45202392
04
#45210000
1!
0&
#45210514
13
#45212392
14
#45220000
0!
1&
#45220679
03
#45222392
04
#45230000
1!
0&
#45230514
13
#45232392
14
#45240000
0!
1&
#45240679
03
#45242392
04
#45250000
1!
0&
#45250514
13
#45252392
14
#45260000
0!
1&
#45260679
03
#45262392
04
#45270000
1!
0&
#45270514
13
#45272392
14
#45280000
0!
1&
#45280679
03
#45282392
04
#45290000
1!
0&
#45290514
13
#45292392
14
#45300000
0!
1&
#45300679
03
#45302392
04
#45310000
1!
0&
#45310514
13
#45312392
14
#45320000
0!
1&
#45320679
03
#45322392
04
#45330000
1!
0&
#45330514
13
#45332392
14
#45340000
0!
1&
#45340679
03
#45342392
04
#45350000
1!
0&
#45350514
13
#45352392
14
#45360000
0!
1&
#45360679
03
#45362392
04
#45370000
1!
0&
#45370514
13
#45372392
14
#45380000
0!
1&
#45380679
03
#45382392
04
#45390000
1!
0&
#45390514
13
#45392392
14
#45400000
0!
1&
#45400679
03
#45402392
04
#45410000
1!
0&
#45410514
13
#45412392
14
#45420000
0!
1&
#45420679
03
#45422392
04
#45430000
1!
0&
#45430514
13
#45432392
14
#45440000
0!
1&
#45440679
03
#45442392
04
#45450000
1!
0&
#45450514
13
#45452392
14
#45460000
0!
1&
#45460679
03
#45462392
04
#45470000
1!
0&
#45470514
13
#45472392
14
#45480000
0!
1&
#45480679
03
#45482392
04
#45490000
1!
0&
#45490514
13
#45492392
14
#45500000
0!
1&
#45500679
03
#45502392
04
#45510000
1!
0&
#45510514
13
#45512392
14
#45520000
0!
1&
#45520679
03
#45522392
04
#45530000
1!
0&
#45530514
13
#45532392
14
#45540000
0!
1&
#45540679
03
#45542392
04
#45550000
1!
0&
#45550514
13
#45552392
14
#45560000
0!
1&
#45560679
03
#45562392
04
#45570000
1!
0&
#45570514
13
#45572392
14
#45580000
0!
1&
#45580679
03
#45582392
04
#45590000
1!
0&
#45590514
13
#45592392
14
#45600000
0!
1&
#45600679
03
#45602392
04
#45610000
1!
0&
#45610514
13
#45612392
14
#45620000
0!
1&
#45620679
03
#45622392
04
#45630000
1!
0&
#45630514
13
#45632392
14
#45640000
0!
1&
#45640679
03
#45642392
04
#45650000
1!
0&
#45650514
13
#45652392
14
#45660000
0!
1&
#45660679
03
#45662392
04
#45670000
1!
0&
#45670514
13
#45672392
14
#45680000
0!
1&
#45680679
03
#45682392
04
#45690000
1!
0&
#45690514
13
#45692392
14
#45700000
0!
1&
#45700679
03
#45702392
04
#45710000
1!
0&
#45710514
13
#45712392
14
#45720000
0!
1&
#45720679
03
#45722392
04
#45730000
1!
0&
#45730514
13
#45732392
14
#45740000
0!
1&
#45740679
03
#45742392
04
#45750000
1!
0&
#45750514
13
#45752392
14
#45760000
0!
1&
#45760679
03
#45762392
04
#45770000
1!
0&
#45770514
13
#45772392
14
#45780000
0!
1&
#45780679
03
#45782392
04
#45790000
1!
0&
#45790514
13
#45792392
14
#45800000
0!
1&
#45800679
03
#45802392
04
#45806831
0\
0N
#45808709
0I
#45810000
1!
0&
#45810514
13
#45812392
14
#45820000
0!
1&
#45820679
03
#45822392
04
#45830000
1!
0&
#45830514
13
#45832392
14
#45840000
0!
1&
#45840679
03
#45842392
04
#45850000
1!
0&
#45850514
13
#45852392
14
#45860000
0!
1&
#45860679
03
#45862392
04
#45870000
1!
0&
#45870514
13
#45872392
14
#45880000
0!
1&
#45880679
03
#45882392
04
#45890000
1!
0&
#45890514
13
#45892392
14
#45900000
0!
1&
#45900679
03
#45902392
04
#45910000
1!
0&
#45910514
13
#45912392
14
#45920000
0!
1&
#45920679
03
#45922392
04
#45930000
1!
0&
#45930514
13
#45932392
14
#45940000
0!
1&
#45940679
03
#45942392
04
#45950000
1!
0&
#45950514
13
#45952392
14
#45960000
0!
1&
#45960679
03
#45962392
04
#45970000
1!
0&
#45970514
13
#45972392
14
#45980000
0!
1&
#45980679
03
#45982392
04
#45990000
1!
0&
#45990514
13
#45992392
14
#46000000
0!
1&
#46000679
03
#46002392
04
#46010000
1!
0&
#46010514
13
#46012392
14
#46020000
0!
1&
#46020679
03
#46022392
04
#46030000
1!
0&
#46030514
13
#46032392
14
#46040000
0!
1&
#46040679
03
#46042392
04
#46050000
1!
0&
#46050514
13
#46052392
14
#46060000
0!
1&
#46060679
03
#46062392
04
#46070000
1!
0&
#46070514
13
#46072392
14
#46080000
0!
1&
#46080679
03
#46082392
04
#46090000
1!
0&
#46090514
13
#46092392
14
#46100000
0!
1&
#46100679
03
#46102392
04
#46110000
1!
0&
#46110514
13
#46112392
14
#46120000
0!
1&
#46120679
03
#46122392
04
#46130000
1!
0&
#46130514
13
#46132392
14
#46140000
0!
1&
#46140679
03
#46142392
04
#46150000
1!
0&
#46150514
13
#46152392
14
#46160000
0!
1&
#46160679
03
#46162392
04
#46170000
1!
0&
#46170514
13
#46172392
14
#46180000
0!
1&
#46180679
03
#46182392
04
#46190000
1!
0&
#46190514
13
#46192392
14
#46200000
0!
1&
#46200679
03
#46202392
04
#46210000
1!
0&
#46210514
13
#46212392
14
#46220000
0!
1&
#46220679
03
#46222392
04
#46230000
1!
0&
#46230514
13
#46232392
14
#46240000
0!
1&
#46240679
03
#46242392
04
#46250000
1!
0&
#46250514
13
#46252392
14
#46256831
1\
1N
#46258727
1I
#46260000
0!
1&
#46260679
03
#46262392
04
#46270000
1!
0&
#46270514
13
#46272392
14
#46280000
0!
1&
#46280679
03
#46282392
04
#46290000
1!
0&
#46290514
13
#46292392
14
#46300000
0!
1&
#46300679
03
#46302392
04
#46310000
1!
0&
#46310514
13
#46312392
14
#46320000
0!
1&
#46320679
03
#46322392
04
#46330000
1!
0&
#46330514
13
#46332392
14
#46340000
0!
1&
#46340679
03
#46342392
04
#46350000
1!
0&
#46350514
13
#46352392
14
#46360000
0!
1&
#46360679
03
#46362392
04
#46370000
1!
0&
#46370514
13
#46372392
14
#46380000
0!
1&
#46380679
03
#46382392
04
#46390000
1!
0&
#46390514
13
#46392392
14
#46400000
0!
1&
#46400679
03
#46402392
04
#46410000
1!
0&
#46410514
13
#46412392
14
#46420000
0!
1&
#46420679
03
#46422392
04
#46430000
1!
0&
#46430514
13
#46432392
14
#46440000
0!
1&
#46440679
03
#46442392
04
#46450000
1!
0&
#46450514
13
#46452392
14
#46460000
0!
1&
#46460679
03
#46462392
04
#46470000
1!
0&
#46470514
13
#46472392
14
#46480000
0!
1&
#46480679
03
#46482392
04
#46490000
1!
0&
#46490514
13
#46492392
14
#46500000
0!
1&
#46500679
03
#46502392
04
#46510000
1!
0&
#46510514
13
#46512392
14
#46520000
0!
1&
#46520679
03
#46522392
04
#46530000
1!
0&
#46530514
13
#46532392
14
#46540000
0!
1&
#46540679
03
#46542392
04
#46550000
1!
0&
#46550514
13
#46552392
14
#46560000
0!
1&
#46560679
03
#46562392
04
#46570000
1!
0&
#46570514
13
#46572392
14
#46580000
0!
1&
#46580679
03
#46582392
04
#46590000
1!
0&
#46590514
13
#46592392
14
#46600000
0!
1&
#46600679
03
#46602392
04
#46610000
1!
0&
#46610514
13
#46612392
14
#46620000
0!
1&
#46620679
03
#46622392
04
#46630000
1!
0&
#46630514
13
#46632392
14
#46640000
0!
1&
#46640679
03
#46642392
04
#46650000
1!
0&
#46650514
13
#46652392
14
#46660000
0!
1&
#46660679
03
#46662392
04
#46670000
1!
0&
#46670514
13
#46672392
14
#46680000
0!
1&
#46680679
03
#46682392
04
#46690000
1!
0&
#46690514
13
#46692392
14
#46700000
0!
1&
#46700679
03
#46702392
04
#46710000
1!
0&
#46710514
13
#46712392
14
#46720000
0!
1&
#46720679
03
#46722392
04
#46730000
1!
0&
#46730514
13
#46732392
14
#46740000
0!
1&
#46740679
03
#46742392
04
#46750000
1!
0&
#46750514
13
#46752392
14
#46760000
0!
1&
#46760679
03
#46762392
04
#46770000
1!
0&
#46770514
13
#46772392
14
#46780000
0!
1&
#46780679
03
#46782392
04
#46790000
1!
0&
#46790514
13
#46792392
14
#46800000
0!
1&
#46800679
03
#46802392
04
#46810000
1!
0&
#46810514
13
#46812392
14
#46820000
0!
1&
#46820679
03
#46822392
04
#46830000
1!
0&
#46830514
13
#46832392
14
#46840000
0!
1&
#46840679
03
#46842392
04
#46850000
1!
0&
#46850514
13
#46852392
14
#46860000
0!
1&
#46860679
03
#46862392
04
#46870000
1!
0&
#46870514
13
#46872392
14
#46880000
0!
1&
#46880679
03
#46882392
04
#46890000
1!
0&
#46890514
13
#46892392
14
#46900000
0!
1&
#46900679
03
#46902392
04
#46910000
1!
0&
#46910514
13
#46912392
14
#46920000
0!
1&
#46920679
03
#46922392
04
#46930000
1!
0&
#46930514
13
#46932392
14
#46940000
0!
1&
#46940679
03
#46942392
04
#46950000
1!
0&
#46950514
13
#46952392
14
#46960000
0!
1&
#46960679
03
#46962392
04
#46970000
1!
0&
#46970514
13
#46972392
14
#46980000
0!
1&
#46980679
03
#46982392
04
#46990000
1!
0&
#46990514
13
#46992392
14
#47000000
0!
1&
#47000679
03
#47002392
04
#47010000
1!
0&
#47010514
13
#47012392
14
#47020000
0!
1&
#47020679
03
#47022392
04
#47030000
1!
0&
#47030514
13
#47032392
14
#47040000
0!
1&
#47040679
03
#47042392
04
#47050000
1!
0&
#47050514
13
#47052392
14
#47056831
0\
0N
#47058709
0I
#47060000
0!
1&
#47060679
03
#47062392
04
#47070000
1!
0&
#47070514
13
#47072392
14
#47080000
0!
1&
#47080679
03
#47082392
04
#47090000
1!
0&
#47090514
13
#47092392
14
#47100000
0!
1&
#47100679
03
#47102392
04
#47110000
1!
0&
#47110514
13
#47112392
14
#47120000
0!
1&
#47120679
03
#47122392
04
#47130000
1!
0&
#47130514
13
#47132392
14
#47140000
0!
1&
#47140679
03
#47142392
04
#47150000
1!
0&
#47150514
13
#47152392
14
#47160000
0!
1&
#47160679
03
#47162392
04
#47170000
1!
0&
#47170514
13
#47172392
14
#47180000
0!
1&
#47180679
03
#47182392
04
#47190000
1!
0&
#47190514
13
#47192392
14
#47200000
0!
1&
#47200679
03
#47202392
04
#47210000
1!
0&
#47210514
13
#47212392
14
#47220000
0!
1&
#47220679
03
#47222392
04
#47230000
1!
0&
#47230514
13
#47232392
14
#47240000
0!
1&
#47240679
03
#47242392
04
#47250000
1!
0&
#47250514
13
#47252392
14
#47260000
0!
1&
#47260679
03
#47262392
04
#47270000
1!
0&
#47270514
13
#47272392
14
#47280000
0!
1&
#47280679
03
#47282392
04
#47290000
1!
0&
#47290514
13
#47292392
14
#47300000
0!
1&
#47300679
03
#47302392
04
#47310000
1!
0&
#47310514
13
#47312392
14
#47320000
0!
1&
#47320679
03
#47322392
04
#47330000
1!
0&
#47330514
13
#47332392
14
#47340000
0!
1&
#47340679
03
#47342392
04
#47350000
1!
0&
#47350514
13
#47352392
14
#47360000
0!
1&
#47360679
03
#47362392
04
#47370000
1!
0&
#47370514
13
#47372392
14
#47380000
0!
1&
#47380679
03
#47382392
04
#47390000
1!
0&
#47390514
13
#47392392
14
#47400000
0!
1&
#47400679
03
#47402392
04
#47410000
1!
0&
#47410514
13
#47412392
14
#47420000
0!
1&
#47420679
03
#47422392
04
#47430000
1!
0&
#47430514
13
#47432392
14
#47440000
0!
1&
#47440679
03
#47442392
04
#47450000
1!
0&
#47450514
13
#47452392
14
#47460000
0!
1&
#47460679
03
#47462392
04
#47470000
1!
0&
#47470514
13
#47472392
14
#47480000
0!
1&
#47480679
03
#47482392
04
#47490000
1!
0&
#47490514
13
#47492392
14
#47500000
0!
1&
#47500679
03
#47502392
04
#47506831
1\
1N
#47508727
1I
#47510000
1!
0&
#47510514
13
#47512392
14
#47520000
0!
1&
#47520679
03
#47522392
04
#47530000
1!
0&
#47530514
13
#47532392
14
#47540000
0!
1&
#47540679
03
#47542392
04
#47550000
1!
0&
#47550514
13
#47552392
14
#47560000
0!
1&
#47560679
03
#47562392
04
#47570000
1!
0&
#47570514
13
#47572392
14
#47580000
0!
1&
#47580679
03
#47582392
04
#47590000
1!
0&
#47590514
13
#47592392
14
#47600000
0!
1&
#47600679
03
#47602392
04
#47610000
1!
0&
#47610514
13
#47612392
14
#47620000
0!
1&
#47620679
03
#47622392
04
#47630000
1!
0&
#47630514
13
#47632392
14
#47640000
0!
1&
#47640679
03
#47642392
04
#47650000
1!
0&
#47650514
13
#47652392
14
#47660000
0!
1&
#47660679
03
#47662392
04
#47670000
1!
0&
#47670514
13
#47672392
14
#47680000
0!
1&
#47680679
03
#47682392
04
#47690000
1!
0&
#47690514
13
#47692392
14
#47700000
0!
1&
#47700679
03
#47702392
04
#47710000
1!
0&
#47710514
13
#47712392
14
#47720000
0!
1&
#47720679
03
#47722392
04
#47730000
1!
0&
#47730514
13
#47732392
14
#47740000
0!
1&
#47740679
03
#47742392
04
#47750000
1!
0&
#47750514
13
#47752392
14
#47760000
0!
1&
#47760679
03
#47762392
04
#47770000
1!
0&
#47770514
13
#47772392
14
#47780000
0!
1&
#47780679
03
#47782392
04
#47790000
1!
0&
#47790514
13
#47792392
14
#47800000
0!
1&
#47800679
03
#47802392
04
#47810000
1!
0&
#47810514
13
#47812392
14
#47820000
0!
1&
#47820679
03
#47822392
04
#47830000
1!
0&
#47830514
13
#47832392
14
#47840000
0!
1&
#47840679
03
#47842392
04
#47850000
1!
0&
#47850514
13
#47852392
14
#47860000
0!
1&
#47860679
03
#47862392
04
#47870000
1!
0&
#47870514
13
#47872392
14
#47880000
0!
1&
#47880679
03
#47882392
04
#47890000
1!
0&
#47890514
13
#47892392
14
#47900000
0!
1&
#47900679
03
#47902392
04
#47910000
1!
0&
#47910514
13
#47912392
14
#47920000
0!
1&
#47920679
03
#47922392
04
#47930000
1!
0&
#47930514
13
#47932392
14
#47940000
0!
1&
#47940679
03
#47942392
04
#47950000
1!
0&
#47950514
13
#47952392
14
#47960000
0!
1&
#47960679
03
#47962392
04
#47970000
1!
0&
#47970514
13
#47972392
14
#47980000
0!
1&
#47980679
03
#47982392
04
#47990000
1!
0&
#47990514
13
#47992392
14
#48000000
0!
1&
#48000679
03
#48002392
04
#48010000
1!
0&
#48010514
13
#48012392
14
#48020000
0!
1&
#48020679
03
#48022392
04
#48030000
1!
0&
#48030514
13
#48032392
14
#48040000
0!
1&
#48040679
03
#48042392
04
#48050000
1!
0&
#48050514
13
#48052392
14
#48060000
0!
1&
#48060679
03
#48062392
04
#48070000
1!
0&
#48070514
13
#48072392
14
#48080000
0!
1&
#48080679
03
#48082392
04
#48090000
1!
0&
#48090514
13
#48092392
14
#48100000
0!
1&
#48100679
03
#48102392
04
#48110000
1!
0&
#48110514
13
#48112392
14
#48120000
0!
1&
#48120679
03
#48122392
04
#48130000
1!
0&
#48130514
13
#48132392
14
#48140000
0!
1&
#48140679
03
#48142392
04
#48150000
1!
0&
#48150514
13
#48152392
14
#48160000
0!
1&
#48160679
03
#48162392
04
#48170000
1!
0&
#48170514
13
#48172392
14
#48180000
0!
1&
#48180679
03
#48182392
04
#48190000
1!
0&
#48190514
13
#48192392
14
#48200000
0!
1&
#48200679
03
#48202392
04
#48210000
1!
0&
#48210514
13
#48212392
14
#48220000
0!
1&
#48220679
03
#48222392
04
#48230000
1!
0&
#48230514
13
#48232392
14
#48240000
0!
1&
#48240679
03
#48242392
04
#48250000
1!
0&
#48250514
13
#48252392
14
#48260000
0!
1&
#48260679
03
#48262392
04
#48270000
1!
0&
#48270514
13
#48272392
14
#48280000
0!
1&
#48280679
03
#48282392
04
#48290000
1!
0&
#48290514
13
#48292392
14
#48300000
0!
1&
#48300679
03
#48302392
04
#48306831
0\
0N
#48308709
0I
#48310000
1!
0&
#48310514
13
#48312392
14
#48320000
0!
1&
#48320679
03
#48322392
04
#48330000
1!
0&
#48330514
13
#48332392
14
#48340000
0!
1&
#48340679
03
#48342392
04
#48350000
1!
0&
#48350514
13
#48352392
14
#48360000
0!
1&
#48360679
03
#48362392
04
#48370000
1!
0&
#48370514
13
#48372392
14
#48380000
0!
1&
#48380679
03
#48382392
04
#48390000
1!
0&
#48390514
13
#48392392
14
#48400000
0!
1&
#48400679
03
#48402392
04
#48410000
1!
0&
#48410514
13
#48412392
14
#48420000
0!
1&
#48420679
03
#48422392
04
#48430000
1!
0&
#48430514
13
#48432392
14
#48440000
0!
1&
#48440679
03
#48442392
04
#48450000
1!
0&
#48450514
13
#48452392
14
#48460000
0!
1&
#48460679
03
#48462392
04
#48470000
1!
0&
#48470514
13
#48472392
14
#48480000
0!
1&
#48480679
03
#48482392
04
#48490000
1!
0&
#48490514
13
#48492392
14
#48500000
0!
1&
#48500679
03
#48502392
04
#48510000
1!
0&
#48510514
13
#48512392
14
#48520000
0!
1&
#48520679
03
#48522392
04
#48530000
1!
0&
#48530514
13
#48532392
14
#48540000
0!
1&
#48540679
03
#48542392
04
#48550000
1!
0&
#48550514
13
#48552392
14
#48560000
0!
1&
#48560679
03
#48562392
04
#48570000
1!
0&
#48570514
13
#48572392
14
#48580000
0!
1&
#48580679
03
#48582392
04
#48590000
1!
0&
#48590514
13
#48592392
14
#48600000
0!
1&
#48600679
03
#48602392
04
#48610000
1!
0&
#48610514
13
#48612392
14
#48620000
0!
1&
#48620679
03
#48622392
04
#48630000
1!
0&
#48630514
13
#48632392
14
#48640000
0!
1&
#48640679
03
#48642392
04
#48650000
1!
0&
#48650514
13
#48652392
14
#48660000
0!
1&
#48660679
03
#48662392
04
#48670000
1!
0&
#48670514
13
#48672392
14
#48680000
0!
1&
#48680679
03
#48682392
04
#48690000
1!
0&
#48690514
13
#48692392
14
#48700000
0!
1&
#48700679
03
#48702392
04
#48710000
1!
0&
#48710514
13
#48712392
14
#48720000
0!
1&
#48720679
03
#48722392
04
#48730000
1!
0&
#48730514
13
#48732392
14
#48740000
0!
1&
#48740679
03
#48742392
04
#48750000
1!
0&
#48750514
13
#48752392
14
#48756831
1\
1N
#48758727
1I
#48760000
0!
1&
#48760679
03
#48762392
04
#48770000
1!
0&
#48770514
13
#48772392
14
#48780000
0!
1&
#48780679
03
#48782392
04
#48790000
1!
0&
#48790514
13
#48792392
14
#48800000
0!
1&
#48800679
03
#48802392
04
#48810000
1!
0&
#48810514
13
#48812392
14
#48820000
0!
1&
#48820679
03
#48822392
04
#48830000
1!
0&
#48830514
13
#48832392
14
#48840000
0!
1&
#48840679
03
#48842392
04
#48850000
1!
0&
#48850514
13
#48852392
14
#48860000
0!
1&
#48860679
03
#48862392
04
#48870000
1!
0&
#48870514
13
#48872392
14
#48880000
0!
1&
#48880679
03
#48882392
04
#48890000
1!
0&
#48890514
13
#48892392
14
#48900000
0!
1&
#48900679
03
#48902392
04
#48910000
1!
0&
#48910514
13
#48912392
14
#48920000
0!
1&
#48920679
03
#48922392
04
#48930000
1!
0&
#48930514
13
#48932392
14
#48940000
0!
1&
#48940679
03
#48942392
04
#48950000
1!
0&
#48950514
13
#48952392
14
#48960000
0!
1&
#48960679
03
#48962392
04
#48970000
1!
0&
#48970514
13
#48972392
14
#48980000
0!
1&
#48980679
03
#48982392
04
#48990000
1!
0&
#48990514
13
#48992392
14
#49000000
0!
1&
#49000679
03
#49002392
04
#49010000
1!
0&
#49010514
13
#49012392
14
#49020000
0!
1&
#49020679
03
#49022392
04
#49030000
1!
0&
#49030514
13
#49032392
14
#49040000
0!
1&
#49040679
03
#49042392
04
#49050000
1!
0&
#49050514
13
#49052392
14
#49060000
0!
1&
#49060679
03
#49062392
04
#49070000
1!
0&
#49070514
13
#49072392
14
#49080000
0!
1&
#49080679
03
#49082392
04
#49090000
1!
0&
#49090514
13
#49092392
14
#49100000
0!
1&
#49100679
03
#49102392
04
#49110000
1!
0&
#49110514
13
#49112392
14
#49120000
0!
1&
#49120679
03
#49122392
04
#49130000
1!
0&
#49130514
13
#49132392
14
#49140000
0!
1&
#49140679
03
#49142392
04
#49150000
1!
0&
#49150514
13
#49152392
14
#49160000
0!
1&
#49160679
03
#49162392
04
#49170000
1!
0&
#49170514
13
#49172392
14
#49180000
0!
1&
#49180679
03
#49182392
04
#49190000
1!
0&
#49190514
13
#49192392
14
#49200000
0!
1&
#49200679
03
#49202392
04
#49210000
1!
0&
#49210514
13
#49212392
14
#49220000
0!
1&
#49220679
03
#49222392
04
#49230000
1!
0&
#49230514
13
#49232392
14
#49240000
0!
1&
#49240679
03
#49242392
04
#49250000
1!
0&
#49250514
13
#49252392
14
#49260000
0!
1&
#49260679
03
#49262392
04
#49270000
1!
0&
#49270514
13
#49272392
14
#49280000
0!
1&
#49280679
03
#49282392
04
#49290000
1!
0&
#49290514
13
#49292392
14
#49300000
0!
1&
#49300679
03
#49302392
04
#49310000
1!
0&
#49310514
13
#49312392
14
#49320000
0!
1&
#49320679
03
#49322392
04
#49330000
1!
0&
#49330514
13
#49332392
14
#49340000
0!
1&
#49340679
03
#49342392
04
#49350000
1!
0&
#49350514
13
#49352392
14
#49360000
0!
1&
#49360679
03
#49362392
04
#49370000
1!
0&
#49370514
13
#49372392
14
#49380000
0!
1&
#49380679
03
#49382392
04
#49390000
1!
0&
#49390514
13
#49392392
14
#49400000
0!
1&
#49400679
03
#49402392
04
#49410000
1!
0&
#49410514
13
#49412392
14
#49420000
0!
1&
#49420679
03
#49422392
04
#49430000
1!
0&
#49430514
13
#49432392
14
#49440000
0!
1&
#49440679
03
#49442392
04
#49450000
1!
0&
#49450514
13
#49452392
14
#49460000
0!
1&
#49460679
03
#49462392
04
#49470000
1!
0&
#49470514
13
#49472392
14
#49480000
0!
1&
#49480679
03
#49482392
04
#49490000
1!
0&
#49490514
13
#49492392
14
#49500000
0!
1&
#49500679
03
#49502392
04
#49510000
1!
0&
#49510514
13
#49512392
14
#49520000
0!
1&
#49520679
03
#49522392
04
#49530000
1!
0&
#49530514
13
#49532392
14
#49540000
0!
1&
#49540679
03
#49542392
04
#49550000
1!
0&
#49550514
13
#49552392
14
#49556831
0\
0N
#49558709
0I
#49560000
0!
1&
#49560679
03
#49562392
04
#49570000
1!
0&
#49570514
13
#49572392
14
#49580000
0!
1&
#49580679
03
#49582392
04
#49590000
1!
0&
#49590514
13
#49592392
14
#49600000
0!
1&
#49600679
03
#49602392
04
#49610000
1!
0&
#49610514
13
#49612392
14
#49620000
0!
1&
#49620679
03
#49622392
04
#49630000
1!
0&
#49630514
13
#49632392
14
#49640000
0!
1&
#49640679
03
#49642392
04
#49650000
1!
0&
#49650514
13
#49652392
14
#49660000
0!
1&
#49660679
03
#49662392
04
#49670000
1!
0&
#49670514
13
#49672392
14
#49680000
0!
1&
#49680679
03
#49682392
04
#49690000
1!
0&
#49690514
13
#49692392
14
#49700000
0!
1&
#49700679
03
#49702392
04
#49710000
1!
0&
#49710514
13
#49712392
14
#49720000
0!
1&
#49720679
03
#49722392
04
#49730000
1!
0&
#49730514
13
#49732392
14
#49740000
0!
1&
#49740679
03
#49742392
04
#49750000
1!
0&
#49750514
13
#49752392
14
#49760000
0!
1&
#49760679
03
#49762392
04
#49770000
1!
0&
#49770514
13
#49772392
14
#49780000
0!
1&
#49780679
03
#49782392
04
#49790000
1!
0&
#49790514
13
#49792392
14
#49800000
0!
1&
#49800679
03
#49802392
04
#49810000
1!
0&
#49810514
13
#49812392
14
#49820000
0!
1&
#49820679
03
#49822392
04
#49830000
1!
0&
#49830514
13
#49832392
14
#49840000
0!
1&
#49840679
03
#49842392
04
#49850000
1!
0&
#49850514
13
#49852392
14
#49860000
0!
1&
#49860679
03
#49862392
04
#49870000
1!
0&
#49870514
13
#49872392
14
#49880000
0!
1&
#49880679
03
#49882392
04
#49890000
1!
0&
#49890514
13
#49892392
14
#49900000
0!
1&
#49900679
03
#49902392
04
#49910000
1!
0&
#49910514
13
#49912392
14
#49920000
0!
1&
#49920679
03
#49922392
04
#49930000
1!
0&
#49930514
13
#49932392
14
#49940000
0!
1&
#49940679
03
#49942392
04
#49950000
1!
0&
#49950514
13
#49952392
14
#49960000
0!
1&
#49960679
03
#49962392
04
#49970000
1!
0&
#49970514
13
#49972392
14
#49980000
0!
1&
#49980679
03
#49982392
04
#49990000
1!
0&
#49990514
13
#49992392
14
#50000000
0!
1&
#50000679
03
#50002392
04
#50006831
1\
1N
#50008727
1I
#50010000
1!
0&
#50010514
13
#50012392
14
#50020000
0!
1&
#50020679
03
#50022392
04
#50030000
1!
0&
#50030514
13
#50032392
14
#50040000
0!
1&
#50040679
03
#50042392
04
#50050000
1!
0&
#50050514
13
#50052392
14
#50060000
0!
1&
#50060679
03
#50062392
04
#50070000
1!
0&
#50070514
13
#50072392
14
#50080000
0!
1&
#50080679
03
#50082392
04
#50090000
1!
0&
#50090514
13
#50092392
14
#50100000
0!
1&
#50100679
03
#50102392
04
#50110000
1!
0&
#50110514
13
#50112392
14
#50120000
0!
1&
#50120679
03
#50122392
04
#50130000
1!
0&
#50130514
13
#50132392
14
#50140000
0!
1&
#50140679
03
#50142392
04
#50150000
1!
0&
#50150514
13
#50152392
14
#50160000
0!
1&
#50160679
03
#50162392
04
#50170000
1!
0&
#50170514
13
#50172392
14
#50180000
0!
1&
#50180679
03
#50182392
04
#50190000
1!
0&
#50190514
13
#50192392
14
#50200000
0!
1&
#50200679
03
#50202392
04
#50210000
1!
0&
#50210514
13
#50212392
14
#50220000
0!
1&
#50220679
03
#50222392
04
#50230000
1!
0&
#50230514
13
#50232392
14
#50240000
0!
1&
#50240679
03
#50242392
04
#50250000
1!
0&
#50250514
13
#50252392
14
#50260000
0!
1&
#50260679
03
#50262392
04
#50270000
1!
0&
#50270514
13
#50272392
14
#50280000
0!
1&
#50280679
03
#50282392
04
#50290000
1!
0&
#50290514
13
#50292392
14
#50300000
0!
1&
#50300679
03
#50302392
04
#50310000
1!
0&
#50310514
13
#50312392
14
#50320000
0!
1&
#50320679
03
#50322392
04
#50330000
1!
0&
#50330514
13
#50332392
14
#50340000
0!
1&
#50340679
03
#50342392
04
#50350000
1!
0&
#50350514
13
#50352392
14
#50360000
0!
1&
#50360679
03
#50362392
04
#50370000
1!
0&
#50370514
13
#50372392
14
#50380000
0!
1&
#50380679
03
#50382392
04
#50390000
1!
0&
#50390514
13
#50392392
14
#50400000
0!
1&
#50400679
03
#50402392
04
#50410000
1!
0&
#50410514
13
#50412392
14
#50420000
0!
1&
#50420679
03
#50422392
04
#50430000
1!
0&
#50430514
13
#50432392
14
#50440000
0!
1&
#50440679
03
#50442392
04
#50450000
1!
0&
#50450514
13
#50452392
14
#50460000
0!
1&
#50460679
03
#50462392
04
#50470000
1!
0&
#50470514
13
#50472392
14
#50480000
0!
1&
#50480679
03
#50482392
04
#50490000
1!
0&
#50490514
13
#50492392
14
#50500000
0!
1&
#50500679
03
#50502392
04
#50510000
1!
0&
#50510514
13
#50512392
14
#50520000
0!
1&
#50520679
03
#50522392
04
#50530000
1!
0&
#50530514
13
#50532392
14
#50540000
0!
1&
#50540679
03
#50542392
04
#50550000
1!
0&
#50550514
13
#50552392
14
#50560000
0!
1&
#50560679
03
#50562392
04
#50570000
1!
0&
#50570514
13
#50572392
14
#50580000
0!
1&
#50580679
03
#50582392
04
#50590000
1!
0&
#50590514
13
#50592392
14
#50600000
0!
1&
#50600679
03
#50602392
04
#50610000
1!
0&
#50610514
13
#50612392
14
#50620000
0!
1&
#50620679
03
#50622392
04
#50630000
1!
0&
#50630514
13
#50632392
14
#50640000
0!
1&
#50640679
03
#50642392
04
#50650000
1!
0&
#50650514
13
#50652392
14
#50660000
0!
1&
#50660679
03
#50662392
04
#50670000
1!
0&
#50670514
13
#50672392
14
#50680000
0!
1&
#50680679
03
#50682392
04
#50690000
1!
0&
#50690514
13
#50692392
14
#50700000
0!
1&
#50700679
03
#50702392
04
#50710000
1!
0&
#50710514
13
#50712392
14
#50720000
0!
1&
#50720679
03
#50722392
04
#50730000
1!
0&
#50730514
13
#50732392
14
#50740000
0!
1&
#50740679
03
#50742392
04
#50750000
1!
0&
#50750514
13
#50752392
14
#50760000
0!
1&
#50760679
03
#50762392
04
#50770000
1!
0&
#50770514
13
#50772392
14
#50780000
0!
1&
#50780679
03
#50782392
04
#50790000
1!
0&
#50790514
13
#50792392
14
#50800000
0!
1&
#50800679
03
#50802392
04
#50806831
0\
0N
#50808709
0I
#50810000
1!
0&
#50810514
13
#50812392
14
#50820000
0!
1&
#50820679
03
#50822392
04
#50830000
1!
0&
#50830514
13
#50832392
14
#50840000
0!
1&
#50840679
03
#50842392
04
#50850000
1!
0&
#50850514
13
#50852392
14
#50860000
0!
1&
#50860679
03
#50862392
04
#50870000
1!
0&
#50870514
13
#50872392
14
#50880000
0!
1&
#50880679
03
#50882392
04
#50890000
1!
0&
#50890514
13
#50892392
14
#50900000
0!
1&
#50900679
03
#50902392
04
#50910000
1!
0&
#50910514
13
#50912392
14
#50920000
0!
1&
#50920679
03
#50922392
04
#50930000
1!
0&
#50930514
13
#50932392
14
#50940000
0!
1&
#50940679
03
#50942392
04
#50950000
1!
0&
#50950514
13
#50952392
14
#50960000
0!
1&
#50960679
03
#50962392
04
#50970000
1!
0&
#50970514
13
#50972392
14
#50980000
0!
1&
#50980679
03
#50982392
04
#50990000
1!
0&
#50990514
13
#50992392
14
#51000000
0!
1&
#51000679
03
#51002392
04
#51010000
1!
0&
#51010514
13
#51012392
14
#51020000
0!
1&
#51020679
03
#51022392
04
#51030000
1!
0&
#51030514
13
#51032392
14
#51040000
0!
1&
#51040679
03
#51042392
04
#51050000
1!
0&
#51050514
13
#51052392
14
#51060000
0!
1&
#51060679
03
#51062392
04
#51070000
1!
0&
#51070514
13
#51072392
14
#51080000
0!
1&
#51080679
03
#51082392
04
#51090000
1!
0&
#51090514
13
#51092392
14
#51100000
0!
1&
#51100679
03
#51102392
04
#51110000
1!
0&
#51110514
13
#51112392
14
#51120000
0!
1&
#51120679
03
#51122392
04
#51130000
1!
0&
#51130514
13
#51132392
14
#51140000
0!
1&
#51140679
03
#51142392
04
#51150000
1!
0&
#51150514
13
#51152392
14
#51160000
0!
1&
#51160679
03
#51162392
04
#51170000
1!
0&
#51170514
13
#51172392
14
#51180000
0!
1&
#51180679
03
#51182392
04
#51190000
1!
0&
#51190514
13
#51192392
14
#51200000
0!
1&
#51200679
03
#51202392
04
#51210000
1!
0&
#51210514
13
#51212392
14
#51220000
0!
1&
#51220679
03
#51222392
04
#51230000
1!
0&
#51230514
13
#51232392
14
#51240000
0!
1&
#51240679
03
#51242392
04
#51250000
1!
0&
#51250514
13
#51252392
14
#51256831
1\
1N
#51258727
1I
#51260000
0!
1&
#51260679
03
#51262392
04
#51270000
1!
0&
#51270514
13
#51272392
14
#51280000
0!
1&
#51280679
03
#51282392
04
#51290000
1!
0&
#51290514
13
#51292392
14
#51300000
0!
1&
#51300679
03
#51302392
04
#51310000
1!
0&
#51310514
13
#51312392
14
#51320000
0!
1&
#51320679
03
#51322392
04
#51330000
1!
0&
#51330514
13
#51332392
14
#51340000
0!
1&
#51340679
03
#51342392
04
#51350000
1!
0&
#51350514
13
#51352392
14
#51360000
0!
1&
#51360679
03
#51362392
04
#51370000
1!
0&
#51370514
13
#51372392
14
#51380000
0!
1&
#51380679
03
#51382392
04
#51390000
1!
0&
#51390514
13
#51392392
14
#51400000
0!
1&
#51400679
03
#51402392
04
#51410000
1!
0&
#51410514
13
#51412392
14
#51420000
0!
1&
#51420679
03
#51422392
04
#51430000
1!
0&
#51430514
13
#51432392
14
#51440000
0!
1&
#51440679
03
#51442392
04
#51450000
1!
0&
#51450514
13
#51452392
14
#51460000
0!
1&
#51460679
03
#51462392
04
#51470000
1!
0&
#51470514
13
#51472392
14
#51480000
0!
1&
#51480679
03
#51482392
04
#51490000
1!
0&
#51490514
13
#51492392
14
#51500000
0!
1&
#51500679
03
#51502392
04
#51510000
1!
0&
#51510514
13
#51512392
14
#51520000
0!
1&
#51520679
03
#51522392
04
#51530000
1!
0&
#51530514
13
#51532392
14
#51540000
0!
1&
#51540679
03
#51542392
04
#51550000
1!
0&
#51550514
13
#51552392
14
#51560000
0!
1&
#51560679
03
#51562392
04
#51570000
1!
0&
#51570514
13
#51572392
14
#51580000
0!
1&
#51580679
03
#51582392
04
#51590000
1!
0&
#51590514
13
#51592392
14
#51600000
0!
1&
#51600679
03
#51602392
04
#51610000
1!
0&
#51610514
13
#51612392
14
#51620000
0!
1&
#51620679
03
#51622392
04
#51630000
1!
0&
#51630514
13
#51632392
14
#51640000
0!
1&
#51640679
03
#51642392
04
#51650000
1!
0&
#51650514
13
#51652392
14
#51660000
0!
1&
#51660679
03
#51662392
04
#51670000
1!
0&
#51670514
13
#51672392
14
#51680000
0!
1&
#51680679
03
#51682392
04
#51690000
1!
0&
#51690514
13
#51692392
14
#51700000
0!
1&
#51700679
03
#51702392
04
#51710000
1!
0&
#51710514
13
#51712392
14
#51720000
0!
1&
#51720679
03
#51722392
04
#51730000
1!
0&
#51730514
13
#51732392
14
#51740000
0!
1&
#51740679
03
#51742392
04
#51750000
1!
0&
#51750514
13
#51752392
14
#51760000
0!
1&
#51760679
03
#51762392
04
#51770000
1!
0&
#51770514
13
#51772392
14
#51780000
0!
1&
#51780679
03
#51782392
04
#51790000
1!
0&
#51790514
13
#51792392
14
#51800000
0!
1&
#51800679
03
#51802392
04
#51810000
1!
0&
#51810514
13
#51812392
14
#51820000
0!
1&
#51820679
03
#51822392
04
#51830000
1!
0&
#51830514
13
#51832392
14
#51840000
0!
1&
#51840679
03
#51842392
04
#51850000
1!
0&
#51850514
13
#51852392
14
#51860000
0!
1&
#51860679
03
#51862392
04
#51870000
1!
0&
#51870514
13
#51872392
14
#51880000
0!
1&
#51880679
03
#51882392
04
#51890000
1!
0&
#51890514
13
#51892392
14
#51900000
0!
1&
#51900679
03
#51902392
04
#51910000
1!
0&
#51910514
13
#51912392
14
#51920000
0!
1&
#51920679
03
#51922392
04
#51930000
1!
0&
#51930514
13
#51932392
14
#51940000
0!
1&
#51940679
03
#51942392
04
#51950000
1!
0&
#51950514
13
#51952392
14
#51960000
0!
1&
#51960679
03
#51962392
04
#51970000
1!
0&
#51970514
13
#51972392
14
#51980000
0!
1&
#51980679
03
#51982392
04
#51990000
1!
0&
#51990514
13
#51992392
14
#52000000
0!
1&
#52000679
03
#52002392
04
#52010000
1!
0&
#52010514
13
#52012392
14
#52020000
0!
1&
#52020679
03
#52022392
04
#52030000
1!
0&
#52030514
13
#52032392
14
#52040000
0!
1&
#52040679
03
#52042392
04
#52050000
1!
0&
#52050514
13
#52052392
14
#52056831
0\
0N
#52058709
0I
#52060000
0!
1&
#52060679
03
#52062392
04
#52070000
1!
0&
#52070514
13
#52072392
14
#52080000
0!
1&
#52080679
03
#52082392
04
#52090000
1!
0&
#52090514
13
#52092392
14
#52100000
0!
1&
#52100679
03
#52102392
04
#52110000
1!
0&
#52110514
13
#52112392
14
#52120000
0!
1&
#52120679
03
#52122392
04
#52130000
1!
0&
#52130514
13
#52132392
14
#52140000
0!
1&
#52140679
03
#52142392
04
#52150000
1!
0&
#52150514
13
#52152392
14
#52160000
0!
1&
#52160679
03
#52162392
04
#52170000
1!
0&
#52170514
13
#52172392
14
#52180000
0!
1&
#52180679
03
#52182392
04
#52190000
1!
0&
#52190514
13
#52192392
14
#52200000
0!
1&
#52200679
03
#52202392
04
#52210000
1!
0&
#52210514
13
#52212392
14
#52220000
0!
1&
#52220679
03
#52222392
04
#52230000
1!
0&
#52230514
13
#52232392
14
#52240000
0!
1&
#52240679
03
#52242392
04
#52250000
1!
0&
#52250514
13
#52252392
14
#52260000
0!
1&
#52260679
03
#52262392
04
#52270000
1!
0&
#52270514
13
#52272392
14
#52280000
0!
1&
#52280679
03
#52282392
04
#52290000
1!
0&
#52290514
13
#52292392
14
#52300000
0!
1&
#52300679
03
#52302392
04
#52310000
1!
0&
#52310514
13
#52312392
14
#52320000
0!
1&
#52320679
03
#52322392
04
#52330000
1!
0&
#52330514
13
#52332392
14
#52340000
0!
1&
#52340679
03
#52342392
04
#52350000
1!
0&
#52350514
13
#52352392
14
#52360000
0!
1&
#52360679
03
#52362392
04
#52370000
1!
0&
#52370514
13
#52372392
14
#52380000
0!
1&
#52380679
03
#52382392
04
#52390000
1!
0&
#52390514
13
#52392392
14
#52400000
0!
1&
#52400679
03
#52402392
04
#52410000
1!
0&
#52410514
13
#52412392
14
#52420000
0!
1&
#52420679
03
#52422392
04
#52430000
1!
0&
#52430514
13
#52432392
14
#52440000
0!
1&
#52440679
03
#52442392
04
#52450000
1!
0&
#52450514
13
#52452392
14
#52460000
0!
1&
#52460679
03
#52462392
04
#52470000
1!
0&
#52470514
13
#52472392
14
#52480000
0!
1&
#52480679
03
#52482392
04
#52490000
1!
0&
#52490514
13
#52492392
14
#52500000
0!
1&
#52500679
03
#52502392
04
#52506831
1\
1N
#52508727
1I
#52510000
1!
0&
#52510514
13
#52512392
14
#52520000
0!
1&
#52520679
03
#52522392
04
#52530000
1!
0&
#52530514
13
#52532392
14
#52540000
0!
1&
#52540679
03
#52542392
04
#52550000
1!
0&
#52550514
13
#52552392
14
#52560000
0!
1&
#52560679
03
#52562392
04
#52570000
1!
0&
#52570514
13
#52572392
14
#52580000
0!
1&
#52580679
03
#52582392
04
#52590000
1!
0&
#52590514
13
#52592392
14
#52600000
0!
1&
#52600679
03
#52602392
04
#52610000
1!
0&
#52610514
13
#52612392
14
#52620000
0!
1&
#52620679
03
#52622392
04
#52630000
1!
0&
#52630514
13
#52632392
14
#52640000
0!
1&
#52640679
03
#52642392
04
#52650000
1!
0&
#52650514
13
#52652392
14
#52660000
0!
1&
#52660679
03
#52662392
04
#52670000
1!
0&
#52670514
13
#52672392
14
#52680000
0!
1&
#52680679
03
#52682392
04
#52690000
1!
0&
#52690514
13
#52692392
14
#52700000
0!
1&
#52700679
03
#52702392
04
#52710000
1!
0&
#52710514
13
#52712392
14
#52720000
0!
1&
#52720679
03
#52722392
04
#52730000
1!
0&
#52730514
13
#52732392
14
#52740000
0!
1&
#52740679
03
#52742392
04
#52750000
1!
0&
#52750514
13
#52752392
14
#52760000
0!
1&
#52760679
03
#52762392
04
#52770000
1!
0&
#52770514
13
#52772392
14
#52780000
0!
1&
#52780679
03
#52782392
04
#52790000
1!
0&
#52790514
13
#52792392
14
#52800000
0!
1&
#52800679
03
#52802392
04
#52810000
1!
0&
#52810514
13
#52812392
14
#52820000
0!
1&
#52820679
03
#52822392
04
#52830000
1!
0&
#52830514
13
#52832392
14
#52840000
0!
1&
#52840679
03
#52842392
04
#52850000
1!
0&
#52850514
13
#52852392
14
#52860000
0!
1&
#52860679
03
#52862392
04
#52870000
1!
0&
#52870514
13
#52872392
14
#52880000
0!
1&
#52880679
03
#52882392
04
#52890000
1!
0&
#52890514
13
#52892392
14
#52900000
0!
1&
#52900679
03
#52902392
04
#52910000
1!
0&
#52910514
13
#52912392
14
#52920000
0!
1&
#52920679
03
#52922392
04
#52930000
1!
0&
#52930514
13
#52932392
14
#52940000
0!
1&
#52940679
03
#52942392
04
#52950000
1!
0&
#52950514
13
#52952392
14
#52960000
0!
1&
#52960679
03
#52962392
04
#52970000
1!
0&
#52970514
13
#52972392
14
#52980000
0!
1&
#52980679
03
#52982392
04
#52990000
1!
0&
#52990514
13
#52992392
14
#53000000
0!
1&
#53000679
03
#53002392
04
#53010000
1!
0&
#53010514
13
#53012392
14
#53020000
0!
1&
#53020679
03
#53022392
04
#53030000
1!
0&
#53030514
13
#53032392
14
#53040000
0!
1&
#53040679
03
#53042392
04
#53050000
1!
0&
#53050514
13
#53052392
14
#53060000
0!
1&
#53060679
03
#53062392
04
#53070000
1!
0&
#53070514
13
#53072392
14
#53080000
0!
1&
#53080679
03
#53082392
04
#53090000
1!
0&
#53090514
13
#53092392
14
#53100000
0!
1&
#53100679
03
#53102392
04
#53110000
1!
0&
#53110514
13
#53112392
14
#53120000
0!
1&
#53120679
03
#53122392
04
#53130000
1!
0&
#53130514
13
#53132392
14
#53140000
0!
1&
#53140679
03
#53142392
04
#53150000
1!
0&
#53150514
13
#53152392
14
#53160000
0!
1&
#53160679
03
#53162392
04
#53170000
1!
0&
#53170514
13
#53172392
14
#53180000
0!
1&
#53180679
03
#53182392
04
#53190000
1!
0&
#53190514
13
#53192392
14
#53200000
0!
1&
#53200679
03
#53202392
04
#53210000
1!
0&
#53210514
13
#53212392
14
#53220000
0!
1&
#53220679
03
#53222392
04
#53230000
1!
0&
#53230514
13
#53232392
14
#53240000
0!
1&
#53240679
03
#53242392
04
#53250000
1!
0&
#53250514
13
#53252392
14
#53260000
0!
1&
#53260679
03
#53262392
04
#53270000
1!
0&
#53270514
13
#53272392
14
#53280000
0!
1&
#53280679
03
#53282392
04
#53290000
1!
0&
#53290514
13
#53292392
14
#53300000
0!
1&
#53300679
03
#53302392
04
#53306831
0\
0N
#53308709
0I
#53310000
1!
0&
#53310514
13
#53312392
14
#53320000
0!
1&
#53320679
03
#53322392
04
#53330000
1!
0&
#53330514
13
#53332392
14
#53340000
0!
1&
#53340679
03
#53342392
04
#53350000
1!
0&
#53350514
13
#53352392
14
#53360000
0!
1&
#53360679
03
#53362392
04
#53370000
1!
0&
#53370514
13
#53372392
14
#53380000
0!
1&
#53380679
03
#53382392
04
#53390000
1!
0&
#53390514
13
#53392392
14
#53400000
0!
1&
#53400679
03
#53402392
04
#53410000
1!
0&
#53410514
13
#53412392
14
#53420000
0!
1&
#53420679
03
#53422392
04
#53430000
1!
0&
#53430514
13
#53432392
14
#53440000
0!
1&
#53440679
03
#53442392
04
#53450000
1!
0&
#53450514
13
#53452392
14
#53460000
0!
1&
#53460679
03
#53462392
04
#53470000
1!
0&
#53470514
13
#53472392
14
#53480000
0!
1&
#53480679
03
#53482392
04
#53490000
1!
0&
#53490514
13
#53492392
14
#53500000
0!
1&
#53500679
03
#53502392
04
#53510000
1!
0&
#53510514
13
#53512392
14
#53520000
0!
1&
#53520679
03
#53522392
04
#53530000
1!
0&
#53530514
13
#53532392
14
#53540000
0!
1&
#53540679
03
#53542392
04
#53550000
1!
0&
#53550514
13
#53552392
14
#53560000
0!
1&
#53560679
03
#53562392
04
#53570000
1!
0&
#53570514
13
#53572392
14
#53580000
0!
1&
#53580679
03
#53582392
04
#53590000
1!
0&
#53590514
13
#53592392
14
#53600000
0!
1&
#53600679
03
#53602392
04
#53610000
1!
0&
#53610514
13
#53612392
14
#53620000
0!
1&
#53620679
03
#53622392
04
#53630000
1!
0&
#53630514
13
#53632392
14
#53640000
0!
1&
#53640679
03
#53642392
04
#53650000
1!
0&
#53650514
13
#53652392
14
#53660000
0!
1&
#53660679
03
#53662392
04
#53670000
1!
0&
#53670514
13
#53672392
14
#53680000
0!
1&
#53680679
03
#53682392
04
#53690000
1!
0&
#53690514
13
#53692392
14
#53700000
0!
1&
#53700679
03
#53702392
04
#53710000
1!
0&
#53710514
13
#53712392
14
#53720000
0!
1&
#53720679
03
#53722392
04
#53730000
1!
0&
#53730514
13
#53732392
14
#53740000
0!
1&
#53740679
03
#53742392
04
#53750000
1!
0&
#53750514
13
#53752392
14
#53756831
1\
1N
#53758727
1I
#53760000
0!
1&
#53760679
03
#53762392
04
#53770000
1!
0&
#53770514
13
#53772392
14
#53780000
0!
1&
#53780679
03
#53782392
04
#53790000
1!
0&
#53790514
13
#53792392
14
#53800000
0!
1&
#53800679
03
#53802392
04
#53810000
1!
0&
#53810514
13
#53812392
14
#53820000
0!
1&
#53820679
03
#53822392
04
#53830000
1!
0&
#53830514
13
#53832392
14
#53840000
0!
1&
#53840679
03
#53842392
04
#53850000
1!
0&
#53850514
13
#53852392
14
#53860000
0!
1&
#53860679
03
#53862392
04
#53870000
1!
0&
#53870514
13
#53872392
14
#53880000
0!
1&
#53880679
03
#53882392
04
#53890000
1!
0&
#53890514
13
#53892392
14
#53900000
0!
1&
#53900679
03
#53902392
04
#53910000
1!
0&
#53910514
13
#53912392
14
#53920000
0!
1&
#53920679
03
#53922392
04
#53930000
1!
0&
#53930514
13
#53932392
14
#53940000
0!
1&
#53940679
03
#53942392
04
#53950000
1!
0&
#53950514
13
#53952392
14
#53960000
0!
1&
#53960679
03
#53962392
04
#53970000
1!
0&
#53970514
13
#53972392
14
#53980000
0!
1&
#53980679
03
#53982392
04
#53990000
1!
0&
#53990514
13
#53992392
14
#54000000
0!
1&
#54000679
03
#54002392
04
#54010000
1!
0&
#54010514
13
#54012392
14
#54020000
0!
1&
#54020679
03
#54022392
04
#54030000
1!
0&
#54030514
13
#54032392
14
#54040000
0!
1&
#54040679
03
#54042392
04
#54050000
1!
0&
#54050514
13
#54052392
14
#54060000
0!
1&
#54060679
03
#54062392
04
#54070000
1!
0&
#54070514
13
#54072392
14
#54080000
0!
1&
#54080679
03
#54082392
04
#54090000
1!
0&
#54090514
13
#54092392
14
#54100000
0!
1&
#54100679
03
#54102392
04
#54110000
1!
0&
#54110514
13
#54112392
14
#54120000
0!
1&
#54120679
03
#54122392
04
#54130000
1!
0&
#54130514
13
#54132392
14
#54140000
0!
1&
#54140679
03
#54142392
04
#54150000
1!
0&
#54150514
13
#54152392
14
#54160000
0!
1&
#54160679
03
#54162392
04
#54170000
1!
0&
#54170514
13
#54172392
14
#54180000
0!
1&
#54180679
03
#54182392
04
#54190000
1!
0&
#54190514
13
#54192392
14
#54200000
0!
1&
#54200679
03
#54202392
04
#54210000
1!
0&
#54210514
13
#54212392
14
#54220000
0!
1&
#54220679
03
#54222392
04
#54230000
1!
0&
#54230514
13
#54232392
14
#54240000
0!
1&
#54240679
03
#54242392
04
#54250000
1!
0&
#54250514
13
#54252392
14
#54260000
0!
1&
#54260679
03
#54262392
04
#54270000
1!
0&
#54270514
13
#54272392
14
#54280000
0!
1&
#54280679
03
#54282392
04
#54290000
1!
0&
#54290514
13
#54292392
14
#54300000
0!
1&
#54300679
03
#54302392
04
#54310000
1!
0&
#54310514
13
#54312392
14
#54320000
0!
1&
#54320679
03
#54322392
04
#54330000
1!
0&
#54330514
13
#54332392
14
#54340000
0!
1&
#54340679
03
#54342392
04
#54350000
1!
0&
#54350514
13
#54352392
14
#54360000
0!
1&
#54360679
03
#54362392
04
#54370000
1!
0&
#54370514
13
#54372392
14
#54380000
0!
1&
#54380679
03
#54382392
04
#54390000
1!
0&
#54390514
13
#54392392
14
#54400000
0!
1&
#54400679
03
#54402392
04
#54410000
1!
0&
#54410514
13
#54412392
14
#54420000
0!
1&
#54420679
03
#54422392
04
#54430000
1!
0&
#54430514
13
#54432392
14
#54440000
0!
1&
#54440679
03
#54442392
04
#54450000
1!
0&
#54450514
13
#54452392
14
#54460000
0!
1&
#54460679
03
#54462392
04
#54470000
1!
0&
#54470514
13
#54472392
14
#54480000
0!
1&
#54480679
03
#54482392
04
#54490000
1!
0&
#54490514
13
#54492392
14
#54500000
0!
1&
#54500679
03
#54502392
04
#54510000
1!
0&
#54510514
13
#54512392
14
#54520000
0!
1&
#54520679
03
#54522392
04
#54530000
1!
0&
#54530514
13
#54532392
14
#54540000
0!
1&
#54540679
03
#54542392
04
#54550000
1!
0&
#54550514
13
#54552392
14
#54556831
0\
0N
#54558709
0I
#54560000
0!
1&
#54560679
03
#54562392
04
#54570000
1!
0&
#54570514
13
#54572392
14
#54580000
0!
1&
#54580679
03
#54582392
04
#54590000
1!
0&
#54590514
13
#54592392
14
#54600000
0!
1&
#54600679
03
#54602392
04
#54610000
1!
0&
#54610514
13
#54612392
14
#54620000
0!
1&
#54620679
03
#54622392
04
#54630000
1!
0&
#54630514
13
#54632392
14
#54640000
0!
1&
#54640679
03
#54642392
04
#54650000
1!
0&
#54650514
13
#54652392
14
#54660000
0!
1&
#54660679
03
#54662392
04
#54670000
1!
0&
#54670514
13
#54672392
14
#54680000
0!
1&
#54680679
03
#54682392
04
#54690000
1!
0&
#54690514
13
#54692392
14
#54700000
0!
1&
#54700679
03
#54702392
04
#54710000
1!
0&
#54710514
13
#54712392
14
#54720000
0!
1&
#54720679
03
#54722392
04
#54730000
1!
0&
#54730514
13
#54732392
14
#54740000
0!
1&
#54740679
03
#54742392
04
#54750000
1!
0&
#54750514
13
#54752392
14
#54760000
0!
1&
#54760679
03
#54762392
04
#54770000
1!
0&
#54770514
13
#54772392
14
#54780000
0!
1&
#54780679
03
#54782392
04
#54790000
1!
0&
#54790514
13
#54792392
14
#54800000
0!
1&
#54800679
03
#54802392
04
#54810000
1!
0&
#54810514
13
#54812392
14
#54820000
0!
1&
#54820679
03
#54822392
04
#54830000
1!
0&
#54830514
13
#54832392
14
#54840000
0!
1&
#54840679
03
#54842392
04
#54850000
1!
0&
#54850514
13
#54852392
14
#54860000
0!
1&
#54860679
03
#54862392
04
#54870000
1!
0&
#54870514
13
#54872392
14
#54880000
0!
1&
#54880679
03
#54882392
04
#54890000
1!
0&
#54890514
13
#54892392
14
#54900000
0!
1&
#54900679
03
#54902392
04
#54910000
1!
0&
#54910514
13
#54912392
14
#54920000
0!
1&
#54920679
03
#54922392
04
#54930000
1!
0&
#54930514
13
#54932392
14
#54940000
0!
1&
#54940679
03
#54942392
04
#54950000
1!
0&
#54950514
13
#54952392
14
#54960000
0!
1&
#54960679
03
#54962392
04
#54970000
1!
0&
#54970514
13
#54972392
14
#54980000
0!
1&
#54980679
03
#54982392
04
#54990000
1!
0&
#54990514
13
#54992392
14
#55000000
0!
1&
#55000679
03
#55002392
04
#55006831
1\
1N
#55008727
1I
#55010000
1!
0&
#55010514
13
#55012392
14
#55020000
0!
1&
#55020679
03
#55022392
04
#55030000
1!
0&
#55030514
13
#55032392
14
#55040000
0!
1&
#55040679
03
#55042392
04
#55050000
1!
0&
#55050514
13
#55052392
14
#55060000
0!
1&
#55060679
03
#55062392
04
#55070000
1!
0&
#55070514
13
#55072392
14
#55080000
0!
1&
#55080679
03
#55082392
04
#55090000
1!
0&
#55090514
13
#55092392
14
#55100000
0!
1&
#55100679
03
#55102392
04
#55110000
1!
0&
#55110514
13
#55112392
14
#55120000
0!
1&
#55120679
03
#55122392
04
#55130000
1!
0&
#55130514
13
#55132392
14
#55140000
0!
1&
#55140679
03
#55142392
04
#55150000
1!
0&
#55150514
13
#55152392
14
#55160000
0!
1&
#55160679
03
#55162392
04
#55170000
1!
0&
#55170514
13
#55172392
14
#55180000
0!
1&
#55180679
03
#55182392
04
#55190000
1!
0&
#55190514
13
#55192392
14
#55200000
0!
1&
#55200679
03
#55202392
04
#55210000
1!
0&
#55210514
13
#55212392
14
#55220000
0!
1&
#55220679
03
#55222392
04
#55230000
1!
0&
#55230514
13
#55232392
14
#55240000
0!
1&
#55240679
03
#55242392
04
#55250000
1!
0&
#55250514
13
#55252392
14
#55260000
0!
1&
#55260679
03
#55262392
04
#55270000
1!
0&
#55270514
13
#55272392
14
#55280000
0!
1&
#55280679
03
#55282392
04
#55290000
1!
0&
#55290514
13
#55292392
14
#55300000
0!
1&
#55300679
03
#55302392
04
#55310000
1!
0&
#55310514
13
#55312392
14
#55320000
0!
1&
#55320679
03
#55322392
04
#55330000
1!
0&
#55330514
13
#55332392
14
#55340000
0!
1&
#55340679
03
#55342392
04
#55350000
1!
0&
#55350514
13
#55352392
14
#55360000
0!
1&
#55360679
03
#55362392
04
#55370000
1!
0&
#55370514
13
#55372392
14
#55380000
0!
1&
#55380679
03
#55382392
04
#55390000
1!
0&
#55390514
13
#55392392
14
#55400000
0!
1&
#55400679
03
#55402392
04
#55410000
1!
0&
#55410514
13
#55412392
14
#55420000
0!
1&
#55420679
03
#55422392
04
#55430000
1!
0&
#55430514
13
#55432392
14
#55440000
0!
1&
#55440679
03
#55442392
04
#55450000
1!
0&
#55450514
13
#55452392
14
#55460000
0!
1&
#55460679
03
#55462392
04
#55470000
1!
0&
#55470514
13
#55472392
14
#55480000
0!
1&
#55480679
03
#55482392
04
#55490000
1!
0&
#55490514
13
#55492392
14
#55500000
0!
1&
#55500679
03
#55502392
04
#55510000
1!
0&
#55510514
13
#55512392
14
#55520000
0!
1&
#55520679
03
#55522392
04
#55530000
1!
0&
#55530514
13
#55532392
14
#55540000
0!
1&
#55540679
03
#55542392
04
#55550000
1!
0&
#55550514
13
#55552392
14
#55560000
0!
1&
#55560679
03
#55562392
04
#55570000
1!
0&
#55570514
13
#55572392
14
#55580000
0!
1&
#55580679
03
#55582392
04
#55590000
1!
0&
#55590514
13
#55592392
14
#55600000
0!
1&
#55600679
03
#55602392
04
#55610000
1!
0&
#55610514
13
#55612392
14
#55620000
0!
1&
#55620679
03
#55622392
04
#55630000
1!
0&
#55630514
13
#55632392
14
#55640000
0!
1&
#55640679
03
#55642392
04
#55650000
1!
0&
#55650514
13
#55652392
14
#55660000
0!
1&
#55660679
03
#55662392
04
#55670000
1!
0&
#55670514
13
#55672392
14
#55680000
0!
1&
#55680679
03
#55682392
04
#55690000
1!
0&
#55690514
13
#55692392
14
#55700000
0!
1&
#55700679
03
#55702392
04
#55710000
1!
0&
#55710514
13
#55712392
14
#55720000
0!
1&
#55720679
03
#55722392
04
#55730000
1!
0&
#55730514
13
#55732392
14
#55740000
0!
1&
#55740679
03
#55742392
04
#55750000
1!
0&
#55750514
13
#55752392
14
#55760000
0!
1&
#55760679
03
#55762392
04
#55770000
1!
0&
#55770514
13
#55772392
14
#55780000
0!
1&
#55780679
03
#55782392
04
#55790000
1!
0&
#55790514
13
#55792392
14
#55800000
0!
1&
#55800679
03
#55802392
04
#55806831
0\
0N
#55808709
0I
#55810000
1!
0&
#55810514
13
#55812392
14
#55820000
0!
1&
#55820679
03
#55822392
04
#55830000
1!
0&
#55830514
13
#55832392
14
#55840000
0!
1&
#55840679
03
#55842392
04
#55850000
1!
0&
#55850514
13
#55852392
14
#55860000
0!
1&
#55860679
03
#55862392
04
#55870000
1!
0&
#55870514
13
#55872392
14
#55880000
0!
1&
#55880679
03
#55882392
04
#55890000
1!
0&
#55890514
13
#55892392
14
#55900000
0!
1&
#55900679
03
#55902392
04
#55910000
1!
0&
#55910514
13
#55912392
14
#55920000
0!
1&
#55920679
03
#55922392
04
#55930000
1!
0&
#55930514
13
#55932392
14
#55940000
0!
1&
#55940679
03
#55942392
04
#55950000
1!
0&
#55950514
13
#55952392
14
#55960000
0!
1&
#55960679
03
#55962392
04
#55970000
1!
0&
#55970514
13
#55972392
14
#55980000
0!
1&
#55980679
03
#55982392
04
#55990000
1!
0&
#55990514
13
#55992392
14
#56000000
0!
1&
#56000679
03
#56002392
04
#56010000
1!
0&
#56010514
13
#56012392
14
#56020000
0!
1&
#56020679
03
#56022392
04
#56030000
1!
0&
#56030514
13
#56032392
14
#56040000
0!
1&
#56040679
03
#56042392
04
#56050000
1!
0&
#56050514
13
#56052392
14
#56060000
0!
1&
#56060679
03
#56062392
04
#56070000
1!
0&
#56070514
13
#56072392
14
#56080000
0!
1&
#56080679
03
#56082392
04
#56090000
1!
0&
#56090514
13
#56092392
14
#56100000
0!
1&
#56100679
03
#56102392
04
#56110000
1!
0&
#56110514
13
#56112392
14
#56120000
0!
1&
#56120679
03
#56122392
04
#56130000
1!
0&
#56130514
13
#56132392
14
#56140000
0!
1&
#56140679
03
#56142392
04
#56150000
1!
0&
#56150514
13
#56152392
14
#56160000
0!
1&
#56160679
03
#56162392
04
#56170000
1!
0&
#56170514
13
#56172392
14
#56180000
0!
1&
#56180679
03
#56182392
04
#56190000
1!
0&
#56190514
13
#56192392
14
#56200000
0!
1&
#56200679
03
#56202392
04
#56210000
1!
0&
#56210514
13
#56212392
14
#56220000
0!
1&
#56220679
03
#56222392
04
#56230000
1!
0&
#56230514
13
#56232392
14
#56240000
0!
1&
#56240679
03
#56242392
04
#56250000
1!
0&
#56250514
13
#56252392
14
#56256831
1\
1N
#56258727
1I
#56260000
0!
1&
#56260679
03
#56262392
04
#56270000
1!
0&
#56270514
13
#56272392
14
#56280000
0!
1&
#56280679
03
#56282392
04
#56290000
1!
0&
#56290514
13
#56292392
14
#56300000
0!
1&
#56300679
03
#56302392
04
#56310000
1!
0&
#56310514
13
#56312392
14
#56320000
0!
1&
#56320679
03
#56322392
04
#56330000
1!
0&
#56330514
13
#56332392
14
#56340000
0!
1&
#56340679
03
#56342392
04
#56350000
1!
0&
#56350514
13
#56352392
14
#56360000
0!
1&
#56360679
03
#56362392
04
#56370000
1!
0&
#56370514
13
#56372392
14
#56380000
0!
1&
#56380679
03
#56382392
04
#56390000
1!
0&
#56390514
13
#56392392
14
#56400000
0!
1&
#56400679
03
#56402392
04
#56410000
1!
0&
#56410514
13
#56412392
14
#56420000
0!
1&
#56420679
03
#56422392
04
#56430000
1!
0&
#56430514
13
#56432392
14
#56440000
0!
1&
#56440679
03
#56442392
04
#56450000
1!
0&
#56450514
13
#56452392
14
#56460000
0!
1&
#56460679
03
#56462392
04
#56470000
1!
0&
#56470514
13
#56472392
14
#56480000
0!
1&
#56480679
03
#56482392
04
#56490000
1!
0&
#56490514
13
#56492392
14
#56500000
0!
1&
#56500679
03
#56502392
04
#56510000
1!
0&
#56510514
13
#56512392
14
#56520000
0!
1&
#56520679
03
#56522392
04
#56530000
1!
0&
#56530514
13
#56532392
14
#56540000
0!
1&
#56540679
03
#56542392
04
#56550000
1!
0&
#56550514
13
#56552392
14
#56560000
0!
1&
#56560679
03
#56562392
04
#56570000
1!
0&
#56570514
13
#56572392
14
#56580000
0!
1&
#56580679
03
#56582392
04
#56590000
1!
0&
#56590514
13
#56592392
14
#56600000
0!
1&
#56600679
03
#56602392
04
#56610000
1!
0&
#56610514
13
#56612392
14
#56620000
0!
1&
#56620679
03
#56622392
04
#56630000
1!
0&
#56630514
13
#56632392
14
#56640000
0!
1&
#56640679
03
#56642392
04
#56650000
1!
0&
#56650514
13
#56652392
14
#56660000
0!
1&
#56660679
03
#56662392
04
#56670000
1!
0&
#56670514
13
#56672392
14
#56680000
0!
1&
#56680679
03
#56682392
04
#56690000
1!
0&
#56690514
13
#56692392
14
#56700000
0!
1&
#56700679
03
#56702392
04
#56710000
1!
0&
#56710514
13
#56712392
14
#56720000
0!
1&
#56720679
03
#56722392
04
#56730000
1!
0&
#56730514
13
#56732392
14
#56740000
0!
1&
#56740679
03
#56742392
04
#56750000
1!
0&
#56750514
13
#56752392
14
#56760000
0!
1&
#56760679
03
#56762392
04
#56770000
1!
0&
#56770514
13
#56772392
14
#56780000
0!
1&
#56780679
03
#56782392
04
#56790000
1!
0&
#56790514
13
#56792392
14
#56800000
0!
1&
#56800679
03
#56802392
04
#56810000
1!
0&
#56810514
13
#56812392
14
#56820000
0!
1&
#56820679
03
#56822392
04
#56830000
1!
0&
#56830514
13
#56832392
14
#56840000
0!
1&
#56840679
03
#56842392
04
#56850000
1!
0&
#56850514
13
#56852392
14
#56860000
0!
1&
#56860679
03
#56862392
04
#56870000
1!
0&
#56870514
13
#56872392
14
#56880000
0!
1&
#56880679
03
#56882392
04
#56890000
1!
0&
#56890514
13
#56892392
14
#56900000
0!
1&
#56900679
03
#56902392
04
#56910000
1!
0&
#56910514
13
#56912392
14
#56920000
0!
1&
#56920679
03
#56922392
04
#56930000
1!
0&
#56930514
13
#56932392
14
#56940000
0!
1&
#56940679
03
#56942392
04
#56950000
1!
0&
#56950514
13
#56952392
14
#56960000
0!
1&
#56960679
03
#56962392
04
#56970000
1!
0&
#56970514
13
#56972392
14
#56980000
0!
1&
#56980679
03
#56982392
04
#56990000
1!
0&
#56990514
13
#56992392
14
#57000000
0!
1&
#57000679
03
#57002392
04
#57010000
1!
0&
#57010514
13
#57012392
14
#57020000
0!
1&
#57020679
03
#57022392
04
#57030000
1!
0&
#57030514
13
#57032392
14
#57040000
0!
1&
#57040679
03
#57042392
04
#57050000
1!
0&
#57050514
13
#57052392
14
#57056831
0\
0N
#57058709
0I
#57060000
0!
1&
#57060679
03
#57062392
04
#57070000
1!
0&
#57070514
13
#57072392
14
#57080000
0!
1&
#57080679
03
#57082392
04
#57090000
1!
0&
#57090514
13
#57092392
14
#57100000
0!
1&
#57100679
03
#57102392
04
#57110000
1!
0&
#57110514
13
#57112392
14
#57120000
0!
1&
#57120679
03
#57122392
04
#57130000
1!
0&
#57130514
13
#57132392
14
#57140000
0!
1&
#57140679
03
#57142392
04
#57150000
1!
0&
#57150514
13
#57152392
14
#57160000
0!
1&
#57160679
03
#57162392
04
#57170000
1!
0&
#57170514
13
#57172392
14
#57180000
0!
1&
#57180679
03
#57182392
04
#57190000
1!
0&
#57190514
13
#57192392
14
#57200000
0!
1&
#57200679
03
#57202392
04
#57210000
1!
0&
#57210514
13
#57212392
14
#57220000
0!
1&
#57220679
03
#57222392
04
#57230000
1!
0&
#57230514
13
#57232392
14
#57240000
0!
1&
#57240679
03
#57242392
04
#57250000
1!
0&
#57250514
13
#57252392
14
#57260000
0!
1&
#57260679
03
#57262392
04
#57270000
1!
0&
#57270514
13
#57272392
14
#57280000
0!
1&
#57280679
03
#57282392
04
#57290000
1!
0&
#57290514
13
#57292392
14
#57300000
0!
1&
#57300679
03
#57302392
04
#57310000
1!
0&
#57310514
13
#57312392
14
#57320000
0!
1&
#57320679
03
#57322392
04
#57330000
1!
0&
#57330514
13
#57332392
14
#57340000
0!
1&
#57340679
03
#57342392
04
#57350000
1!
0&
#57350514
13
#57352392
14
#57360000
0!
1&
#57360679
03
#57362392
04
#57370000
1!
0&
#57370514
13
#57372392
14
#57380000
0!
1&
#57380679
03
#57382392
04
#57390000
1!
0&
#57390514
13
#57392392
14
#57400000
0!
1&
#57400679
03
#57402392
04
#57410000
1!
0&
#57410514
13
#57412392
14
#57420000
0!
1&
#57420679
03
#57422392
04
#57430000
1!
0&
#57430514
13
#57432392
14
#57440000
0!
1&
#57440679
03
#57442392
04
#57450000
1!
0&
#57450514
13
#57452392
14
#57460000
0!
1&
#57460679
03
#57462392
04
#57470000
1!
0&
#57470514
13
#57472392
14
#57480000
0!
1&
#57480679
03
#57482392
04
#57490000
1!
0&
#57490514
13
#57492392
14
#57500000
0!
1&
#57500679
03
#57502392
04
#57506831
1\
1N
#57508727
1I
#57510000
1!
0&
#57510514
13
#57512392
14
#57520000
0!
1&
#57520679
03
#57522392
04
#57530000
1!
0&
#57530514
13
#57532392
14
#57540000
0!
1&
#57540679
03
#57542392
04
#57550000
1!
0&
#57550514
13
#57552392
14
#57560000
0!
1&
#57560679
03
#57562392
04
#57570000
1!
0&
#57570514
13
#57572392
14
#57580000
0!
1&
#57580679
03
#57582392
04
#57590000
1!
0&
#57590514
13
#57592392
14
#57600000
0!
1&
#57600679
03
#57602392
04
#57610000
1!
0&
#57610514
13
#57612392
14
#57620000
0!
1&
#57620679
03
#57622392
04
#57630000
1!
0&
#57630514
13
#57632392
14
#57640000
0!
1&
#57640679
03
#57642392
04
#57650000
1!
0&
#57650514
13
#57652392
14
#57660000
0!
1&
#57660679
03
#57662392
04
#57670000
1!
0&
#57670514
13
#57672392
14
#57680000
0!
1&
#57680679
03
#57682392
04
#57690000
1!
0&
#57690514
13
#57692392
14
#57700000
0!
1&
#57700679
03
#57702392
04
#57710000
1!
0&
#57710514
13
#57712392
14
#57720000
0!
1&
#57720679
03
#57722392
04
#57730000
1!
0&
#57730514
13
#57732392
14
#57740000
0!
1&
#57740679
03
#57742392
04
#57750000
1!
0&
#57750514
13
#57752392
14
#57760000
0!
1&
#57760679
03
#57762392
04
#57770000
1!
0&
#57770514
13
#57772392
14
#57780000
0!
1&
#57780679
03
#57782392
04
#57790000
1!
0&
#57790514
13
#57792392
14
#57800000
0!
1&
#57800679
03
#57802392
04
#57810000
1!
0&
#57810514
13
#57812392
14
#57820000
0!
1&
#57820679
03
#57822392
04
#57830000
1!
0&
#57830514
13
#57832392
14
#57840000
0!
1&
#57840679
03
#57842392
04
#57850000
1!
0&
#57850514
13
#57852392
14
#57860000
0!
1&
#57860679
03
#57862392
04
#57870000
1!
0&
#57870514
13
#57872392
14
#57880000
0!
1&
#57880679
03
#57882392
04
#57890000
1!
0&
#57890514
13
#57892392
14
#57900000
0!
1&
#57900679
03
#57902392
04
#57910000
1!
0&
#57910514
13
#57912392
14
#57920000
0!
1&
#57920679
03
#57922392
04
#57930000
1!
0&
#57930514
13
#57932392
14
#57940000
0!
1&
#57940679
03
#57942392
04
#57950000
1!
0&
#57950514
13
#57952392
14
#57960000
0!
1&
#57960679
03
#57962392
04
#57970000
1!
0&
#57970514
13
#57972392
14
#57980000
0!
1&
#57980679
03
#57982392
04
#57990000
1!
0&
#57990514
13
#57992392
14
#58000000
0!
1&
#58000679
03
#58002392
04
#58010000
1!
0&
#58010514
13
#58012392
14
#58020000
0!
1&
#58020679
03
#58022392
04
#58030000
1!
0&
#58030514
13
#58032392
14
#58040000
0!
1&
#58040679
03
#58042392
04
#58050000
1!
0&
#58050514
13
#58052392
14
#58060000
0!
1&
#58060679
03
#58062392
04
#58070000
1!
0&
#58070514
13
#58072392
14
#58080000
0!
1&
#58080679
03
#58082392
04
#58090000
1!
0&
#58090514
13
#58092392
14
#58100000
0!
1&
#58100679
03
#58102392
04
#58110000
1!
0&
#58110514
13
#58112392
14
#58120000
0!
1&
#58120679
03
#58122392
04
#58130000
1!
0&
#58130514
13
#58132392
14
#58140000
0!
1&
#58140679
03
#58142392
04
#58150000
1!
0&
#58150514
13
#58152392
14
#58160000
0!
1&
#58160679
03
#58162392
04
#58170000
1!
0&
#58170514
13
#58172392
14
#58180000
0!
1&
#58180679
03
#58182392
04
#58190000
1!
0&
#58190514
13
#58192392
14
#58200000
0!
1&
#58200679
03
#58202392
04
#58210000
1!
0&
#58210514
13
#58212392
14
#58220000
0!
1&
#58220679
03
#58222392
04
#58230000
1!
0&
#58230514
13
#58232392
14
#58240000
0!
1&
#58240679
03
#58242392
04
#58250000
1!
0&
#58250514
13
#58252392
14
#58260000
0!
1&
#58260679
03
#58262392
04
#58270000
1!
0&
#58270514
13
#58272392
14
#58280000
0!
1&
#58280679
03
#58282392
04
#58290000
1!
0&
#58290514
13
#58292392
14
#58300000
0!
1&
#58300679
03
#58302392
04
#58306831
0\
0N
#58308709
0I
#58310000
1!
0&
#58310514
13
#58312392
14
#58320000
0!
1&
#58320679
03
#58322392
04
#58330000
1!
0&
#58330514
13
#58332392
14
#58340000
0!
1&
#58340679
03
#58342392
04
#58350000
1!
0&
#58350514
13
#58352392
14
#58360000
0!
1&
#58360679
03
#58362392
04
#58370000
1!
0&
#58370514
13
#58372392
14
#58380000
0!
1&
#58380679
03
#58382392
04
#58390000
1!
0&
#58390514
13
#58392392
14
#58400000
0!
1&
#58400679
03
#58402392
04
#58410000
1!
0&
#58410514
13
#58412392
14
#58420000
0!
1&
#58420679
03
#58422392
04
#58430000
1!
0&
#58430514
13
#58432392
14
#58440000
0!
1&
#58440679
03
#58442392
04
#58450000
1!
0&
#58450514
13
#58452392
14
#58460000
0!
1&
#58460679
03
#58462392
04
#58470000
1!
0&
#58470514
13
#58472392
14
#58480000
0!
1&
#58480679
03
#58482392
04
#58490000
1!
0&
#58490514
13
#58492392
14
#58500000
0!
1&
#58500679
03
#58502392
04
#58510000
1!
0&
#58510514
13
#58512392
14
#58520000
0!
1&
#58520679
03
#58522392
04
#58530000
1!
0&
#58530514
13
#58532392
14
#58540000
0!
1&
#58540679
03
#58542392
04
#58550000
1!
0&
#58550514
13
#58552392
14
#58560000
0!
1&
#58560679
03
#58562392
04
#58570000
1!
0&
#58570514
13
#58572392
14
#58580000
0!
1&
#58580679
03
#58582392
04
#58590000
1!
0&
#58590514
13
#58592392
14
#58600000
0!
1&
#58600679
03
#58602392
04
#58610000
1!
0&
#58610514
13
#58612392
14
#58620000
0!
1&
#58620679
03
#58622392
04
#58630000
1!
0&
#58630514
13
#58632392
14
#58640000
0!
1&
#58640679
03
#58642392
04
#58650000
1!
0&
#58650514
13
#58652392
14
#58660000
0!
1&
#58660679
03
#58662392
04
#58670000
1!
0&
#58670514
13
#58672392
14
#58680000
0!
1&
#58680679
03
#58682392
04
#58690000
1!
0&
#58690514
13
#58692392
14
#58700000
0!
1&
#58700679
03
#58702392
04
#58710000
1!
0&
#58710514
13
#58712392
14
#58720000
0!
1&
#58720679
03
#58722392
04
#58730000
1!
0&
#58730514
13
#58732392
14
#58740000
0!
1&
#58740679
03
#58742392
04
#58750000
1!
0&
#58750514
13
#58752392
14
#58756831
1\
1N
#58758727
1I
#58760000
0!
1&
#58760679
03
#58762392
04
#58770000
1!
0&
#58770514
13
#58772392
14
#58780000
0!
1&
#58780679
03
#58782392
04
#58790000
1!
0&
#58790514
13
#58792392
14
#58800000
0!
1&
#58800679
03
#58802392
04
#58810000
1!
0&
#58810514
13
#58812392
14
#58820000
0!
1&
#58820679
03
#58822392
04
#58830000
1!
0&
#58830514
13
#58832392
14
#58840000
0!
1&
#58840679
03
#58842392
04
#58850000
1!
0&
#58850514
13
#58852392
14
#58860000
0!
1&
#58860679
03
#58862392
04
#58870000
1!
0&
#58870514
13
#58872392
14
#58880000
0!
1&
#58880679
03
#58882392
04
#58890000
1!
0&
#58890514
13
#58892392
14
#58900000
0!
1&
#58900679
03
#58902392
04
#58910000
1!
0&
#58910514
13
#58912392
14
#58920000
0!
1&
#58920679
03
#58922392
04
#58930000
1!
0&
#58930514
13
#58932392
14
#58940000
0!
1&
#58940679
03
#58942392
04
#58950000
1!
0&
#58950514
13
#58952392
14
#58960000
0!
1&
#58960679
03
#58962392
04
#58970000
1!
0&
#58970514
13
#58972392
14
#58980000
0!
1&
#58980679
03
#58982392
04
#58990000
1!
0&
#58990514
13
#58992392
14
#59000000
0!
1&
#59000679
03
#59002392
04
#59010000
1!
0&
#59010514
13
#59012392
14
#59020000
0!
1&
#59020679
03
#59022392
04
#59030000
1!
0&
#59030514
13
#59032392
14
#59040000
0!
1&
#59040679
03
#59042392
04
#59050000
1!
0&
#59050514
13
#59052392
14
#59060000
0!
1&
#59060679
03
#59062392
04
#59070000
1!
0&
#59070514
13
#59072392
14
#59080000
0!
1&
#59080679
03
#59082392
04
#59090000
1!
0&
#59090514
13
#59092392
14
#59100000
0!
1&
#59100679
03
#59102392
04
#59110000
1!
0&
#59110514
13
#59112392
14
#59120000
0!
1&
#59120679
03
#59122392
04
#59130000
1!
0&
#59130514
13
#59132392
14
#59140000
0!
1&
#59140679
03
#59142392
04
#59150000
1!
0&
#59150514
13
#59152392
14
#59160000
0!
1&
#59160679
03
#59162392
04
#59170000
1!
0&
#59170514
13
#59172392
14
#59180000
0!
1&
#59180679
03
#59182392
04
#59190000
1!
0&
#59190514
13
#59192392
14
#59200000
0!
1&
#59200679
03
#59202392
04
#59210000
1!
0&
#59210514
13
#59212392
14
#59220000
0!
1&
#59220679
03
#59222392
04
#59230000
1!
0&
#59230514
13
#59232392
14
#59240000
0!
1&
#59240679
03
#59242392
04
#59250000
1!
0&
#59250514
13
#59252392
14
#59260000
0!
1&
#59260679
03
#59262392
04
#59270000
1!
0&
#59270514
13
#59272392
14
#59280000
0!
1&
#59280679
03
#59282392
04
#59290000
1!
0&
#59290514
13
#59292392
14
#59300000
0!
1&
#59300679
03
#59302392
04
#59310000
1!
0&
#59310514
13
#59312392
14
#59320000
0!
1&
#59320679
03
#59322392
04
#59330000
1!
0&
#59330514
13
#59332392
14
#59340000
0!
1&
#59340679
03
#59342392
04
#59350000
1!
0&
#59350514
13
#59352392
14
#59360000
0!
1&
#59360679
03
#59362392
04
#59370000
1!
0&
#59370514
13
#59372392
14
#59380000
0!
1&
#59380679
03
#59382392
04
#59390000
1!
0&
#59390514
13
#59392392
14
#59400000
0!
1&
#59400679
03
#59402392
04
#59410000
1!
0&
#59410514
13
#59412392
14
#59420000
0!
1&
#59420679
03
#59422392
04
#59430000
1!
0&
#59430514
13
#59432392
14
#59440000
0!
1&
#59440679
03
#59442392
04
#59450000
1!
0&
#59450514
13
#59452392
14
#59460000
0!
1&
#59460679
03
#59462392
04
#59470000
1!
0&
#59470514
13
#59472392
14
#59480000
0!
1&
#59480679
03
#59482392
04
#59490000
1!
0&
#59490514
13
#59492392
14
#59500000
0!
1&
#59500679
03
#59502392
04
#59510000
1!
0&
#59510514
13
#59512392
14
#59520000
0!
1&
#59520679
03
#59522392
04
#59530000
1!
0&
#59530514
13
#59532392
14
#59540000
0!
1&
#59540679
03
#59542392
04
#59550000
1!
0&
#59550514
13
#59552392
14
#59556831
0\
0N
#59558709
0I
#59560000
0!
1&
#59560679
03
#59562392
04
#59570000
1!
0&
#59570514
13
#59572392
14
#59580000
0!
1&
#59580679
03
#59582392
04
#59590000
1!
0&
#59590514
13
#59592392
14
#59600000
0!
1&
#59600679
03
#59602392
04
#59610000
1!
0&
#59610514
13
#59612392
14
#59620000
0!
1&
#59620679
03
#59622392
04
#59630000
1!
0&
#59630514
13
#59632392
14
#59640000
0!
1&
#59640679
03
#59642392
04
#59650000
1!
0&
#59650514
13
#59652392
14
#59660000
0!
1&
#59660679
03
#59662392
04
#59670000
1!
0&
#59670514
13
#59672392
14
#59680000
0!
1&
#59680679
03
#59682392
04
#59690000
1!
0&
#59690514
13
#59692392
14
#59700000
0!
1&
#59700679
03
#59702392
04
#59710000
1!
0&
#59710514
13
#59712392
14
#59720000
0!
1&
#59720679
03
#59722392
04
#59730000
1!
0&
#59730514
13
#59732392
14
#59740000
0!
1&
#59740679
03
#59742392
04
#59750000
1!
0&
#59750514
13
#59752392
14
#59760000
0!
1&
#59760679
03
#59762392
04
#59770000
1!
0&
#59770514
13
#59772392
14
#59780000
0!
1&
#59780679
03
#59782392
04
#59790000
1!
0&
#59790514
13
#59792392
14
#59800000
0!
1&
#59800679
03
#59802392
04
#59810000
1!
0&
#59810514
13
#59812392
14
#59820000
0!
1&
#59820679
03
#59822392
04
#59830000
1!
0&
#59830514
13
#59832392
14
#59840000
0!
1&
#59840679
03
#59842392
04
#59850000
1!
0&
#59850514
13
#59852392
14
#59860000
0!
1&
#59860679
03
#59862392
04
#59870000
1!
0&
#59870514
13
#59872392
14
#59880000
0!
1&
#59880679
03
#59882392
04
#59890000
1!
0&
#59890514
13
#59892392
14
#59900000
0!
1&
#59900679
03
#59902392
04
#59910000
1!
0&
#59910514
13
#59912392
14
#59920000
0!
1&
#59920679
03
#59922392
04
#59930000
1!
0&
#59930514
13
#59932392
14
#59940000
0!
1&
#59940679
03
#59942392
04
#59950000
1!
0&
#59950514
13
#59952392
14
#59960000
0!
1&
#59960679
03
#59962392
04
#59970000
1!
0&
#59970514
13
#59972392
14
#59980000
0!
1&
#59980679
03
#59982392
04
#59990000
1!
0&
#59990514
13
#59992392
14
#60000000
0!
1&
#60000679
03
#60002392
04
#60006831
1\
1N
#60008727
1I
#60010000
1!
0&
#60010514
13
#60012392
14
#60020000
0!
1&
#60020679
03
#60022392
04
#60030000
1!
0&
#60030514
13
#60032392
14
#60040000
0!
1&
#60040679
03
#60042392
04
#60050000
1!
0&
#60050514
13
#60052392
14
#60060000
0!
1&
#60060679
03
#60062392
04
#60070000
1!
0&
#60070514
13
#60072392
14
#60080000
0!
1&
#60080679
03
#60082392
04
#60090000
1!
0&
#60090514
13
#60092392
14
#60100000
0!
1&
#60100679
03
#60102392
04
#60110000
1!
0&
#60110514
13
#60112392
14
#60120000
0!
1&
#60120679
03
#60122392
04
#60130000
1!
0&
#60130514
13
#60132392
14
#60140000
0!
1&
#60140679
03
#60142392
04
#60150000
1!
0&
#60150514
13
#60152392
14
#60160000
0!
1&
#60160679
03
#60162392
04
#60170000
1!
0&
#60170514
13
#60172392
14
#60180000
0!
1&
#60180679
03
#60182392
04
#60190000
1!
0&
#60190514
13
#60192392
14
#60200000
0!
1&
#60200679
03
#60202392
04
#60210000
1!
0&
#60210514
13
#60212392
14
#60220000
0!
1&
#60220679
03
#60222392
04
#60230000
1!
0&
#60230514
13
#60232392
14
#60240000
0!
1&
#60240679
03
#60242392
04
#60250000
1!
0&
#60250514
13
#60252392
14
#60260000
0!
1&
#60260679
03
#60262392
04
#60270000
1!
0&
#60270514
13
#60272392
14
#60280000
0!
1&
#60280679
03
#60282392
04
#60290000
1!
0&
#60290514
13
#60292392
14
#60300000
0!
1&
#60300679
03
#60302392
04
#60310000
1!
0&
#60310514
13
#60312392
14
#60320000
0!
1&
#60320679
03
#60322392
04
#60330000
1!
0&
#60330514
13
#60332392
14
#60340000
0!
1&
#60340679
03
#60342392
04
#60350000
1!
0&
#60350514
13
#60352392
14
#60360000
0!
1&
#60360679
03
#60362392
04
#60370000
1!
0&
#60370514
13
#60372392
14
#60380000
0!
1&
#60380679
03
#60382392
04
#60390000
1!
0&
#60390514
13
#60392392
14
#60400000
0!
1&
#60400679
03
#60402392
04
#60410000
1!
0&
#60410514
13
#60412392
14
#60420000
0!
1&
#60420679
03
#60422392
04
#60430000
1!
0&
#60430514
13
#60432392
14
#60440000
0!
1&
#60440679
03
#60442392
04
#60450000
1!
0&
#60450514
13
#60452392
14
#60460000
0!
1&
#60460679
03
#60462392
04
#60470000
1!
0&
#60470514
13
#60472392
14
#60480000
0!
1&
#60480679
03
#60482392
04
#60490000
1!
0&
#60490514
13
#60492392
14
#60500000
0!
1&
#60500679
03
#60502392
04
#60510000
1!
0&
#60510514
13
#60512392
14
#60520000
0!
1&
#60520679
03
#60522392
04
#60530000
1!
0&
#60530514
13
#60532392
14
#60540000
0!
1&
#60540679
03
#60542392
04
#60550000
1!
0&
#60550514
13
#60552392
14
#60560000
0!
1&
#60560679
03
#60562392
04
#60570000
1!
0&
#60570514
13
#60572392
14
#60580000
0!
1&
#60580679
03
#60582392
04
#60590000
1!
0&
#60590514
13
#60592392
14
#60600000
0!
1&
#60600679
03
#60602392
04
#60610000
1!
0&
#60610514
13
#60612392
14
#60620000
0!
1&
#60620679
03
#60622392
04
#60630000
1!
0&
#60630514
13
#60632392
14
#60640000
0!
1&
#60640679
03
#60642392
04
#60650000
1!
0&
#60650514
13
#60652392
14
#60660000
0!
1&
#60660679
03
#60662392
04
#60670000
1!
0&
#60670514
13
#60672392
14
#60680000
0!
1&
#60680679
03
#60682392
04
#60690000
1!
0&
#60690514
13
#60692392
14
#60700000
0!
1&
#60700679
03
#60702392
04
#60710000
1!
0&
#60710514
13
#60712392
14
#60720000
0!
1&
#60720679
03
#60722392
04
#60730000
1!
0&
#60730514
13
#60732392
14
#60740000
0!
1&
#60740679
03
#60742392
04
#60750000
1!
0&
#60750514
13
#60752392
14
#60760000
0!
1&
#60760679
03
#60762392
04
#60770000
1!
0&
#60770514
13
#60772392
14
#60780000
0!
1&
#60780679
03
#60782392
04
#60790000
1!
0&
#60790514
13
#60792392
14
#60800000
0!
1&
#60800679
03
#60802392
04
#60806831
0\
0N
#60808709
0I
#60810000
1!
0&
#60810514
13
#60812392
14
#60820000
0!
1&
#60820679
03
#60822392
04
#60830000
1!
0&
#60830514
13
#60832392
14
#60840000
0!
1&
#60840679
03
#60842392
04
#60850000
1!
0&
#60850514
13
#60852392
14
#60860000
0!
1&
#60860679
03
#60862392
04
#60870000
1!
0&
#60870514
13
#60872392
14
#60880000
0!
1&
#60880679
03
#60882392
04
#60890000
1!
0&
#60890514
13
#60892392
14
#60900000
0!
1&
#60900679
03
#60902392
04
#60910000
1!
0&
#60910514
13
#60912392
14
#60920000
0!
1&
#60920679
03
#60922392
04
#60930000
1!
0&
#60930514
13
#60932392
14
#60940000
0!
1&
#60940679
03
#60942392
04
#60950000
1!
0&
#60950514
13
#60952392
14
#60960000
0!
1&
#60960679
03
#60962392
04
#60970000
1!
0&
#60970514
13
#60972392
14
#60980000
0!
1&
#60980679
03
#60982392
04
#60990000
1!
0&
#60990514
13
#60992392
14
#61000000
0!
1&
#61000679
03
#61002392
04
#61010000
1!
0&
#61010514
13
#61012392
14
#61020000
0!
1&
#61020679
03
#61022392
04
#61030000
1!
0&
#61030514
13
#61032392
14
#61040000
0!
1&
#61040679
03
#61042392
04
#61050000
1!
0&
#61050514
13
#61052392
14
#61060000
0!
1&
#61060679
03
#61062392
04
#61070000
1!
0&
#61070514
13
#61072392
14
#61080000
0!
1&
#61080679
03
#61082392
04
#61090000
1!
0&
#61090514
13
#61092392
14
#61100000
0!
1&
#61100679
03
#61102392
04
#61110000
1!
0&
#61110514
13
#61112392
14
#61120000
0!
1&
#61120679
03
#61122392
04
#61130000
1!
0&
#61130514
13
#61132392
14
#61140000
0!
1&
#61140679
03
#61142392
04
#61150000
1!
0&
#61150514
13
#61152392
14
#61160000
0!
1&
#61160679
03
#61162392
04
#61170000
1!
0&
#61170514
13
#61172392
14
#61180000
0!
1&
#61180679
03
#61182392
04
#61190000
1!
0&
#61190514
13
#61192392
14
#61200000
0!
1&
#61200679
03
#61202392
04
#61210000
1!
0&
#61210514
13
#61212392
14
#61220000
0!
1&
#61220679
03
#61222392
04
#61230000
1!
0&
#61230514
13
#61232392
14
#61240000
0!
1&
#61240679
03
#61242392
04
#61250000
1!
0&
#61250514
13
#61252392
14
#61256831
1\
1N
#61258727
1I
#61260000
0!
1&
#61260679
03
#61262392
04
#61270000
1!
0&
#61270514
13
#61272392
14
#61280000
0!
1&
#61280679
03
#61282392
04
#61290000
1!
0&
#61290514
13
#61292392
14
#61300000
0!
1&
#61300679
03
#61302392
04
#61310000
1!
0&
#61310514
13
#61312392
14
#61320000
0!
1&
#61320679
03
#61322392
04
#61330000
1!
0&
#61330514
13
#61332392
14
#61340000
0!
1&
#61340679
03
#61342392
04
#61350000
1!
0&
#61350514
13
#61352392
14
#61360000
0!
1&
#61360679
03
#61362392
04
#61370000
1!
0&
#61370514
13
#61372392
14
#61380000
0!
1&
#61380679
03
#61382392
04
#61390000
1!
0&
#61390514
13
#61392392
14
#61400000
0!
1&
#61400679
03
#61402392
04
#61410000
1!
0&
#61410514
13
#61412392
14
#61420000
0!
1&
#61420679
03
#61422392
04
#61430000
1!
0&
#61430514
13
#61432392
14
#61440000
0!
1&
#61440679
03
#61442392
04
#61450000
1!
0&
#61450514
13
#61452392
14
#61460000
0!
1&
#61460679
03
#61462392
04
#61470000
1!
0&
#61470514
13
#61472392
14
#61480000
0!
1&
#61480679
03
#61482392
04
#61490000
1!
0&
#61490514
13
#61492392
14
#61500000
0!
1&
#61500679
03
#61502392
04
#61510000
1!
0&
#61510514
13
#61512392
14
#61520000
0!
1&
#61520679
03
#61522392
04
#61530000
1!
0&
#61530514
13
#61532392
14
#61540000
0!
1&
#61540679
03
#61542392
04
#61550000
1!
0&
#61550514
13
#61552392
14
#61560000
0!
1&
#61560679
03
#61562392
04
#61570000
1!
0&
#61570514
13
#61572392
14
#61580000
0!
1&
#61580679
03
#61582392
04
#61590000
1!
0&
#61590514
13
#61592392
14
#61600000
0!
1&
#61600679
03
#61602392
04
#61610000
1!
0&
#61610514
13
#61612392
14
#61620000
0!
1&
#61620679
03
#61622392
04
#61630000
1!
0&
#61630514
13
#61632392
14
#61640000
0!
1&
#61640679
03
#61642392
04
#61650000
1!
0&
#61650514
13
#61652392
14
#61660000
0!
1&
#61660679
03
#61662392
04
#61670000
1!
0&
#61670514
13
#61672392
14
#61680000
0!
1&
#61680679
03
#61682392
04
#61690000
1!
0&
#61690514
13
#61692392
14
#61700000
0!
1&
#61700679
03
#61702392
04
#61710000
1!
0&
#61710514
13
#61712392
14
#61720000
0!
1&
#61720679
03
#61722392
04
#61730000
1!
0&
#61730514
13
#61732392
14
#61740000
0!
1&
#61740679
03
#61742392
04
#61750000
1!
0&
#61750514
13
#61752392
14
#61760000
0!
1&
#61760679
03
#61762392
04
#61770000
1!
0&
#61770514
13
#61772392
14
#61780000
0!
1&
#61780679
03
#61782392
04
#61790000
1!
0&
#61790514
13
#61792392
14
#61800000
0!
1&
#61800679
03
#61802392
04
#61810000
1!
0&
#61810514
13
#61812392
14
#61820000
0!
1&
#61820679
03
#61822392
04
#61830000
1!
0&
#61830514
13
#61832392
14
#61840000
0!
1&
#61840679
03
#61842392
04
#61850000
1!
0&
#61850514
13
#61852392
14
#61860000
0!
1&
#61860679
03
#61862392
04
#61870000
1!
0&
#61870514
13
#61872392
14
#61880000
0!
1&
#61880679
03
#61882392
04
#61890000
1!
0&
#61890514
13
#61892392
14
#61900000
0!
1&
#61900679
03
#61902392
04
#61910000
1!
0&
#61910514
13
#61912392
14
#61920000
0!
1&
#61920679
03
#61922392
04
#61930000
1!
0&
#61930514
13
#61932392
14
#61940000
0!
1&
#61940679
03
#61942392
04
#61950000
1!
0&
#61950514
13
#61952392
14
#61960000
0!
1&
#61960679
03
#61962392
04
#61970000
1!
0&
#61970514
13
#61972392
14
#61980000
0!
1&
#61980679
03
#61982392
04
#61990000
1!
0&
#61990514
13
#61992392
14
#62000000
0!
1&
#62000679
03
#62002392
04
#62010000
1!
0&
#62010514
13
#62012392
14
#62020000
0!
1&
#62020679
03
#62022392
04
#62030000
1!
0&
#62030514
13
#62032392
14
#62040000
0!
1&
#62040679
03
#62042392
04
#62050000
1!
0&
#62050514
13
#62052392
14
#62056831
0\
0N
#62058709
0I
#62060000
0!
1&
#62060679
03
#62062392
04
#62070000
1!
0&
#62070514
13
#62072392
14
#62080000
0!
1&
#62080679
03
#62082392
04
#62090000
1!
0&
#62090514
13
#62092392
14
#62100000
0!
1&
#62100679
03
#62102392
04
#62110000
1!
0&
#62110514
13
#62112392
14
#62120000
0!
1&
#62120679
03
#62122392
04
#62130000
1!
0&
#62130514
13
#62132392
14
#62140000
0!
1&
#62140679
03
#62142392
04
#62150000
1!
0&
#62150514
13
#62152392
14
#62160000
0!
1&
#62160679
03
#62162392
04
#62170000
1!
0&
#62170514
13
#62172392
14
#62180000
0!
1&
#62180679
03
#62182392
04
#62190000
1!
0&
#62190514
13
#62192392
14
#62200000
0!
1&
#62200679
03
#62202392
04
#62210000
1!
0&
#62210514
13
#62212392
14
#62220000
0!
1&
#62220679
03
#62222392
04
#62230000
1!
0&
#62230514
13
#62232392
14
#62240000
0!
1&
#62240679
03
#62242392
04
#62250000
1!
0&
#62250514
13
#62252392
14
#62260000
0!
1&
#62260679
03
#62262392
04
#62270000
1!
0&
#62270514
13
#62272392
14
#62280000
0!
1&
#62280679
03
#62282392
04
#62290000
1!
0&
#62290514
13
#62292392
14
#62300000
0!
1&
#62300679
03
#62302392
04
#62310000
1!
0&
#62310514
13
#62312392
14
#62320000
0!
1&
#62320679
03
#62322392
04
#62330000
1!
0&
#62330514
13
#62332392
14
#62340000
0!
1&
#62340679
03
#62342392
04
#62350000
1!
0&
#62350514
13
#62352392
14
#62360000
0!
1&
#62360679
03
#62362392
04
#62370000
1!
0&
#62370514
13
#62372392
14
#62380000
0!
1&
#62380679
03
#62382392
04
#62390000
1!
0&
#62390514
13
#62392392
14
#62400000
0!
1&
#62400679
03
#62402392
04
#62410000
1!
0&
#62410514
13
#62412392
14
#62420000
0!
1&
#62420679
03
#62422392
04
#62430000
1!
0&
#62430514
13
#62432392
14
#62440000
0!
1&
#62440679
03
#62442392
04
#62450000
1!
0&
#62450514
13
#62452392
14
#62460000
0!
1&
#62460679
03
#62462392
04
#62470000
1!
0&
#62470514
13
#62472392
14
#62480000
0!
1&
#62480679
03
#62482392
04
#62490000
1!
0&
#62490514
13
#62492392
14
#62500000
0!
1&
#62500679
03
#62502392
04
#62506831
1\
1N
#62508727
1I
#62510000
1!
0&
#62510514
13
#62512392
14
#62520000
0!
1&
#62520679
03
#62522392
04
#62530000
1!
0&
#62530514
13
#62532392
14
#62540000
0!
1&
#62540679
03
#62542392
04
#62550000
1!
0&
#62550514
13
#62552392
14
#62560000
0!
1&
#62560679
03
#62562392
04
#62570000
1!
0&
#62570514
13
#62572392
14
#62580000
0!
1&
#62580679
03
#62582392
04
#62590000
1!
0&
#62590514
13
#62592392
14
#62600000
0!
1&
#62600679
03
#62602392
04
#62610000
1!
0&
#62610514
13
#62612392
14
#62620000
0!
1&
#62620679
03
#62622392
04
#62630000
1!
0&
#62630514
13
#62632392
14
#62640000
0!
1&
#62640679
03
#62642392
04
#62650000
1!
0&
#62650514
13
#62652392
14
#62660000
0!
1&
#62660679
03
#62662392
04
#62670000
1!
0&
#62670514
13
#62672392
14
#62680000
0!
1&
#62680679
03
#62682392
04
#62690000
1!
0&
#62690514
13
#62692392
14
#62700000
0!
1&
#62700679
03
#62702392
04
#62710000
1!
0&
#62710514
13
#62712392
14
#62720000
0!
1&
#62720679
03
#62722392
04
#62730000
1!
0&
#62730514
13
#62732392
14
#62740000
0!
1&
#62740679
03
#62742392
04
#62750000
1!
0&
#62750514
13
#62752392
14
#62760000
0!
1&
#62760679
03
#62762392
04
#62770000
1!
0&
#62770514
13
#62772392
14
#62780000
0!
1&
#62780679
03
#62782392
04
#62790000
1!
0&
#62790514
13
#62792392
14
#62800000
0!
1&
#62800679
03
#62802392
04
#62810000
1!
0&
#62810514
13
#62812392
14
#62820000
0!
1&
#62820679
03
#62822392
04
#62830000
1!
0&
#62830514
13
#62832392
14
#62840000
0!
1&
#62840679
03
#62842392
04
#62850000
1!
0&
#62850514
13
#62852392
14
#62860000
0!
1&
#62860679
03
#62862392
04
#62870000
1!
0&
#62870514
13
#62872392
14
#62880000
0!
1&
#62880679
03
#62882392
04
#62890000
1!
0&
#62890514
13
#62892392
14
#62900000
0!
1&
#62900679
03
#62902392
04
#62910000
1!
0&
#62910514
13
#62912392
14
#62920000
0!
1&
#62920679
03
#62922392
04
#62930000
1!
0&
#62930514
13
#62932392
14
#62940000
0!
1&
#62940679
03
#62942392
04
#62950000
1!
0&
#62950514
13
#62952392
14
#62960000
0!
1&
#62960679
03
#62962392
04
#62970000
1!
0&
#62970514
13
#62972392
14
#62980000
0!
1&
#62980679
03
#62982392
04
#62990000
1!
0&
#62990514
13
#62992392
14
#63000000
0!
1&
#63000679
03
#63002392
04
#63010000
1!
0&
#63010514
13
#63012392
14
#63020000
0!
1&
#63020679
03
#63022392
04
#63030000
1!
0&
#63030514
13
#63032392
14
#63040000
0!
1&
#63040679
03
#63042392
04
#63050000
1!
0&
#63050514
13
#63052392
14
#63060000
0!
1&
#63060679
03
#63062392
04
#63070000
1!
0&
#63070514
13
#63072392
14
#63080000
0!
1&
#63080679
03
#63082392
04
#63090000
1!
0&
#63090514
13
#63092392
14
#63100000
0!
1&
#63100679
03
#63102392
04
#63110000
1!
0&
#63110514
13
#63112392
14
#63120000
0!
1&
#63120679
03
#63122392
04
#63130000
1!
0&
#63130514
13
#63132392
14
#63140000
0!
1&
#63140679
03
#63142392
04
#63150000
1!
0&
#63150514
13
#63152392
14
#63160000
0!
1&
#63160679
03
#63162392
04
#63170000
1!
0&
#63170514
13
#63172392
14
#63180000
0!
1&
#63180679
03
#63182392
04
#63190000
1!
0&
#63190514
13
#63192392
14
#63200000
0!
1&
#63200679
03
#63202392
04
#63210000
1!
0&
#63210514
13
#63212392
14
#63220000
0!
1&
#63220679
03
#63222392
04
#63230000
1!
0&
#63230514
13
#63232392
14
#63240000
0!
1&
#63240679
03
#63242392
04
#63250000
1!
0&
#63250514
13
#63252392
14
#63260000
0!
1&
#63260679
03
#63262392
04
#63270000
1!
0&
#63270514
13
#63272392
14
#63280000
0!
1&
#63280679
03
#63282392
04
#63290000
1!
0&
#63290514
13
#63292392
14
#63300000
0!
1&
#63300679
03
#63302392
04
#63306831
0\
0N
#63308709
0I
#63310000
1!
0&
#63310514
13
#63312392
14
#63320000
0!
1&
#63320679
03
#63322392
04
#63330000
1!
0&
#63330514
13
#63332392
14
#63340000
0!
1&
#63340679
03
#63342392
04
#63350000
1!
0&
#63350514
13
#63352392
14
#63360000
0!
1&
#63360679
03
#63362392
04
#63370000
1!
0&
#63370514
13
#63372392
14
#63380000
0!
1&
#63380679
03
#63382392
04
#63390000
1!
0&
#63390514
13
#63392392
14
#63400000
0!
1&
#63400679
03
#63402392
04
#63410000
1!
0&
#63410514
13
#63412392
14
#63420000
0!
1&
#63420679
03
#63422392
04
#63430000
1!
0&
#63430514
13
#63432392
14
#63440000
0!
1&
#63440679
03
#63442392
04
#63450000
1!
0&
#63450514
13
#63452392
14
#63460000
0!
1&
#63460679
03
#63462392
04
#63470000
1!
0&
#63470514
13
#63472392
14
#63480000
0!
1&
#63480679
03
#63482392
04
#63490000
1!
0&
#63490514
13
#63492392
14
#63500000
0!
1&
#63500679
03
#63502392
04
#63510000
1!
0&
#63510514
13
#63512392
14
#63520000
0!
1&
#63520679
03
#63522392
04
#63530000
1!
0&
#63530514
13
#63532392
14
#63540000
0!
1&
#63540679
03
#63542392
04
#63550000
1!
0&
#63550514
13
#63552392
14
#63560000
0!
1&
#63560679
03
#63562392
04
#63570000
1!
0&
#63570514
13
#63572392
14
#63580000
0!
1&
#63580679
03
#63582392
04
#63590000
1!
0&
#63590514
13
#63592392
14
#63600000
0!
1&
#63600679
03
#63602392
04
#63610000
1!
0&
#63610514
13
#63612392
14
#63620000
0!
1&
#63620679
03
#63622392
04
#63630000
1!
0&
#63630514
13
#63632392
14
#63640000
0!
1&
#63640679
03
#63642392
04
#63650000
1!
0&
#63650514
13
#63652392
14
#63660000
0!
1&
#63660679
03
#63662392
04
#63670000
1!
0&
#63670514
13
#63672392
14
#63680000
0!
1&
#63680679
03
#63682392
04
#63690000
1!
0&
#63690514
13
#63692392
14
#63700000
0!
1&
#63700679
03
#63702392
04
#63710000
1!
0&
#63710514
13
#63712392
14
#63720000
0!
1&
#63720679
03
#63722392
04
#63730000
1!
0&
#63730514
13
#63732392
14
#63740000
0!
1&
#63740679
03
#63742392
04
#63750000
1!
0&
#63750514
13
#63752392
14
#63756831
1\
1N
#63758727
1I
#63760000
0!
1&
#63760679
03
#63762392
04
#63770000
1!
0&
#63770514
13
#63772392
14
#63780000
0!
1&
#63780679
03
#63782392
04
#63790000
1!
0&
#63790514
13
#63792392
14
#63800000
0!
1&
#63800679
03
#63802392
04
#63810000
1!
0&
#63810514
13
#63812392
14
#63820000
0!
1&
#63820679
03
#63822392
04
#63830000
1!
0&
#63830514
13
#63832392
14
#63840000
0!
1&
#63840679
03
#63842392
04
#63850000
1!
0&
#63850514
13
#63852392
14
#63860000
0!
1&
#63860679
03
#63862392
04
#63870000
1!
0&
#63870514
13
#63872392
14
#63880000
0!
1&
#63880679
03
#63882392
04
#63890000
1!
0&
#63890514
13
#63892392
14
#63900000
0!
1&
#63900679
03
#63902392
04
#63910000
1!
0&
#63910514
13
#63912392
14
#63920000
0!
1&
#63920679
03
#63922392
04
#63930000
1!
0&
#63930514
13
#63932392
14
#63940000
0!
1&
#63940679
03
#63942392
04
#63950000
1!
0&
#63950514
13
#63952392
14
#63960000
0!
1&
#63960679
03
#63962392
04
#63970000
1!
0&
#63970514
13
#63972392
14
#63980000
0!
1&
#63980679
03
#63982392
04
#63990000
1!
0&
#63990514
13
#63992392
14
#64000000
0!
1&
#64000679
03
#64002392
04
#64010000
1!
0&
#64010514
13
#64012392
14
#64020000
0!
1&
#64020679
03
#64022392
04
#64030000
1!
0&
#64030514
13
#64032392
14
#64040000
0!
1&
#64040679
03
#64042392
04
#64050000
1!
0&
#64050514
13
#64052392
14
#64060000
0!
1&
#64060679
03
#64062392
04
#64070000
1!
0&
#64070514
13
#64072392
14
#64080000
0!
1&
#64080679
03
#64082392
04
#64090000
1!
0&
#64090514
13
#64092392
14
#64100000
0!
1&
#64100679
03
#64102392
04
#64110000
1!
0&
#64110514
13
#64112392
14
#64120000
0!
1&
#64120679
03
#64122392
04
#64130000
1!
0&
#64130514
13
#64132392
14
#64140000
0!
1&
#64140679
03
#64142392
04
#64150000
1!
0&
#64150514
13
#64152392
14
#64160000
0!
1&
#64160679
03
#64162392
04
#64170000
1!
0&
#64170514
13
#64172392
14
#64180000
0!
1&
#64180679
03
#64182392
04
#64190000
1!
0&
#64190514
13
#64192392
14
#64200000
0!
1&
#64200679
03
#64202392
04
#64210000
1!
0&
#64210514
13
#64212392
14
#64220000
0!
1&
#64220679
03
#64222392
04
#64230000
1!
0&
#64230514
13
#64232392
14
#64240000
0!
1&
#64240679
03
#64242392
04
#64250000
1!
0&
#64250514
13
#64252392
14
#64260000
0!
1&
#64260679
03
#64262392
04
#64270000
1!
0&
#64270514
13
#64272392
14
#64280000
0!
1&
#64280679
03
#64282392
04
#64290000
1!
0&
#64290514
13
#64292392
14
#64300000
0!
1&
#64300679
03
#64302392
04
#64310000
1!
0&
#64310514
13
#64312392
14
#64320000
0!
1&
#64320679
03
#64322392
04
#64330000
1!
0&
#64330514
13
#64332392
14
#64340000
0!
1&
#64340679
03
#64342392
04
#64350000
1!
0&
#64350514
13
#64352392
14
#64360000
0!
1&
#64360679
03
#64362392
04
#64370000
1!
0&
#64370514
13
#64372392
14
#64380000
0!
1&
#64380679
03
#64382392
04
#64390000
1!
0&
#64390514
13
#64392392
14
#64400000
0!
1&
#64400679
03
#64402392
04
#64410000
1!
0&
#64410514
13
#64412392
14
#64420000
0!
1&
#64420679
03
#64422392
04
#64430000
1!
0&
#64430514
13
#64432392
14
#64440000
0!
1&
#64440679
03
#64442392
04
#64450000
1!
0&
#64450514
13
#64452392
14
#64460000
0!
1&
#64460679
03
#64462392
04
#64470000
1!
0&
#64470514
13
#64472392
14
#64480000
0!
1&
#64480679
03
#64482392
04
#64490000
1!
0&
#64490514
13
#64492392
14
#64500000
0!
1&
#64500679
03
#64502392
04
#64510000
1!
0&
#64510514
13
#64512392
14
#64520000
0!
1&
#64520679
03
#64522392
04
#64530000
1!
0&
#64530514
13
#64532392
14
#64540000
0!
1&
#64540679
03
#64542392
04
#64550000
1!
0&
#64550514
13
#64552392
14
#64556831
0\
0N
#64558709
0I
#64560000
0!
1&
#64560679
03
#64562392
04
#64570000
1!
0&
#64570514
13
#64572392
14
#64580000
0!
1&
#64580679
03
#64582392
04
#64590000
1!
0&
#64590514
13
#64592392
14
#64600000
0!
1&
#64600679
03
#64602392
04
#64610000
1!
0&
#64610514
13
#64612392
14
#64620000
0!
1&
#64620679
03
#64622392
04
#64630000
1!
0&
#64630514
13
#64632392
14
#64640000
0!
1&
#64640679
03
#64642392
04
#64650000
1!
0&
#64650514
13
#64652392
14
#64660000
0!
1&
#64660679
03
#64662392
04
#64670000
1!
0&
#64670514
13
#64672392
14
#64680000
0!
1&
#64680679
03
#64682392
04
#64690000
1!
0&
#64690514
13
#64692392
14
#64700000
0!
1&
#64700679
03
#64702392
04
#64710000
1!
0&
#64710514
13
#64712392
14
#64720000
0!
1&
#64720679
03
#64722392
04
#64730000
1!
0&
#64730514
13
#64732392
14
#64740000
0!
1&
#64740679
03
#64742392
04
#64750000
1!
0&
#64750514
13
#64752392
14
#64760000
0!
1&
#64760679
03
#64762392
04
#64770000
1!
0&
#64770514
13
#64772392
14
#64780000
0!
1&
#64780679
03
#64782392
04
#64790000
1!
0&
#64790514
13
#64792392
14
#64800000
0!
1&
#64800679
03
#64802392
04
#64810000
1!
0&
#64810514
13
#64812392
14
#64820000
0!
1&
#64820679
03
#64822392
04
#64830000
1!
0&
#64830514
13
#64832392
14
#64840000
0!
1&
#64840679
03
#64842392
04
#64850000
1!
0&
#64850514
13
#64852392
14
#64860000
0!
1&
#64860679
03
#64862392
04
#64870000
1!
0&
#64870514
13
#64872392
14
#64880000
0!
1&
#64880679
03
#64882392
04
#64890000
1!
0&
#64890514
13
#64892392
14
#64900000
0!
1&
#64900679
03
#64902392
04
#64910000
1!
0&
#64910514
13
#64912392
14
#64920000
0!
1&
#64920679
03
#64922392
04
#64930000
1!
0&
#64930514
13
#64932392
14
#64940000
0!
1&
#64940679
03
#64942392
04
#64950000
1!
0&
#64950514
13
#64952392
14
#64960000
0!
1&
#64960679
03
#64962392
04
#64970000
1!
0&
#64970514
13
#64972392
14
#64980000
0!
1&
#64980679
03
#64982392
04
#64990000
1!
0&
#64990514
13
#64992392
14
#65000000
0!
1&
#65000679
03
#65002392
04
#65006831
1\
1N
#65008727
1I
#65010000
1!
0&
#65010514
13
#65012392
14
#65020000
0!
1&
#65020679
03
#65022392
04
#65030000
1!
0&
#65030514
13
#65032392
14
#65040000
0!
1&
#65040679
03
#65042392
04
#65050000
1!
0&
#65050514
13
#65052392
14
#65060000
0!
1&
#65060679
03
#65062392
04
#65070000
1!
0&
#65070514
13
#65072392
14
#65080000
0!
1&
#65080679
03
#65082392
04
#65090000
1!
0&
#65090514
13
#65092392
14
#65100000
0!
1&
#65100679
03
#65102392
04
#65110000
1!
0&
#65110514
13
#65112392
14
#65120000
0!
1&
#65120679
03
#65122392
04
#65130000
1!
0&
#65130514
13
#65132392
14
#65140000
0!
1&
#65140679
03
#65142392
04
#65150000
1!
0&
#65150514
13
#65152392
14
#65160000
0!
1&
#65160679
03
#65162392
04
#65170000
1!
0&
#65170514
13
#65172392
14
#65180000
0!
1&
#65180679
03
#65182392
04
#65190000
1!
0&
#65190514
13
#65192392
14
#65200000
0!
1&
#65200679
03
#65202392
04
#65210000
1!
0&
#65210514
13
#65212392
14
#65220000
0!
1&
#65220679
03
#65222392
04
#65230000
1!
0&
#65230514
13
#65232392
14
#65240000
0!
1&
#65240679
03
#65242392
04
#65250000
1!
0&
#65250514
13
#65252392
14
#65260000
0!
1&
#65260679
03
#65262392
04
#65270000
1!
0&
#65270514
13
#65272392
14
#65280000
0!
1&
#65280679
03
#65282392
04
#65290000
1!
0&
#65290514
13
#65292392
14
#65300000
0!
1&
#65300679
03
#65302392
04
#65310000
1!
0&
#65310514
13
#65312392
14
#65320000
0!
1&
#65320679
03
#65322392
04
#65330000
1!
0&
#65330514
13
#65332392
14
#65340000
0!
1&
#65340679
03
#65342392
04
#65350000
1!
0&
#65350514
13
#65352392
14
#65360000
0!
1&
#65360679
03
#65362392
04
#65370000
1!
0&
#65370514
13
#65372392
14
#65380000
0!
1&
#65380679
03
#65382392
04
#65390000
1!
0&
#65390514
13
#65392392
14
#65400000
0!
1&
#65400679
03
#65402392
04
#65410000
1!
0&
#65410514
13
#65412392
14
#65420000
0!
1&
#65420679
03
#65422392
04
#65430000
1!
0&
#65430514
13
#65432392
14
#65440000
0!
1&
#65440679
03
#65442392
04
#65450000
1!
0&
#65450514
13
#65452392
14
#65460000
0!
1&
#65460679
03
#65462392
04
#65470000
1!
0&
#65470514
13
#65472392
14
#65480000
0!
1&
#65480679
03
#65482392
04
#65490000
1!
0&
#65490514
13
#65492392
14
#65500000
0!
1&
#65500679
03
#65502392
04
#65510000
1!
0&
#65510514
13
#65512392
14
#65520000
0!
1&
#65520679
03
#65522392
04
#65530000
1!
0&
#65530514
13
#65532392
14
#65540000
0!
1&
#65540679
03
#65542392
04
#65550000
1!
0&
#65550514
13
#65552392
14
#65560000
0!
1&
#65560679
03
#65562392
04
#65570000
1!
0&
#65570514
13
#65572392
14
#65580000
0!
1&
#65580679
03
#65582392
04
#65590000
1!
0&
#65590514
13
#65592392
14
#65600000
0!
1&
#65600679
03
#65602392
04
#65610000
1!
0&
#65610514
13
#65612392
14
#65620000
0!
1&
#65620679
03
#65622392
04
#65630000
1!
0&
#65630514
13
#65632392
14
#65640000
0!
1&
#65640679
03
#65642392
04
#65650000
1!
0&
#65650514
13
#65652392
14
#65660000
0!
1&
#65660679
03
#65662392
04
#65670000
1!
0&
#65670514
13
#65672392
14
#65680000
0!
1&
#65680679
03
#65682392
04
#65690000
1!
0&
#65690514
13
#65692392
14
#65700000
0!
1&
#65700679
03
#65702392
04
#65710000
1!
0&
#65710514
13
#65712392
14
#65720000
0!
1&
#65720679
03
#65722392
04
#65730000
1!
0&
#65730514
13
#65732392
14
#65740000
0!
1&
#65740679
03
#65742392
04
#65750000
1!
0&
#65750514
13
#65752392
14
#65760000
0!
1&
#65760679
03
#65762392
04
#65770000
1!
0&
#65770514
13
#65772392
14
#65780000
0!
1&
#65780679
03
#65782392
04
#65790000
1!
0&
#65790514
13
#65792392
14
#65800000
0!
1&
#65800679
03
#65802392
04
#65806831
0\
0N
#65808709
0I
#65810000
1!
0&
#65810514
13
#65812392
14
#65820000
0!
1&
#65820679
03
#65822392
04
#65830000
1!
0&
#65830514
13
#65832392
14
#65840000
0!
1&
#65840679
03
#65842392
04
#65850000
1!
0&
#65850514
13
#65852392
14
#65860000
0!
1&
#65860679
03
#65862392
04
#65870000
1!
0&
#65870514
13
#65872392
14
#65880000
0!
1&
#65880679
03
#65882392
04
#65890000
1!
0&
#65890514
13
#65892392
14
#65900000
0!
1&
#65900679
03
#65902392
04
#65910000
1!
0&
#65910514
13
#65912392
14
#65920000
0!
1&
#65920679
03
#65922392
04
#65930000
1!
0&
#65930514
13
#65932392
14
#65940000
0!
1&
#65940679
03
#65942392
04
#65950000
1!
0&
#65950514
13
#65952392
14
#65960000
0!
1&
#65960679
03
#65962392
04
#65970000
1!
0&
#65970514
13
#65972392
14
#65980000
0!
1&
#65980679
03
#65982392
04
#65990000
1!
0&
#65990514
13
#65992392
14
#66000000
0!
1&
#66000679
03
#66002392
04
#66010000
1!
0&
#66010514
13
#66012392
14
#66020000
0!
1&
#66020679
03
#66022392
04
#66030000
1!
0&
#66030514
13
#66032392
14
#66040000
0!
1&
#66040679
03
#66042392
04
#66050000
1!
0&
#66050514
13
#66052392
14
#66060000
0!
1&
#66060679
03
#66062392
04
#66070000
1!
0&
#66070514
13
#66072392
14
#66080000
0!
1&
#66080679
03
#66082392
04
#66090000
1!
0&
#66090514
13
#66092392
14
#66100000
0!
1&
#66100679
03
#66102392
04
#66110000
1!
0&
#66110514
13
#66112392
14
#66120000
0!
1&
#66120679
03
#66122392
04
#66130000
1!
0&
#66130514
13
#66132392
14
#66140000
0!
1&
#66140679
03
#66142392
04
#66150000
1!
0&
#66150514
13
#66152392
14
#66160000
0!
1&
#66160679
03
#66162392
04
#66170000
1!
0&
#66170514
13
#66172392
14
#66180000
0!
1&
#66180679
03
#66182392
04
#66190000
1!
0&
#66190514
13
#66192392
14
#66200000
0!
1&
#66200679
03
#66202392
04
#66210000
1!
0&
#66210514
13
#66212392
14
#66220000
0!
1&
#66220679
03
#66222392
04
#66230000
1!
0&
#66230514
13
#66232392
14
#66240000
0!
1&
#66240679
03
#66242392
04
#66250000
1!
0&
#66250514
13
#66252392
14
#66256831
1\
1N
#66258727
1I
#66260000
0!
1&
#66260679
03
#66262392
04
#66270000
1!
0&
#66270514
13
#66272392
14
#66280000
0!
1&
#66280679
03
#66282392
04
#66290000
1!
0&
#66290514
13
#66292392
14
#66300000
0!
1&
#66300679
03
#66302392
04
#66310000
1!
0&
#66310514
13
#66312392
14
#66320000
0!
1&
#66320679
03
#66322392
04
#66330000
1!
0&
#66330514
13
#66332392
14
#66340000
0!
1&
#66340679
03
#66342392
04
#66350000
1!
0&
#66350514
13
#66352392
14
#66360000
0!
1&
#66360679
03
#66362392
04
#66370000
1!
0&
#66370514
13
#66372392
14
#66380000
0!
1&
#66380679
03
#66382392
04
#66390000
1!
0&
#66390514
13
#66392392
14
#66400000
0!
1&
#66400679
03
#66402392
04
#66410000
1!
0&
#66410514
13
#66412392
14
#66420000
0!
1&
#66420679
03
#66422392
04
#66430000
1!
0&
#66430514
13
#66432392
14
#66440000
0!
1&
#66440679
03
#66442392
04
#66450000
1!
0&
#66450514
13
#66452392
14
#66460000
0!
1&
#66460679
03
#66462392
04
#66470000
1!
0&
#66470514
13
#66472392
14
#66480000
0!
1&
#66480679
03
#66482392
04
#66490000
1!
0&
#66490514
13
#66492392
14
#66500000
0!
1&
#66500679
03
#66502392
04
#66510000
1!
0&
#66510514
13
#66512392
14
#66520000
0!
1&
#66520679
03
#66522392
04
#66530000
1!
0&
#66530514
13
#66532392
14
#66540000
0!
1&
#66540679
03
#66542392
04
#66550000
1!
0&
#66550514
13
#66552392
14
#66560000
0!
1&
#66560679
03
#66562392
04
#66570000
1!
0&
#66570514
13
#66572392
14
#66580000
0!
1&
#66580679
03
#66582392
04
#66590000
1!
0&
#66590514
13
#66592392
14
#66600000
0!
1&
#66600679
03
#66602392
04
#66610000
1!
0&
#66610514
13
#66612392
14
#66620000
0!
1&
#66620679
03
#66622392
04
#66630000
1!
0&
#66630514
13
#66632392
14
#66640000
0!
1&
#66640679
03
#66642392
04
#66650000
1!
0&
#66650514
13
#66652392
14
#66660000
0!
1&
#66660679
03
#66662392
04
#66670000
1!
0&
#66670514
13
#66672392
14
#66680000
0!
1&
#66680679
03
#66682392
04
#66690000
1!
0&
#66690514
13
#66692392
14
#66700000
0!
1&
#66700679
03
#66702392
04
#66710000
1!
0&
#66710514
13
#66712392
14
#66720000
0!
1&
#66720679
03
#66722392
04
#66730000
1!
0&
#66730514
13
#66732392
14
#66740000
0!
1&
#66740679
03
#66742392
04
#66750000
1!
0&
#66750514
13
#66752392
14
#66760000
0!
1&
#66760679
03
#66762392
04
#66770000
1!
0&
#66770514
13
#66772392
14
#66780000
0!
1&
#66780679
03
#66782392
04
#66790000
1!
0&
#66790514
13
#66792392
14
#66800000
0!
1&
#66800679
03
#66802392
04
#66810000
1!
0&
#66810514
13
#66812392
14
#66820000
0!
1&
#66820679
03
#66822392
04
#66830000
1!
0&
#66830514
13
#66832392
14
#66840000
0!
1&
#66840679
03
#66842392
04
#66850000
1!
0&
#66850514
13
#66852392
14
#66860000
0!
1&
#66860679
03
#66862392
04
#66870000
1!
0&
#66870514
13
#66872392
14
#66880000
0!
1&
#66880679
03
#66882392
04
#66890000
1!
0&
#66890514
13
#66892392
14
#66900000
0!
1&
#66900679
03
#66902392
04
#66910000
1!
0&
#66910514
13
#66912392
14
#66920000
0!
1&
#66920679
03
#66922392
04
#66930000
1!
0&
#66930514
13
#66932392
14
#66940000
0!
1&
#66940679
03
#66942392
04
#66950000
1!
0&
#66950514
13
#66952392
14
#66960000
0!
1&
#66960679
03
#66962392
04
#66970000
1!
0&
#66970514
13
#66972392
14
#66980000
0!
1&
#66980679
03
#66982392
04
#66990000
1!
0&
#66990514
13
#66992392
14
#67000000
0!
1&
#67000679
03
#67002392
04
#67010000
1!
0&
#67010514
13
#67012392
14
#67020000
0!
1&
#67020679
03
#67022392
04
#67030000
1!
0&
#67030514
13
#67032392
14
#67040000
0!
1&
#67040679
03
#67042392
04
#67050000
1!
0&
#67050514
13
#67052392
14
#67056831
0\
0N
#67058709
0I
#67060000
0!
1&
#67060679
03
#67062392
04
#67070000
1!
0&
#67070514
13
#67072392
14
#67080000
0!
1&
#67080679
03
#67082392
04
#67090000
1!
0&
#67090514
13
#67092392
14
#67100000
0!
1&
#67100679
03
#67102392
04
#67110000
1!
0&
#67110514
13
#67112392
14
#67120000
0!
1&
#67120679
03
#67122392
04
#67130000
1!
0&
#67130514
13
#67132392
14
#67140000
0!
1&
#67140679
03
#67142392
04
#67150000
1!
0&
#67150514
13
#67152392
14
#67160000
0!
1&
#67160679
03
#67162392
04
#67170000
1!
0&
#67170514
13
#67172392
14
#67180000
0!
1&
#67180679
03
#67182392
04
#67190000
1!
0&
#67190514
13
#67192392
14
#67200000
0!
1&
#67200679
03
#67202392
04
#67210000
1!
0&
#67210514
13
#67212392
14
#67220000
0!
1&
#67220679
03
#67222392
04
#67230000
1!
0&
#67230514
13
#67232392
14
#67240000
0!
1&
#67240679
03
#67242392
04
#67250000
1!
0&
#67250514
13
#67252392
14
#67260000
0!
1&
#67260679
03
#67262392
04
#67270000
1!
0&
#67270514
13
#67272392
14
#67280000
0!
1&
#67280679
03
#67282392
04
#67290000
1!
0&
#67290514
13
#67292392
14
#67300000
0!
1&
#67300679
03
#67302392
04
#67310000
1!
0&
#67310514
13
#67312392
14
#67320000
0!
1&
#67320679
03
#67322392
04
#67330000
1!
0&
#67330514
13
#67332392
14
#67340000
0!
1&
#67340679
03
#67342392
04
#67350000
1!
0&
#67350514
13
#67352392
14
#67360000
0!
1&
#67360679
03
#67362392
04
#67370000
1!
0&
#67370514
13
#67372392
14
#67380000
0!
1&
#67380679
03
#67382392
04
#67390000
1!
0&
#67390514
13
#67392392
14
#67400000
0!
1&
#67400679
03
#67402392
04
#67410000
1!
0&
#67410514
13
#67412392
14
#67420000
0!
1&
#67420679
03
#67422392
04
#67430000
1!
0&
#67430514
13
#67432392
14
#67440000
0!
1&
#67440679
03
#67442392
04
#67450000
1!
0&
#67450514
13
#67452392
14
#67460000
0!
1&
#67460679
03
#67462392
04
#67470000
1!
0&
#67470514
13
#67472392
14
#67480000
0!
1&
#67480679
03
#67482392
04
#67490000
1!
0&
#67490514
13
#67492392
14
#67500000
0!
1&
#67500679
03
#67502392
04
#67506831
1\
1N
#67508727
1I
#67510000
1!
0&
#67510514
13
#67512392
14
#67520000
0!
1&
#67520679
03
#67522392
04
#67530000
1!
0&
#67530514
13
#67532392
14
#67540000
0!
1&
#67540679
03
#67542392
04
#67550000
1!
0&
#67550514
13
#67552392
14
#67560000
0!
1&
#67560679
03
#67562392
04
#67570000
1!
0&
#67570514
13
#67572392
14
#67580000
0!
1&
#67580679
03
#67582392
04
#67590000
1!
0&
#67590514
13
#67592392
14
#67600000
0!
1&
#67600679
03
#67602392
04
#67610000
1!
0&
#67610514
13
#67612392
14
#67620000
0!
1&
#67620679
03
#67622392
04
#67630000
1!
0&
#67630514
13
#67632392
14
#67640000
0!
1&
#67640679
03
#67642392
04
#67650000
1!
0&
#67650514
13
#67652392
14
#67660000
0!
1&
#67660679
03
#67662392
04
#67670000
1!
0&
#67670514
13
#67672392
14
#67680000
0!
1&
#67680679
03
#67682392
04
#67690000
1!
0&
#67690514
13
#67692392
14
#67700000
0!
1&
#67700679
03
#67702392
04
#67710000
1!
0&
#67710514
13
#67712392
14
#67720000
0!
1&
#67720679
03
#67722392
04
#67730000
1!
0&
#67730514
13
#67732392
14
#67740000
0!
1&
#67740679
03
#67742392
04
#67750000
1!
0&
#67750514
13
#67752392
14
#67760000
0!
1&
#67760679
03
#67762392
04
#67770000
1!
0&
#67770514
13
#67772392
14
#67780000
0!
1&
#67780679
03
#67782392
04
#67790000
1!
0&
#67790514
13
#67792392
14
#67800000
0!
1&
#67800679
03
#67802392
04
#67810000
1!
0&
#67810514
13
#67812392
14
#67820000
0!
1&
#67820679
03
#67822392
04
#67830000
1!
0&
#67830514
13
#67832392
14
#67840000
0!
1&
#67840679
03
#67842392
04
#67850000
1!
0&
#67850514
13
#67852392
14
#67860000
0!
1&
#67860679
03
#67862392
04
#67870000
1!
0&
#67870514
13
#67872392
14
#67880000
0!
1&
#67880679
03
#67882392
04
#67890000
1!
0&
#67890514
13
#67892392
14
#67900000
0!
1&
#67900679
03
#67902392
04
#67910000
1!
0&
#67910514
13
#67912392
14
#67920000
0!
1&
#67920679
03
#67922392
04
#67930000
1!
0&
#67930514
13
#67932392
14
#67940000
0!
1&
#67940679
03
#67942392
04
#67950000
1!
0&
#67950514
13
#67952392
14
#67960000
0!
1&
#67960679
03
#67962392
04
#67970000
1!
0&
#67970514
13
#67972392
14
#67980000
0!
1&
#67980679
03
#67982392
04
#67990000
1!
0&
#67990514
13
#67992392
14
#68000000
0!
1&
#68000679
03
#68002392
04
#68010000
1!
0&
#68010514
13
#68012392
14
#68020000
0!
1&
#68020679
03
#68022392
04
#68030000
1!
0&
#68030514
13
#68032392
14
#68040000
0!
1&
#68040679
03
#68042392
04
#68050000
1!
0&
#68050514
13
#68052392
14
#68060000
0!
1&
#68060679
03
#68062392
04
#68070000
1!
0&
#68070514
13
#68072392
14
#68080000
0!
1&
#68080679
03
#68082392
04
#68090000
1!
0&
#68090514
13
#68092392
14
#68100000
0!
1&
#68100679
03
#68102392
04
#68110000
1!
0&
#68110514
13
#68112392
14
#68120000
0!
1&
#68120679
03
#68122392
04
#68130000
1!
0&
#68130514
13
#68132392
14
#68140000
0!
1&
#68140679
03
#68142392
04
#68150000
1!
0&
#68150514
13
#68152392
14
#68160000
0!
1&
#68160679
03
#68162392
04
#68170000
1!
0&
#68170514
13
#68172392
14
#68180000
0!
1&
#68180679
03
#68182392
04
#68190000
1!
0&
#68190514
13
#68192392
14
#68200000
0!
1&
#68200679
03
#68202392
04
#68210000
1!
0&
#68210514
13
#68212392
14
#68220000
0!
1&
#68220679
03
#68222392
04
#68230000
1!
0&
#68230514
13
#68232392
14
#68240000
0!
1&
#68240679
03
#68242392
04
#68250000
1!
0&
#68250514
13
#68252392
14
#68260000
0!
1&
#68260679
03
#68262392
04
#68270000
1!
0&
#68270514
13
#68272392
14
#68280000
0!
1&
#68280679
03
#68282392
04
#68290000
1!
0&
#68290514
13
#68292392
14
#68300000
0!
1&
#68300679
03
#68302392
04
#68306831
0\
0N
#68308709
0I
#68310000
1!
0&
#68310514
13
#68312392
14
#68320000
0!
1&
#68320679
03
#68322392
04
#68330000
1!
0&
#68330514
13
#68332392
14
#68340000
0!
1&
#68340679
03
#68342392
04
#68350000
1!
0&
#68350514
13
#68352392
14
#68360000
0!
1&
#68360679
03
#68362392
04
#68370000
1!
0&
#68370514
13
#68372392
14
#68380000
0!
1&
#68380679
03
#68382392
04
#68390000
1!
0&
#68390514
13
#68392392
14
#68400000
0!
1&
#68400679
03
#68402392
04
#68410000
1!
0&
#68410514
13
#68412392
14
#68420000
0!
1&
#68420679
03
#68422392
04
#68430000
1!
0&
#68430514
13
#68432392
14
#68440000
0!
1&
#68440679
03
#68442392
04
#68450000
1!
0&
#68450514
13
#68452392
14
#68460000
0!
1&
#68460679
03
#68462392
04
#68470000
1!
0&
#68470514
13
#68472392
14
#68480000
0!
1&
#68480679
03
#68482392
04
#68490000
1!
0&
#68490514
13
#68492392
14
#68500000
0!
1&
#68500679
03
#68502392
04
#68510000
1!
0&
#68510514
13
#68512392
14
#68520000
0!
1&
#68520679
03
#68522392
04
#68530000
1!
0&
#68530514
13
#68532392
14
#68540000
0!
1&
#68540679
03
#68542392
04
#68550000
1!
0&
#68550514
13
#68552392
14
#68560000
0!
1&
#68560679
03
#68562392
04
#68570000
1!
0&
#68570514
13
#68572392
14
#68580000
0!
1&
#68580679
03
#68582392
04
#68590000
1!
0&
#68590514
13
#68592392
14
#68600000
0!
1&
#68600679
03
#68602392
04
#68610000
1!
0&
#68610514
13
#68612392
14
#68620000
0!
1&
#68620679
03
#68622392
04
#68630000
1!
0&
#68630514
13
#68632392
14
#68640000
0!
1&
#68640679
03
#68642392
04
#68650000
1!
0&
#68650514
13
#68652392
14
#68660000
0!
1&
#68660679
03
#68662392
04
#68670000
1!
0&
#68670514
13
#68672392
14
#68680000
0!
1&
#68680679
03
#68682392
04
#68690000
1!
0&
#68690514
13
#68692392
14
#68700000
0!
1&
#68700679
03
#68702392
04
#68710000
1!
0&
#68710514
13
#68712392
14
#68720000
0!
1&
#68720679
03
#68722392
04
#68730000
1!
0&
#68730514
13
#68732392
14
#68740000
0!
1&
#68740679
03
#68742392
04
#68750000
1!
0&
#68750514
13
#68752392
14
#68756831
1\
1N
#68758727
1I
#68760000
0!
1&
#68760679
03
#68762392
04
#68770000
1!
0&
#68770514
13
#68772392
14
#68780000
0!
1&
#68780679
03
#68782392
04
#68790000
1!
0&
#68790514
13
#68792392
14
#68800000
0!
1&
#68800679
03
#68802392
04
#68810000
1!
0&
#68810514
13
#68812392
14
#68820000
0!
1&
#68820679
03
#68822392
04
#68830000
1!
0&
#68830514
13
#68832392
14
#68840000
0!
1&
#68840679
03
#68842392
04
#68850000
1!
0&
#68850514
13
#68852392
14
#68860000
0!
1&
#68860679
03
#68862392
04
#68870000
1!
0&
#68870514
13
#68872392
14
#68880000
0!
1&
#68880679
03
#68882392
04
#68890000
1!
0&
#68890514
13
#68892392
14
#68900000
0!
1&
#68900679
03
#68902392
04
#68910000
1!
0&
#68910514
13
#68912392
14
#68920000
0!
1&
#68920679
03
#68922392
04
#68930000
1!
0&
#68930514
13
#68932392
14
#68940000
0!
1&
#68940679
03
#68942392
04
#68950000
1!
0&
#68950514
13
#68952392
14
#68960000
0!
1&
#68960679
03
#68962392
04
#68970000
1!
0&
#68970514
13
#68972392
14
#68980000
0!
1&
#68980679
03
#68982392
04
#68990000
1!
0&
#68990514
13
#68992392
14
#69000000
0!
1&
#69000679
03
#69002392
04
#69010000
1!
0&
#69010514
13
#69012392
14
#69020000
0!
1&
#69020679
03
#69022392
04
#69030000
1!
0&
#69030514
13
#69032392
14
#69040000
0!
1&
#69040679
03
#69042392
04
#69050000
1!
0&
#69050514
13
#69052392
14
#69060000
0!
1&
#69060679
03
#69062392
04
#69070000
1!
0&
#69070514
13
#69072392
14
#69080000
0!
1&
#69080679
03
#69082392
04
#69090000
1!
0&
#69090514
13
#69092392
14
#69100000
0!
1&
#69100679
03
#69102392
04
#69110000
1!
0&
#69110514
13
#69112392
14
#69120000
0!
1&
#69120679
03
#69122392
04
#69130000
1!
0&
#69130514
13
#69132392
14
#69140000
0!
1&
#69140679
03
#69142392
04
#69150000
1!
0&
#69150514
13
#69152392
14
#69160000
0!
1&
#69160679
03
#69162392
04
#69170000
1!
0&
#69170514
13
#69172392
14
#69180000
0!
1&
#69180679
03
#69182392
04
#69190000
1!
0&
#69190514
13
#69192392
14
#69200000
0!
1&
#69200679
03
#69202392
04
#69210000
1!
0&
#69210514
13
#69212392
14
#69220000
0!
1&
#69220679
03
#69222392
04
#69230000
1!
0&
#69230514
13
#69232392
14
#69240000
0!
1&
#69240679
03
#69242392
04
#69250000
1!
0&
#69250514
13
#69252392
14
#69260000
0!
1&
#69260679
03
#69262392
04
#69270000
1!
0&
#69270514
13
#69272392
14
#69280000
0!
1&
#69280679
03
#69282392
04
#69290000
1!
0&
#69290514
13
#69292392
14
#69300000
0!
1&
#69300679
03
#69302392
04
#69310000
1!
0&
#69310514
13
#69312392
14
#69320000
0!
1&
#69320679
03
#69322392
04
#69330000
1!
0&
#69330514
13
#69332392
14
#69340000
0!
1&
#69340679
03
#69342392
04
#69350000
1!
0&
#69350514
13
#69352392
14
#69360000
0!
1&
#69360679
03
#69362392
04
#69370000
1!
0&
#69370514
13
#69372392
14
#69380000
0!
1&
#69380679
03
#69382392
04
#69390000
1!
0&
#69390514
13
#69392392
14
#69400000
0!
1&
#69400679
03
#69402392
04
#69410000
1!
0&
#69410514
13
#69412392
14
#69420000
0!
1&
#69420679
03
#69422392
04
#69430000
1!
0&
#69430514
13
#69432392
14
#69440000
0!
1&
#69440679
03
#69442392
04
#69450000
1!
0&
#69450514
13
#69452392
14
#69460000
0!
1&
#69460679
03
#69462392
04
#69470000
1!
0&
#69470514
13
#69472392
14
#69480000
0!
1&
#69480679
03
#69482392
04
#69490000
1!
0&
#69490514
13
#69492392
14
#69500000
0!
1&
#69500679
03
#69502392
04
#69510000
1!
0&
#69510514
13
#69512392
14
#69520000
0!
1&
#69520679
03
#69522392
04
#69530000
1!
0&
#69530514
13
#69532392
14
#69540000
0!
1&
#69540679
03
#69542392
04
#69550000
1!
0&
#69550514
13
#69552392
14
#69556831
0\
0N
#69558709
0I
#69560000
0!
1&
#69560679
03
#69562392
04
#69570000
1!
0&
#69570514
13
#69572392
14
#69580000
0!
1&
#69580679
03
#69582392
04
#69590000
1!
0&
#69590514
13
#69592392
14
#69600000
0!
1&
#69600679
03
#69602392
04
#69610000
1!
0&
#69610514
13
#69612392
14
#69620000
0!
1&
#69620679
03
#69622392
04
#69630000
1!
0&
#69630514
13
#69632392
14
#69640000
0!
1&
#69640679
03
#69642392
04
#69650000
1!
0&
#69650514
13
#69652392
14
#69660000
0!
1&
#69660679
03
#69662392
04
#69670000
1!
0&
#69670514
13
#69672392
14
#69680000
0!
1&
#69680679
03
#69682392
04
#69690000
1!
0&
#69690514
13
#69692392
14
#69700000
0!
1&
#69700679
03
#69702392
04
#69710000
1!
0&
#69710514
13
#69712392
14
#69720000
0!
1&
#69720679
03
#69722392
04
#69730000
1!
0&
#69730514
13
#69732392
14
#69740000
0!
1&
#69740679
03
#69742392
04
#69750000
1!
0&
#69750514
13
#69752392
14
#69760000
0!
1&
#69760679
03
#69762392
04
#69770000
1!
0&
#69770514
13
#69772392
14
#69780000
0!
1&
#69780679
03
#69782392
04
#69790000
1!
0&
#69790514
13
#69792392
14
#69800000
0!
1&
#69800679
03
#69802392
04
#69810000
1!
0&
#69810514
13
#69812392
14
#69820000
0!
1&
#69820679
03
#69822392
04
#69830000
1!
0&
#69830514
13
#69832392
14
#69840000
0!
1&
#69840679
03
#69842392
04
#69850000
1!
0&
#69850514
13
#69852392
14
#69860000
0!
1&
#69860679
03
#69862392
04
#69870000
1!
0&
#69870514
13
#69872392
14
#69880000
0!
1&
#69880679
03
#69882392
04
#69890000
1!
0&
#69890514
13
#69892392
14
#69900000
0!
1&
#69900679
03
#69902392
04
#69910000
1!
0&
#69910514
13
#69912392
14
#69920000
0!
1&
#69920679
03
#69922392
04
#69930000
1!
0&
#69930514
13
#69932392
14
#69940000
0!
1&
#69940679
03
#69942392
04
#69950000
1!
0&
#69950514
13
#69952392
14
#69960000
0!
1&
#69960679
03
#69962392
04
#69970000
1!
0&
#69970514
13
#69972392
14
#69980000
0!
1&
#69980679
03
#69982392
04
#69990000
1!
0&
#69990514
13
#69992392
14
#70000000
0!
1&
#70000679
03
#70002392
04
#70006831
1\
1N
#70008727
1I
#70010000
1!
0&
#70010514
13
#70012392
14
#70020000
0!
1&
#70020679
03
#70022392
04
#70030000
1!
0&
#70030514
13
#70032392
14
#70040000
0!
1&
#70040679
03
#70042392
04
#70050000
1!
0&
#70050514
13
#70052392
14
#70060000
0!
1&
#70060679
03
#70062392
04
#70070000
1!
0&
#70070514
13
#70072392
14
#70080000
0!
1&
#70080679
03
#70082392
04
#70090000
1!
0&
#70090514
13
#70092392
14
#70100000
0!
1&
#70100679
03
#70102392
04
#70110000
1!
0&
#70110514
13
#70112392
14
#70120000
0!
1&
#70120679
03
#70122392
04
#70130000
1!
0&
#70130514
13
#70132392
14
#70140000
0!
1&
#70140679
03
#70142392
04
#70150000
1!
0&
#70150514
13
#70152392
14
#70160000
0!
1&
#70160679
03
#70162392
04
#70170000
1!
0&
#70170514
13
#70172392
14
#70180000
0!
1&
#70180679
03
#70182392
04
#70190000
1!
0&
#70190514
13
#70192392
14
#70200000
0!
1&
#70200679
03
#70202392
04
#70210000
1!
0&
#70210514
13
#70212392
14
#70220000
0!
1&
#70220679
03
#70222392
04
#70230000
1!
0&
#70230514
13
#70232392
14
#70240000
0!
1&
#70240679
03
#70242392
04
#70250000
1!
0&
#70250514
13
#70252392
14
#70260000
0!
1&
#70260679
03
#70262392
04
#70270000
1!
0&
#70270514
13
#70272392
14
#70280000
0!
1&
#70280679
03
#70282392
04
#70290000
1!
0&
#70290514
13
#70292392
14
#70300000
0!
1&
#70300679
03
#70302392
04
#70310000
1!
0&
#70310514
13
#70312392
14
#70320000
0!
1&
#70320679
03
#70322392
04
#70330000
1!
0&
#70330514
13
#70332392
14
#70340000
0!
1&
#70340679
03
#70342392
04
#70350000
1!
0&
#70350514
13
#70352392
14
#70360000
0!
1&
#70360679
03
#70362392
04
#70370000
1!
0&
#70370514
13
#70372392
14
#70380000
0!
1&
#70380679
03
#70382392
04
#70390000
1!
0&
#70390514
13
#70392392
14
#70400000
0!
1&
#70400679
03
#70402392
04
#70410000
1!
0&
#70410514
13
#70412392
14
#70420000
0!
1&
#70420679
03
#70422392
04
#70430000
1!
0&
#70430514
13
#70432392
14
#70440000
0!
1&
#70440679
03
#70442392
04
#70450000
1!
0&
#70450514
13
#70452392
14
#70460000
0!
1&
#70460679
03
#70462392
04
#70470000
1!
0&
#70470514
13
#70472392
14
#70480000
0!
1&
#70480679
03
#70482392
04
#70490000
1!
0&
#70490514
13
#70492392
14
#70500000
0!
1&
#70500679
03
#70502392
04
#70510000
1!
0&
#70510514
13
#70512392
14
#70520000
0!
1&
#70520679
03
#70522392
04
#70530000
1!
0&
#70530514
13
#70532392
14
#70540000
0!
1&
#70540679
03
#70542392
04
#70550000
1!
0&
#70550514
13
#70552392
14
#70560000
0!
1&
#70560679
03
#70562392
04
#70570000
1!
0&
#70570514
13
#70572392
14
#70580000
0!
1&
#70580679
03
#70582392
04
#70590000
1!
0&
#70590514
13
#70592392
14
#70600000
0!
1&
#70600679
03
#70602392
04
#70610000
1!
0&
#70610514
13
#70612392
14
#70620000
0!
1&
#70620679
03
#70622392
04
#70630000
1!
0&
#70630514
13
#70632392
14
#70640000
0!
1&
#70640679
03
#70642392
04
#70650000
1!
0&
#70650514
13
#70652392
14
#70660000
0!
1&
#70660679
03
#70662392
04
#70670000
1!
0&
#70670514
13
#70672392
14
#70680000
0!
1&
#70680679
03
#70682392
04
#70690000
1!
0&
#70690514
13
#70692392
14
#70700000
0!
1&
#70700679
03
#70702392
04
#70710000
1!
0&
#70710514
13
#70712392
14
#70720000
0!
1&
#70720679
03
#70722392
04
#70730000
1!
0&
#70730514
13
#70732392
14
#70740000
0!
1&
#70740679
03
#70742392
04
#70750000
1!
0&
#70750514
13
#70752392
14
#70760000
0!
1&
#70760679
03
#70762392
04
#70770000
1!
0&
#70770514
13
#70772392
14
#70780000
0!
1&
#70780679
03
#70782392
04
#70790000
1!
0&
#70790514
13
#70792392
14
#70800000
0!
1&
#70800679
03
#70802392
04
#70806831
0\
0N
#70808709
0I
#70810000
1!
0&
#70810514
13
#70812392
14
#70820000
0!
1&
#70820679
03
#70822392
04
#70830000
1!
0&
#70830514
13
#70832392
14
#70840000
0!
1&
#70840679
03
#70842392
04
#70850000
1!
0&
#70850514
13
#70852392
14
#70860000
0!
1&
#70860679
03
#70862392
04
#70870000
1!
0&
#70870514
13
#70872392
14
#70880000
0!
1&
#70880679
03
#70882392
04
#70890000
1!
0&
#70890514
13
#70892392
14
#70900000
0!
1&
#70900679
03
#70902392
04
#70910000
1!
0&
#70910514
13
#70912392
14
#70920000
0!
1&
#70920679
03
#70922392
04
#70930000
1!
0&
#70930514
13
#70932392
14
#70940000
0!
1&
#70940679
03
#70942392
04
#70950000
1!
0&
#70950514
13
#70952392
14
#70960000
0!
1&
#70960679
03
#70962392
04
#70970000
1!
0&
#70970514
13
#70972392
14
#70980000
0!
1&
#70980679
03
#70982392
04
#70990000
1!
0&
#70990514
13
#70992392
14
#71000000
0!
1&
#71000679
03
#71002392
04
#71010000
1!
0&
#71010514
13
#71012392
14
#71020000
0!
1&
#71020679
03
#71022392
04
#71030000
1!
0&
#71030514
13
#71032392
14
#71040000
0!
1&
#71040679
03
#71042392
04
#71050000
1!
0&
#71050514
13
#71052392
14
#71060000
0!
1&
#71060679
03
#71062392
04
#71070000
1!
0&
#71070514
13
#71072392
14
#71080000
0!
1&
#71080679
03
#71082392
04
#71090000
1!
0&
#71090514
13
#71092392
14
#71100000
0!
1&
#71100679
03
#71102392
04
#71110000
1!
0&
#71110514
13
#71112392
14
#71120000
0!
1&
#71120679
03
#71122392
04
#71130000
1!
0&
#71130514
13
#71132392
14
#71140000
0!
1&
#71140679
03
#71142392
04
#71150000
1!
0&
#71150514
13
#71152392
14
#71160000
0!
1&
#71160679
03
#71162392
04
#71170000
1!
0&
#71170514
13
#71172392
14
#71180000
0!
1&
#71180679
03
#71182392
04
#71190000
1!
0&
#71190514
13
#71192392
14
#71200000
0!
1&
#71200679
03
#71202392
04
#71210000
1!
0&
#71210514
13
#71212392
14
#71220000
0!
1&
#71220679
03
#71222392
04
#71230000
1!
0&
#71230514
13
#71232392
14
#71240000
0!
1&
#71240679
03
#71242392
04
#71250000
1!
0&
#71250514
13
#71252392
14
#71256831
1\
1N
#71258727
1I
#71260000
0!
1&
#71260679
03
#71262392
04
#71270000
1!
0&
#71270514
13
#71272392
14
#71280000
0!
1&
#71280679
03
#71282392
04
#71290000
1!
0&
#71290514
13
#71292392
14
#71300000
0!
1&
#71300679
03
#71302392
04
#71310000
1!
0&
#71310514
13
#71312392
14
#71320000
0!
1&
#71320679
03
#71322392
04
#71330000
1!
0&
#71330514
13
#71332392
14
#71340000
0!
1&
#71340679
03
#71342392
04
#71350000
1!
0&
#71350514
13
#71352392
14
#71360000
0!
1&
#71360679
03
#71362392
04
#71370000
1!
0&
#71370514
13
#71372392
14
#71380000
0!
1&
#71380679
03
#71382392
04
#71390000
1!
0&
#71390514
13
#71392392
14
#71400000
0!
1&
#71400679
03
#71402392
04
#71410000
1!
0&
#71410514
13
#71412392
14
#71420000
0!
1&
#71420679
03
#71422392
04
#71430000
1!
0&
#71430514
13
#71432392
14
#71440000
0!
1&
#71440679
03
#71442392
04
#71450000
1!
0&
#71450514
13
#71452392
14
#71460000
0!
1&
#71460679
03
#71462392
04
#71470000
1!
0&
#71470514
13
#71472392
14
#71480000
0!
1&
#71480679
03
#71482392
04
#71490000
1!
0&
#71490514
13
#71492392
14
#71500000
0!
1&
#71500679
03
#71502392
04
#71510000
1!
0&
#71510514
13
#71512392
14
#71520000
0!
1&
#71520679
03
#71522392
04
#71530000
1!
0&
#71530514
13
#71532392
14
#71540000
0!
1&
#71540679
03
#71542392
04
#71550000
1!
0&
#71550514
13
#71552392
14
#71560000
0!
1&
#71560679
03
#71562392
04
#71570000
1!
0&
#71570514
13
#71572392
14
#71580000
0!
1&
#71580679
03
#71582392
04
#71590000
1!
0&
#71590514
13
#71592392
14
#71600000
0!
1&
#71600679
03
#71602392
04
#71610000
1!
0&
#71610514
13
#71612392
14
#71620000
0!
1&
#71620679
03
#71622392
04
#71630000
1!
0&
#71630514
13
#71632392
14
#71640000
0!
1&
#71640679
03
#71642392
04
#71650000
1!
0&
#71650514
13
#71652392
14
#71660000
0!
1&
#71660679
03
#71662392
04
#71670000
1!
0&
#71670514
13
#71672392
14
#71680000
0!
1&
#71680679
03
#71682392
04
#71690000
1!
0&
#71690514
13
#71692392
14
#71700000
0!
1&
#71700679
03
#71702392
04
#71710000
1!
0&
#71710514
13
#71712392
14
#71720000
0!
1&
#71720679
03
#71722392
04
#71730000
1!
0&
#71730514
13
#71732392
14
#71740000
0!
1&
#71740679
03
#71742392
04
#71750000
1!
0&
#71750514
13
#71752392
14
#71760000
0!
1&
#71760679
03
#71762392
04
#71770000
1!
0&
#71770514
13
#71772392
14
#71780000
0!
1&
#71780679
03
#71782392
04
#71790000
1!
0&
#71790514
13
#71792392
14
#71800000
0!
1&
#71800679
03
#71802392
04
#71810000
1!
0&
#71810514
13
#71812392
14
#71820000
0!
1&
#71820679
03
#71822392
04
#71830000
1!
0&
#71830514
13
#71832392
14
#71840000
0!
1&
#71840679
03
#71842392
04
#71850000
1!
0&
#71850514
13
#71852392
14
#71860000
0!
1&
#71860679
03
#71862392
04
#71870000
1!
0&
#71870514
13
#71872392
14
#71880000
0!
1&
#71880679
03
#71882392
04
#71890000
1!
0&
#71890514
13
#71892392
14
#71900000
0!
1&
#71900679
03
#71902392
04
#71910000
1!
0&
#71910514
13
#71912392
14
#71920000
0!
1&
#71920679
03
#71922392
04
#71930000
1!
0&
#71930514
13
#71932392
14
#71940000
0!
1&
#71940679
03
#71942392
04
#71950000
1!
0&
#71950514
13
#71952392
14
#71960000
0!
1&
#71960679
03
#71962392
04
#71970000
1!
0&
#71970514
13
#71972392
14
#71980000
0!
1&
#71980679
03
#71982392
04
#71990000
1!
0&
#71990514
13
#71992392
14
#72000000
0!
1&
#72000679
03
#72002392
04
#72010000
1!
0&
#72010514
13
#72012392
14
#72020000
0!
1&
#72020679
03
#72022392
04
#72030000
1!
0&
#72030514
13
#72032392
14
#72040000
0!
1&
#72040679
03
#72042392
04
#72050000
1!
0&
#72050514
13
#72052392
14
#72056831
0\
0N
#72058709
0I
#72060000
0!
1&
#72060679
03
#72062392
04
#72070000
1!
0&
#72070514
13
#72072392
14
#72080000
0!
1&
#72080679
03
#72082392
04
#72090000
1!
0&
#72090514
13
#72092392
14
#72100000
0!
1&
#72100679
03
#72102392
04
#72110000
1!
0&
#72110514
13
#72112392
14
#72120000
0!
1&
#72120679
03
#72122392
04
#72130000
1!
0&
#72130514
13
#72132392
14
#72140000
0!
1&
#72140679
03
#72142392
04
#72150000
1!
0&
#72150514
13
#72152392
14
#72160000
0!
1&
#72160679
03
#72162392
04
#72170000
1!
0&
#72170514
13
#72172392
14
#72180000
0!
1&
#72180679
03
#72182392
04
#72190000
1!
0&
#72190514
13
#72192392
14
#72200000
0!
1&
#72200679
03
#72202392
04
#72210000
1!
0&
#72210514
13
#72212392
14
#72220000
0!
1&
#72220679
03
#72222392
04
#72230000
1!
0&
#72230514
13
#72232392
14
#72240000
0!
1&
#72240679
03
#72242392
04
#72250000
1!
0&
#72250514
13
#72252392
14
#72260000
0!
1&
#72260679
03
#72262392
04
#72270000
1!
0&
#72270514
13
#72272392
14
#72280000
0!
1&
#72280679
03
#72282392
04
#72290000
1!
0&
#72290514
13
#72292392
14
#72300000
0!
1&
#72300679
03
#72302392
04
#72310000
1!
0&
#72310514
13
#72312392
14
#72320000
0!
1&
#72320679
03
#72322392
04
#72330000
1!
0&
#72330514
13
#72332392
14
#72340000
0!
1&
#72340679
03
#72342392
04
#72350000
1!
0&
#72350514
13
#72352392
14
#72360000
0!
1&
#72360679
03
#72362392
04
#72370000
1!
0&
#72370514
13
#72372392
14
#72380000
0!
1&
#72380679
03
#72382392
04
#72390000
1!
0&
#72390514
13
#72392392
14
#72400000
0!
1&
#72400679
03
#72402392
04
#72410000
1!
0&
#72410514
13
#72412392
14
#72420000
0!
1&
#72420679
03
#72422392
04
#72430000
1!
0&
#72430514
13
#72432392
14
#72440000
0!
1&
#72440679
03
#72442392
04
#72450000
1!
0&
#72450514
13
#72452392
14
#72460000
0!
1&
#72460679
03
#72462392
04
#72470000
1!
0&
#72470514
13
#72472392
14
#72480000
0!
1&
#72480679
03
#72482392
04
#72490000
1!
0&
#72490514
13
#72492392
14
#72500000
0!
1&
#72500679
03
#72502392
04
#72506831
1\
1N
#72508727
1I
#72510000
1!
0&
#72510514
13
#72512392
14
#72520000
0!
1&
#72520679
03
#72522392
04
#72530000
1!
0&
#72530514
13
#72532392
14
#72540000
0!
1&
#72540679
03
#72542392
04
#72550000
1!
0&
#72550514
13
#72552392
14
#72560000
0!
1&
#72560679
03
#72562392
04
#72570000
1!
0&
#72570514
13
#72572392
14
#72580000
0!
1&
#72580679
03
#72582392
04
#72590000
1!
0&
#72590514
13
#72592392
14
#72600000
0!
1&
#72600679
03
#72602392
04
#72610000
1!
0&
#72610514
13
#72612392
14
#72620000
0!
1&
#72620679
03
#72622392
04
#72630000
1!
0&
#72630514
13
#72632392
14
#72640000
0!
1&
#72640679
03
#72642392
04
#72650000
1!
0&
#72650514
13
#72652392
14
#72660000
0!
1&
#72660679
03
#72662392
04
#72670000
1!
0&
#72670514
13
#72672392
14
#72680000
0!
1&
#72680679
03
#72682392
04
#72690000
1!
0&
#72690514
13
#72692392
14
#72700000
0!
1&
#72700679
03
#72702392
04
#72710000
1!
0&
#72710514
13
#72712392
14
#72720000
0!
1&
#72720679
03
#72722392
04
#72730000
1!
0&
#72730514
13
#72732392
14
#72740000
0!
1&
#72740679
03
#72742392
04
#72750000
1!
0&
#72750514
13
#72752392
14
#72760000
0!
1&
#72760679
03
#72762392
04
#72770000
1!
0&
#72770514
13
#72772392
14
#72780000
0!
1&
#72780679
03
#72782392
04
#72790000
1!
0&
#72790514
13
#72792392
14
#72800000
0!
1&
#72800679
03
#72802392
04
#72810000
1!
0&
#72810514
13
#72812392
14
#72820000
0!
1&
#72820679
03
#72822392
04
#72830000
1!
0&
#72830514
13
#72832392
14
#72840000
0!
1&
#72840679
03
#72842392
04
#72850000
1!
0&
#72850514
13
#72852392
14
#72860000
0!
1&
#72860679
03
#72862392
04
#72870000
1!
0&
#72870514
13
#72872392
14
#72880000
0!
1&
#72880679
03
#72882392
04
#72890000
1!
0&
#72890514
13
#72892392
14
#72900000
0!
1&
#72900679
03
#72902392
04
#72910000
1!
0&
#72910514
13
#72912392
14
#72920000
0!
1&
#72920679
03
#72922392
04
#72930000
1!
0&
#72930514
13
#72932392
14
#72940000
0!
1&
#72940679
03
#72942392
04
#72950000
1!
0&
#72950514
13
#72952392
14
#72960000
0!
1&
#72960679
03
#72962392
04
#72970000
1!
0&
#72970514
13
#72972392
14
#72980000
0!
1&
#72980679
03
#72982392
04
#72990000
1!
0&
#72990514
13
#72992392
14
#73000000
0!
1&
#73000679
03
#73002392
04
#73010000
1!
0&
#73010514
13
#73012392
14
#73020000
0!
1&
#73020679
03
#73022392
04
#73030000
1!
0&
#73030514
13
#73032392
14
#73040000
0!
1&
#73040679
03
#73042392
04
#73050000
1!
0&
#73050514
13
#73052392
14
#73060000
0!
1&
#73060679
03
#73062392
04
#73070000
1!
0&
#73070514
13
#73072392
14
#73080000
0!
1&
#73080679
03
#73082392
04
#73090000
1!
0&
#73090514
13
#73092392
14
#73100000
0!
1&
#73100679
03
#73102392
04
#73110000
1!
0&
#73110514
13
#73112392
14
#73120000
0!
1&
#73120679
03
#73122392
04
#73130000
1!
0&
#73130514
13
#73132392
14
#73140000
0!
1&
#73140679
03
#73142392
04
#73150000
1!
0&
#73150514
13
#73152392
14
#73160000
0!
1&
#73160679
03
#73162392
04
#73170000
1!
0&
#73170514
13
#73172392
14
#73180000
0!
1&
#73180679
03
#73182392
04
#73190000
1!
0&
#73190514
13
#73192392
14
#73200000
0!
1&
#73200679
03
#73202392
04
#73210000
1!
0&
#73210514
13
#73212392
14
#73220000
0!
1&
#73220679
03
#73222392
04
#73230000
1!
0&
#73230514
13
#73232392
14
#73240000
0!
1&
#73240679
03
#73242392
04
#73250000
1!
0&
#73250514
13
#73252392
14
#73260000
0!
1&
#73260679
03
#73262392
04
#73270000
1!
0&
#73270514
13
#73272392
14
#73280000
0!
1&
#73280679
03
#73282392
04
#73290000
1!
0&
#73290514
13
#73292392
14
#73300000
0!
1&
#73300679
03
#73302392
04
#73306831
0\
0N
#73308709
0I
#73310000
1!
0&
#73310514
13
#73312392
14
#73320000
0!
1&
#73320679
03
#73322392
04
#73330000
1!
0&
#73330514
13
#73332392
14
#73340000
0!
1&
#73340679
03
#73342392
04
#73350000
1!
0&
#73350514
13
#73352392
14
#73360000
0!
1&
#73360679
03
#73362392
04
#73370000
1!
0&
#73370514
13
#73372392
14
#73380000
0!
1&
#73380679
03
#73382392
04
#73390000
1!
0&
#73390514
13
#73392392
14
#73400000
0!
1&
#73400679
03
#73402392
04
#73410000
1!
0&
#73410514
13
#73412392
14
#73420000
0!
1&
#73420679
03
#73422392
04
#73430000
1!
0&
#73430514
13
#73432392
14
#73440000
0!
1&
#73440679
03
#73442392
04
#73450000
1!
0&
#73450514
13
#73452392
14
#73460000
0!
1&
#73460679
03
#73462392
04
#73470000
1!
0&
#73470514
13
#73472392
14
#73480000
0!
1&
#73480679
03
#73482392
04
#73490000
1!
0&
#73490514
13
#73492392
14
#73500000
0!
1&
#73500679
03
#73502392
04
#73510000
1!
0&
#73510514
13
#73512392
14
#73520000
0!
1&
#73520679
03
#73522392
04
#73530000
1!
0&
#73530514
13
#73532392
14
#73540000
0!
1&
#73540679
03
#73542392
04
#73550000
1!
0&
#73550514
13
#73552392
14
#73560000
0!
1&
#73560679
03
#73562392
04
#73570000
1!
0&
#73570514
13
#73572392
14
#73580000
0!
1&
#73580679
03
#73582392
04
#73590000
1!
0&
#73590514
13
#73592392
14
#73600000
0!
1&
#73600679
03
#73602392
04
#73610000
1!
0&
#73610514
13
#73612392
14
#73620000
0!
1&
#73620679
03
#73622392
04
#73630000
1!
0&
#73630514
13
#73632392
14
#73640000
0!
1&
#73640679
03
#73642392
04
#73650000
1!
0&
#73650514
13
#73652392
14
#73660000
0!
1&
#73660679
03
#73662392
04
#73670000
1!
0&
#73670514
13
#73672392
14
#73680000
0!
1&
#73680679
03
#73682392
04
#73690000
1!
0&
#73690514
13
#73692392
14
#73700000
0!
1&
#73700679
03
#73702392
04
#73710000
1!
0&
#73710514
13
#73712392
14
#73720000
0!
1&
#73720679
03
#73722392
04
#73730000
1!
0&
#73730514
13
#73732392
14
#73740000
0!
1&
#73740679
03
#73742392
04
#73750000
1!
0&
#73750514
13
#73752392
14
#73756831
1\
1N
#73758727
1I
#73760000
0!
1&
#73760679
03
#73762392
04
#73770000
1!
0&
#73770514
13
#73772392
14
#73780000
0!
1&
#73780679
03
#73782392
04
#73790000
1!
0&
#73790514
13
#73792392
14
#73800000
0!
1&
#73800679
03
#73802392
04
#73810000
1!
0&
#73810514
13
#73812392
14
#73820000
0!
1&
#73820679
03
#73822392
04
#73830000
1!
0&
#73830514
13
#73832392
14
#73840000
0!
1&
#73840679
03
#73842392
04
#73850000
1!
0&
#73850514
13
#73852392
14
#73860000
0!
1&
#73860679
03
#73862392
04
#73870000
1!
0&
#73870514
13
#73872392
14
#73880000
0!
1&
#73880679
03
#73882392
04
#73890000
1!
0&
#73890514
13
#73892392
14
#73900000
0!
1&
#73900679
03
#73902392
04
#73910000
1!
0&
#73910514
13
#73912392
14
#73920000
0!
1&
#73920679
03
#73922392
04
#73930000
1!
0&
#73930514
13
#73932392
14
#73940000
0!
1&
#73940679
03
#73942392
04
#73950000
1!
0&
#73950514
13
#73952392
14
#73960000
0!
1&
#73960679
03
#73962392
04
#73970000
1!
0&
#73970514
13
#73972392
14
#73980000
0!
1&
#73980679
03
#73982392
04
#73990000
1!
0&
#73990514
13
#73992392
14
#74000000
0!
1&
#74000679
03
#74002392
04
#74010000
1!
0&
#74010514
13
#74012392
14
#74020000
0!
1&
#74020679
03
#74022392
04
#74030000
1!
0&
#74030514
13
#74032392
14
#74040000
0!
1&
#74040679
03
#74042392
04
#74050000
1!
0&
#74050514
13
#74052392
14
#74060000
0!
1&
#74060679
03
#74062392
04
#74070000
1!
0&
#74070514
13
#74072392
14
#74080000
0!
1&
#74080679
03
#74082392
04
#74090000
1!
0&
#74090514
13
#74092392
14
#74100000
0!
1&
#74100679
03
#74102392
04
#74110000
1!
0&
#74110514
13
#74112392
14
#74120000
0!
1&
#74120679
03
#74122392
04
#74130000
1!
0&
#74130514
13
#74132392
14
#74140000
0!
1&
#74140679
03
#74142392
04
#74150000
1!
0&
#74150514
13
#74152392
14
#74160000
0!
1&
#74160679
03
#74162392
04
#74170000
1!
0&
#74170514
13
#74172392
14
#74180000
0!
1&
#74180679
03
#74182392
04
#74190000
1!
0&
#74190514
13
#74192392
14
#74200000
0!
1&
#74200679
03
#74202392
04
#74210000
1!
0&
#74210514
13
#74212392
14
#74220000
0!
1&
#74220679
03
#74222392
04
#74230000
1!
0&
#74230514
13
#74232392
14
#74240000
0!
1&
#74240679
03
#74242392
04
#74250000
1!
0&
#74250514
13
#74252392
14
#74260000
0!
1&
#74260679
03
#74262392
04
#74270000
1!
0&
#74270514
13
#74272392
14
#74280000
0!
1&
#74280679
03
#74282392
04
#74290000
1!
0&
#74290514
13
#74292392
14
#74300000
0!
1&
#74300679
03
#74302392
04
#74310000
1!
0&
#74310514
13
#74312392
14
#74320000
0!
1&
#74320679
03
#74322392
04
#74330000
1!
0&
#74330514
13
#74332392
14
#74340000
0!
1&
#74340679
03
#74342392
04
#74350000
1!
0&
#74350514
13
#74352392
14
#74360000
0!
1&
#74360679
03
#74362392
04
#74370000
1!
0&
#74370514
13
#74372392
14
#74380000
0!
1&
#74380679
03
#74382392
04
#74390000
1!
0&
#74390514
13
#74392392
14
#74400000
0!
1&
#74400679
03
#74402392
04
#74410000
1!
0&
#74410514
13
#74412392
14
#74420000
0!
1&
#74420679
03
#74422392
04
#74430000
1!
0&
#74430514
13
#74432392
14
#74440000
0!
1&
#74440679
03
#74442392
04
#74450000
1!
0&
#74450514
13
#74452392
14
#74460000
0!
1&
#74460679
03
#74462392
04
#74470000
1!
0&
#74470514
13
#74472392
14
#74480000
0!
1&
#74480679
03
#74482392
04
#74490000
1!
0&
#74490514
13
#74492392
14
#74500000
0!
1&
#74500679
03
#74502392
04
#74510000
1!
0&
#74510514
13
#74512392
14
#74520000
0!
1&
#74520679
03
#74522392
04
#74530000
1!
0&
#74530514
13
#74532392
14
#74540000
0!
1&
#74540679
03
#74542392
04
#74550000
1!
0&
#74550514
13
#74552392
14
#74556831
0\
0N
#74558709
0I
#74560000
0!
1&
#74560679
03
#74562392
04
#74570000
1!
0&
#74570514
13
#74572392
14
#74580000
0!
1&
#74580679
03
#74582392
04
#74590000
1!
0&
#74590514
13
#74592392
14
#74600000
0!
1&
#74600679
03
#74602392
04
#74610000
1!
0&
#74610514
13
#74612392
14
#74620000
0!
1&
#74620679
03
#74622392
04
#74630000
1!
0&
#74630514
13
#74632392
14
#74640000
0!
1&
#74640679
03
#74642392
04
#74650000
1!
0&
#74650514
13
#74652392
14
#74660000
0!
1&
#74660679
03
#74662392
04
#74670000
1!
0&
#74670514
13
#74672392
14
#74680000
0!
1&
#74680679
03
#74682392
04
#74690000
1!
0&
#74690514
13
#74692392
14
#74700000
0!
1&
#74700679
03
#74702392
04
#74710000
1!
0&
#74710514
13
#74712392
14
#74720000
0!
1&
#74720679
03
#74722392
04
#74730000
1!
0&
#74730514
13
#74732392
14
#74740000
0!
1&
#74740679
03
#74742392
04
#74750000
1!
0&
#74750514
13
#74752392
14
#74760000
0!
1&
#74760679
03
#74762392
04
#74770000
1!
0&
#74770514
13
#74772392
14
#74780000
0!
1&
#74780679
03
#74782392
04
#74790000
1!
0&
#74790514
13
#74792392
14
#74800000
0!
1&
#74800679
03
#74802392
04
#74810000
1!
0&
#74810514
13
#74812392
14
#74820000
0!
1&
#74820679
03
#74822392
04
#74830000
1!
0&
#74830514
13
#74832392
14
#74840000
0!
1&
#74840679
03
#74842392
04
#74850000
1!
0&
#74850514
13
#74852392
14
#74860000
0!
1&
#74860679
03
#74862392
04
#74870000
1!
0&
#74870514
13
#74872392
14
#74880000
0!
1&
#74880679
03
#74882392
04
#74890000
1!
0&
#74890514
13
#74892392
14
#74900000
0!
1&
#74900679
03
#74902392
04
#74910000
1!
0&
#74910514
13
#74912392
14
#74920000
0!
1&
#74920679
03
#74922392
04
#74930000
1!
0&
#74930514
13
#74932392
14
#74940000
0!
1&
#74940679
03
#74942392
04
#74950000
1!
0&
#74950514
13
#74952392
14
#74960000
0!
1&
#74960679
03
#74962392
04
#74970000
1!
0&
#74970514
13
#74972392
14
#74980000
0!
1&
#74980679
03
#74982392
04
#74990000
1!
0&
#74990514
13
#74992392
14
#75000000
0!
1&
#75000679
03
#75002392
04
#75006831
1\
1N
#75008727
1I
#75010000
1!
0&
#75010514
13
#75012392
14
#75020000
0!
1&
#75020679
03
#75022392
04
#75030000
1!
0&
#75030514
13
#75032392
14
#75040000
0!
1&
#75040679
03
#75042392
04
#75050000
1!
0&
#75050514
13
#75052392
14
#75060000
0!
1&
#75060679
03
#75062392
04
#75070000
1!
0&
#75070514
13
#75072392
14
#75080000
0!
1&
#75080679
03
#75082392
04
#75090000
1!
0&
#75090514
13
#75092392
14
#75100000
0!
1&
#75100679
03
#75102392
04
#75110000
1!
0&
#75110514
13
#75112392
14
#75120000
0!
1&
#75120679
03
#75122392
04
#75130000
1!
0&
#75130514
13
#75132392
14
#75140000
0!
1&
#75140679
03
#75142392
04
#75150000
1!
0&
#75150514
13
#75152392
14
#75160000
0!
1&
#75160679
03
#75162392
04
#75170000
1!
0&
#75170514
13
#75172392
14
#75180000
0!
1&
#75180679
03
#75182392
04
#75190000
1!
0&
#75190514
13
#75192392
14
#75200000
0!
1&
#75200679
03
#75202392
04
#75210000
1!
0&
#75210514
13
#75212392
14
#75220000
0!
1&
#75220679
03
#75222392
04
#75230000
1!
0&
#75230514
13
#75232392
14
#75240000
0!
1&
#75240679
03
#75242392
04
#75250000
1!
0&
#75250514
13
#75252392
14
#75260000
0!
1&
#75260679
03
#75262392
04
#75270000
1!
0&
#75270514
13
#75272392
14
#75280000
0!
1&
#75280679
03
#75282392
04
#75290000
1!
0&
#75290514
13
#75292392
14
#75300000
0!
1&
#75300679
03
#75302392
04
#75310000
1!
0&
#75310514
13
#75312392
14
#75320000
0!
1&
#75320679
03
#75322392
04
#75330000
1!
0&
#75330514
13
#75332392
14
#75340000
0!
1&
#75340679
03
#75342392
04
#75350000
1!
0&
#75350514
13
#75352392
14
#75360000
0!
1&
#75360679
03
#75362392
04
#75370000
1!
0&
#75370514
13
#75372392
14
#75380000
0!
1&
#75380679
03
#75382392
04
#75390000
1!
0&
#75390514
13
#75392392
14
#75400000
0!
1&
#75400679
03
#75402392
04
#75410000
1!
0&
#75410514
13
#75412392
14
#75420000
0!
1&
#75420679
03
#75422392
04
#75430000
1!
0&
#75430514
13
#75432392
14
#75440000
0!
1&
#75440679
03
#75442392
04
#75450000
1!
0&
#75450514
13
#75452392
14
#75460000
0!
1&
#75460679
03
#75462392
04
#75470000
1!
0&
#75470514
13
#75472392
14
#75480000
0!
1&
#75480679
03
#75482392
04
#75490000
1!
0&
#75490514
13
#75492392
14
#75500000
0!
1&
#75500679
03
#75502392
04
#75510000
1!
0&
#75510514
13
#75512392
14
#75520000
0!
1&
#75520679
03
#75522392
04
#75530000
1!
0&
#75530514
13
#75532392
14
#75540000
0!
1&
#75540679
03
#75542392
04
#75550000
1!
0&
#75550514
13
#75552392
14
#75560000
0!
1&
#75560679
03
#75562392
04
#75570000
1!
0&
#75570514
13
#75572392
14
#75580000
0!
1&
#75580679
03
#75582392
04
#75590000
1!
0&
#75590514
13
#75592392
14
#75600000
0!
1&
#75600679
03
#75602392
04
#75610000
1!
0&
#75610514
13
#75612392
14
#75620000
0!
1&
#75620679
03
#75622392
04
#75630000
1!
0&
#75630514
13
#75632392
14
#75640000
0!
1&
#75640679
03
#75642392
04
#75650000
1!
0&
#75650514
13
#75652392
14
#75660000
0!
1&
#75660679
03
#75662392
04
#75670000
1!
0&
#75670514
13
#75672392
14
#75680000
0!
1&
#75680679
03
#75682392
04
#75690000
1!
0&
#75690514
13
#75692392
14
#75700000
0!
1&
#75700679
03
#75702392
04
#75710000
1!
0&
#75710514
13
#75712392
14
#75720000
0!
1&
#75720679
03
#75722392
04
#75730000
1!
0&
#75730514
13
#75732392
14
#75740000
0!
1&
#75740679
03
#75742392
04
#75750000
1!
0&
#75750514
13
#75752392
14
#75760000
0!
1&
#75760679
03
#75762392
04
#75770000
1!
0&
#75770514
13
#75772392
14
#75780000
0!
1&
#75780679
03
#75782392
04
#75790000
1!
0&
#75790514
13
#75792392
14
#75800000
0!
1&
#75800679
03
#75802392
04
#75806831
0\
0N
#75808709
0I
#75810000
1!
0&
#75810514
13
#75812392
14
#75820000
0!
1&
#75820679
03
#75822392
04
#75830000
1!
0&
#75830514
13
#75832392
14
#75840000
0!
1&
#75840679
03
#75842392
04
#75850000
1!
0&
#75850514
13
#75852392
14
#75860000
0!
1&
#75860679
03
#75862392
04
#75870000
1!
0&
#75870514
13
#75872392
14
#75880000
0!
1&
#75880679
03
#75882392
04
#75890000
1!
0&
#75890514
13
#75892392
14
#75900000
0!
1&
#75900679
03
#75902392
04
#75910000
1!
0&
#75910514
13
#75912392
14
#75920000
0!
1&
#75920679
03
#75922392
04
#75930000
1!
0&
#75930514
13
#75932392
14
#75940000
0!
1&
#75940679
03
#75942392
04
#75950000
1!
0&
#75950514
13
#75952392
14
#75960000
0!
1&
#75960679
03
#75962392
04
#75970000
1!
0&
#75970514
13
#75972392
14
#75980000
0!
1&
#75980679
03
#75982392
04
#75990000
1!
0&
#75990514
13
#75992392
14
#76000000
0!
1&
#76000679
03
#76002392
04
#76010000
1!
0&
#76010514
13
#76012392
14
#76020000
0!
1&
#76020679
03
#76022392
04
#76030000
1!
0&
#76030514
13
#76032392
14
#76040000
0!
1&
#76040679
03
#76042392
04
#76050000
1!
0&
#76050514
13
#76052392
14
#76060000
0!
1&
#76060679
03
#76062392
04
#76070000
1!
0&
#76070514
13
#76072392
14
#76080000
0!
1&
#76080679
03
#76082392
04
#76090000
1!
0&
#76090514
13
#76092392
14
#76100000
0!
1&
#76100679
03
#76102392
04
#76110000
1!
0&
#76110514
13
#76112392
14
#76120000
0!
1&
#76120679
03
#76122392
04
#76130000
1!
0&
#76130514
13
#76132392
14
#76140000
0!
1&
#76140679
03
#76142392
04
#76150000
1!
0&
#76150514
13
#76152392
14
#76160000
0!
1&
#76160679
03
#76162392
04
#76170000
1!
0&
#76170514
13
#76172392
14
#76180000
0!
1&
#76180679
03
#76182392
04
#76190000
1!
0&
#76190514
13
#76192392
14
#76200000
0!
1&
#76200679
03
#76202392
04
#76210000
1!
0&
#76210514
13
#76212392
14
#76220000
0!
1&
#76220679
03
#76222392
04
#76230000
1!
0&
#76230514
13
#76232392
14
#76240000
0!
1&
#76240679
03
#76242392
04
#76250000
1!
0&
#76250514
13
#76252392
14
#76256831
1\
1N
#76258727
1I
#76260000
0!
1&
#76260679
03
#76262392
04
#76270000
1!
0&
#76270514
13
#76272392
14
#76280000
0!
1&
#76280679
03
#76282392
04
#76290000
1!
0&
#76290514
13
#76292392
14
#76300000
0!
1&
#76300679
03
#76302392
04
#76310000
1!
0&
#76310514
13
#76312392
14
#76320000
0!
1&
#76320679
03
#76322392
04
#76330000
1!
0&
#76330514
13
#76332392
14
#76340000
0!
1&
#76340679
03
#76342392
04
#76350000
1!
0&
#76350514
13
#76352392
14
#76360000
0!
1&
#76360679
03
#76362392
04
#76370000
1!
0&
#76370514
13
#76372392
14
#76380000
0!
1&
#76380679
03
#76382392
04
#76390000
1!
0&
#76390514
13
#76392392
14
#76400000
0!
1&
#76400679
03
#76402392
04
#76410000
1!
0&
#76410514
13
#76412392
14
#76420000
0!
1&
#76420679
03
#76422392
04
#76430000
1!
0&
#76430514
13
#76432392
14
#76440000
0!
1&
#76440679
03
#76442392
04
#76450000
1!
0&
#76450514
13
#76452392
14
#76460000
0!
1&
#76460679
03
#76462392
04
#76470000
1!
0&
#76470514
13
#76472392
14
#76480000
0!
1&
#76480679
03
#76482392
04
#76490000
1!
0&
#76490514
13
#76492392
14
#76500000
0!
1&
#76500679
03
#76502392
04
#76510000
1!
0&
#76510514
13
#76512392
14
#76520000
0!
1&
#76520679
03
#76522392
04
#76530000
1!
0&
#76530514
13
#76532392
14
#76540000
0!
1&
#76540679
03
#76542392
04
#76550000
1!
0&
#76550514
13
#76552392
14
#76560000
0!
1&
#76560679
03
#76562392
04
#76570000
1!
0&
#76570514
13
#76572392
14
#76580000
0!
1&
#76580679
03
#76582392
04
#76590000
1!
0&
#76590514
13
#76592392
14
#76600000
0!
1&
#76600679
03
#76602392
04
#76610000
1!
0&
#76610514
13
#76612392
14
#76620000
0!
1&
#76620679
03
#76622392
04
#76630000
1!
0&
#76630514
13
#76632392
14
#76640000
0!
1&
#76640679
03
#76642392
04
#76650000
1!
0&
#76650514
13
#76652392
14
#76660000
0!
1&
#76660679
03
#76662392
04
#76670000
1!
0&
#76670514
13
#76672392
14
#76680000
0!
1&
#76680679
03
#76682392
04
#76690000
1!
0&
#76690514
13
#76692392
14
#76700000
0!
1&
#76700679
03
#76702392
04
#76710000
1!
0&
#76710514
13
#76712392
14
#76720000
0!
1&
#76720679
03
#76722392
04
#76730000
1!
0&
#76730514
13
#76732392
14
#76740000
0!
1&
#76740679
03
#76742392
04
#76750000
1!
0&
#76750514
13
#76752392
14
#76760000
0!
1&
#76760679
03
#76762392
04
#76770000
1!
0&
#76770514
13
#76772392
14
#76780000
0!
1&
#76780679
03
#76782392
04
#76790000
1!
0&
#76790514
13
#76792392
14
#76800000
0!
1&
#76800679
03
#76802392
04
#76810000
1!
0&
#76810514
13
#76812392
14
#76820000
0!
1&
#76820679
03
#76822392
04
#76830000
1!
0&
#76830514
13
#76832392
14
#76840000
0!
1&
#76840679
03
#76842392
04
#76850000
1!
0&
#76850514
13
#76852392
14
#76860000
0!
1&
#76860679
03
#76862392
04
#76870000
1!
0&
#76870514
13
#76872392
14
#76880000
0!
1&
#76880679
03
#76882392
04
#76890000
1!
0&
#76890514
13
#76892392
14
#76900000
0!
1&
#76900679
03
#76902392
04
#76910000
1!
0&
#76910514
13
#76912392
14
#76920000
0!
1&
#76920679
03
#76922392
04
#76930000
1!
0&
#76930514
13
#76932392
14
#76940000
0!
1&
#76940679
03
#76942392
04
#76950000
1!
0&
#76950514
13
#76952392
14
#76960000
0!
1&
#76960679
03
#76962392
04
#76970000
1!
0&
#76970514
13
#76972392
14
#76980000
0!
1&
#76980679
03
#76982392
04
#76990000
1!
0&
#76990514
13
#76992392
14
#77000000
0!
1&
#77000679
03
#77002392
04
#77010000
1!
0&
#77010514
13
#77012392
14
#77020000
0!
1&
#77020679
03
#77022392
04
#77030000
1!
0&
#77030514
13
#77032392
14
#77040000
0!
1&
#77040679
03
#77042392
04
#77050000
1!
0&
#77050514
13
#77052392
14
#77056831
0\
0N
#77058709
0I
#77060000
0!
1&
#77060679
03
#77062392
04
#77070000
1!
0&
#77070514
13
#77072392
14
#77080000
0!
1&
#77080679
03
#77082392
04
#77090000
1!
0&
#77090514
13
#77092392
14
#77100000
0!
1&
#77100679
03
#77102392
04
#77110000
1!
0&
#77110514
13
#77112392
14
#77120000
0!
1&
#77120679
03
#77122392
04
#77130000
1!
0&
#77130514
13
#77132392
14
#77140000
0!
1&
#77140679
03
#77142392
04
#77150000
1!
0&
#77150514
13
#77152392
14
#77160000
0!
1&
#77160679
03
#77162392
04
#77170000
1!
0&
#77170514
13
#77172392
14
#77180000
0!
1&
#77180679
03
#77182392
04
#77190000
1!
0&
#77190514
13
#77192392
14
#77200000
0!
1&
#77200679
03
#77202392
04
#77210000
1!
0&
#77210514
13
#77212392
14
#77220000
0!
1&
#77220679
03
#77222392
04
#77230000
1!
0&
#77230514
13
#77232392
14
#77240000
0!
1&
#77240679
03
#77242392
04
#77250000
1!
0&
#77250514
13
#77252392
14
#77260000
0!
1&
#77260679
03
#77262392
04
#77270000
1!
0&
#77270514
13
#77272392
14
#77280000
0!
1&
#77280679
03
#77282392
04
#77290000
1!
0&
#77290514
13
#77292392
14
#77300000
0!
1&
#77300679
03
#77302392
04
#77310000
1!
0&
#77310514
13
#77312392
14
#77320000
0!
1&
#77320679
03
#77322392
04
#77330000
1!
0&
#77330514
13
#77332392
14
#77340000
0!
1&
#77340679
03
#77342392
04
#77350000
1!
0&
#77350514
13
#77352392
14
#77360000
0!
1&
#77360679
03
#77362392
04
#77370000
1!
0&
#77370514
13
#77372392
14
#77380000
0!
1&
#77380679
03
#77382392
04
#77390000
1!
0&
#77390514
13
#77392392
14
#77400000
0!
1&
#77400679
03
#77402392
04
#77410000
1!
0&
#77410514
13
#77412392
14
#77420000
0!
1&
#77420679
03
#77422392
04
#77430000
1!
0&
#77430514
13
#77432392
14
#77440000
0!
1&
#77440679
03
#77442392
04
#77450000
1!
0&
#77450514
13
#77452392
14
#77460000
0!
1&
#77460679
03
#77462392
04
#77470000
1!
0&
#77470514
13
#77472392
14
#77480000
0!
1&
#77480679
03
#77482392
04
#77490000
1!
0&
#77490514
13
#77492392
14
#77500000
0!
1&
#77500679
03
#77502392
04
#77506831
1\
1N
#77508727
1I
#77510000
1!
0&
#77510514
13
#77512392
14
#77520000
0!
1&
#77520679
03
#77522392
04
#77530000
1!
0&
#77530514
13
#77532392
14
#77540000
0!
1&
#77540679
03
#77542392
04
#77550000
1!
0&
#77550514
13
#77552392
14
#77560000
0!
1&
#77560679
03
#77562392
04
#77570000
1!
0&
#77570514
13
#77572392
14
#77580000
0!
1&
#77580679
03
#77582392
04
#77590000
1!
0&
#77590514
13
#77592392
14
#77600000
0!
1&
#77600679
03
#77602392
04
#77610000
1!
0&
#77610514
13
#77612392
14
#77620000
0!
1&
#77620679
03
#77622392
04
#77630000
1!
0&
#77630514
13
#77632392
14
#77640000
0!
1&
#77640679
03
#77642392
04
#77650000
1!
0&
#77650514
13
#77652392
14
#77660000
0!
1&
#77660679
03
#77662392
04
#77670000
1!
0&
#77670514
13
#77672392
14
#77680000
0!
1&
#77680679
03
#77682392
04
#77690000
1!
0&
#77690514
13
#77692392
14
#77700000
0!
1&
#77700679
03
#77702392
04
#77710000
1!
0&
#77710514
13
#77712392
14
#77720000
0!
1&
#77720679
03
#77722392
04
#77730000
1!
0&
#77730514
13
#77732392
14
#77740000
0!
1&
#77740679
03
#77742392
04
#77750000
1!
0&
#77750514
13
#77752392
14
#77760000
0!
1&
#77760679
03
#77762392
04
#77770000
1!
0&
#77770514
13
#77772392
14
#77780000
0!
1&
#77780679
03
#77782392
04
#77790000
1!
0&
#77790514
13
#77792392
14
#77800000
0!
1&
#77800679
03
#77802392
04
#77810000
1!
0&
#77810514
13
#77812392
14
#77820000
0!
1&
#77820679
03
#77822392
04
#77830000
1!
0&
#77830514
13
#77832392
14
#77840000
0!
1&
#77840679
03
#77842392
04
#77850000
1!
0&
#77850514
13
#77852392
14
#77860000
0!
1&
#77860679
03
#77862392
04
#77870000
1!
0&
#77870514
13
#77872392
14
#77880000
0!
1&
#77880679
03
#77882392
04
#77890000
1!
0&
#77890514
13
#77892392
14
#77900000
0!
1&
#77900679
03
#77902392
04
#77910000
1!
0&
#77910514
13
#77912392
14
#77920000
0!
1&
#77920679
03
#77922392
04
#77930000
1!
0&
#77930514
13
#77932392
14
#77940000
0!
1&
#77940679
03
#77942392
04
#77950000
1!
0&
#77950514
13
#77952392
14
#77960000
0!
1&
#77960679
03
#77962392
04
#77970000
1!
0&
#77970514
13
#77972392
14
#77980000
0!
1&
#77980679
03
#77982392
04
#77990000
1!
0&
#77990514
13
#77992392
14
#78000000
0!
1&
#78000679
03
#78002392
04
#78010000
1!
0&
#78010514
13
#78012392
14
#78020000
0!
1&
#78020679
03
#78022392
04
#78030000
1!
0&
#78030514
13
#78032392
14
#78040000
0!
1&
#78040679
03
#78042392
04
#78050000
1!
0&
#78050514
13
#78052392
14
#78060000
0!
1&
#78060679
03
#78062392
04
#78070000
1!
0&
#78070514
13
#78072392
14
#78080000
0!
1&
#78080679
03
#78082392
04
#78090000
1!
0&
#78090514
13
#78092392
14
#78100000
0!
1&
#78100679
03
#78102392
04
#78110000
1!
0&
#78110514
13
#78112392
14
#78120000
0!
1&
#78120679
03
#78122392
04
#78130000
1!
0&
#78130514
13
#78132392
14
#78140000
0!
1&
#78140679
03
#78142392
04
#78150000
1!
0&
#78150514
13
#78152392
14
#78160000
0!
1&
#78160679
03
#78162392
04
#78170000
1!
0&
#78170514
13
#78172392
14
#78180000
0!
1&
#78180679
03
#78182392
04
#78190000
1!
0&
#78190514
13
#78192392
14
#78200000
0!
1&
#78200679
03
#78202392
04
#78210000
1!
0&
#78210514
13
#78212392
14
#78220000
0!
1&
#78220679
03
#78222392
04
#78230000
1!
0&
#78230514
13
#78232392
14
#78240000
0!
1&
#78240679
03
#78242392
04
#78250000
1!
0&
#78250514
13
#78252392
14
#78260000
0!
1&
#78260679
03
#78262392
04
#78270000
1!
0&
#78270514
13
#78272392
14
#78280000
0!
1&
#78280679
03
#78282392
04
#78290000
1!
0&
#78290514
13
#78292392
14
#78300000
0!
1&
#78300679
03
#78302392
04
#78306831
0\
0N
#78308709
0I
#78310000
1!
0&
#78310514
13
#78312392
14
#78320000
0!
1&
#78320679
03
#78322392
04
#78330000
1!
0&
#78330514
13
#78332392
14
#78340000
0!
1&
#78340679
03
#78342392
04
#78350000
1!
0&
#78350514
13
#78352392
14
#78360000
0!
1&
#78360679
03
#78362392
04
#78370000
1!
0&
#78370514
13
#78372392
14
#78380000
0!
1&
#78380679
03
#78382392
04
#78390000
1!
0&
#78390514
13
#78392392
14
#78400000
0!
1&
#78400679
03
#78402392
04
#78410000
1!
0&
#78410514
13
#78412392
14
#78420000
0!
1&
#78420679
03
#78422392
04
#78430000
1!
0&
#78430514
13
#78432392
14
#78440000
0!
1&
#78440679
03
#78442392
04
#78450000
1!
0&
#78450514
13
#78452392
14
#78460000
0!
1&
#78460679
03
#78462392
04
#78470000
1!
0&
#78470514
13
#78472392
14
#78480000
0!
1&
#78480679
03
#78482392
04
#78490000
1!
0&
#78490514
13
#78492392
14
#78500000
0!
1&
#78500679
03
#78502392
04
#78510000
1!
0&
#78510514
13
#78512392
14
#78520000
0!
1&
#78520679
03
#78522392
04
#78530000
1!
0&
#78530514
13
#78532392
14
#78540000
0!
1&
#78540679
03
#78542392
04
#78550000
1!
0&
#78550514
13
#78552392
14
#78560000
0!
1&
#78560679
03
#78562392
04
#78570000
1!
0&
#78570514
13
#78572392
14
#78580000
0!
1&
#78580679
03
#78582392
04
#78590000
1!
0&
#78590514
13
#78592392
14
#78600000
0!
1&
#78600679
03
#78602392
04
#78610000
1!
0&
#78610514
13
#78612392
14
#78620000
0!
1&
#78620679
03
#78622392
04
#78630000
1!
0&
#78630514
13
#78632392
14
#78640000
0!
1&
#78640679
03
#78642392
04
#78650000
1!
0&
#78650514
13
#78652392
14
#78660000
0!
1&
#78660679
03
#78662392
04
#78670000
1!
0&
#78670514
13
#78672392
14
#78680000
0!
1&
#78680679
03
#78682392
04
#78690000
1!
0&
#78690514
13
#78692392
14
#78700000
0!
1&
#78700679
03
#78702392
04
#78710000
1!
0&
#78710514
13
#78712392
14
#78720000
0!
1&
#78720679
03
#78722392
04
#78730000
1!
0&
#78730514
13
#78732392
14
#78740000
0!
1&
#78740679
03
#78742392
04
#78750000
1!
0&
#78750514
13
#78752392
14
#78756831
1\
1N
#78758727
1I
#78760000
0!
1&
#78760679
03
#78762392
04
#78770000
1!
0&
#78770514
13
#78772392
14
#78780000
0!
1&
#78780679
03
#78782392
04
#78790000
1!
0&
#78790514
13
#78792392
14
#78800000
0!
1&
#78800679
03
#78802392
04
#78810000
1!
0&
#78810514
13
#78812392
14
#78820000
0!
1&
#78820679
03
#78822392
04
#78830000
1!
0&
#78830514
13
#78832392
14
#78840000
0!
1&
#78840679
03
#78842392
04
#78850000
1!
0&
#78850514
13
#78852392
14
#78860000
0!
1&
#78860679
03
#78862392
04
#78870000
1!
0&
#78870514
13
#78872392
14
#78880000
0!
1&
#78880679
03
#78882392
04
#78890000
1!
0&
#78890514
13
#78892392
14
#78900000
0!
1&
#78900679
03
#78902392
04
#78910000
1!
0&
#78910514
13
#78912392
14
#78920000
0!
1&
#78920679
03
#78922392
04
#78930000
1!
0&
#78930514
13
#78932392
14
#78940000
0!
1&
#78940679
03
#78942392
04
#78950000
1!
0&
#78950514
13
#78952392
14
#78960000
0!
1&
#78960679
03
#78962392
04
#78970000
1!
0&
#78970514
13
#78972392
14
#78980000
0!
1&
#78980679
03
#78982392
04
#78990000
1!
0&
#78990514
13
#78992392
14
#79000000
0!
1&
#79000679
03
#79002392
04
#79010000
1!
0&
#79010514
13
#79012392
14
#79020000
0!
1&
#79020679
03
#79022392
04
#79030000
1!
0&
#79030514
13
#79032392
14
#79040000
0!
1&
#79040679
03
#79042392
04
#79050000
1!
0&
#79050514
13
#79052392
14
#79060000
0!
1&
#79060679
03
#79062392
04
#79070000
1!
0&
#79070514
13
#79072392
14
#79080000
0!
1&
#79080679
03
#79082392
04
#79090000
1!
0&
#79090514
13
#79092392
14
#79100000
0!
1&
#79100679
03
#79102392
04
#79110000
1!
0&
#79110514
13
#79112392
14
#79120000
0!
1&
#79120679
03
#79122392
04
#79130000
1!
0&
#79130514
13
#79132392
14
#79140000
0!
1&
#79140679
03
#79142392
04
#79150000
1!
0&
#79150514
13
#79152392
14
#79160000
0!
1&
#79160679
03
#79162392
04
#79170000
1!
0&
#79170514
13
#79172392
14
#79180000
0!
1&
#79180679
03
#79182392
04
#79190000
1!
0&
#79190514
13
#79192392
14
#79200000
0!
1&
#79200679
03
#79202392
04
#79210000
1!
0&
#79210514
13
#79212392
14
#79220000
0!
1&
#79220679
03
#79222392
04
#79230000
1!
0&
#79230514
13
#79232392
14
#79240000
0!
1&
#79240679
03
#79242392
04
#79250000
1!
0&
#79250514
13
#79252392
14
#79260000
0!
1&
#79260679
03
#79262392
04
#79270000
1!
0&
#79270514
13
#79272392
14
#79280000
0!
1&
#79280679
03
#79282392
04
#79290000
1!
0&
#79290514
13
#79292392
14
#79300000
0!
1&
#79300679
03
#79302392
04
#79310000
1!
0&
#79310514
13
#79312392
14
#79320000
0!
1&
#79320679
03
#79322392
04
#79330000
1!
0&
#79330514
13
#79332392
14
#79340000
0!
1&
#79340679
03
#79342392
04
#79350000
1!
0&
#79350514
13
#79352392
14
#79360000
0!
1&
#79360679
03
#79362392
04
#79370000
1!
0&
#79370514
13
#79372392
14
#79380000
0!
1&
#79380679
03
#79382392
04
#79390000
1!
0&
#79390514
13
#79392392
14
#79400000
0!
1&
#79400679
03
#79402392
04
#79410000
1!
0&
#79410514
13
#79412392
14
#79420000
0!
1&
#79420679
03
#79422392
04
#79430000
1!
0&
#79430514
13
#79432392
14
#79440000
0!
1&
#79440679
03
#79442392
04
#79450000
1!
0&
#79450514
13
#79452392
14
#79460000
0!
1&
#79460679
03
#79462392
04
#79470000
1!
0&
#79470514
13
#79472392
14
#79480000
0!
1&
#79480679
03
#79482392
04
#79490000
1!
0&
#79490514
13
#79492392
14
#79500000
0!
1&
#79500679
03
#79502392
04
#79510000
1!
0&
#79510514
13
#79512392
14
#79520000
0!
1&
#79520679
03
#79522392
04
#79530000
1!
0&
#79530514
13
#79532392
14
#79540000
0!
1&
#79540679
03
#79542392
04
#79550000
1!
0&
#79550514
13
#79552392
14
#79556831
0\
0N
#79558709
0I
#79560000
0!
1&
#79560679
03
#79562392
04
#79570000
1!
0&
#79570514
13
#79572392
14
#79580000
0!
1&
#79580679
03
#79582392
04
#79590000
1!
0&
#79590514
13
#79592392
14
#79600000
0!
1&
#79600679
03
#79602392
04
#79610000
1!
0&
#79610514
13
#79612392
14
#79620000
0!
1&
#79620679
03
#79622392
04
#79630000
1!
0&
#79630514
13
#79632392
14
#79640000
0!
1&
#79640679
03
#79642392
04
#79650000
1!
0&
#79650514
13
#79652392
14
#79660000
0!
1&
#79660679
03
#79662392
04
#79670000
1!
0&
#79670514
13
#79672392
14
#79680000
0!
1&
#79680679
03
#79682392
04
#79690000
1!
0&
#79690514
13
#79692392
14
#79700000
0!
1&
#79700679
03
#79702392
04
#79710000
1!
0&
#79710514
13
#79712392
14
#79720000
0!
1&
#79720679
03
#79722392
04
#79730000
1!
0&
#79730514
13
#79732392
14
#79740000
0!
1&
#79740679
03
#79742392
04
#79750000
1!
0&
#79750514
13
#79752392
14
#79760000
0!
1&
#79760679
03
#79762392
04
#79770000
1!
0&
#79770514
13
#79772392
14
#79780000
0!
1&
#79780679
03
#79782392
04
#79790000
1!
0&
#79790514
13
#79792392
14
#79800000
0!
1&
#79800679
03
#79802392
04
#79810000
1!
0&
#79810514
13
#79812392
14
#79820000
0!
1&
#79820679
03
#79822392
04
#79830000
1!
0&
#79830514
13
#79832392
14
#79840000
0!
1&
#79840679
03
#79842392
04
#79850000
1!
0&
#79850514
13
#79852392
14
#79860000
0!
1&
#79860679
03
#79862392
04
#79870000
1!
0&
#79870514
13
#79872392
14
#79880000
0!
1&
#79880679
03
#79882392
04
#79890000
1!
0&
#79890514
13
#79892392
14
#79900000
0!
1&
#79900679
03
#79902392
04
#79910000
1!
0&
#79910514
13
#79912392
14
#79920000
0!
1&
#79920679
03
#79922392
04
#79930000
1!
0&
#79930514
13
#79932392
14
#79940000
0!
1&
#79940679
03
#79942392
04
#79950000
1!
0&
#79950514
13
#79952392
14
#79960000
0!
1&
#79960679
03
#79962392
04
#79970000
1!
0&
#79970514
13
#79972392
14
#79980000
0!
1&
#79980679
03
#79982392
04
#79990000
1!
0&
#79990514
13
#79992392
14
#80000000
0!
1&
#80000679
03
#80002392
04
#80006831
1\
1N
#80008727
1I
#80010000
1!
0&
#80010514
13
#80012392
14
#80020000
0!
1&
#80020679
03
#80022392
04
#80030000
1!
0&
#80030514
13
#80032392
14
#80040000
0!
1&
#80040679
03
#80042392
04
#80050000
1!
0&
#80050514
13
#80052392
14
#80060000
0!
1&
#80060679
03
#80062392
04
#80070000
1!
0&
#80070514
13
#80072392
14
#80080000
0!
1&
#80080679
03
#80082392
04
#80090000
1!
0&
#80090514
13
#80092392
14
#80100000
0!
1&
#80100679
03
#80102392
04
#80110000
1!
0&
#80110514
13
#80112392
14
#80120000
0!
1&
#80120679
03
#80122392
04
#80130000
1!
0&
#80130514
13
#80132392
14
#80140000
0!
1&
#80140679
03
#80142392
04
#80150000
1!
0&
#80150514
13
#80152392
14
#80160000
0!
1&
#80160679
03
#80162392
04
#80170000
1!
0&
#80170514
13
#80172392
14
#80180000
0!
1&
#80180679
03
#80182392
04
#80190000
1!
0&
#80190514
13
#80192392
14
#80200000
0!
1&
#80200679
03
#80202392
04
#80210000
1!
0&
#80210514
13
#80212392
14
#80220000
0!
1&
#80220679
03
#80222392
04
#80230000
1!
0&
#80230514
13
#80232392
14
#80240000
0!
1&
#80240679
03
#80242392
04
#80250000
1!
0&
#80250514
13
#80252392
14
#80260000
0!
1&
#80260679
03
#80262392
04
#80270000
1!
0&
#80270514
13
#80272392
14
#80280000
0!
1&
#80280679
03
#80282392
04
#80290000
1!
0&
#80290514
13
#80292392
14
#80300000
0!
1&
#80300679
03
#80302392
04
#80310000
1!
0&
#80310514
13
#80312392
14
#80320000
0!
1&
#80320679
03
#80322392
04
#80330000
1!
0&
#80330514
13
#80332392
14
#80340000
0!
1&
#80340679
03
#80342392
04
#80350000
1!
0&
#80350514
13
#80352392
14
#80360000
0!
1&
#80360679
03
#80362392
04
#80370000
1!
0&
#80370514
13
#80372392
14
#80380000
0!
1&
#80380679
03
#80382392
04
#80390000
1!
0&
#80390514
13
#80392392
14
#80400000
0!
1&
#80400679
03
#80402392
04
#80410000
1!
0&
#80410514
13
#80412392
14
#80420000
0!
1&
#80420679
03
#80422392
04
#80430000
1!
0&
#80430514
13
#80432392
14
#80440000
0!
1&
#80440679
03
#80442392
04
#80450000
1!
0&
#80450514
13
#80452392
14
#80460000
0!
1&
#80460679
03
#80462392
04
#80470000
1!
0&
#80470514
13
#80472392
14
#80480000
0!
1&
#80480679
03
#80482392
04
#80490000
1!
0&
#80490514
13
#80492392
14
#80500000
0!
1&
#80500679
03
#80502392
04
#80510000
1!
0&
#80510514
13
#80512392
14
#80520000
0!
1&
#80520679
03
#80522392
04
#80530000
1!
0&
#80530514
13
#80532392
14
#80540000
0!
1&
#80540679
03
#80542392
04
#80550000
1!
0&
#80550514
13
#80552392
14
#80560000
0!
1&
#80560679
03
#80562392
04
#80570000
1!
0&
#80570514
13
#80572392
14
#80580000
0!
1&
#80580679
03
#80582392
04
#80590000
1!
0&
#80590514
13
#80592392
14
#80600000
0!
1&
#80600679
03
#80602392
04
#80610000
1!
0&
#80610514
13
#80612392
14
#80620000
0!
1&
#80620679
03
#80622392
04
#80630000
1!
0&
#80630514
13
#80632392
14
#80640000
0!
1&
#80640679
03
#80642392
04
#80650000
1!
0&
#80650514
13
#80652392
14
#80660000
0!
1&
#80660679
03
#80662392
04
#80670000
1!
0&
#80670514
13
#80672392
14
#80680000
0!
1&
#80680679
03
#80682392
04
#80690000
1!
0&
#80690514
13
#80692392
14
#80700000
0!
1&
#80700679
03
#80702392
04
#80710000
1!
0&
#80710514
13
#80712392
14
#80720000
0!
1&
#80720679
03
#80722392
04
#80730000
1!
0&
#80730514
13
#80732392
14
#80740000
0!
1&
#80740679
03
#80742392
04
#80750000
1!
0&
#80750514
13
#80752392
14
#80760000
0!
1&
#80760679
03
#80762392
04
#80770000
1!
0&
#80770514
13
#80772392
14
#80780000
0!
1&
#80780679
03
#80782392
04
#80790000
1!
0&
#80790514
13
#80792392
14
#80800000
0!
1&
#80800679
03
#80802392
04
#80806831
0\
0N
#80808709
0I
#80810000
1!
0&
#80810514
13
#80812392
14
#80820000
0!
1&
#80820679
03
#80822392
04
#80830000
1!
0&
#80830514
13
#80832392
14
#80840000
0!
1&
#80840679
03
#80842392
04
#80850000
1!
0&
#80850514
13
#80852392
14
#80860000
0!
1&
#80860679
03
#80862392
04
#80870000
1!
0&
#80870514
13
#80872392
14
#80880000
0!
1&
#80880679
03
#80882392
04
#80890000
1!
0&
#80890514
13
#80892392
14
#80900000
0!
1&
#80900679
03
#80902392
04
#80910000
1!
0&
#80910514
13
#80912392
14
#80920000
0!
1&
#80920679
03
#80922392
04
#80930000
1!
0&
#80930514
13
#80932392
14
#80940000
0!
1&
#80940679
03
#80942392
04
#80950000
1!
0&
#80950514
13
#80952392
14
#80960000
0!
1&
#80960679
03
#80962392
04
#80970000
1!
0&
#80970514
13
#80972392
14
#80980000
0!
1&
#80980679
03
#80982392
04
#80990000
1!
0&
#80990514
13
#80992392
14
#81000000
0!
1&
#81000679
03
#81002392
04
#81010000
1!
0&
#81010514
13
#81012392
14
#81020000
0!
1&
#81020679
03
#81022392
04
#81030000
1!
0&
#81030514
13
#81032392
14
#81040000
0!
1&
#81040679
03
#81042392
04
#81050000
1!
0&
#81050514
13
#81052392
14
#81060000
0!
1&
#81060679
03
#81062392
04
#81070000
1!
0&
#81070514
13
#81072392
14
#81080000
0!
1&
#81080679
03
#81082392
04
#81090000
1!
0&
#81090514
13
#81092392
14
#81100000
0!
1&
#81100679
03
#81102392
04
#81110000
1!
0&
#81110514
13
#81112392
14
#81120000
0!
1&
#81120679
03
#81122392
04
#81130000
1!
0&
#81130514
13
#81132392
14
#81140000
0!
1&
#81140679
03
#81142392
04
#81150000
1!
0&
#81150514
13
#81152392
14
#81160000
0!
1&
#81160679
03
#81162392
04
#81170000
1!
0&
#81170514
13
#81172392
14
#81180000
0!
1&
#81180679
03
#81182392
04
#81190000
1!
0&
#81190514
13
#81192392
14
#81200000
0!
1&
#81200679
03
#81202392
04
#81210000
1!
0&
#81210514
13
#81212392
14
#81220000
0!
1&
#81220679
03
#81222392
04
#81230000
1!
0&
#81230514
13
#81232392
14
#81240000
0!
1&
#81240679
03
#81242392
04
#81250000
1!
0&
#81250514
13
#81252392
14
#81256831
1\
1N
#81258727
1I
#81260000
0!
1&
#81260679
03
#81262392
04
#81270000
1!
0&
#81270514
13
#81272392
14
#81280000
0!
1&
#81280679
03
#81282392
04
#81290000
1!
0&
#81290514
13
#81292392
14
#81300000
0!
1&
#81300679
03
#81302392
04
#81310000
1!
0&
#81310514
13
#81312392
14
#81320000
0!
1&
#81320679
03
#81322392
04
#81330000
1!
0&
#81330514
13
#81332392
14
#81340000
0!
1&
#81340679
03
#81342392
04
#81350000
1!
0&
#81350514
13
#81352392
14
#81360000
0!
1&
#81360679
03
#81362392
04
#81370000
1!
0&
#81370514
13
#81372392
14
#81380000
0!
1&
#81380679
03
#81382392
04
#81390000
1!
0&
#81390514
13
#81392392
14
#81400000
0!
1&
#81400679
03
#81402392
04
#81410000
1!
0&
#81410514
13
#81412392
14
#81420000
0!
1&
#81420679
03
#81422392
04
#81430000
1!
0&
#81430514
13
#81432392
14
#81440000
0!
1&
#81440679
03
#81442392
04
#81450000
1!
0&
#81450514
13
#81452392
14
#81460000
0!
1&
#81460679
03
#81462392
04
#81470000
1!
0&
#81470514
13
#81472392
14
#81480000
0!
1&
#81480679
03
#81482392
04
#81490000
1!
0&
#81490514
13
#81492392
14
#81500000
0!
1&
#81500679
03
#81502392
04
#81510000
1!
0&
#81510514
13
#81512392
14
#81520000
0!
1&
#81520679
03
#81522392
04
#81530000
1!
0&
#81530514
13
#81532392
14
#81540000
0!
1&
#81540679
03
#81542392
04
#81550000
1!
0&
#81550514
13
#81552392
14
#81560000
0!
1&
#81560679
03
#81562392
04
#81570000
1!
0&
#81570514
13
#81572392
14
#81580000
0!
1&
#81580679
03
#81582392
04
#81590000
1!
0&
#81590514
13
#81592392
14
#81600000
0!
1&
#81600679
03
#81602392
04
#81610000
1!
0&
#81610514
13
#81612392
14
#81620000
0!
1&
#81620679
03
#81622392
04
#81630000
1!
0&
#81630514
13
#81632392
14
#81640000
0!
1&
#81640679
03
#81642392
04
#81650000
1!
0&
#81650514
13
#81652392
14
#81660000
0!
1&
#81660679
03
#81662392
04
#81670000
1!
0&
#81670514
13
#81672392
14
#81680000
0!
1&
#81680679
03
#81682392
04
#81690000
1!
0&
#81690514
13
#81692392
14
#81700000
0!
1&
#81700679
03
#81702392
04
#81710000
1!
0&
#81710514
13
#81712392
14
#81720000
0!
1&
#81720679
03
#81722392
04
#81730000
1!
0&
#81730514
13
#81732392
14
#81740000
0!
1&
#81740679
03
#81742392
04
#81750000
1!
0&
#81750514
13
#81752392
14
#81760000
0!
1&
#81760679
03
#81762392
04
#81770000
1!
0&
#81770514
13
#81772392
14
#81780000
0!
1&
#81780679
03
#81782392
04
#81790000
1!
0&
#81790514
13
#81792392
14
#81800000
0!
1&
#81800679
03
#81802392
04
#81810000
1!
0&
#81810514
13
#81812392
14
#81820000
0!
1&
#81820679
03
#81822392
04
#81830000
1!
0&
#81830514
13
#81832392
14
#81840000
0!
1&
#81840679
03
#81842392
04
#81850000
1!
0&
#81850514
13
#81852392
14
#81860000
0!
1&
#81860679
03
#81862392
04
#81870000
1!
0&
#81870514
13
#81872392
14
#81880000
0!
1&
#81880679
03
#81882392
04
#81890000
1!
0&
#81890514
13
#81892392
14
#81900000
0!
1&
#81900679
03
#81902392
04
#81910000
1!
0&
#81910514
13
#81912392
14
#81920000
0!
1&
#81920679
03
#81922392
04
#81930000
1!
0&
#81930514
13
#81932392
14
#81940000
0!
1&
#81940679
03
#81942392
04
#81950000
1!
0&
#81950514
13
#81952392
14
#81960000
0!
1&
#81960679
03
#81962392
04
#81970000
1!
0&
#81970514
13
#81972392
14
#81980000
0!
1&
#81980679
03
#81982392
04
#81990000
1!
0&
#81990514
13
#81992392
14
#82000000
0!
1&
#82000679
03
#82002392
04
#82010000
1!
0&
#82010514
13
#82012392
14
#82020000
0!
1&
#82020679
03
#82022392
04
#82030000
1!
0&
#82030514
13
#82032392
14
#82040000
0!
1&
#82040679
03
#82042392
04
#82050000
1!
0&
#82050514
13
#82052392
14
#82056831
0\
0N
#82058709
0I
#82060000
0!
1&
#82060679
03
#82062392
04
#82070000
1!
0&
#82070514
13
#82072392
14
#82080000
0!
1&
#82080679
03
#82082392
04
#82090000
1!
0&
#82090514
13
#82092392
14
#82100000
0!
1&
#82100679
03
#82102392
04
#82110000
1!
0&
#82110514
13
#82112392
14
#82120000
0!
1&
#82120679
03
#82122392
04
#82130000
1!
0&
#82130514
13
#82132392
14
#82140000
0!
1&
#82140679
03
#82142392
04
#82150000
1!
0&
#82150514
13
#82152392
14
#82160000
0!
1&
#82160679
03
#82162392
04
#82170000
1!
0&
#82170514
13
#82172392
14
#82180000
0!
1&
#82180679
03
#82182392
04
#82190000
1!
0&
#82190514
13
#82192392
14
#82200000
0!
1&
#82200679
03
#82202392
04
#82210000
1!
0&
#82210514
13
#82212392
14
#82220000
0!
1&
#82220679
03
#82222392
04
#82230000
1!
0&
#82230514
13
#82232392
14
#82240000
0!
1&
#82240679
03
#82242392
04
#82250000
1!
0&
#82250514
13
#82252392
14
#82260000
0!
1&
#82260679
03
#82262392
04
#82270000
1!
0&
#82270514
13
#82272392
14
#82280000
0!
1&
#82280679
03
#82282392
04
#82290000
1!
0&
#82290514
13
#82292392
14
#82300000
0!
1&
#82300679
03
#82302392
04
#82310000
1!
0&
#82310514
13
#82312392
14
#82320000
0!
1&
#82320679
03
#82322392
04
#82330000
1!
0&
#82330514
13
#82332392
14
#82340000
0!
1&
#82340679
03
#82342392
04
#82350000
1!
0&
#82350514
13
#82352392
14
#82360000
0!
1&
#82360679
03
#82362392
04
#82370000
1!
0&
#82370514
13
#82372392
14
#82380000
0!
1&
#82380679
03
#82382392
04
#82390000
1!
0&
#82390514
13
#82392392
14
#82400000
0!
1&
#82400679
03
#82402392
04
#82410000
1!
0&
#82410514
13
#82412392
14
#82420000
0!
1&
#82420679
03
#82422392
04
#82430000
1!
0&
#82430514
13
#82432392
14
#82440000
0!
1&
#82440679
03
#82442392
04
#82450000
1!
0&
#82450514
13
#82452392
14
#82460000
0!
1&
#82460679
03
#82462392
04
#82470000
1!
0&
#82470514
13
#82472392
14
#82480000
0!
1&
#82480679
03
#82482392
04
#82490000
1!
0&
#82490514
13
#82492392
14
#82500000
0!
1&
#82500679
03
#82502392
04
#82506831
1\
1N
#82508727
1I
#82510000
1!
0&
#82510514
13
#82512392
14
#82520000
0!
1&
#82520679
03
#82522392
04
#82530000
1!
0&
#82530514
13
#82532392
14
#82540000
0!
1&
#82540679
03
#82542392
04
#82550000
1!
0&
#82550514
13
#82552392
14
#82560000
0!
1&
#82560679
03
#82562392
04
#82570000
1!
0&
#82570514
13
#82572392
14
#82580000
0!
1&
#82580679
03
#82582392
04
#82590000
1!
0&
#82590514
13
#82592392
14
#82600000
0!
1&
#82600679
03
#82602392
04
#82610000
1!
0&
#82610514
13
#82612392
14
#82620000
0!
1&
#82620679
03
#82622392
04
#82630000
1!
0&
#82630514
13
#82632392
14
#82640000
0!
1&
#82640679
03
#82642392
04
#82650000
1!
0&
#82650514
13
#82652392
14
#82660000
0!
1&
#82660679
03
#82662392
04
#82670000
1!
0&
#82670514
13
#82672392
14
#82680000
0!
1&
#82680679
03
#82682392
04
#82690000
1!
0&
#82690514
13
#82692392
14
#82700000
0!
1&
#82700679
03
#82702392
04
#82710000
1!
0&
#82710514
13
#82712392
14
#82720000
0!
1&
#82720679
03
#82722392
04
#82730000
1!
0&
#82730514
13
#82732392
14
#82740000
0!
1&
#82740679
03
#82742392
04
#82750000
1!
0&
#82750514
13
#82752392
14
#82760000
0!
1&
#82760679
03
#82762392
04
#82770000
1!
0&
#82770514
13
#82772392
14
#82780000
0!
1&
#82780679
03
#82782392
04
#82790000
1!
0&
#82790514
13
#82792392
14
#82800000
0!
1&
#82800679
03
#82802392
04
#82810000
1!
0&
#82810514
13
#82812392
14
#82820000
0!
1&
#82820679
03
#82822392
04
#82830000
1!
0&
#82830514
13
#82832392
14
#82840000
0!
1&
#82840679
03
#82842392
04
#82850000
1!
0&
#82850514
13
#82852392
14
#82860000
0!
1&
#82860679
03
#82862392
04
#82870000
1!
0&
#82870514
13
#82872392
14
#82880000
0!
1&
#82880679
03
#82882392
04
#82890000
1!
0&
#82890514
13
#82892392
14
#82900000
0!
1&
#82900679
03
#82902392
04
#82910000
1!
0&
#82910514
13
#82912392
14
#82920000
0!
1&
#82920679
03
#82922392
04
#82930000
1!
0&
#82930514
13
#82932392
14
#82940000
0!
1&
#82940679
03
#82942392
04
#82950000
1!
0&
#82950514
13
#82952392
14
#82960000
0!
1&
#82960679
03
#82962392
04
#82970000
1!
0&
#82970514
13
#82972392
14
#82980000
0!
1&
#82980679
03
#82982392
04
#82990000
1!
0&
#82990514
13
#82992392
14
#83000000
0!
1&
#83000679
03
#83002392
04
#83010000
1!
0&
#83010514
13
#83012392
14
#83020000
0!
1&
#83020679
03
#83022392
04
#83030000
1!
0&
#83030514
13
#83032392
14
#83040000
0!
1&
#83040679
03
#83042392
04
#83050000
1!
0&
#83050514
13
#83052392
14
#83060000
0!
1&
#83060679
03
#83062392
04
#83070000
1!
0&
#83070514
13
#83072392
14
#83080000
0!
1&
#83080679
03
#83082392
04
#83090000
1!
0&
#83090514
13
#83092392
14
#83100000
0!
1&
#83100679
03
#83102392
04
#83110000
1!
0&
#83110514
13
#83112392
14
#83120000
0!
1&
#83120679
03
#83122392
04
#83130000
1!
0&
#83130514
13
#83132392
14
#83140000
0!
1&
#83140679
03
#83142392
04
#83150000
1!
0&
#83150514
13
#83152392
14
#83160000
0!
1&
#83160679
03
#83162392
04
#83170000
1!
0&
#83170514
13
#83172392
14
#83180000
0!
1&
#83180679
03
#83182392
04
#83190000
1!
0&
#83190514
13
#83192392
14
#83200000
0!
1&
#83200679
03
#83202392
04
#83210000
1!
0&
#83210514
13
#83212392
14
#83220000
0!
1&
#83220679
03
#83222392
04
#83230000
1!
0&
#83230514
13
#83232392
14
#83240000
0!
1&
#83240679
03
#83242392
04
#83250000
1!
0&
#83250514
13
#83252392
14
#83260000
0!
1&
#83260679
03
#83262392
04
#83270000
1!
0&
#83270514
13
#83272392
14
#83280000
0!
1&
#83280679
03
#83282392
04
#83290000
1!
0&
#83290514
13
#83292392
14
#83300000
0!
1&
#83300679
03
#83302392
04
#83306831
0\
0N
#83308709
0I
#83310000
1!
0&
#83310514
13
#83312392
14
#83320000
0!
1&
#83320679
03
#83322392
04
#83330000
1!
0&
#83330514
13
#83332392
14
#83340000
0!
1&
#83340679
03
#83342392
04
#83350000
1!
0&
#83350514
13
#83352392
14
#83360000
0!
1&
#83360679
03
#83362392
04
#83370000
1!
0&
#83370514
13
#83372392
14
#83380000
0!
1&
#83380679
03
#83382392
04
#83390000
1!
0&
#83390514
13
#83392392
14
#83400000
0!
1&
#83400679
03
#83402392
04
#83410000
1!
0&
#83410514
13
#83412392
14
#83420000
0!
1&
#83420679
03
#83422392
04
#83430000
1!
0&
#83430514
13
#83432392
14
#83440000
0!
1&
#83440679
03
#83442392
04
#83450000
1!
0&
#83450514
13
#83452392
14
#83460000
0!
1&
#83460679
03
#83462392
04
#83470000
1!
0&
#83470514
13
#83472392
14
#83480000
0!
1&
#83480679
03
#83482392
04
#83490000
1!
0&
#83490514
13
#83492392
14
#83500000
0!
1&
#83500679
03
#83502392
04
#83510000
1!
0&
#83510514
13
#83512392
14
#83520000
0!
1&
#83520679
03
#83522392
04
#83530000
1!
0&
#83530514
13
#83532392
14
#83540000
0!
1&
#83540679
03
#83542392
04
#83550000
1!
0&
#83550514
13
#83552392
14
#83560000
0!
1&
#83560679
03
#83562392
04
#83570000
1!
0&
#83570514
13
#83572392
14
#83580000
0!
1&
#83580679
03
#83582392
04
#83590000
1!
0&
#83590514
13
#83592392
14
#83600000
0!
1&
#83600679
03
#83602392
04
#83610000
1!
0&
#83610514
13
#83612392
14
#83620000
0!
1&
#83620679
03
#83622392
04
#83630000
1!
0&
#83630514
13
#83632392
14
#83640000
0!
1&
#83640679
03
#83642392
04
#83650000
1!
0&
#83650514
13
#83652392
14
#83660000
0!
1&
#83660679
03
#83662392
04
#83670000
1!
0&
#83670514
13
#83672392
14
#83680000
0!
1&
#83680679
03
#83682392
04
#83690000
1!
0&
#83690514
13
#83692392
14
#83700000
0!
1&
#83700679
03
#83702392
04
#83710000
1!
0&
#83710514
13
#83712392
14
#83720000
0!
1&
#83720679
03
#83722392
04
#83730000
1!
0&
#83730514
13
#83732392
14
#83740000
0!
1&
#83740679
03
#83742392
04
#83750000
1!
0&
#83750514
13
#83752392
14
#83756831
1\
1N
#83758727
1I
#83760000
0!
1&
#83760679
03
#83762392
04
#83770000
1!
0&
#83770514
13
#83772392
14
#83780000
0!
1&
#83780679
03
#83782392
04
#83790000
1!
0&
#83790514
13
#83792392
14
#83800000
0!
1&
#83800679
03
#83802392
04
#83810000
1!
0&
#83810514
13
#83812392
14
#83820000
0!
1&
#83820679
03
#83822392
04
#83830000
1!
0&
#83830514
13
#83832392
14
#83840000
0!
1&
#83840679
03
#83842392
04
#83850000
1!
0&
#83850514
13
#83852392
14
#83860000
0!
1&
#83860679
03
#83862392
04
#83870000
1!
0&
#83870514
13
#83872392
14
#83880000
0!
1&
#83880679
03
#83882392
04
#83890000
1!
0&
#83890514
13
#83892392
14
#83900000
0!
1&
#83900679
03
#83902392
04
#83910000
1!
0&
#83910514
13
#83912392
14
#83920000
0!
1&
#83920679
03
#83922392
04
#83930000
1!
0&
#83930514
13
#83932392
14
#83940000
0!
1&
#83940679
03
#83942392
04
#83950000
1!
0&
#83950514
13
#83952392
14
#83960000
0!
1&
#83960679
03
#83962392
04
#83970000
1!
0&
#83970514
13
#83972392
14
#83980000
0!
1&
#83980679
03
#83982392
04
#83990000
1!
0&
#83990514
13
#83992392
14
#84000000
0!
1&
#84000679
03
#84002392
04
#84010000
1!
0&
#84010514
13
#84012392
14
#84020000
0!
1&
#84020679
03
#84022392
04
#84030000
1!
0&
#84030514
13
#84032392
14
#84040000
0!
1&
#84040679
03
#84042392
04
#84050000
1!
0&
#84050514
13
#84052392
14
#84060000
0!
1&
#84060679
03
#84062392
04
#84070000
1!
0&
#84070514
13
#84072392
14
#84080000
0!
1&
#84080679
03
#84082392
04
#84090000
1!
0&
#84090514
13
#84092392
14
#84100000
0!
1&
#84100679
03
#84102392
04
#84110000
1!
0&
#84110514
13
#84112392
14
#84120000
0!
1&
#84120679
03
#84122392
04
#84130000
1!
0&
#84130514
13
#84132392
14
#84140000
0!
1&
#84140679
03
#84142392
04
#84150000
1!
0&
#84150514
13
#84152392
14
#84160000
0!
1&
#84160679
03
#84162392
04
#84170000
1!
0&
#84170514
13
#84172392
14
#84180000
0!
1&
#84180679
03
#84182392
04
#84190000
1!
0&
#84190514
13
#84192392
14
#84200000
0!
1&
#84200679
03
#84202392
04
#84210000
1!
0&
#84210514
13
#84212392
14
#84220000
0!
1&
#84220679
03
#84222392
04
#84230000
1!
0&
#84230514
13
#84232392
14
#84240000
0!
1&
#84240679
03
#84242392
04
#84250000
1!
0&
#84250514
13
#84252392
14
#84260000
0!
1&
#84260679
03
#84262392
04
#84270000
1!
0&
#84270514
13
#84272392
14
#84280000
0!
1&
#84280679
03
#84282392
04
#84290000
1!
0&
#84290514
13
#84292392
14
#84300000
0!
1&
#84300679
03
#84302392
04
#84310000
1!
0&
#84310514
13
#84312392
14
#84320000
0!
1&
#84320679
03
#84322392
04
#84330000
1!
0&
#84330514
13
#84332392
14
#84340000
0!
1&
#84340679
03
#84342392
04
#84350000
1!
0&
#84350514
13
#84352392
14
#84360000
0!
1&
#84360679
03
#84362392
04
#84370000
1!
0&
#84370514
13
#84372392
14
#84380000
0!
1&
#84380679
03
#84382392
04
#84390000
1!
0&
#84390514
13
#84392392
14
#84400000
0!
1&
#84400679
03
#84402392
04
#84410000
1!
0&
#84410514
13
#84412392
14
#84420000
0!
1&
#84420679
03
#84422392
04
#84430000
1!
0&
#84430514
13
#84432392
14
#84440000
0!
1&
#84440679
03
#84442392
04
#84450000
1!
0&
#84450514
13
#84452392
14
#84460000
0!
1&
#84460679
03
#84462392
04
#84470000
1!
0&
#84470514
13
#84472392
14
#84480000
0!
1&
#84480679
03
#84482392
04
#84490000
1!
0&
#84490514
13
#84492392
14
#84500000
0!
1&
#84500679
03
#84502392
04
#84510000
1!
0&
#84510514
13
#84512392
14
#84520000
0!
1&
#84520679
03
#84522392
04
#84530000
1!
0&
#84530514
13
#84532392
14
#84540000
0!
1&
#84540679
03
#84542392
04
#84550000
1!
0&
#84550514
13
#84552392
14
#84556831
0\
0N
#84558709
0I
#84560000
0!
1&
#84560679
03
#84562392
04
#84570000
1!
0&
#84570514
13
#84572392
14
#84580000
0!
1&
#84580679
03
#84582392
04
#84590000
1!
0&
#84590514
13
#84592392
14
#84600000
0!
1&
#84600679
03
#84602392
04
#84610000
1!
0&
#84610514
13
#84612392
14
#84620000
0!
1&
#84620679
03
#84622392
04
#84630000
1!
0&
#84630514
13
#84632392
14
#84640000
0!
1&
#84640679
03
#84642392
04
#84650000
1!
0&
#84650514
13
#84652392
14
#84660000
0!
1&
#84660679
03
#84662392
04
#84670000
1!
0&
#84670514
13
#84672392
14
#84680000
0!
1&
#84680679
03
#84682392
04
#84690000
1!
0&
#84690514
13
#84692392
14
#84700000
0!
1&
#84700679
03
#84702392
04
#84710000
1!
0&
#84710514
13
#84712392
14
#84720000
0!
1&
#84720679
03
#84722392
04
#84730000
1!
0&
#84730514
13
#84732392
14
#84740000
0!
1&
#84740679
03
#84742392
04
#84750000
1!
0&
#84750514
13
#84752392
14
#84760000
0!
1&
#84760679
03
#84762392
04
#84770000
1!
0&
#84770514
13
#84772392
14
#84780000
0!
1&
#84780679
03
#84782392
04
#84790000
1!
0&
#84790514
13
#84792392
14
#84800000
0!
1&
#84800679
03
#84802392
04
#84810000
1!
0&
#84810514
13
#84812392
14
#84820000
0!
1&
#84820679
03
#84822392
04
#84830000
1!
0&
#84830514
13
#84832392
14
#84840000
0!
1&
#84840679
03
#84842392
04
#84850000
1!
0&
#84850514
13
#84852392
14
#84860000
0!
1&
#84860679
03
#84862392
04
#84870000
1!
0&
#84870514
13
#84872392
14
#84880000
0!
1&
#84880679
03
#84882392
04
#84890000
1!
0&
#84890514
13
#84892392
14
#84900000
0!
1&
#84900679
03
#84902392
04
#84910000
1!
0&
#84910514
13
#84912392
14
#84920000
0!
1&
#84920679
03
#84922392
04
#84930000
1!
0&
#84930514
13
#84932392
14
#84940000
0!
1&
#84940679
03
#84942392
04
#84950000
1!
0&
#84950514
13
#84952392
14
#84960000
0!
1&
#84960679
03
#84962392
04
#84970000
1!
0&
#84970514
13
#84972392
14
#84980000
0!
1&
#84980679
03
#84982392
04
#84990000
1!
0&
#84990514
13
#84992392
14
#85000000
0!
1&
#85000679
03
#85002392
04
#85006831
1\
1N
#85008727
1I
#85010000
1!
0&
#85010514
13
#85012392
14
#85020000
0!
1&
#85020679
03
#85022392
04
#85030000
1!
0&
#85030514
13
#85032392
14
#85040000
0!
1&
#85040679
03
#85042392
04
#85050000
1!
0&
#85050514
13
#85052392
14
#85060000
0!
1&
#85060679
03
#85062392
04
#85070000
1!
0&
#85070514
13
#85072392
14
#85080000
0!
1&
#85080679
03
#85082392
04
#85090000
1!
0&
#85090514
13
#85092392
14
#85100000
0!
1&
#85100679
03
#85102392
04
#85110000
1!
0&
#85110514
13
#85112392
14
#85120000
0!
1&
#85120679
03
#85122392
04
#85130000
1!
0&
#85130514
13
#85132392
14
#85140000
0!
1&
#85140679
03
#85142392
04
#85150000
1!
0&
#85150514
13
#85152392
14
#85160000
0!
1&
#85160679
03
#85162392
04
#85170000
1!
0&
#85170514
13
#85172392
14
#85180000
0!
1&
#85180679
03
#85182392
04
#85190000
1!
0&
#85190514
13
#85192392
14
#85200000
0!
1&
#85200679
03
#85202392
04
#85210000
1!
0&
#85210514
13
#85212392
14
#85220000
0!
1&
#85220679
03
#85222392
04
#85230000
1!
0&
#85230514
13
#85232392
14
#85240000
0!
1&
#85240679
03
#85242392
04
#85250000
1!
0&
#85250514
13
#85252392
14
#85260000
0!
1&
#85260679
03
#85262392
04
#85270000
1!
0&
#85270514
13
#85272392
14
#85280000
0!
1&
#85280679
03
#85282392
04
#85290000
1!
0&
#85290514
13
#85292392
14
#85300000
0!
1&
#85300679
03
#85302392
04
#85310000
1!
0&
#85310514
13
#85312392
14
#85320000
0!
1&
#85320679
03
#85322392
04
#85330000
1!
0&
#85330514
13
#85332392
14
#85340000
0!
1&
#85340679
03
#85342392
04
#85350000
1!
0&
#85350514
13
#85352392
14
#85360000
0!
1&
#85360679
03
#85362392
04
#85370000
1!
0&
#85370514
13
#85372392
14
#85380000
0!
1&
#85380679
03
#85382392
04
#85390000
1!
0&
#85390514
13
#85392392
14
#85400000
0!
1&
#85400679
03
#85402392
04
#85410000
1!
0&
#85410514
13
#85412392
14
#85420000
0!
1&
#85420679
03
#85422392
04
#85430000
1!
0&
#85430514
13
#85432392
14
#85440000
0!
1&
#85440679
03
#85442392
04
#85450000
1!
0&
#85450514
13
#85452392
14
#85460000
0!
1&
#85460679
03
#85462392
04
#85470000
1!
0&
#85470514
13
#85472392
14
#85480000
0!
1&
#85480679
03
#85482392
04
#85490000
1!
0&
#85490514
13
#85492392
14
#85500000
0!
1&
#85500679
03
#85502392
04
#85510000
1!
0&
#85510514
13
#85512392
14
#85520000
0!
1&
#85520679
03
#85522392
04
#85530000
1!
0&
#85530514
13
#85532392
14
#85540000
0!
1&
#85540679
03
#85542392
04
#85550000
1!
0&
#85550514
13
#85552392
14
#85560000
0!
1&
#85560679
03
#85562392
04
#85570000
1!
0&
#85570514
13
#85572392
14
#85580000
0!
1&
#85580679
03
#85582392
04
#85590000
1!
0&
#85590514
13
#85592392
14
#85600000
0!
1&
#85600679
03
#85602392
04
#85610000
1!
0&
#85610514
13
#85612392
14
#85620000
0!
1&
#85620679
03
#85622392
04
#85630000
1!
0&
#85630514
13
#85632392
14
#85640000
0!
1&
#85640679
03
#85642392
04
#85650000
1!
0&
#85650514
13
#85652392
14
#85660000
0!
1&
#85660679
03
#85662392
04
#85670000
1!
0&
#85670514
13
#85672392
14
#85680000
0!
1&
#85680679
03
#85682392
04
#85690000
1!
0&
#85690514
13
#85692392
14
#85700000
0!
1&
#85700679
03
#85702392
04
#85710000
1!
0&
#85710514
13
#85712392
14
#85720000
0!
1&
#85720679
03
#85722392
04
#85730000
1!
0&
#85730514
13
#85732392
14
#85740000
0!
1&
#85740679
03
#85742392
04
#85750000
1!
0&
#85750514
13
#85752392
14
#85760000
0!
1&
#85760679
03
#85762392
04
#85770000
1!
0&
#85770514
13
#85772392
14
#85780000
0!
1&
#85780679
03
#85782392
04
#85790000
1!
0&
#85790514
13
#85792392
14
#85800000
0!
1&
#85800679
03
#85802392
04
#85806831
0\
0N
#85808709
0I
#85810000
1!
0&
#85810514
13
#85812392
14
#85820000
0!
1&
#85820679
03
#85822392
04
#85830000
1!
0&
#85830514
13
#85832392
14
#85840000
0!
1&
#85840679
03
#85842392
04
#85850000
1!
0&
#85850514
13
#85852392
14
#85860000
0!
1&
#85860679
03
#85862392
04
#85870000
1!
0&
#85870514
13
#85872392
14
#85880000
0!
1&
#85880679
03
#85882392
04
#85890000
1!
0&
#85890514
13
#85892392
14
#85900000
0!
1&
#85900679
03
#85902392
04
#85910000
1!
0&
#85910514
13
#85912392
14
#85920000
0!
1&
#85920679
03
#85922392
04
#85930000
1!
0&
#85930514
13
#85932392
14
#85940000
0!
1&
#85940679
03
#85942392
04
#85950000
1!
0&
#85950514
13
#85952392
14
#85960000
0!
1&
#85960679
03
#85962392
04
#85970000
1!
0&
#85970514
13
#85972392
14
#85980000
0!
1&
#85980679
03
#85982392
04
#85990000
1!
0&
#85990514
13
#85992392
14
#86000000
0!
1&
#86000679
03
#86002392
04
#86010000
1!
0&
#86010514
13
#86012392
14
#86020000
0!
1&
#86020679
03
#86022392
04
#86030000
1!
0&
#86030514
13
#86032392
14
#86040000
0!
1&
#86040679
03
#86042392
04
#86050000
1!
0&
#86050514
13
#86052392
14
#86060000
0!
1&
#86060679
03
#86062392
04
#86070000
1!
0&
#86070514
13
#86072392
14
#86080000
0!
1&
#86080679
03
#86082392
04
#86090000
1!
0&
#86090514
13
#86092392
14
#86100000
0!
1&
#86100679
03
#86102392
04
#86110000
1!
0&
#86110514
13
#86112392
14
#86120000
0!
1&
#86120679
03
#86122392
04
#86130000
1!
0&
#86130514
13
#86132392
14
#86140000
0!
1&
#86140679
03
#86142392
04
#86150000
1!
0&
#86150514
13
#86152392
14
#86160000
0!
1&
#86160679
03
#86162392
04
#86170000
1!
0&
#86170514
13
#86172392
14
#86180000
0!
1&
#86180679
03
#86182392
04
#86190000
1!
0&
#86190514
13
#86192392
14
#86200000
0!
1&
#86200679
03
#86202392
04
#86210000
1!
0&
#86210514
13
#86212392
14
#86220000
0!
1&
#86220679
03
#86222392
04
#86230000
1!
0&
#86230514
13
#86232392
14
#86240000
0!
1&
#86240679
03
#86242392
04
#86250000
1!
0&
#86250514
13
#86252392
14
#86256831
1\
1N
#86258727
1I
#86260000
0!
1&
#86260679
03
#86262392
04
#86270000
1!
0&
#86270514
13
#86272392
14
#86280000
0!
1&
#86280679
03
#86282392
04
#86290000
1!
0&
#86290514
13
#86292392
14
#86300000
0!
1&
#86300679
03
#86302392
04
#86310000
1!
0&
#86310514
13
#86312392
14
#86320000
0!
1&
#86320679
03
#86322392
04
#86330000
1!
0&
#86330514
13
#86332392
14
#86340000
0!
1&
#86340679
03
#86342392
04
#86350000
1!
0&
#86350514
13
#86352392
14
#86360000
0!
1&
#86360679
03
#86362392
04
#86370000
1!
0&
#86370514
13
#86372392
14
#86380000
0!
1&
#86380679
03
#86382392
04
#86390000
1!
0&
#86390514
13
#86392392
14
#86400000
0!
1&
#86400679
03
#86402392
04
#86410000
1!
0&
#86410514
13
#86412392
14
#86420000
0!
1&
#86420679
03
#86422392
04
#86430000
1!
0&
#86430514
13
#86432392
14
#86440000
0!
1&
#86440679
03
#86442392
04
#86450000
1!
0&
#86450514
13
#86452392
14
#86460000
0!
1&
#86460679
03
#86462392
04
#86470000
1!
0&
#86470514
13
#86472392
14
#86480000
0!
1&
#86480679
03
#86482392
04
#86490000
1!
0&
#86490514
13
#86492392
14
#86500000
0!
1&
#86500679
03
#86502392
04
#86510000
1!
0&
#86510514
13
#86512392
14
#86520000
0!
1&
#86520679
03
#86522392
04
#86530000
1!
0&
#86530514
13
#86532392
14
#86540000
0!
1&
#86540679
03
#86542392
04
#86550000
1!
0&
#86550514
13
#86552392
14
#86560000
0!
1&
#86560679
03
#86562392
04
#86570000
1!
0&
#86570514
13
#86572392
14
#86580000
0!
1&
#86580679
03
#86582392
04
#86590000
1!
0&
#86590514
13
#86592392
14
#86600000
0!
1&
#86600679
03
#86602392
04
#86610000
1!
0&
#86610514
13
#86612392
14
#86620000
0!
1&
#86620679
03
#86622392
04
#86630000
1!
0&
#86630514
13
#86632392
14
#86640000
0!
1&
#86640679
03
#86642392
04
#86650000
1!
0&
#86650514
13
#86652392
14
#86660000
0!
1&
#86660679
03
#86662392
04
#86670000
1!
0&
#86670514
13
#86672392
14
#86680000
0!
1&
#86680679
03
#86682392
04
#86690000
1!
0&
#86690514
13
#86692392
14
#86700000
0!
1&
#86700679
03
#86702392
04
#86710000
1!
0&
#86710514
13
#86712392
14
#86720000
0!
1&
#86720679
03
#86722392
04
#86730000
1!
0&
#86730514
13
#86732392
14
#86740000
0!
1&
#86740679
03
#86742392
04
#86750000
1!
0&
#86750514
13
#86752392
14
#86760000
0!
1&
#86760679
03
#86762392
04
#86770000
1!
0&
#86770514
13
#86772392
14
#86780000
0!
1&
#86780679
03
#86782392
04
#86790000
1!
0&
#86790514
13
#86792392
14
#86800000
0!
1&
#86800679
03
#86802392
04
#86810000
1!
0&
#86810514
13
#86812392
14
#86820000
0!
1&
#86820679
03
#86822392
04
#86830000
1!
0&
#86830514
13
#86832392
14
#86840000
0!
1&
#86840679
03
#86842392
04
#86850000
1!
0&
#86850514
13
#86852392
14
#86860000
0!
1&
#86860679
03
#86862392
04
#86870000
1!
0&
#86870514
13
#86872392
14
#86880000
0!
1&
#86880679
03
#86882392
04
#86890000
1!
0&
#86890514
13
#86892392
14
#86900000
0!
1&
#86900679
03
#86902392
04
#86910000
1!
0&
#86910514
13
#86912392
14
#86920000
0!
1&
#86920679
03
#86922392
04
#86930000
1!
0&
#86930514
13
#86932392
14
#86940000
0!
1&
#86940679
03
#86942392
04
#86950000
1!
0&
#86950514
13
#86952392
14
#86960000
0!
1&
#86960679
03
#86962392
04
#86970000
1!
0&
#86970514
13
#86972392
14
#86980000
0!
1&
#86980679
03
#86982392
04
#86990000
1!
0&
#86990514
13
#86992392
14
#87000000
0!
1&
#87000679
03
#87002392
04
#87010000
1!
0&
#87010514
13
#87012392
14
#87020000
0!
1&
#87020679
03
#87022392
04
#87030000
1!
0&
#87030514
13
#87032392
14
#87040000
0!
1&
#87040679
03
#87042392
04
#87050000
1!
0&
#87050514
13
#87052392
14
#87056831
0\
0N
#87058709
0I
#87060000
0!
1&
#87060679
03
#87062392
04
#87070000
1!
0&
#87070514
13
#87072392
14
#87080000
0!
1&
#87080679
03
#87082392
04
#87090000
1!
0&
#87090514
13
#87092392
14
#87100000
0!
1&
#87100679
03
#87102392
04
#87110000
1!
0&
#87110514
13
#87112392
14
#87120000
0!
1&
#87120679
03
#87122392
04
#87130000
1!
0&
#87130514
13
#87132392
14
#87140000
0!
1&
#87140679
03
#87142392
04
#87150000
1!
0&
#87150514
13
#87152392
14
#87160000
0!
1&
#87160679
03
#87162392
04
#87170000
1!
0&
#87170514
13
#87172392
14
#87180000
0!
1&
#87180679
03
#87182392
04
#87190000
1!
0&
#87190514
13
#87192392
14
#87200000
0!
1&
#87200679
03
#87202392
04
#87210000
1!
0&
#87210514
13
#87212392
14
#87220000
0!
1&
#87220679
03
#87222392
04
#87230000
1!
0&
#87230514
13
#87232392
14
#87240000
0!
1&
#87240679
03
#87242392
04
#87250000
1!
0&
#87250514
13
#87252392
14
#87260000
0!
1&
#87260679
03
#87262392
04
#87270000
1!
0&
#87270514
13
#87272392
14
#87280000
0!
1&
#87280679
03
#87282392
04
#87290000
1!
0&
#87290514
13
#87292392
14
#87300000
0!
1&
#87300679
03
#87302392
04
#87310000
1!
0&
#87310514
13
#87312392
14
#87320000
0!
1&
#87320679
03
#87322392
04
#87330000
1!
0&
#87330514
13
#87332392
14
#87340000
0!
1&
#87340679
03
#87342392
04
#87350000
1!
0&
#87350514
13
#87352392
14
#87360000
0!
1&
#87360679
03
#87362392
04
#87370000
1!
0&
#87370514
13
#87372392
14
#87380000
0!
1&
#87380679
03
#87382392
04
#87390000
1!
0&
#87390514
13
#87392392
14
#87400000
0!
1&
#87400679
03
#87402392
04
#87410000
1!
0&
#87410514
13
#87412392
14
#87420000
0!
1&
#87420679
03
#87422392
04
#87430000
1!
0&
#87430514
13
#87432392
14
#87440000
0!
1&
#87440679
03
#87442392
04
#87450000
1!
0&
#87450514
13
#87452392
14
#87460000
0!
1&
#87460679
03
#87462392
04
#87470000
1!
0&
#87470514
13
#87472392
14
#87480000
0!
1&
#87480679
03
#87482392
04
#87490000
1!
0&
#87490514
13
#87492392
14
#87500000
0!
1&
#87500679
03
#87502392
04
#87506831
1\
1N
#87508727
1I
#87510000
1!
0&
#87510514
13
#87512392
14
#87520000
0!
1&
#87520679
03
#87522392
04
#87530000
1!
0&
#87530514
13
#87532392
14
#87540000
0!
1&
#87540679
03
#87542392
04
#87550000
1!
0&
#87550514
13
#87552392
14
#87560000
0!
1&
#87560679
03
#87562392
04
#87570000
1!
0&
#87570514
13
#87572392
14
#87580000
0!
1&
#87580679
03
#87582392
04
#87590000
1!
0&
#87590514
13
#87592392
14
#87600000
0!
1&
#87600679
03
#87602392
04
#87610000
1!
0&
#87610514
13
#87612392
14
#87620000
0!
1&
#87620679
03
#87622392
04
#87630000
1!
0&
#87630514
13
#87632392
14
#87640000
0!
1&
#87640679
03
#87642392
04
#87650000
1!
0&
#87650514
13
#87652392
14
#87660000
0!
1&
#87660679
03
#87662392
04
#87670000
1!
0&
#87670514
13
#87672392
14
#87680000
0!
1&
#87680679
03
#87682392
04
#87690000
1!
0&
#87690514
13
#87692392
14
#87700000
0!
1&
#87700679
03
#87702392
04
#87710000
1!
0&
#87710514
13
#87712392
14
#87720000
0!
1&
#87720679
03
#87722392
04
#87730000
1!
0&
#87730514
13
#87732392
14
#87740000
0!
1&
#87740679
03
#87742392
04
#87750000
1!
0&
#87750514
13
#87752392
14
#87760000
0!
1&
#87760679
03
#87762392
04
#87770000
1!
0&
#87770514
13
#87772392
14
#87780000
0!
1&
#87780679
03
#87782392
04
#87790000
1!
0&
#87790514
13
#87792392
14
#87800000
0!
1&
#87800679
03
#87802392
04
#87810000
1!
0&
#87810514
13
#87812392
14
#87820000
0!
1&
#87820679
03
#87822392
04
#87830000
1!
0&
#87830514
13
#87832392
14
#87840000
0!
1&
#87840679
03
#87842392
04
#87850000
1!
0&
#87850514
13
#87852392
14
#87860000
0!
1&
#87860679
03
#87862392
04
#87870000
1!
0&
#87870514
13
#87872392
14
#87880000
0!
1&
#87880679
03
#87882392
04
#87890000
1!
0&
#87890514
13
#87892392
14
#87900000
0!
1&
#87900679
03
#87902392
04
#87910000
1!
0&
#87910514
13
#87912392
14
#87920000
0!
1&
#87920679
03
#87922392
04
#87930000
1!
0&
#87930514
13
#87932392
14
#87940000
0!
1&
#87940679
03
#87942392
04
#87950000
1!
0&
#87950514
13
#87952392
14
#87960000
0!
1&
#87960679
03
#87962392
04
#87970000
1!
0&
#87970514
13
#87972392
14
#87980000
0!
1&
#87980679
03
#87982392
04
#87990000
1!
0&
#87990514
13
#87992392
14
#88000000
0!
1&
#88000679
03
#88002392
04
#88010000
1!
0&
#88010514
13
#88012392
14
#88020000
0!
1&
#88020679
03
#88022392
04
#88030000
1!
0&
#88030514
13
#88032392
14
#88040000
0!
1&
#88040679
03
#88042392
04
#88050000
1!
0&
#88050514
13
#88052392
14
#88060000
0!
1&
#88060679
03
#88062392
04
#88070000
1!
0&
#88070514
13
#88072392
14
#88080000
0!
1&
#88080679
03
#88082392
04
#88090000
1!
0&
#88090514
13
#88092392
14
#88100000
0!
1&
#88100679
03
#88102392
04
#88110000
1!
0&
#88110514
13
#88112392
14
#88120000
0!
1&
#88120679
03
#88122392
04
#88130000
1!
0&
#88130514
13
#88132392
14
#88140000
0!
1&
#88140679
03
#88142392
04
#88150000
1!
0&
#88150514
13
#88152392
14
#88160000
0!
1&
#88160679
03
#88162392
04
#88170000
1!
0&
#88170514
13
#88172392
14
#88180000
0!
1&
#88180679
03
#88182392
04
#88190000
1!
0&
#88190514
13
#88192392
14
#88200000
0!
1&
#88200679
03
#88202392
04
#88210000
1!
0&
#88210514
13
#88212392
14
#88220000
0!
1&
#88220679
03
#88222392
04
#88230000
1!
0&
#88230514
13
#88232392
14
#88240000
0!
1&
#88240679
03
#88242392
04
#88250000
1!
0&
#88250514
13
#88252392
14
#88260000
0!
1&
#88260679
03
#88262392
04
#88270000
1!
0&
#88270514
13
#88272392
14
#88280000
0!
1&
#88280679
03
#88282392
04
#88290000
1!
0&
#88290514
13
#88292392
14
#88300000
0!
1&
#88300679
03
#88302392
04
#88306831
0\
0N
#88308709
0I
#88310000
1!
0&
#88310514
13
#88312392
14
#88320000
0!
1&
#88320679
03
#88322392
04
#88330000
1!
0&
#88330514
13
#88332392
14
#88340000
0!
1&
#88340679
03
#88342392
04
#88350000
1!
0&
#88350514
13
#88352392
14
#88360000
0!
1&
#88360679
03
#88362392
04
#88370000
1!
0&
#88370514
13
#88372392
14
#88380000
0!
1&
#88380679
03
#88382392
04
#88390000
1!
0&
#88390514
13
#88392392
14
#88400000
0!
1&
#88400679
03
#88402392
04
#88410000
1!
0&
#88410514
13
#88412392
14
#88420000
0!
1&
#88420679
03
#88422392
04
#88430000
1!
0&
#88430514
13
#88432392
14
#88440000
0!
1&
#88440679
03
#88442392
04
#88450000
1!
0&
#88450514
13
#88452392
14
#88460000
0!
1&
#88460679
03
#88462392
04
#88470000
1!
0&
#88470514
13
#88472392
14
#88480000
0!
1&
#88480679
03
#88482392
04
#88490000
1!
0&
#88490514
13
#88492392
14
#88500000
0!
1&
#88500679
03
#88502392
04
#88510000
1!
0&
#88510514
13
#88512392
14
#88520000
0!
1&
#88520679
03
#88522392
04
#88530000
1!
0&
#88530514
13
#88532392
14
#88540000
0!
1&
#88540679
03
#88542392
04
#88550000
1!
0&
#88550514
13
#88552392
14
#88560000
0!
1&
#88560679
03
#88562392
04
#88570000
1!
0&
#88570514
13
#88572392
14
#88580000
0!
1&
#88580679
03
#88582392
04
#88590000
1!
0&
#88590514
13
#88592392
14
#88600000
0!
1&
#88600679
03
#88602392
04
#88610000
1!
0&
#88610514
13
#88612392
14
#88620000
0!
1&
#88620679
03
#88622392
04
#88630000
1!
0&
#88630514
13
#88632392
14
#88640000
0!
1&
#88640679
03
#88642392
04
#88650000
1!
0&
#88650514
13
#88652392
14
#88660000
0!
1&
#88660679
03
#88662392
04
#88670000
1!
0&
#88670514
13
#88672392
14
#88680000
0!
1&
#88680679
03
#88682392
04
#88690000
1!
0&
#88690514
13
#88692392
14
#88700000
0!
1&
#88700679
03
#88702392
04
#88710000
1!
0&
#88710514
13
#88712392
14
#88720000
0!
1&
#88720679
03
#88722392
04
#88730000
1!
0&
#88730514
13
#88732392
14
#88740000
0!
1&
#88740679
03
#88742392
04
#88750000
1!
0&
#88750514
13
#88752392
14
#88756831
1\
1N
#88758727
1I
#88760000
0!
1&
#88760679
03
#88762392
04
#88770000
1!
0&
#88770514
13
#88772392
14
#88780000
0!
1&
#88780679
03
#88782392
04
#88790000
1!
0&
#88790514
13
#88792392
14
#88800000
0!
1&
#88800679
03
#88802392
04
#88810000
1!
0&
#88810514
13
#88812392
14
#88820000
0!
1&
#88820679
03
#88822392
04
#88830000
1!
0&
#88830514
13
#88832392
14
#88840000
0!
1&
#88840679
03
#88842392
04
#88850000
1!
0&
#88850514
13
#88852392
14
#88860000
0!
1&
#88860679
03
#88862392
04
#88870000
1!
0&
#88870514
13
#88872392
14
#88880000
0!
1&
#88880679
03
#88882392
04
#88890000
1!
0&
#88890514
13
#88892392
14
#88900000
0!
1&
#88900679
03
#88902392
04
#88910000
1!
0&
#88910514
13
#88912392
14
#88920000
0!
1&
#88920679
03
#88922392
04
#88930000
1!
0&
#88930514
13
#88932392
14
#88940000
0!
1&
#88940679
03
#88942392
04
#88950000
1!
0&
#88950514
13
#88952392
14
#88960000
0!
1&
#88960679
03
#88962392
04
#88970000
1!
0&
#88970514
13
#88972392
14
#88980000
0!
1&
#88980679
03
#88982392
04
#88990000
1!
0&
#88990514
13
#88992392
14
#89000000
0!
1&
#89000679
03
#89002392
04
#89010000
1!
0&
#89010514
13
#89012392
14
#89020000
0!
1&
#89020679
03
#89022392
04
#89030000
1!
0&
#89030514
13
#89032392
14
#89040000
0!
1&
#89040679
03
#89042392
04
#89050000
1!
0&
#89050514
13
#89052392
14
#89060000
0!
1&
#89060679
03
#89062392
04
#89070000
1!
0&
#89070514
13
#89072392
14
#89080000
0!
1&
#89080679
03
#89082392
04
#89090000
1!
0&
#89090514
13
#89092392
14
#89100000
0!
1&
#89100679
03
#89102392
04
#89110000
1!
0&
#89110514
13
#89112392
14
#89120000
0!
1&
#89120679
03
#89122392
04
#89130000
1!
0&
#89130514
13
#89132392
14
#89140000
0!
1&
#89140679
03
#89142392
04
#89150000
1!
0&
#89150514
13
#89152392
14
#89160000
0!
1&
#89160679
03
#89162392
04
#89170000
1!
0&
#89170514
13
#89172392
14
#89180000
0!
1&
#89180679
03
#89182392
04
#89190000
1!
0&
#89190514
13
#89192392
14
#89200000
0!
1&
#89200679
03
#89202392
04
#89210000
1!
0&
#89210514
13
#89212392
14
#89220000
0!
1&
#89220679
03
#89222392
04
#89230000
1!
0&
#89230514
13
#89232392
14
#89240000
0!
1&
#89240679
03
#89242392
04
#89250000
1!
0&
#89250514
13
#89252392
14
#89260000
0!
1&
#89260679
03
#89262392
04
#89270000
1!
0&
#89270514
13
#89272392
14
#89280000
0!
1&
#89280679
03
#89282392
04
#89290000
1!
0&
#89290514
13
#89292392
14
#89300000
0!
1&
#89300679
03
#89302392
04
#89310000
1!
0&
#89310514
13
#89312392
14
#89320000
0!
1&
#89320679
03
#89322392
04
#89330000
1!
0&
#89330514
13
#89332392
14
#89340000
0!
1&
#89340679
03
#89342392
04
#89350000
1!
0&
#89350514
13
#89352392
14
#89360000
0!
1&
#89360679
03
#89362392
04
#89370000
1!
0&
#89370514
13
#89372392
14
#89380000
0!
1&
#89380679
03
#89382392
04
#89390000
1!
0&
#89390514
13
#89392392
14
#89400000
0!
1&
#89400679
03
#89402392
04
#89410000
1!
0&
#89410514
13
#89412392
14
#89420000
0!
1&
#89420679
03
#89422392
04
#89430000
1!
0&
#89430514
13
#89432392
14
#89440000
0!
1&
#89440679
03
#89442392
04
#89450000
1!
0&
#89450514
13
#89452392
14
#89460000
0!
1&
#89460679
03
#89462392
04
#89470000
1!
0&
#89470514
13
#89472392
14
#89480000
0!
1&
#89480679
03
#89482392
04
#89490000
1!
0&
#89490514
13
#89492392
14
#89500000
0!
1&
#89500679
03
#89502392
04
#89510000
1!
0&
#89510514
13
#89512392
14
#89520000
0!
1&
#89520679
03
#89522392
04
#89530000
1!
0&
#89530514
13
#89532392
14
#89540000
0!
1&
#89540679
03
#89542392
04
#89550000
1!
0&
#89550514
13
#89552392
14
#89556831
0\
0N
#89558709
0I
#89560000
0!
1&
#89560679
03
#89562392
04
#89570000
1!
0&
#89570514
13
#89572392
14
#89580000
0!
1&
#89580679
03
#89582392
04
#89590000
1!
0&
#89590514
13
#89592392
14
#89600000
0!
1&
#89600679
03
#89602392
04
#89610000
1!
0&
#89610514
13
#89612392
14
#89620000
0!
1&
#89620679
03
#89622392
04
#89630000
1!
0&
#89630514
13
#89632392
14
#89640000
0!
1&
#89640679
03
#89642392
04
#89650000
1!
0&
#89650514
13
#89652392
14
#89660000
0!
1&
#89660679
03
#89662392
04
#89670000
1!
0&
#89670514
13
#89672392
14
#89680000
0!
1&
#89680679
03
#89682392
04
#89690000
1!
0&
#89690514
13
#89692392
14
#89700000
0!
1&
#89700679
03
#89702392
04
#89710000
1!
0&
#89710514
13
#89712392
14
#89720000
0!
1&
#89720679
03
#89722392
04
#89730000
1!
0&
#89730514
13
#89732392
14
#89740000
0!
1&
#89740679
03
#89742392
04
#89750000
1!
0&
#89750514
13
#89752392
14
#89760000
0!
1&
#89760679
03
#89762392
04
#89770000
1!
0&
#89770514
13
#89772392
14
#89780000
0!
1&
#89780679
03
#89782392
04
#89790000
1!
0&
#89790514
13
#89792392
14
#89800000
0!
1&
#89800679
03
#89802392
04
#89810000
1!
0&
#89810514
13
#89812392
14
#89820000
0!
1&
#89820679
03
#89822392
04
#89830000
1!
0&
#89830514
13
#89832392
14
#89840000
0!
1&
#89840679
03
#89842392
04
#89850000
1!
0&
#89850514
13
#89852392
14
#89860000
0!
1&
#89860679
03
#89862392
04
#89870000
1!
0&
#89870514
13
#89872392
14
#89880000
0!
1&
#89880679
03
#89882392
04
#89890000
1!
0&
#89890514
13
#89892392
14
#89900000
0!
1&
#89900679
03
#89902392
04
#89910000
1!
0&
#89910514
13
#89912392
14
#89920000
0!
1&
#89920679
03
#89922392
04
#89930000
1!
0&
#89930514
13
#89932392
14
#89940000
0!
1&
#89940679
03
#89942392
04
#89950000
1!
0&
#89950514
13
#89952392
14
#89960000
0!
1&
#89960679
03
#89962392
04
#89970000
1!
0&
#89970514
13
#89972392
14
#89980000
0!
1&
#89980679
03
#89982392
04
#89990000
1!
0&
#89990514
13
#89992392
14
#90000000
0!
1&
#90000679
03
#90002392
04
#90006831
1\
1N
#90008727
1I
#90010000
1!
0&
#90010514
13
#90012392
14
#90020000
0!
1&
#90020679
03
#90022392
04
#90030000
1!
0&
#90030514
13
#90032392
14
#90040000
0!
1&
#90040679
03
#90042392
04
#90050000
1!
0&
#90050514
13
#90052392
14
#90060000
0!
1&
#90060679
03
#90062392
04
#90070000
1!
0&
#90070514
13
#90072392
14
#90080000
0!
1&
#90080679
03
#90082392
04
#90090000
1!
0&
#90090514
13
#90092392
14
#90100000
0!
1&
#90100679
03
#90102392
04
#90110000
1!
0&
#90110514
13
#90112392
14
#90120000
0!
1&
#90120679
03
#90122392
04
#90130000
1!
0&
#90130514
13
#90132392
14
#90140000
0!
1&
#90140679
03
#90142392
04
#90150000
1!
0&
#90150514
13
#90152392
14
#90160000
0!
1&
#90160679
03
#90162392
04
#90170000
1!
0&
#90170514
13
#90172392
14
#90180000
0!
1&
#90180679
03
#90182392
04
#90190000
1!
0&
#90190514
13
#90192392
14
#90200000
0!
1&
#90200679
03
#90202392
04
#90210000
1!
0&
#90210514
13
#90212392
14
#90220000
0!
1&
#90220679
03
#90222392
04
#90230000
1!
0&
#90230514
13
#90232392
14
#90240000
0!
1&
#90240679
03
#90242392
04
#90250000
1!
0&
#90250514
13
#90252392
14
#90260000
0!
1&
#90260679
03
#90262392
04
#90270000
1!
0&
#90270514
13
#90272392
14
#90280000
0!
1&
#90280679
03
#90282392
04
#90290000
1!
0&
#90290514
13
#90292392
14
#90300000
0!
1&
#90300679
03
#90302392
04
#90310000
1!
0&
#90310514
13
#90312392
14
#90320000
0!
1&
#90320679
03
#90322392
04
#90330000
1!
0&
#90330514
13
#90332392
14
#90340000
0!
1&
#90340679
03
#90342392
04
#90350000
1!
0&
#90350514
13
#90352392
14
#90360000
0!
1&
#90360679
03
#90362392
04
#90370000
1!
0&
#90370514
13
#90372392
14
#90380000
0!
1&
#90380679
03
#90382392
04
#90390000
1!
0&
#90390514
13
#90392392
14
#90400000
0!
1&
#90400679
03
#90402392
04
#90410000
1!
0&
#90410514
13
#90412392
14
#90420000
0!
1&
#90420679
03
#90422392
04
#90430000
1!
0&
#90430514
13
#90432392
14
#90440000
0!
1&
#90440679
03
#90442392
04
#90450000
1!
0&
#90450514
13
#90452392
14
#90460000
0!
1&
#90460679
03
#90462392
04
#90470000
1!
0&
#90470514
13
#90472392
14
#90480000
0!
1&
#90480679
03
#90482392
04
#90490000
1!
0&
#90490514
13
#90492392
14
#90500000
0!
1&
#90500679
03
#90502392
04
#90510000
1!
0&
#90510514
13
#90512392
14
#90520000
0!
1&
#90520679
03
#90522392
04
#90530000
1!
0&
#90530514
13
#90532392
14
#90540000
0!
1&
#90540679
03
#90542392
04
#90550000
1!
0&
#90550514
13
#90552392
14
#90560000
0!
1&
#90560679
03
#90562392
04
#90570000
1!
0&
#90570514
13
#90572392
14
#90580000
0!
1&
#90580679
03
#90582392
04
#90590000
1!
0&
#90590514
13
#90592392
14
#90600000
0!
1&
#90600679
03
#90602392
04
#90610000
1!
0&
#90610514
13
#90612392
14
#90620000
0!
1&
#90620679
03
#90622392
04
#90630000
1!
0&
#90630514
13
#90632392
14
#90640000
0!
1&
#90640679
03
#90642392
04
#90650000
1!
0&
#90650514
13
#90652392
14
#90660000
0!
1&
#90660679
03
#90662392
04
#90670000
1!
0&
#90670514
13
#90672392
14
#90680000
0!
1&
#90680679
03
#90682392
04
#90690000
1!
0&
#90690514
13
#90692392
14
#90700000
0!
1&
#90700679
03
#90702392
04
#90710000
1!
0&
#90710514
13
#90712392
14
#90720000
0!
1&
#90720679
03
#90722392
04
#90730000
1!
0&
#90730514
13
#90732392
14
#90740000
0!
1&
#90740679
03
#90742392
04
#90750000
1!
0&
#90750514
13
#90752392
14
#90760000
0!
1&
#90760679
03
#90762392
04
#90770000
1!
0&
#90770514
13
#90772392
14
#90780000
0!
1&
#90780679
03
#90782392
04
#90790000
1!
0&
#90790514
13
#90792392
14
#90800000
0!
1&
#90800679
03
#90802392
04
#90806831
0\
0N
#90808709
0I
#90810000
1!
0&
#90810514
13
#90812392
14
#90820000
0!
1&
#90820679
03
#90822392
04
#90830000
1!
0&
#90830514
13
#90832392
14
#90840000
0!
1&
#90840679
03
#90842392
04
#90850000
1!
0&
#90850514
13
#90852392
14
#90860000
0!
1&
#90860679
03
#90862392
04
#90870000
1!
0&
#90870514
13
#90872392
14
#90880000
0!
1&
#90880679
03
#90882392
04
#90890000
1!
0&
#90890514
13
#90892392
14
#90900000
0!
1&
#90900679
03
#90902392
04
#90910000
1!
0&
#90910514
13
#90912392
14
#90920000
0!
1&
#90920679
03
#90922392
04
#90930000
1!
0&
#90930514
13
#90932392
14
#90940000
0!
1&
#90940679
03
#90942392
04
#90950000
1!
0&
#90950514
13
#90952392
14
#90960000
0!
1&
#90960679
03
#90962392
04
#90970000
1!
0&
#90970514
13
#90972392
14
#90980000
0!
1&
#90980679
03
#90982392
04
#90990000
1!
0&
#90990514
13
#90992392
14
#91000000
0!
1&
#91000679
03
#91002392
04
#91010000
1!
0&
#91010514
13
#91012392
14
#91020000
0!
1&
#91020679
03
#91022392
04
#91030000
1!
0&
#91030514
13
#91032392
14
#91040000
0!
1&
#91040679
03
#91042392
04
#91050000
1!
0&
#91050514
13
#91052392
14
#91060000
0!
1&
#91060679
03
#91062392
04
#91070000
1!
0&
#91070514
13
#91072392
14
#91080000
0!
1&
#91080679
03
#91082392
04
#91090000
1!
0&
#91090514
13
#91092392
14
#91100000
0!
1&
#91100679
03
#91102392
04
#91110000
1!
0&
#91110514
13
#91112392
14
#91120000
0!
1&
#91120679
03
#91122392
04
#91130000
1!
0&
#91130514
13
#91132392
14
#91140000
0!
1&
#91140679
03
#91142392
04
#91150000
1!
0&
#91150514
13
#91152392
14
#91160000
0!
1&
#91160679
03
#91162392
04
#91170000
1!
0&
#91170514
13
#91172392
14
#91180000
0!
1&
#91180679
03
#91182392
04
#91190000
1!
0&
#91190514
13
#91192392
14
#91200000
0!
1&
#91200679
03
#91202392
04
#91210000
1!
0&
#91210514
13
#91212392
14
#91220000
0!
1&
#91220679
03
#91222392
04
#91230000
1!
0&
#91230514
13
#91232392
14
#91240000
0!
1&
#91240679
03
#91242392
04
#91250000
1!
0&
#91250514
13
#91252392
14
#91256831
1\
1N
#91258727
1I
#91260000
0!
1&
#91260679
03
#91262392
04
#91270000
1!
0&
#91270514
13
#91272392
14
#91280000
0!
1&
#91280679
03
#91282392
04
#91290000
1!
0&
#91290514
13
#91292392
14
#91300000
0!
1&
#91300679
03
#91302392
04
#91310000
1!
0&
#91310514
13
#91312392
14
#91320000
0!
1&
#91320679
03
#91322392
04
#91330000
1!
0&
#91330514
13
#91332392
14
#91340000
0!
1&
#91340679
03
#91342392
04
#91350000
1!
0&
#91350514
13
#91352392
14
#91360000
0!
1&
#91360679
03
#91362392
04
#91370000
1!
0&
#91370514
13
#91372392
14
#91380000
0!
1&
#91380679
03
#91382392
04
#91390000
1!
0&
#91390514
13
#91392392
14
#91400000
0!
1&
#91400679
03
#91402392
04
#91410000
1!
0&
#91410514
13
#91412392
14
#91420000
0!
1&
#91420679
03
#91422392
04
#91430000
1!
0&
#91430514
13
#91432392
14
#91440000
0!
1&
#91440679
03
#91442392
04
#91450000
1!
0&
#91450514
13
#91452392
14
#91460000
0!
1&
#91460679
03
#91462392
04
#91470000
1!
0&
#91470514
13
#91472392
14
#91480000
0!
1&
#91480679
03
#91482392
04
#91490000
1!
0&
#91490514
13
#91492392
14
#91500000
0!
1&
#91500679
03
#91502392
04
#91510000
1!
0&
#91510514
13
#91512392
14
#91520000
0!
1&
#91520679
03
#91522392
04
#91530000
1!
0&
#91530514
13
#91532392
14
#91540000
0!
1&
#91540679
03
#91542392
04
#91550000
1!
0&
#91550514
13
#91552392
14
#91560000
0!
1&
#91560679
03
#91562392
04
#91570000
1!
0&
#91570514
13
#91572392
14
#91580000
0!
1&
#91580679
03
#91582392
04
#91590000
1!
0&
#91590514
13
#91592392
14
#91600000
0!
1&
#91600679
03
#91602392
04
#91610000
1!
0&
#91610514
13
#91612392
14
#91620000
0!
1&
#91620679
03
#91622392
04
#91630000
1!
0&
#91630514
13
#91632392
14
#91640000
0!
1&
#91640679
03
#91642392
04
#91650000
1!
0&
#91650514
13
#91652392
14
#91660000
0!
1&
#91660679
03
#91662392
04
#91670000
1!
0&
#91670514
13
#91672392
14
#91680000
0!
1&
#91680679
03
#91682392
04
#91690000
1!
0&
#91690514
13
#91692392
14
#91700000
0!
1&
#91700679
03
#91702392
04
#91710000
1!
0&
#91710514
13
#91712392
14
#91720000
0!
1&
#91720679
03
#91722392
04
#91730000
1!
0&
#91730514
13
#91732392
14
#91740000
0!
1&
#91740679
03
#91742392
04
#91750000
1!
0&
#91750514
13
#91752392
14
#91760000
0!
1&
#91760679
03
#91762392
04
#91770000
1!
0&
#91770514
13
#91772392
14
#91780000
0!
1&
#91780679
03
#91782392
04
#91790000
1!
0&
#91790514
13
#91792392
14
#91800000
0!
1&
#91800679
03
#91802392
04
#91810000
1!
0&
#91810514
13
#91812392
14
#91820000
0!
1&
#91820679
03
#91822392
04
#91830000
1!
0&
#91830514
13
#91832392
14
#91840000
0!
1&
#91840679
03
#91842392
04
#91850000
1!
0&
#91850514
13
#91852392
14
#91860000
0!
1&
#91860679
03
#91862392
04
#91870000
1!
0&
#91870514
13
#91872392
14
#91880000
0!
1&
#91880679
03
#91882392
04
#91890000
1!
0&
#91890514
13
#91892392
14
#91900000
0!
1&
#91900679
03
#91902392
04
#91910000
1!
0&
#91910514
13
#91912392
14
#91920000
0!
1&
#91920679
03
#91922392
04
#91930000
1!
0&
#91930514
13
#91932392
14
#91940000
0!
1&
#91940679
03
#91942392
04
#91950000
1!
0&
#91950514
13
#91952392
14
#91960000
0!
1&
#91960679
03
#91962392
04
#91970000
1!
0&
#91970514
13
#91972392
14
#91980000
0!
1&
#91980679
03
#91982392
04
#91990000
1!
0&
#91990514
13
#91992392
14
#92000000
0!
1&
#92000679
03
#92002392
04
#92010000
1!
0&
#92010514
13
#92012392
14
#92020000
0!
1&
#92020679
03
#92022392
04
#92030000
1!
0&
#92030514
13
#92032392
14
#92040000
0!
1&
#92040679
03
#92042392
04
#92050000
1!
0&
#92050514
13
#92052392
14
#92056831
0\
0N
#92058709
0I
#92060000
0!
1&
#92060679
03
#92062392
04
#92070000
1!
0&
#92070514
13
#92072392
14
#92080000
0!
1&
#92080679
03
#92082392
04
#92090000
1!
0&
#92090514
13
#92092392
14
#92100000
0!
1&
#92100679
03
#92102392
04
#92110000
1!
0&
#92110514
13
#92112392
14
#92120000
0!
1&
#92120679
03
#92122392
04
#92130000
1!
0&
#92130514
13
#92132392
14
#92140000
0!
1&
#92140679
03
#92142392
04
#92150000
1!
0&
#92150514
13
#92152392
14
#92160000
0!
1&
#92160679
03
#92162392
04
#92170000
1!
0&
#92170514
13
#92172392
14
#92180000
0!
1&
#92180679
03
#92182392
04
#92190000
1!
0&
#92190514
13
#92192392
14
#92200000
0!
1&
#92200679
03
#92202392
04
#92210000
1!
0&
#92210514
13
#92212392
14
#92220000
0!
1&
#92220679
03
#92222392
04
#92230000
1!
0&
#92230514
13
#92232392
14
#92240000
0!
1&
#92240679
03
#92242392
04
#92250000
1!
0&
#92250514
13
#92252392
14
#92260000
0!
1&
#92260679
03
#92262392
04
#92270000
1!
0&
#92270514
13
#92272392
14
#92280000
0!
1&
#92280679
03
#92282392
04
#92290000
1!
0&
#92290514
13
#92292392
14
#92300000
0!
1&
#92300679
03
#92302392
04
#92310000
1!
0&
#92310514
13
#92312392
14
#92320000
0!
1&
#92320679
03
#92322392
04
#92330000
1!
0&
#92330514
13
#92332392
14
#92340000
0!
1&
#92340679
03
#92342392
04
#92350000
1!
0&
#92350514
13
#92352392
14
#92360000
0!
1&
#92360679
03
#92362392
04
#92370000
1!
0&
#92370514
13
#92372392
14
#92380000
0!
1&
#92380679
03
#92382392
04
#92390000
1!
0&
#92390514
13
#92392392
14
#92400000
0!
1&
#92400679
03
#92402392
04
#92410000
1!
0&
#92410514
13
#92412392
14
#92420000
0!
1&
#92420679
03
#92422392
04
#92430000
1!
0&
#92430514
13
#92432392
14
#92440000
0!
1&
#92440679
03
#92442392
04
#92450000
1!
0&
#92450514
13
#92452392
14
#92460000
0!
1&
#92460679
03
#92462392
04
#92470000
1!
0&
#92470514
13
#92472392
14
#92480000
0!
1&
#92480679
03
#92482392
04
#92490000
1!
0&
#92490514
13
#92492392
14
#92500000
0!
1&
#92500679
03
#92502392
04
#92506831
1\
1N
#92508727
1I
#92510000
1!
0&
#92510514
13
#92512392
14
#92520000
0!
1&
#92520679
03
#92522392
04
#92530000
1!
0&
#92530514
13
#92532392
14
#92540000
0!
1&
#92540679
03
#92542392
04
#92550000
1!
0&
#92550514
13
#92552392
14
#92560000
0!
1&
#92560679
03
#92562392
04
#92570000
1!
0&
#92570514
13
#92572392
14
#92580000
0!
1&
#92580679
03
#92582392
04
#92590000
1!
0&
#92590514
13
#92592392
14
#92600000
0!
1&
#92600679
03
#92602392
04
#92610000
1!
0&
#92610514
13
#92612392
14
#92620000
0!
1&
#92620679
03
#92622392
04
#92630000
1!
0&
#92630514
13
#92632392
14
#92640000
0!
1&
#92640679
03
#92642392
04
#92650000
1!
0&
#92650514
13
#92652392
14
#92660000
0!
1&
#92660679
03
#92662392
04
#92670000
1!
0&
#92670514
13
#92672392
14
#92680000
0!
1&
#92680679
03
#92682392
04
#92690000
1!
0&
#92690514
13
#92692392
14
#92700000
0!
1&
#92700679
03
#92702392
04
#92710000
1!
0&
#92710514
13
#92712392
14
#92720000
0!
1&
#92720679
03
#92722392
04
#92730000
1!
0&
#92730514
13
#92732392
14
#92740000
0!
1&
#92740679
03
#92742392
04
#92750000
1!
0&
#92750514
13
#92752392
14
#92760000
0!
1&
#92760679
03
#92762392
04
#92770000
1!
0&
#92770514
13
#92772392
14
#92780000
0!
1&
#92780679
03
#92782392
04
#92790000
1!
0&
#92790514
13
#92792392
14
#92800000
0!
1&
#92800679
03
#92802392
04
#92810000
1!
0&
#92810514
13
#92812392
14
#92820000
0!
1&
#92820679
03
#92822392
04
#92830000
1!
0&
#92830514
13
#92832392
14
#92840000
0!
1&
#92840679
03
#92842392
04
#92850000
1!
0&
#92850514
13
#92852392
14
#92860000
0!
1&
#92860679
03
#92862392
04
#92870000
1!
0&
#92870514
13
#92872392
14
#92880000
0!
1&
#92880679
03
#92882392
04
#92890000
1!
0&
#92890514
13
#92892392
14
#92900000
0!
1&
#92900679
03
#92902392
04
#92910000
1!
0&
#92910514
13
#92912392
14
#92920000
0!
1&
#92920679
03
#92922392
04
#92930000
1!
0&
#92930514
13
#92932392
14
#92940000
0!
1&
#92940679
03
#92942392
04
#92950000
1!
0&
#92950514
13
#92952392
14
#92960000
0!
1&
#92960679
03
#92962392
04
#92970000
1!
0&
#92970514
13
#92972392
14
#92980000
0!
1&
#92980679
03
#92982392
04
#92990000
1!
0&
#92990514
13
#92992392
14
#93000000
0!
1&
#93000679
03
#93002392
04
#93010000
1!
0&
#93010514
13
#93012392
14
#93020000
0!
1&
#93020679
03
#93022392
04
#93030000
1!
0&
#93030514
13
#93032392
14
#93040000
0!
1&
#93040679
03
#93042392
04
#93050000
1!
0&
#93050514
13
#93052392
14
#93060000
0!
1&
#93060679
03
#93062392
04
#93070000
1!
0&
#93070514
13
#93072392
14
#93080000
0!
1&
#93080679
03
#93082392
04
#93090000
1!
0&
#93090514
13
#93092392
14
#93100000
0!
1&
#93100679
03
#93102392
04
#93110000
1!
0&
#93110514
13
#93112392
14
#93120000
0!
1&
#93120679
03
#93122392
04
#93130000
1!
0&
#93130514
13
#93132392
14
#93140000
0!
1&
#93140679
03
#93142392
04
#93150000
1!
0&
#93150514
13
#93152392
14
#93160000
0!
1&
#93160679
03
#93162392
04
#93170000
1!
0&
#93170514
13
#93172392
14
#93180000
0!
1&
#93180679
03
#93182392
04
#93190000
1!
0&
#93190514
13
#93192392
14
#93200000
0!
1&
#93200679
03
#93202392
04
#93210000
1!
0&
#93210514
13
#93212392
14
#93220000
0!
1&
#93220679
03
#93222392
04
#93230000
1!
0&
#93230514
13
#93232392
14
#93240000
0!
1&
#93240679
03
#93242392
04
#93250000
1!
0&
#93250514
13
#93252392
14
#93260000
0!
1&
#93260679
03
#93262392
04
#93270000
1!
0&
#93270514
13
#93272392
14
#93280000
0!
1&
#93280679
03
#93282392
04
#93290000
1!
0&
#93290514
13
#93292392
14
#93300000
0!
1&
#93300679
03
#93302392
04
#93306831
0\
0N
#93308709
0I
#93310000
1!
0&
#93310514
13
#93312392
14
#93320000
0!
1&
#93320679
03
#93322392
04
#93330000
1!
0&
#93330514
13
#93332392
14
#93340000
0!
1&
#93340679
03
#93342392
04
#93350000
1!
0&
#93350514
13
#93352392
14
#93360000
0!
1&
#93360679
03
#93362392
04
#93370000
1!
0&
#93370514
13
#93372392
14
#93380000
0!
1&
#93380679
03
#93382392
04
#93390000
1!
0&
#93390514
13
#93392392
14
#93400000
0!
1&
#93400679
03
#93402392
04
#93410000
1!
0&
#93410514
13
#93412392
14
#93420000
0!
1&
#93420679
03
#93422392
04
#93430000
1!
0&
#93430514
13
#93432392
14
#93440000
0!
1&
#93440679
03
#93442392
04
#93450000
1!
0&
#93450514
13
#93452392
14
#93460000
0!
1&
#93460679
03
#93462392
04
#93470000
1!
0&
#93470514
13
#93472392
14
#93480000
0!
1&
#93480679
03
#93482392
04
#93490000
1!
0&
#93490514
13
#93492392
14
#93500000
0!
1&
#93500679
03
#93502392
04
#93510000
1!
0&
#93510514
13
#93512392
14
#93520000
0!
1&
#93520679
03
#93522392
04
#93530000
1!
0&
#93530514
13
#93532392
14
#93540000
0!
1&
#93540679
03
#93542392
04
#93550000
1!
0&
#93550514
13
#93552392
14
#93560000
0!
1&
#93560679
03
#93562392
04
#93570000
1!
0&
#93570514
13
#93572392
14
#93580000
0!
1&
#93580679
03
#93582392
04
#93590000
1!
0&
#93590514
13
#93592392
14
#93600000
0!
1&
#93600679
03
#93602392
04
#93610000
1!
0&
#93610514
13
#93612392
14
#93620000
0!
1&
#93620679
03
#93622392
04
#93630000
1!
0&
#93630514
13
#93632392
14
#93640000
0!
1&
#93640679
03
#93642392
04
#93650000
1!
0&
#93650514
13
#93652392
14
#93660000
0!
1&
#93660679
03
#93662392
04
#93670000
1!
0&
#93670514
13
#93672392
14
#93680000
0!
1&
#93680679
03
#93682392
04
#93690000
1!
0&
#93690514
13
#93692392
14
#93700000
0!
1&
#93700679
03
#93702392
04
#93710000
1!
0&
#93710514
13
#93712392
14
#93720000
0!
1&
#93720679
03
#93722392
04
#93730000
1!
0&
#93730514
13
#93732392
14
#93740000
0!
1&
#93740679
03
#93742392
04
#93750000
1!
0&
#93750514
13
#93752392
14
#93756831
1\
1N
#93758727
1I
#93760000
0!
1&
#93760679
03
#93762392
04
#93770000
1!
0&
#93770514
13
#93772392
14
#93780000
0!
1&
#93780679
03
#93782392
04
#93790000
1!
0&
#93790514
13
#93792392
14
#93800000
0!
1&
#93800679
03
#93802392
04
#93810000
1!
0&
#93810514
13
#93812392
14
#93820000
0!
1&
#93820679
03
#93822392
04
#93830000
1!
0&
#93830514
13
#93832392
14
#93840000
0!
1&
#93840679
03
#93842392
04
#93850000
1!
0&
#93850514
13
#93852392
14
#93860000
0!
1&
#93860679
03
#93862392
04
#93870000
1!
0&
#93870514
13
#93872392
14
#93880000
0!
1&
#93880679
03
#93882392
04
#93890000
1!
0&
#93890514
13
#93892392
14
#93900000
0!
1&
#93900679
03
#93902392
04
#93910000
1!
0&
#93910514
13
#93912392
14
#93920000
0!
1&
#93920679
03
#93922392
04
#93930000
1!
0&
#93930514
13
#93932392
14
#93940000
0!
1&
#93940679
03
#93942392
04
#93950000
1!
0&
#93950514
13
#93952392
14
#93960000
0!
1&
#93960679
03
#93962392
04
#93970000
1!
0&
#93970514
13
#93972392
14
#93980000
0!
1&
#93980679
03
#93982392
04
#93990000
1!
0&
#93990514
13
#93992392
14
#94000000
0!
1&
#94000679
03
#94002392
04
#94010000
1!
0&
#94010514
13
#94012392
14
#94020000
0!
1&
#94020679
03
#94022392
04
#94030000
1!
0&
#94030514
13
#94032392
14
#94040000
0!
1&
#94040679
03
#94042392
04
#94050000
1!
0&
#94050514
13
#94052392
14
#94060000
0!
1&
#94060679
03
#94062392
04
#94070000
1!
0&
#94070514
13
#94072392
14
#94080000
0!
1&
#94080679
03
#94082392
04
#94090000
1!
0&
#94090514
13
#94092392
14
#94100000
0!
1&
#94100679
03
#94102392
04
#94110000
1!
0&
#94110514
13
#94112392
14
#94120000
0!
1&
#94120679
03
#94122392
04
#94130000
1!
0&
#94130514
13
#94132392
14
#94140000
0!
1&
#94140679
03
#94142392
04
#94150000
1!
0&
#94150514
13
#94152392
14
#94160000
0!
1&
#94160679
03
#94162392
04
#94170000
1!
0&
#94170514
13
#94172392
14
#94180000
0!
1&
#94180679
03
#94182392
04
#94190000
1!
0&
#94190514
13
#94192392
14
#94200000
0!
1&
#94200679
03
#94202392
04
#94210000
1!
0&
#94210514
13
#94212392
14
#94220000
0!
1&
#94220679
03
#94222392
04
#94230000
1!
0&
#94230514
13
#94232392
14
#94240000
0!
1&
#94240679
03
#94242392
04
#94250000
1!
0&
#94250514
13
#94252392
14
#94260000
0!
1&
#94260679
03
#94262392
04
#94270000
1!
0&
#94270514
13
#94272392
14
#94280000
0!
1&
#94280679
03
#94282392
04
#94290000
1!
0&
#94290514
13
#94292392
14
#94300000
0!
1&
#94300679
03
#94302392
04
#94310000
1!
0&
#94310514
13
#94312392
14
#94320000
0!
1&
#94320679
03
#94322392
04
#94330000
1!
0&
#94330514
13
#94332392
14
#94340000
0!
1&
#94340679
03
#94342392
04
#94350000
1!
0&
#94350514
13
#94352392
14
#94360000
0!
1&
#94360679
03
#94362392
04
#94370000
1!
0&
#94370514
13
#94372392
14
#94380000
0!
1&
#94380679
03
#94382392
04
#94390000
1!
0&
#94390514
13
#94392392
14
#94400000
0!
1&
#94400679
03
#94402392
04
#94410000
1!
0&
#94410514
13
#94412392
14
#94420000
0!
1&
#94420679
03
#94422392
04
#94430000
1!
0&
#94430514
13
#94432392
14
#94440000
0!
1&
#94440679
03
#94442392
04
#94450000
1!
0&
#94450514
13
#94452392
14
#94460000
0!
1&
#94460679
03
#94462392
04
#94470000
1!
0&
#94470514
13
#94472392
14
#94480000
0!
1&
#94480679
03
#94482392
04
#94490000
1!
0&
#94490514
13
#94492392
14
#94500000
0!
1&
#94500679
03
#94502392
04
#94510000
1!
0&
#94510514
13
#94512392
14
#94520000
0!
1&
#94520679
03
#94522392
04
#94530000
1!
0&
#94530514
13
#94532392
14
#94540000
0!
1&
#94540679
03
#94542392
04
#94550000
1!
0&
#94550514
13
#94552392
14
#94556831
0\
0N
#94558709
0I
#94560000
0!
1&
#94560679
03
#94562392
04
#94570000
1!
0&
#94570514
13
#94572392
14
#94580000
0!
1&
#94580679
03
#94582392
04
#94590000
1!
0&
#94590514
13
#94592392
14
#94600000
0!
1&
#94600679
03
#94602392
04
#94610000
1!
0&
#94610514
13
#94612392
14
#94620000
0!
1&
#94620679
03
#94622392
04
#94630000
1!
0&
#94630514
13
#94632392
14
#94640000
0!
1&
#94640679
03
#94642392
04
#94650000
1!
0&
#94650514
13
#94652392
14
#94660000
0!
1&
#94660679
03
#94662392
04
#94670000
1!
0&
#94670514
13
#94672392
14
#94680000
0!
1&
#94680679
03
#94682392
04
#94690000
1!
0&
#94690514
13
#94692392
14
#94700000
0!
1&
#94700679
03
#94702392
04
#94710000
1!
0&
#94710514
13
#94712392
14
#94720000
0!
1&
#94720679
03
#94722392
04
#94730000
1!
0&
#94730514
13
#94732392
14
#94740000
0!
1&
#94740679
03
#94742392
04
#94750000
1!
0&
#94750514
13
#94752392
14
#94760000
0!
1&
#94760679
03
#94762392
04
#94770000
1!
0&
#94770514
13
#94772392
14
#94780000
0!
1&
#94780679
03
#94782392
04
#94790000
1!
0&
#94790514
13
#94792392
14
#94800000
0!
1&
#94800679
03
#94802392
04
#94810000
1!
0&
#94810514
13
#94812392
14
#94820000
0!
1&
#94820679
03
#94822392
04
#94830000
1!
0&
#94830514
13
#94832392
14
#94840000
0!
1&
#94840679
03
#94842392
04
#94850000
1!
0&
#94850514
13
#94852392
14
#94860000
0!
1&
#94860679
03
#94862392
04
#94870000
1!
0&
#94870514
13
#94872392
14
#94880000
0!
1&
#94880679
03
#94882392
04
#94890000
1!
0&
#94890514
13
#94892392
14
#94900000
0!
1&
#94900679
03
#94902392
04
#94910000
1!
0&
#94910514
13
#94912392
14
#94920000
0!
1&
#94920679
03
#94922392
04
#94930000
1!
0&
#94930514
13
#94932392
14
#94940000
0!
1&
#94940679
03
#94942392
04
#94950000
1!
0&
#94950514
13
#94952392
14
#94960000
0!
1&
#94960679
03
#94962392
04
#94970000
1!
0&
#94970514
13
#94972392
14
#94980000
0!
1&
#94980679
03
#94982392
04
#94990000
1!
0&
#94990514
13
#94992392
14
#95000000
0!
1&
#95000679
03
#95002392
04
#95006831
1\
1N
#95008727
1I
#95010000
1!
0&
#95010514
13
#95012392
14
#95020000
0!
1&
#95020679
03
#95022392
04
#95030000
1!
0&
#95030514
13
#95032392
14
#95040000
0!
1&
#95040679
03
#95042392
04
#95050000
1!
0&
#95050514
13
#95052392
14
#95060000
0!
1&
#95060679
03
#95062392
04
#95070000
1!
0&
#95070514
13
#95072392
14
#95080000
0!
1&
#95080679
03
#95082392
04
#95090000
1!
0&
#95090514
13
#95092392
14
#95100000
0!
1&
#95100679
03
#95102392
04
#95110000
1!
0&
#95110514
13
#95112392
14
#95120000
0!
1&
#95120679
03
#95122392
04
#95130000
1!
0&
#95130514
13
#95132392
14
#95140000
0!
1&
#95140679
03
#95142392
04
#95150000
1!
0&
#95150514
13
#95152392
14
#95160000
0!
1&
#95160679
03
#95162392
04
#95170000
1!
0&
#95170514
13
#95172392
14
#95180000
0!
1&
#95180679
03
#95182392
04
#95190000
1!
0&
#95190514
13
#95192392
14
#95200000
0!
1&
#95200679
03
#95202392
04
#95210000
1!
0&
#95210514
13
#95212392
14
#95220000
0!
1&
#95220679
03
#95222392
04
#95230000
1!
0&
#95230514
13
#95232392
14
#95240000
0!
1&
#95240679
03
#95242392
04
#95250000
1!
0&
#95250514
13
#95252392
14
#95260000
0!
1&
#95260679
03
#95262392
04
#95270000
1!
0&
#95270514
13
#95272392
14
#95280000
0!
1&
#95280679
03
#95282392
04
#95290000
1!
0&
#95290514
13
#95292392
14
#95300000
0!
1&
#95300679
03
#95302392
04
#95310000
1!
0&
#95310514
13
#95312392
14
#95320000
0!
1&
#95320679
03
#95322392
04
#95330000
1!
0&
#95330514
13
#95332392
14
#95340000
0!
1&
#95340679
03
#95342392
04
#95350000
1!
0&
#95350514
13
#95352392
14
#95360000
0!
1&
#95360679
03
#95362392
04
#95370000
1!
0&
#95370514
13
#95372392
14
#95380000
0!
1&
#95380679
03
#95382392
04
#95390000
1!
0&
#95390514
13
#95392392
14
#95400000
0!
1&
#95400679
03
#95402392
04
#95410000
1!
0&
#95410514
13
#95412392
14
#95420000
0!
1&
#95420679
03
#95422392
04
#95430000
1!
0&
#95430514
13
#95432392
14
#95440000
0!
1&
#95440679
03
#95442392
04
#95450000
1!
0&
#95450514
13
#95452392
14
#95460000
0!
1&
#95460679
03
#95462392
04
#95470000
1!
0&
#95470514
13
#95472392
14
#95480000
0!
1&
#95480679
03
#95482392
04
#95490000
1!
0&
#95490514
13
#95492392
14
#95500000
0!
1&
#95500679
03
#95502392
04
#95510000
1!
0&
#95510514
13
#95512392
14
#95520000
0!
1&
#95520679
03
#95522392
04
#95530000
1!
0&
#95530514
13
#95532392
14
#95540000
0!
1&
#95540679
03
#95542392
04
#95550000
1!
0&
#95550514
13
#95552392
14
#95560000
0!
1&
#95560679
03
#95562392
04
#95570000
1!
0&
#95570514
13
#95572392
14
#95580000
0!
1&
#95580679
03
#95582392
04
#95590000
1!
0&
#95590514
13
#95592392
14
#95600000
0!
1&
#95600679
03
#95602392
04
#95610000
1!
0&
#95610514
13
#95612392
14
#95620000
0!
1&
#95620679
03
#95622392
04
#95630000
1!
0&
#95630514
13
#95632392
14
#95640000
0!
1&
#95640679
03
#95642392
04
#95650000
1!
0&
#95650514
13
#95652392
14
#95660000
0!
1&
#95660679
03
#95662392
04
#95670000
1!
0&
#95670514
13
#95672392
14
#95680000
0!
1&
#95680679
03
#95682392
04
#95690000
1!
0&
#95690514
13
#95692392
14
#95700000
0!
1&
#95700679
03
#95702392
04
#95710000
1!
0&
#95710514
13
#95712392
14
#95720000
0!
1&
#95720679
03
#95722392
04
#95730000
1!
0&
#95730514
13
#95732392
14
#95740000
0!
1&
#95740679
03
#95742392
04
#95750000
1!
0&
#95750514
13
#95752392
14
#95760000
0!
1&
#95760679
03
#95762392
04
#95770000
1!
0&
#95770514
13
#95772392
14
#95780000
0!
1&
#95780679
03
#95782392
04
#95790000
1!
0&
#95790514
13
#95792392
14
#95800000
0!
1&
#95800679
03
#95802392
04
#95806831
0\
0N
#95808709
0I
#95810000
1!
0&
#95810514
13
#95812392
14
#95820000
0!
1&
#95820679
03
#95822392
04
#95830000
1!
0&
#95830514
13
#95832392
14
#95840000
0!
1&
#95840679
03
#95842392
04
#95850000
1!
0&
#95850514
13
#95852392
14
#95860000
0!
1&
#95860679
03
#95862392
04
#95870000
1!
0&
#95870514
13
#95872392
14
#95880000
0!
1&
#95880679
03
#95882392
04
#95890000
1!
0&
#95890514
13
#95892392
14
#95900000
0!
1&
#95900679
03
#95902392
04
#95910000
1!
0&
#95910514
13
#95912392
14
#95920000
0!
1&
#95920679
03
#95922392
04
#95930000
1!
0&
#95930514
13
#95932392
14
#95940000
0!
1&
#95940679
03
#95942392
04
#95950000
1!
0&
#95950514
13
#95952392
14
#95960000
0!
1&
#95960679
03
#95962392
04
#95970000
1!
0&
#95970514
13
#95972392
14
#95980000
0!
1&
#95980679
03
#95982392
04
#95990000
1!
0&
#95990514
13
#95992392
14
#96000000
0!
1&
#96000679
03
#96002392
04
#96010000
1!
0&
#96010514
13
#96012392
14
#96020000
0!
1&
#96020679
03
#96022392
04
#96030000
1!
0&
#96030514
13
#96032392
14
#96040000
0!
1&
#96040679
03
#96042392
04
#96050000
1!
0&
#96050514
13
#96052392
14
#96060000
0!
1&
#96060679
03
#96062392
04
#96070000
1!
0&
#96070514
13
#96072392
14
#96080000
0!
1&
#96080679
03
#96082392
04
#96090000
1!
0&
#96090514
13
#96092392
14
#96100000
0!
1&
#96100679
03
#96102392
04
#96110000
1!
0&
#96110514
13
#96112392
14
#96120000
0!
1&
#96120679
03
#96122392
04
#96130000
1!
0&
#96130514
13
#96132392
14
#96140000
0!
1&
#96140679
03
#96142392
04
#96150000
1!
0&
#96150514
13
#96152392
14
#96160000
0!
1&
#96160679
03
#96162392
04
#96170000
1!
0&
#96170514
13
#96172392
14
#96180000
0!
1&
#96180679
03
#96182392
04
#96190000
1!
0&
#96190514
13
#96192392
14
#96200000
0!
1&
#96200679
03
#96202392
04
#96210000
1!
0&
#96210514
13
#96212392
14
#96220000
0!
1&
#96220679
03
#96222392
04
#96230000
1!
0&
#96230514
13
#96232392
14
#96240000
0!
1&
#96240679
03
#96242392
04
#96250000
1!
0&
#96250514
13
#96252392
14
#96256831
1\
1N
#96258727
1I
#96260000
0!
1&
#96260679
03
#96262392
04
#96270000
1!
0&
#96270514
13
#96272392
14
#96280000
0!
1&
#96280679
03
#96282392
04
#96290000
1!
0&
#96290514
13
#96292392
14
#96300000
0!
1&
#96300679
03
#96302392
04
#96310000
1!
0&
#96310514
13
#96312392
14
#96320000
0!
1&
#96320679
03
#96322392
04
#96330000
1!
0&
#96330514
13
#96332392
14
#96340000
0!
1&
#96340679
03
#96342392
04
#96350000
1!
0&
#96350514
13
#96352392
14
#96360000
0!
1&
#96360679
03
#96362392
04
#96370000
1!
0&
#96370514
13
#96372392
14
#96380000
0!
1&
#96380679
03
#96382392
04
#96390000
1!
0&
#96390514
13
#96392392
14
#96400000
0!
1&
#96400679
03
#96402392
04
#96410000
1!
0&
#96410514
13
#96412392
14
#96420000
0!
1&
#96420679
03
#96422392
04
#96430000
1!
0&
#96430514
13
#96432392
14
#96440000
0!
1&
#96440679
03
#96442392
04
#96450000
1!
0&
#96450514
13
#96452392
14
#96460000
0!
1&
#96460679
03
#96462392
04
#96470000
1!
0&
#96470514
13
#96472392
14
#96480000
0!
1&
#96480679
03
#96482392
04
#96490000
1!
0&
#96490514
13
#96492392
14
#96500000
0!
1&
#96500679
03
#96502392
04
#96510000
1!
0&
#96510514
13
#96512392
14
#96520000
0!
1&
#96520679
03
#96522392
04
#96530000
1!
0&
#96530514
13
#96532392
14
#96540000
0!
1&
#96540679
03
#96542392
04
#96550000
1!
0&
#96550514
13
#96552392
14
#96560000
0!
1&
#96560679
03
#96562392
04
#96570000
1!
0&
#96570514
13
#96572392
14
#96580000
0!
1&
#96580679
03
#96582392
04
#96590000
1!
0&
#96590514
13
#96592392
14
#96600000
0!
1&
#96600679
03
#96602392
04
#96610000
1!
0&
#96610514
13
#96612392
14
#96620000
0!
1&
#96620679
03
#96622392
04
#96630000
1!
0&
#96630514
13
#96632392
14
#96640000
0!
1&
#96640679
03
#96642392
04
#96650000
1!
0&
#96650514
13
#96652392
14
#96660000
0!
1&
#96660679
03
#96662392
04
#96670000
1!
0&
#96670514
13
#96672392
14
#96680000
0!
1&
#96680679
03
#96682392
04
#96690000
1!
0&
#96690514
13
#96692392
14
#96700000
0!
1&
#96700679
03
#96702392
04
#96710000
1!
0&
#96710514
13
#96712392
14
#96720000
0!
1&
#96720679
03
#96722392
04
#96730000
1!
0&
#96730514
13
#96732392
14
#96740000
0!
1&
#96740679
03
#96742392
04
#96750000
1!
0&
#96750514
13
#96752392
14
#96760000
0!
1&
#96760679
03
#96762392
04
#96770000
1!
0&
#96770514
13
#96772392
14
#96780000
0!
1&
#96780679
03
#96782392
04
#96790000
1!
0&
#96790514
13
#96792392
14
#96800000
0!
1&
#96800679
03
#96802392
04
#96810000
1!
0&
#96810514
13
#96812392
14
#96820000
0!
1&
#96820679
03
#96822392
04
#96830000
1!
0&
#96830514
13
#96832392
14
#96840000
0!
1&
#96840679
03
#96842392
04
#96850000
1!
0&
#96850514
13
#96852392
14
#96860000
0!
1&
#96860679
03
#96862392
04
#96870000
1!
0&
#96870514
13
#96872392
14
#96880000
0!
1&
#96880679
03
#96882392
04
#96890000
1!
0&
#96890514
13
#96892392
14
#96900000
0!
1&
#96900679
03
#96902392
04
#96910000
1!
0&
#96910514
13
#96912392
14
#96920000
0!
1&
#96920679
03
#96922392
04
#96930000
1!
0&
#96930514
13
#96932392
14
#96940000
0!
1&
#96940679
03
#96942392
04
#96950000
1!
0&
#96950514
13
#96952392
14
#96960000
0!
1&
#96960679
03
#96962392
04
#96970000
1!
0&
#96970514
13
#96972392
14
#96980000
0!
1&
#96980679
03
#96982392
04
#96990000
1!
0&
#96990514
13
#96992392
14
#97000000
0!
1&
#97000679
03
#97002392
04
#97010000
1!
0&
#97010514
13
#97012392
14
#97020000
0!
1&
#97020679
03
#97022392
04
#97030000
1!
0&
#97030514
13
#97032392
14
#97040000
0!
1&
#97040679
03
#97042392
04
#97050000
1!
0&
#97050514
13
#97052392
14
#97056831
0\
0N
#97058709
0I
#97060000
0!
1&
#97060679
03
#97062392
04
#97070000
1!
0&
#97070514
13
#97072392
14
#97080000
0!
1&
#97080679
03
#97082392
04
#97090000
1!
0&
#97090514
13
#97092392
14
#97100000
0!
1&
#97100679
03
#97102392
04
#97110000
1!
0&
#97110514
13
#97112392
14
#97120000
0!
1&
#97120679
03
#97122392
04
#97130000
1!
0&
#97130514
13
#97132392
14
#97140000
0!
1&
#97140679
03
#97142392
04
#97150000
1!
0&
#97150514
13
#97152392
14
#97160000
0!
1&
#97160679
03
#97162392
04
#97170000
1!
0&
#97170514
13
#97172392
14
#97180000
0!
1&
#97180679
03
#97182392
04
#97190000
1!
0&
#97190514
13
#97192392
14
#97200000
0!
1&
#97200679
03
#97202392
04
#97210000
1!
0&
#97210514
13
#97212392
14
#97220000
0!
1&
#97220679
03
#97222392
04
#97230000
1!
0&
#97230514
13
#97232392
14
#97240000
0!
1&
#97240679
03
#97242392
04
#97250000
1!
0&
#97250514
13
#97252392
14
#97260000
0!
1&
#97260679
03
#97262392
04
#97270000
1!
0&
#97270514
13
#97272392
14
#97280000
0!
1&
#97280679
03
#97282392
04
#97290000
1!
0&
#97290514
13
#97292392
14
#97300000
0!
1&
#97300679
03
#97302392
04
#97310000
1!
0&
#97310514
13
#97312392
14
#97320000
0!
1&
#97320679
03
#97322392
04
#97330000
1!
0&
#97330514
13
#97332392
14
#97340000
0!
1&
#97340679
03
#97342392
04
#97350000
1!
0&
#97350514
13
#97352392
14
#97360000
0!
1&
#97360679
03
#97362392
04
#97370000
1!
0&
#97370514
13
#97372392
14
#97380000
0!
1&
#97380679
03
#97382392
04
#97390000
1!
0&
#97390514
13
#97392392
14
#97400000
0!
1&
#97400679
03
#97402392
04
#97410000
1!
0&
#97410514
13
#97412392
14
#97420000
0!
1&
#97420679
03
#97422392
04
#97430000
1!
0&
#97430514
13
#97432392
14
#97440000
0!
1&
#97440679
03
#97442392
04
#97450000
1!
0&
#97450514
13
#97452392
14
#97460000
0!
1&
#97460679
03
#97462392
04
#97470000
1!
0&
#97470514
13
#97472392
14
#97480000
0!
1&
#97480679
03
#97482392
04
#97490000
1!
0&
#97490514
13
#97492392
14
#97500000
0!
1&
#97500679
03
#97502392
04
#97506831
1\
1N
#97508727
1I
#97510000
1!
0&
#97510514
13
#97512392
14
#97520000
0!
1&
#97520679
03
#97522392
04
#97530000
1!
0&
#97530514
13
#97532392
14
#97540000
0!
1&
#97540679
03
#97542392
04
#97550000
1!
0&
#97550514
13
#97552392
14
#97560000
0!
1&
#97560679
03
#97562392
04
#97570000
1!
0&
#97570514
13
#97572392
14
#97580000
0!
1&
#97580679
03
#97582392
04
#97590000
1!
0&
#97590514
13
#97592392
14
#97600000
0!
1&
#97600679
03
#97602392
04
#97610000
1!
0&
#97610514
13
#97612392
14
#97620000
0!
1&
#97620679
03
#97622392
04
#97630000
1!
0&
#97630514
13
#97632392
14
#97640000
0!
1&
#97640679
03
#97642392
04
#97650000
1!
0&
#97650514
13
#97652392
14
#97660000
0!
1&
#97660679
03
#97662392
04
#97670000
1!
0&
#97670514
13
#97672392
14
#97680000
0!
1&
#97680679
03
#97682392
04
#97690000
1!
0&
#97690514
13
#97692392
14
#97700000
0!
1&
#97700679
03
#97702392
04
#97710000
1!
0&
#97710514
13
#97712392
14
#97720000
0!
1&
#97720679
03
#97722392
04
#97730000
1!
0&
#97730514
13
#97732392
14
#97740000
0!
1&
#97740679
03
#97742392
04
#97750000
1!
0&
#97750514
13
#97752392
14
#97760000
0!
1&
#97760679
03
#97762392
04
#97770000
1!
0&
#97770514
13
#97772392
14
#97780000
0!
1&
#97780679
03
#97782392
04
#97790000
1!
0&
#97790514
13
#97792392
14
#97800000
0!
1&
#97800679
03
#97802392
04
#97810000
1!
0&
#97810514
13
#97812392
14
#97820000
0!
1&
#97820679
03
#97822392
04
#97830000
1!
0&
#97830514
13
#97832392
14
#97840000
0!
1&
#97840679
03
#97842392
04
#97850000
1!
0&
#97850514
13
#97852392
14
#97860000
0!
1&
#97860679
03
#97862392
04
#97870000
1!
0&
#97870514
13
#97872392
14
#97880000
0!
1&
#97880679
03
#97882392
04
#97890000
1!
0&
#97890514
13
#97892392
14
#97900000
0!
1&
#97900679
03
#97902392
04
#97910000
1!
0&
#97910514
13
#97912392
14
#97920000
0!
1&
#97920679
03
#97922392
04
#97930000
1!
0&
#97930514
13
#97932392
14
#97940000
0!
1&
#97940679
03
#97942392
04
#97950000
1!
0&
#97950514
13
#97952392
14
#97960000
0!
1&
#97960679
03
#97962392
04
#97970000
1!
0&
#97970514
13
#97972392
14
#97980000
0!
1&
#97980679
03
#97982392
04
#97990000
1!
0&
#97990514
13
#97992392
14
#98000000
0!
1&
#98000679
03
#98002392
04
#98010000
1!
0&
#98010514
13
#98012392
14
#98020000
0!
1&
#98020679
03
#98022392
04
#98030000
1!
0&
#98030514
13
#98032392
14
#98040000
0!
1&
#98040679
03
#98042392
04
#98050000
1!
0&
#98050514
13
#98052392
14
#98060000
0!
1&
#98060679
03
#98062392
04
#98070000
1!
0&
#98070514
13
#98072392
14
#98080000
0!
1&
#98080679
03
#98082392
04
#98090000
1!
0&
#98090514
13
#98092392
14
#98100000
0!
1&
#98100679
03
#98102392
04
#98110000
1!
0&
#98110514
13
#98112392
14
#98120000
0!
1&
#98120679
03
#98122392
04
#98130000
1!
0&
#98130514
13
#98132392
14
#98140000
0!
1&
#98140679
03
#98142392
04
#98150000
1!
0&
#98150514
13
#98152392
14
#98160000
0!
1&
#98160679
03
#98162392
04
#98170000
1!
0&
#98170514
13
#98172392
14
#98180000
0!
1&
#98180679
03
#98182392
04
#98190000
1!
0&
#98190514
13
#98192392
14
#98200000
0!
1&
#98200679
03
#98202392
04
#98210000
1!
0&
#98210514
13
#98212392
14
#98220000
0!
1&
#98220679
03
#98222392
04
#98230000
1!
0&
#98230514
13
#98232392
14
#98240000
0!
1&
#98240679
03
#98242392
04
#98250000
1!
0&
#98250514
13
#98252392
14
#98260000
0!
1&
#98260679
03
#98262392
04
#98270000
1!
0&
#98270514
13
#98272392
14
#98280000
0!
1&
#98280679
03
#98282392
04
#98290000
1!
0&
#98290514
13
#98292392
14
#98300000
0!
1&
#98300679
03
#98302392
04
#98306831
0\
0N
#98308709
0I
#98310000
1!
0&
#98310514
13
#98312392
14
#98320000
0!
1&
#98320679
03
#98322392
04
#98330000
1!
0&
#98330514
13
#98332392
14
#98340000
0!
1&
#98340679
03
#98342392
04
#98350000
1!
0&
#98350514
13
#98352392
14
#98360000
0!
1&
#98360679
03
#98362392
04
#98370000
1!
0&
#98370514
13
#98372392
14
#98380000
0!
1&
#98380679
03
#98382392
04
#98390000
1!
0&
#98390514
13
#98392392
14
#98400000
0!
1&
#98400679
03
#98402392
04
#98410000
1!
0&
#98410514
13
#98412392
14
#98420000
0!
1&
#98420679
03
#98422392
04
#98430000
1!
0&
#98430514
13
#98432392
14
#98440000
0!
1&
#98440679
03
#98442392
04
#98450000
1!
0&
#98450514
13
#98452392
14
#98460000
0!
1&
#98460679
03
#98462392
04
#98470000
1!
0&
#98470514
13
#98472392
14
#98480000
0!
1&
#98480679
03
#98482392
04
#98490000
1!
0&
#98490514
13
#98492392
14
#98500000
0!
1&
#98500679
03
#98502392
04
#98510000
1!
0&
#98510514
13
#98512392
14
#98520000
0!
1&
#98520679
03
#98522392
04
#98530000
1!
0&
#98530514
13
#98532392
14
#98540000
0!
1&
#98540679
03
#98542392
04
#98550000
1!
0&
#98550514
13
#98552392
14
#98560000
0!
1&
#98560679
03
#98562392
04
#98570000
1!
0&
#98570514
13
#98572392
14
#98580000
0!
1&
#98580679
03
#98582392
04
#98590000
1!
0&
#98590514
13
#98592392
14
#98600000
0!
1&
#98600679
03
#98602392
04
#98610000
1!
0&
#98610514
13
#98612392
14
#98620000
0!
1&
#98620679
03
#98622392
04
#98630000
1!
0&
#98630514
13
#98632392
14
#98640000
0!
1&
#98640679
03
#98642392
04
#98650000
1!
0&
#98650514
13
#98652392
14
#98660000
0!
1&
#98660679
03
#98662392
04
#98670000
1!
0&
#98670514
13
#98672392
14
#98680000
0!
1&
#98680679
03
#98682392
04
#98690000
1!
0&
#98690514
13
#98692392
14
#98700000
0!
1&
#98700679
03
#98702392
04
#98710000
1!
0&
#98710514
13
#98712392
14
#98720000
0!
1&
#98720679
03
#98722392
04
#98730000
1!
0&
#98730514
13
#98732392
14
#98740000
0!
1&
#98740679
03
#98742392
04
#98750000
1!
0&
#98750514
13
#98752392
14
#98756831
1\
1N
#98758727
1I
#98760000
0!
1&
#98760679
03
#98762392
04
#98770000
1!
0&
#98770514
13
#98772392
14
#98780000
0!
1&
#98780679
03
#98782392
04
#98790000
1!
0&
#98790514
13
#98792392
14
#98800000
0!
1&
#98800679
03
#98802392
04
#98810000
1!
0&
#98810514
13
#98812392
14
#98820000
0!
1&
#98820679
03
#98822392
04
#98830000
1!
0&
#98830514
13
#98832392
14
#98840000
0!
1&
#98840679
03
#98842392
04
#98850000
1!
0&
#98850514
13
#98852392
14
#98860000
0!
1&
#98860679
03
#98862392
04
#98870000
1!
0&
#98870514
13
#98872392
14
#98880000
0!
1&
#98880679
03
#98882392
04
#98890000
1!
0&
#98890514
13
#98892392
14
#98900000
0!
1&
#98900679
03
#98902392
04
#98910000
1!
0&
#98910514
13
#98912392
14
#98920000
0!
1&
#98920679
03
#98922392
04
#98930000
1!
0&
#98930514
13
#98932392
14
#98940000
0!
1&
#98940679
03
#98942392
04
#98950000
1!
0&
#98950514
13
#98952392
14
#98960000
0!
1&
#98960679
03
#98962392
04
#98970000
1!
0&
#98970514
13
#98972392
14
#98980000
0!
1&
#98980679
03
#98982392
04
#98990000
1!
0&
#98990514
13
#98992392
14
#99000000
0!
1&
#99000679
03
#99002392
04
#99010000
1!
0&
#99010514
13
#99012392
14
#99020000
0!
1&
#99020679
03
#99022392
04
#99030000
1!
0&
#99030514
13
#99032392
14
#99040000
0!
1&
#99040679
03
#99042392
04
#99050000
1!
0&
#99050514
13
#99052392
14
#99060000
0!
1&
#99060679
03
#99062392
04
#99070000
1!
0&
#99070514
13
#99072392
14
#99080000
0!
1&
#99080679
03
#99082392
04
#99090000
1!
0&
#99090514
13
#99092392
14
#99100000
0!
1&
#99100679
03
#99102392
04
#99110000
1!
0&
#99110514
13
#99112392
14
#99120000
0!
1&
#99120679
03
#99122392
04
#99130000
1!
0&
#99130514
13
#99132392
14
#99140000
0!
1&
#99140679
03
#99142392
04
#99150000
1!
0&
#99150514
13
#99152392
14
#99160000
0!
1&
#99160679
03
#99162392
04
#99170000
1!
0&
#99170514
13
#99172392
14
#99180000
0!
1&
#99180679
03
#99182392
04
#99190000
1!
0&
#99190514
13
#99192392
14
#99200000
0!
1&
#99200679
03
#99202392
04
#99210000
1!
0&
#99210514
13
#99212392
14
#99220000
0!
1&
#99220679
03
#99222392
04
#99230000
1!
0&
#99230514
13
#99232392
14
#99240000
0!
1&
#99240679
03
#99242392
04
#99250000
1!
0&
#99250514
13
#99252392
14
#99260000
0!
1&
#99260679
03
#99262392
04
#99270000
1!
0&
#99270514
13
#99272392
14
#99280000
0!
1&
#99280679
03
#99282392
04
#99290000
1!
0&
#99290514
13
#99292392
14
#99300000
0!
1&
#99300679
03
#99302392
04
#99310000
1!
0&
#99310514
13
#99312392
14
#99320000
0!
1&
#99320679
03
#99322392
04
#99330000
1!
0&
#99330514
13
#99332392
14
#99340000
0!
1&
#99340679
03
#99342392
04
#99350000
1!
0&
#99350514
13
#99352392
14
#99360000
0!
1&
#99360679
03
#99362392
04
#99370000
1!
0&
#99370514
13
#99372392
14
#99380000
0!
1&
#99380679
03
#99382392
04
#99390000
1!
0&
#99390514
13
#99392392
14
#99400000
0!
1&
#99400679
03
#99402392
04
#99410000
1!
0&
#99410514
13
#99412392
14
#99420000
0!
1&
#99420679
03
#99422392
04
#99430000
1!
0&
#99430514
13
#99432392
14
#99440000
0!
1&
#99440679
03
#99442392
04
#99450000
1!
0&
#99450514
13
#99452392
14
#99460000
0!
1&
#99460679
03
#99462392
04
#99470000
1!
0&
#99470514
13
#99472392
14
#99480000
0!
1&
#99480679
03
#99482392
04
#99490000
1!
0&
#99490514
13
#99492392
14
#99500000
0!
1&
#99500679
03
#99502392
04
#99510000
1!
0&
#99510514
13
#99512392
14
#99520000
0!
1&
#99520679
03
#99522392
04
#99530000
1!
0&
#99530514
13
#99532392
14
#99540000
0!
1&
#99540679
03
#99542392
04
#99550000
1!
0&
#99550514
13
#99552392
14
#99556831
0\
0N
#99558709
0I
#99560000
0!
1&
#99560679
03
#99562392
04
#99570000
1!
0&
#99570514
13
#99572392
14
#99580000
0!
1&
#99580679
03
#99582392
04
#99590000
1!
0&
#99590514
13
#99592392
14
#99600000
0!
1&
#99600679
03
#99602392
04
#99610000
1!
0&
#99610514
13
#99612392
14
#99620000
0!
1&
#99620679
03
#99622392
04
#99630000
1!
0&
#99630514
13
#99632392
14
#99640000
0!
1&
#99640679
03
#99642392
04
#99650000
1!
0&
#99650514
13
#99652392
14
#99660000
0!
1&
#99660679
03
#99662392
04
#99670000
1!
0&
#99670514
13
#99672392
14
#99680000
0!
1&
#99680679
03
#99682392
04
#99690000
1!
0&
#99690514
13
#99692392
14
#99700000
0!
1&
#99700679
03
#99702392
04
#99710000
1!
0&
#99710514
13
#99712392
14
#99720000
0!
1&
#99720679
03
#99722392
04
#99730000
1!
0&
#99730514
13
#99732392
14
#99740000
0!
1&
#99740679
03
#99742392
04
#99750000
1!
0&
#99750514
13
#99752392
14
#99760000
0!
1&
#99760679
03
#99762392
04
#99770000
1!
0&
#99770514
13
#99772392
14
#99780000
0!
1&
#99780679
03
#99782392
04
#99790000
1!
0&
#99790514
13
#99792392
14
#99800000
0!
1&
#99800679
03
#99802392
04
#99810000
1!
0&
#99810514
13
#99812392
14
#99820000
0!
1&
#99820679
03
#99822392
04
#99830000
1!
0&
#99830514
13
#99832392
14
#99840000
0!
1&
#99840679
03
#99842392
04
#99850000
1!
0&
#99850514
13
#99852392
14
#99860000
0!
1&
#99860679
03
#99862392
04
#99870000
1!
0&
#99870514
13
#99872392
14
#99880000
0!
1&
#99880679
03
#99882392
04
#99890000
1!
0&
#99890514
13
#99892392
14
#99900000
0!
1&
#99900679
03
#99902392
04
#99910000
1!
0&
#99910514
13
#99912392
14
#99920000
0!
1&
#99920679
03
#99922392
04
#99930000
1!
0&
#99930514
13
#99932392
14
#99940000
0!
1&
#99940679
03
#99942392
04
#99950000
1!
0&
#99950514
13
#99952392
14
#99960000
0!
1&
#99960679
03
#99962392
04
#99970000
1!
0&
#99970514
13
#99972392
14
#99980000
0!
1&
#99980679
03
#99982392
04
#99990000
1!
0&
#99990514
13
#99992392
14
#100000000
