TimeQuest Timing Analyzer report for prueba
Thu Nov 27 11:31:38 2025
Quartus II 64-Bit Version 13.0.1 Build 232 06/12/2013 Service Pack 1 SJ Web Edition


---------------------
; Table of Contents ;
---------------------
  1. Legal Notice
  2. TimeQuest Timing Analyzer Summary
  3. Parallel Compilation
  4. Clocks
  5. Slow 1200mV 85C Model Fmax Summary
  6. Timing Closure Recommendations
  7. Slow 1200mV 85C Model Setup Summary
  8. Slow 1200mV 85C Model Hold Summary
  9. Slow 1200mV 85C Model Recovery Summary
 10. Slow 1200mV 85C Model Removal Summary
 11. Slow 1200mV 85C Model Minimum Pulse Width Summary
 12. Slow 1200mV 85C Model Setup: 'clk'
 13. Slow 1200mV 85C Model Hold: 'clk'
 14. Slow 1200mV 85C Model Recovery: 'clk'
 15. Slow 1200mV 85C Model Removal: 'clk'
 16. Slow 1200mV 85C Model Minimum Pulse Width: 'clk'
 17. Setup Times
 18. Hold Times
 19. Clock to Output Times
 20. Minimum Clock to Output Times
 21. Output Enable Times
 22. Minimum Output Enable Times
 23. Output Disable Times
 24. Minimum Output Disable Times
 25. Slow 1200mV 85C Model Metastability Report
 26. Slow 1200mV 0C Model Fmax Summary
 27. Slow 1200mV 0C Model Setup Summary
 28. Slow 1200mV 0C Model Hold Summary
 29. Slow 1200mV 0C Model Recovery Summary
 30. Slow 1200mV 0C Model Removal Summary
 31. Slow 1200mV 0C Model Minimum Pulse Width Summary
 32. Slow 1200mV 0C Model Setup: 'clk'
 33. Slow 1200mV 0C Model Hold: 'clk'
 34. Slow 1200mV 0C Model Recovery: 'clk'
 35. Slow 1200mV 0C Model Removal: 'clk'
 36. Slow 1200mV 0C Model Minimum Pulse Width: 'clk'
 37. Setup Times
 38. Hold Times
 39. Clock to Output Times
 40. Minimum Clock to Output Times
 41. Output Enable Times
 42. Minimum Output Enable Times
 43. Output Disable Times
 44. Minimum Output Disable Times
 45. Slow 1200mV 0C Model Metastability Report
 46. Fast 1200mV 0C Model Setup Summary
 47. Fast 1200mV 0C Model Hold Summary
 48. Fast 1200mV 0C Model Recovery Summary
 49. Fast 1200mV 0C Model Removal Summary
 50. Fast 1200mV 0C Model Minimum Pulse Width Summary
 51. Fast 1200mV 0C Model Setup: 'clk'
 52. Fast 1200mV 0C Model Hold: 'clk'
 53. Fast 1200mV 0C Model Recovery: 'clk'
 54. Fast 1200mV 0C Model Removal: 'clk'
 55. Fast 1200mV 0C Model Minimum Pulse Width: 'clk'
 56. Setup Times
 57. Hold Times
 58. Clock to Output Times
 59. Minimum Clock to Output Times
 60. Output Enable Times
 61. Minimum Output Enable Times
 62. Output Disable Times
 63. Minimum Output Disable Times
 64. Fast 1200mV 0C Model Metastability Report
 65. Multicorner Timing Analysis Summary
 66. Setup Times
 67. Hold Times
 68. Clock to Output Times
 69. Minimum Clock to Output Times
 70. Board Trace Model Assignments
 71. Input Transition Times
 72. Slow Corner Signal Integrity Metrics
 73. Fast Corner Signal Integrity Metrics
 74. Setup Transfers
 75. Hold Transfers
 76. Recovery Transfers
 77. Removal Transfers
 78. Report TCCS
 79. Report RSKM
 80. Unconstrained Paths
 81. TimeQuest Timing Analyzer Messages



----------------
; Legal Notice ;
----------------
Copyright (C) 1991-2013 Altera Corporation
Your use of Altera Corporation's design tools, logic functions 
and other software and tools, and its AMPP partner logic 
functions, and any output files from any of the foregoing 
(including device programming or simulation files), and any 
associated documentation or information are expressly subject 
to the terms and conditions of the Altera Program License 
Subscription Agreement, Altera MegaCore Function License 
Agreement, or other applicable license agreement, including, 
without limitation, that your use is for the sole purpose of 
programming logic devices manufactured by Altera and sold by 
Altera or its authorized distributors.  Please refer to the 
applicable agreement for further details.



+----------------------------------------------------------------------------------------+
; TimeQuest Timing Analyzer Summary                                                      ;
+--------------------+-------------------------------------------------------------------+
; Quartus II Version ; Version 13.0.1 Build 232 06/12/2013 Service Pack 1 SJ Web Edition ;
; Revision Name      ; prueba                                                            ;
; Device Family      ; Cyclone III                                                       ;
; Device Name        ; EP3C120F780C7                                                     ;
; Timing Models      ; Final                                                             ;
; Delay Model        ; Combined                                                          ;
; Rise/Fall Delays   ; Enabled                                                           ;
+--------------------+-------------------------------------------------------------------+


Parallel compilation was disabled, but you have multiple processors available. Enable parallel compilation to reduce compilation time.
+-------------------------------------+
; Parallel Compilation                ;
+----------------------------+--------+
; Processors                 ; Number ;
+----------------------------+--------+
; Number detected on machine ; 8      ;
; Maximum allowed            ; 1      ;
+----------------------------+--------+


+---------------------------------------------------------------------------------------------------------------------------------------------------------------------------------+
; Clocks                                                                                                                                                                          ;
+------------+------+--------+------------+-------+-------+------------+-----------+-------------+-------+--------+-----------+------------+----------+--------+--------+---------+
; Clock Name ; Type ; Period ; Frequency  ; Rise  ; Fall  ; Duty Cycle ; Divide by ; Multiply by ; Phase ; Offset ; Edge List ; Edge Shift ; Inverted ; Master ; Source ; Targets ;
+------------+------+--------+------------+-------+-------+------------+-----------+-------------+-------+--------+-----------+------------+----------+--------+--------+---------+
; clk        ; Base ; 1.000  ; 1000.0 MHz ; 0.000 ; 0.500 ;            ;           ;             ;       ;        ;           ;            ;          ;        ;        ; { clk } ;
+------------+------+--------+------------+-------+-------+------------+-----------+-------------+-------+--------+-----------+------------+----------+--------+--------+---------+


+--------------------------------------------------+
; Slow 1200mV 85C Model Fmax Summary               ;
+------------+-----------------+------------+------+
; Fmax       ; Restricted Fmax ; Clock Name ; Note ;
+------------+-----------------+------------+------+
; 241.02 MHz ; 241.02 MHz      ; clk        ;      ;
+------------+-----------------+------------+------+
This panel reports FMAX for every clock in the design, regardless of the user-specified clock periods.  FMAX is only computed for paths where the source and destination registers or ports are driven by the same clock.  Paths of different clocks, including generated clocks, are ignored.  For paths between a clock and its inversion, FMAX is computed as if the rising and falling edges are scaled along with FMAX, such that the duty cycle (in terms of a percentage) is maintained. Altera recommends that you always use clock constraints and other slack reports for sign-off analysis.


----------------------------------
; Timing Closure Recommendations ;
----------------------------------
HTML report is unavailable in plain text report export.


+-------------------------------------+
; Slow 1200mV 85C Model Setup Summary ;
+-------+--------+--------------------+
; Clock ; Slack  ; End Point TNS      ;
+-------+--------+--------------------+
; clk   ; -3.149 ; -203.437           ;
+-------+--------+--------------------+


+------------------------------------+
; Slow 1200mV 85C Model Hold Summary ;
+-------+-------+--------------------+
; Clock ; Slack ; End Point TNS      ;
+-------+-------+--------------------+
; clk   ; 0.385 ; 0.000              ;
+-------+-------+--------------------+


+----------------------------------------+
; Slow 1200mV 85C Model Recovery Summary ;
+-------+--------+-----------------------+
; Clock ; Slack  ; End Point TNS         ;
+-------+--------+-----------------------+
; clk   ; -1.239 ; -78.152               ;
+-------+--------+-----------------------+


+---------------------------------------+
; Slow 1200mV 85C Model Removal Summary ;
+-------+-------+-----------------------+
; Clock ; Slack ; End Point TNS         ;
+-------+-------+-----------------------+
; clk   ; 0.595 ; 0.000                 ;
+-------+-------+-----------------------+


+---------------------------------------------------+
; Slow 1200mV 85C Model Minimum Pulse Width Summary ;
+-------+--------+----------------------------------+
; Clock ; Slack  ; End Point TNS                    ;
+-------+--------+----------------------------------+
; clk   ; -3.000 ; -118.650                         ;
+-------+--------+----------------------------------+


+------------------------------------------------------------------------------------------------------+
; Slow 1200mV 85C Model Setup: 'clk'                                                                   ;
+--------+-----------+-----------+--------------+-------------+--------------+------------+------------+
; Slack  ; From Node ; To Node   ; Launch Clock ; Latch Clock ; Relationship ; Clock Skew ; Data Delay ;
+--------+-----------+-----------+--------------+-------------+--------------+------------+------------+
; -3.149 ; D[6][2]   ; C[0]      ; clk          ; clk         ; 1.000        ; -0.078     ; 4.069      ;
; -3.146 ; D[2][2]   ; detecta   ; clk          ; clk         ; 1.000        ; -0.083     ; 4.061      ;
; -3.089 ; D[6][2]   ; detecta   ; clk          ; clk         ; 1.000        ; -0.081     ; 4.006      ;
; -3.080 ; D[7][2]   ; C[0]      ; clk          ; clk         ; 1.000        ; -0.078     ; 4.000      ;
; -3.068 ; D[15][0]  ; C[2]      ; clk          ; clk         ; 1.000        ; -0.510     ; 3.556      ;
; -3.038 ; D[5][1]   ; detecta   ; clk          ; clk         ; 1.000        ; -0.083     ; 3.953      ;
; -3.036 ; D[15][0]  ; C[0]      ; clk          ; clk         ; 1.000        ; -0.510     ; 3.524      ;
; -3.023 ; C[0]      ; detecta   ; clk          ; clk         ; 1.000        ; -0.084     ; 3.937      ;
; -3.021 ; D[8][2]   ; C[0]      ; clk          ; clk         ; 1.000        ; -0.079     ; 3.940      ;
; -3.017 ; D[8][1]   ; C[0]      ; clk          ; clk         ; 1.000        ; -0.079     ; 3.936      ;
; -3.016 ; D[5][1]   ; C[0]      ; clk          ; clk         ; 1.000        ; -0.080     ; 3.934      ;
; -3.006 ; D[4][0]   ; C[2]      ; clk          ; clk         ; 1.000        ; -0.081     ; 3.923      ;
; -3.005 ; D[4][0]   ; C[0]      ; clk          ; clk         ; 1.000        ; -0.081     ; 3.922      ;
; -3.004 ; D[1][1]   ; detecta   ; clk          ; clk         ; 1.000        ; -0.081     ; 3.921      ;
; -2.987 ; D[11][0]  ; C[2]      ; clk          ; clk         ; 1.000        ; -0.079     ; 3.906      ;
; -2.986 ; D[11][0]  ; C[0]      ; clk          ; clk         ; 1.000        ; -0.079     ; 3.905      ;
; -2.970 ; D[7][2]   ; detecta   ; clk          ; clk         ; 1.000        ; -0.081     ; 3.887      ;
; -2.963 ; D[15][2]  ; C[2]      ; clk          ; clk         ; 1.000        ; -0.078     ; 3.883      ;
; -2.953 ; D[1][1]   ; C[2]      ; clk          ; clk         ; 1.000        ; -0.078     ; 3.873      ;
; -2.952 ; D[1][1]   ; C[0]      ; clk          ; clk         ; 1.000        ; -0.078     ; 3.872      ;
; -2.952 ; D[14][1]  ; C[2]      ; clk          ; clk         ; 1.000        ; -0.079     ; 3.871      ;
; -2.950 ; D[10][0]  ; detecta   ; clk          ; clk         ; 1.000        ; -0.082     ; 3.866      ;
; -2.948 ; D[2][0]   ; detecta   ; clk          ; clk         ; 1.000        ; -0.083     ; 3.863      ;
; -2.947 ; D[6][0]   ; C[0]      ; clk          ; clk         ; 1.000        ; -0.078     ; 3.867      ;
; -2.933 ; C[1]      ; detecta   ; clk          ; clk         ; 1.000        ; -0.084     ; 3.847      ;
; -2.931 ; D[15][2]  ; C[0]      ; clk          ; clk         ; 1.000        ; -0.078     ; 3.851      ;
; -2.922 ; D[6][2]   ; C[2]      ; clk          ; clk         ; 1.000        ; -0.078     ; 3.842      ;
; -2.914 ; D[14][1]  ; C[0]      ; clk          ; clk         ; 1.000        ; -0.079     ; 3.833      ;
; -2.908 ; D[13][1]  ; C[2]      ; clk          ; clk         ; 1.000        ; -0.077     ; 3.829      ;
; -2.907 ; D[12][2]  ; C[2]      ; clk          ; clk         ; 1.000        ; -0.079     ; 3.826      ;
; -2.906 ; D[12][2]  ; C[0]      ; clk          ; clk         ; 1.000        ; -0.079     ; 3.825      ;
; -2.903 ; D[15][0]  ; detecta   ; clk          ; clk         ; 1.000        ; -0.513     ; 3.388      ;
; -2.900 ; D[13][0]  ; C[2]      ; clk          ; clk         ; 1.000        ; -0.077     ; 3.821      ;
; -2.899 ; D[7][1]   ; C[0]      ; clk          ; clk         ; 1.000        ; -0.078     ; 3.819      ;
; -2.897 ; C[2]      ; detecta   ; clk          ; clk         ; 1.000        ; -0.084     ; 3.811      ;
; -2.887 ; D[6][0]   ; detecta   ; clk          ; clk         ; 1.000        ; -0.081     ; 3.804      ;
; -2.877 ; D[13][2]  ; C[2]      ; clk          ; clk         ; 1.000        ; -0.077     ; 3.798      ;
; -2.876 ; D[13][1]  ; C[0]      ; clk          ; clk         ; 1.000        ; -0.077     ; 3.797      ;
; -2.871 ; D[14][1]  ; detecta   ; clk          ; clk         ; 1.000        ; -0.082     ; 3.787      ;
; -2.868 ; D[13][0]  ; C[0]      ; clk          ; clk         ; 1.000        ; -0.077     ; 3.789      ;
; -2.866 ; D[8][0]   ; C[0]      ; clk          ; clk         ; 1.000        ; -0.079     ; 3.785      ;
; -2.864 ; D[10][1]  ; C[2]      ; clk          ; clk         ; 1.000        ; -0.079     ; 3.783      ;
; -2.863 ; D[10][1]  ; C[0]      ; clk          ; clk         ; 1.000        ; -0.079     ; 3.782      ;
; -2.853 ; D[7][2]   ; C[2]      ; clk          ; clk         ; 1.000        ; -0.078     ; 3.773      ;
; -2.845 ; D[13][2]  ; C[0]      ; clk          ; clk         ; 1.000        ; -0.077     ; 3.766      ;
; -2.838 ; D[1][0]   ; detecta   ; clk          ; clk         ; 1.000        ; -0.081     ; 3.755      ;
; -2.833 ; C[1]      ; sal[1]    ; clk          ; clk         ; 1.000        ; -0.081     ; 3.750      ;
; -2.833 ; C[1]      ; sal[2]~en ; clk          ; clk         ; 1.000        ; -0.081     ; 3.750      ;
; -2.830 ; D[6][1]   ; C[0]      ; clk          ; clk         ; 1.000        ; -0.078     ; 3.750      ;
; -2.827 ; D[4][3]   ; C[0]      ; clk          ; clk         ; 1.000        ; -0.475     ; 3.350      ;
; -2.822 ; D[5][0]   ; detecta   ; clk          ; clk         ; 1.000        ; -0.083     ; 3.737      ;
; -2.821 ; D[4][2]   ; C[2]      ; clk          ; clk         ; 1.000        ; -0.081     ; 3.738      ;
; -2.820 ; D[4][2]   ; C[0]      ; clk          ; clk         ; 1.000        ; -0.081     ; 3.737      ;
; -2.807 ; D[4][3]   ; C[2]      ; clk          ; clk         ; 1.000        ; -0.475     ; 3.330      ;
; -2.805 ; D[12][2]  ; C[1]      ; clk          ; clk         ; 1.000        ; -0.079     ; 3.724      ;
; -2.800 ; D[5][0]   ; C[0]      ; clk          ; clk         ; 1.000        ; -0.080     ; 3.718      ;
; -2.799 ; D[2][1]   ; detecta   ; clk          ; clk         ; 1.000        ; -0.083     ; 3.714      ;
; -2.798 ; D[15][2]  ; detecta   ; clk          ; clk         ; 1.000        ; -0.081     ; 3.715      ;
; -2.794 ; D[8][2]   ; C[2]      ; clk          ; clk         ; 1.000        ; -0.079     ; 3.713      ;
; -2.791 ; D[2][2]   ; C[1]      ; clk          ; clk         ; 1.000        ; -0.080     ; 3.709      ;
; -2.790 ; D[8][1]   ; C[2]      ; clk          ; clk         ; 1.000        ; -0.079     ; 3.709      ;
; -2.789 ; D[7][1]   ; detecta   ; clk          ; clk         ; 1.000        ; -0.081     ; 3.706      ;
; -2.789 ; D[5][1]   ; C[2]      ; clk          ; clk         ; 1.000        ; -0.080     ; 3.707      ;
; -2.788 ; D[4][3]   ; detecta   ; clk          ; clk         ; 1.000        ; -0.478     ; 3.308      ;
; -2.787 ; D[1][0]   ; C[2]      ; clk          ; clk         ; 1.000        ; -0.078     ; 3.707      ;
; -2.786 ; D[1][0]   ; C[0]      ; clk          ; clk         ; 1.000        ; -0.078     ; 3.706      ;
; -2.784 ; detecta   ; detecta   ; clk          ; clk         ; 1.000        ; -0.081     ; 3.701      ;
; -2.782 ; D[13][3]  ; C[2]      ; clk          ; clk         ; 1.000        ; -0.077     ; 3.703      ;
; -2.781 ; D[7][0]   ; C[0]      ; clk          ; clk         ; 1.000        ; -0.078     ; 3.701      ;
; -2.777 ; D[11][1]  ; C[2]      ; clk          ; clk         ; 1.000        ; -0.079     ; 3.696      ;
; -2.776 ; D[11][1]  ; C[0]      ; clk          ; clk         ; 1.000        ; -0.079     ; 3.695      ;
; -2.770 ; D[6][1]   ; detecta   ; clk          ; clk         ; 1.000        ; -0.081     ; 3.687      ;
; -2.763 ; D[6][3]   ; C[0]      ; clk          ; clk         ; 1.000        ; -0.078     ; 3.683      ;
; -2.758 ; D[5][1]   ; D[7][3]   ; clk          ; clk         ; 1.000        ; -0.082     ; 3.674      ;
; -2.757 ; D[9][2]   ; C[2]      ; clk          ; clk         ; 1.000        ; -0.080     ; 3.675      ;
; -2.756 ; D[9][2]   ; C[0]      ; clk          ; clk         ; 1.000        ; -0.080     ; 3.674      ;
; -2.750 ; D[13][3]  ; C[0]      ; clk          ; clk         ; 1.000        ; -0.077     ; 3.671      ;
; -2.742 ; D[10][1]  ; detecta   ; clk          ; clk         ; 1.000        ; -0.082     ; 3.658      ;
; -2.741 ; D[12][0]  ; C[2]      ; clk          ; clk         ; 1.000        ; -0.079     ; 3.660      ;
; -2.741 ; D[3][2]   ; C[1]      ; clk          ; clk         ; 1.000        ; -0.079     ; 3.660      ;
; -2.740 ; D[15][1]  ; C[2]      ; clk          ; clk         ; 1.000        ; -0.078     ; 3.660      ;
; -2.740 ; D[12][0]  ; C[0]      ; clk          ; clk         ; 1.000        ; -0.079     ; 3.659      ;
; -2.738 ; D[8][3]   ; C[0]      ; clk          ; clk         ; 1.000        ; -0.079     ; 3.657      ;
; -2.735 ; D[9][2]   ; detecta   ; clk          ; clk         ; 1.000        ; -0.083     ; 3.650      ;
; -2.733 ; C[0]      ; D[4][1]   ; clk          ; clk         ; 1.000        ; -0.081     ; 3.650      ;
; -2.732 ; C[0]      ; D[4][2]   ; clk          ; clk         ; 1.000        ; -0.081     ; 3.649      ;
; -2.730 ; C[0]      ; D[4][0]   ; clk          ; clk         ; 1.000        ; -0.081     ; 3.647      ;
; -2.727 ; D[14][2]  ; C[2]      ; clk          ; clk         ; 1.000        ; -0.079     ; 3.646      ;
; -2.720 ; D[6][0]   ; C[2]      ; clk          ; clk         ; 1.000        ; -0.078     ; 3.640      ;
; -2.720 ; D[1][1]   ; D[4][2]   ; clk          ; clk         ; 1.000        ; -0.078     ; 3.640      ;
; -2.720 ; D[1][1]   ; D[4][0]   ; clk          ; clk         ; 1.000        ; -0.078     ; 3.640      ;
; -2.719 ; D[1][1]   ; D[4][1]   ; clk          ; clk         ; 1.000        ; -0.078     ; 3.639      ;
; -2.713 ; D[11][0]  ; C[1]      ; clk          ; clk         ; 1.000        ; -0.079     ; 3.632      ;
; -2.711 ; D[2][3]   ; detecta   ; clk          ; clk         ; 1.000        ; -0.083     ; 3.626      ;
; -2.708 ; D[15][1]  ; C[0]      ; clk          ; clk         ; 1.000        ; -0.078     ; 3.628      ;
; -2.706 ; D[5][2]   ; detecta   ; clk          ; clk         ; 1.000        ; -0.083     ; 3.621      ;
; -2.703 ; D[6][3]   ; detecta   ; clk          ; clk         ; 1.000        ; -0.081     ; 3.620      ;
; -2.701 ; D[13][1]  ; detecta   ; clk          ; clk         ; 1.000        ; -0.080     ; 3.619      ;
; -2.698 ; D[1][2]   ; detecta   ; clk          ; clk         ; 1.000        ; -0.081     ; 3.615      ;
; -2.693 ; D[13][0]  ; detecta   ; clk          ; clk         ; 1.000        ; -0.080     ; 3.611      ;
+--------+-----------+-----------+--------------+-------------+--------------+------------+------------+


+-----------------------------------------------------------------------------------------------------+
; Slow 1200mV 85C Model Hold: 'clk'                                                                   ;
+-------+-----------+-----------+--------------+-------------+--------------+------------+------------+
; Slack ; From Node ; To Node   ; Launch Clock ; Latch Clock ; Relationship ; Clock Skew ; Data Delay ;
+-------+-----------+-----------+--------------+-------------+--------------+------------+------------+
; 0.385 ; D[15][0]  ; D[15][0]  ; clk          ; clk         ; 0.000        ; 0.098      ; 0.669      ;
; 0.385 ; t_3       ; t_3       ; clk          ; clk         ; 0.000        ; 0.098      ; 0.669      ;
; 0.385 ; t_7       ; t_7       ; clk          ; clk         ; 0.000        ; 0.098      ; 0.669      ;
; 0.385 ; t_10      ; t_10      ; clk          ; clk         ; 0.000        ; 0.098      ; 0.669      ;
; 0.385 ; t_12      ; t_12      ; clk          ; clk         ; 0.000        ; 0.098      ; 0.669      ;
; 0.385 ; t_14      ; t_14      ; clk          ; clk         ; 0.000        ; 0.098      ; 0.669      ;
; 0.387 ; D[4][3]   ; D[4][3]   ; clk          ; clk         ; 0.000        ; 0.096      ; 0.669      ;
; 0.402 ; D[14][1]  ; D[14][1]  ; clk          ; clk         ; 0.000        ; 0.081      ; 0.669      ;
; 0.402 ; D[14][2]  ; D[14][2]  ; clk          ; clk         ; 0.000        ; 0.081      ; 0.669      ;
; 0.402 ; D[14][3]  ; D[14][3]  ; clk          ; clk         ; 0.000        ; 0.081      ; 0.669      ;
; 0.402 ; D[15][1]  ; D[15][1]  ; clk          ; clk         ; 0.000        ; 0.081      ; 0.669      ;
; 0.402 ; D[15][2]  ; D[15][2]  ; clk          ; clk         ; 0.000        ; 0.081      ; 0.669      ;
; 0.402 ; D[15][3]  ; D[15][3]  ; clk          ; clk         ; 0.000        ; 0.081      ; 0.669      ;
; 0.402 ; D[16][0]  ; D[16][0]  ; clk          ; clk         ; 0.000        ; 0.081      ; 0.669      ;
; 0.402 ; D[16][1]  ; D[16][1]  ; clk          ; clk         ; 0.000        ; 0.081      ; 0.669      ;
; 0.402 ; D[16][2]  ; D[16][2]  ; clk          ; clk         ; 0.000        ; 0.081      ; 0.669      ;
; 0.402 ; D[16][3]  ; D[16][3]  ; clk          ; clk         ; 0.000        ; 0.081      ; 0.669      ;
; 0.402 ; D[14][0]  ; D[14][0]  ; clk          ; clk         ; 0.000        ; 0.081      ; 0.669      ;
; 0.402 ; D[5][0]   ; D[5][0]   ; clk          ; clk         ; 0.000        ; 0.081      ; 0.669      ;
; 0.402 ; D[5][1]   ; D[5][1]   ; clk          ; clk         ; 0.000        ; 0.081      ; 0.669      ;
; 0.402 ; D[5][3]   ; D[5][3]   ; clk          ; clk         ; 0.000        ; 0.081      ; 0.669      ;
; 0.402 ; D[7][3]   ; D[7][3]   ; clk          ; clk         ; 0.000        ; 0.081      ; 0.669      ;
; 0.402 ; D[8][0]   ; D[8][0]   ; clk          ; clk         ; 0.000        ; 0.081      ; 0.669      ;
; 0.402 ; D[8][1]   ; D[8][1]   ; clk          ; clk         ; 0.000        ; 0.081      ; 0.669      ;
; 0.402 ; D[8][2]   ; D[8][2]   ; clk          ; clk         ; 0.000        ; 0.081      ; 0.669      ;
; 0.402 ; D[8][3]   ; D[8][3]   ; clk          ; clk         ; 0.000        ; 0.081      ; 0.669      ;
; 0.402 ; D[1][0]   ; D[1][0]   ; clk          ; clk         ; 0.000        ; 0.081      ; 0.669      ;
; 0.402 ; D[1][1]   ; D[1][1]   ; clk          ; clk         ; 0.000        ; 0.081      ; 0.669      ;
; 0.402 ; D[1][3]   ; D[1][3]   ; clk          ; clk         ; 0.000        ; 0.081      ; 0.669      ;
; 0.402 ; D[1][2]   ; D[1][2]   ; clk          ; clk         ; 0.000        ; 0.081      ; 0.669      ;
; 0.402 ; D[2][2]   ; D[2][2]   ; clk          ; clk         ; 0.000        ; 0.081      ; 0.669      ;
; 0.402 ; D[2][3]   ; D[2][3]   ; clk          ; clk         ; 0.000        ; 0.081      ; 0.669      ;
; 0.402 ; D[2][0]   ; D[2][0]   ; clk          ; clk         ; 0.000        ; 0.081      ; 0.669      ;
; 0.402 ; D[2][1]   ; D[2][1]   ; clk          ; clk         ; 0.000        ; 0.081      ; 0.669      ;
; 0.402 ; D[3][1]   ; D[3][1]   ; clk          ; clk         ; 0.000        ; 0.081      ; 0.669      ;
; 0.402 ; D[3][2]   ; D[3][2]   ; clk          ; clk         ; 0.000        ; 0.081      ; 0.669      ;
; 0.402 ; D[3][3]   ; D[3][3]   ; clk          ; clk         ; 0.000        ; 0.081      ; 0.669      ;
; 0.402 ; D[3][0]   ; D[3][0]   ; clk          ; clk         ; 0.000        ; 0.081      ; 0.669      ;
; 0.402 ; D[9][2]   ; D[9][2]   ; clk          ; clk         ; 0.000        ; 0.081      ; 0.669      ;
; 0.402 ; D[11][0]  ; D[11][0]  ; clk          ; clk         ; 0.000        ; 0.081      ; 0.669      ;
; 0.402 ; D[11][1]  ; D[11][1]  ; clk          ; clk         ; 0.000        ; 0.081      ; 0.669      ;
; 0.402 ; D[11][3]  ; D[11][3]  ; clk          ; clk         ; 0.000        ; 0.081      ; 0.669      ;
; 0.402 ; D[12][0]  ; D[12][0]  ; clk          ; clk         ; 0.000        ; 0.081      ; 0.669      ;
; 0.402 ; D[12][2]  ; D[12][2]  ; clk          ; clk         ; 0.000        ; 0.081      ; 0.669      ;
; 0.402 ; D[12][3]  ; D[12][3]  ; clk          ; clk         ; 0.000        ; 0.081      ; 0.669      ;
; 0.402 ; D[12][1]  ; D[12][1]  ; clk          ; clk         ; 0.000        ; 0.081      ; 0.669      ;
; 0.402 ; D[10][0]  ; D[10][0]  ; clk          ; clk         ; 0.000        ; 0.081      ; 0.669      ;
; 0.402 ; D[10][1]  ; D[10][1]  ; clk          ; clk         ; 0.000        ; 0.081      ; 0.669      ;
; 0.402 ; D[10][3]  ; D[10][3]  ; clk          ; clk         ; 0.000        ; 0.081      ; 0.669      ;
; 0.402 ; D[10][2]  ; D[10][2]  ; clk          ; clk         ; 0.000        ; 0.081      ; 0.669      ;
; 0.402 ; D[4][0]   ; D[4][0]   ; clk          ; clk         ; 0.000        ; 0.081      ; 0.669      ;
; 0.402 ; D[4][2]   ; D[4][2]   ; clk          ; clk         ; 0.000        ; 0.081      ; 0.669      ;
; 0.402 ; D[4][1]   ; D[4][1]   ; clk          ; clk         ; 0.000        ; 0.081      ; 0.669      ;
; 0.402 ; D[9][0]   ; D[9][0]   ; clk          ; clk         ; 0.000        ; 0.081      ; 0.669      ;
; 0.402 ; D[9][1]   ; D[9][1]   ; clk          ; clk         ; 0.000        ; 0.081      ; 0.669      ;
; 0.402 ; D[9][3]   ; D[9][3]   ; clk          ; clk         ; 0.000        ; 0.081      ; 0.669      ;
; 0.402 ; D[11][2]  ; D[11][2]  ; clk          ; clk         ; 0.000        ; 0.081      ; 0.669      ;
; 0.402 ; C[1]      ; C[1]      ; clk          ; clk         ; 0.000        ; 0.081      ; 0.669      ;
; 0.402 ; D[5][2]   ; D[5][2]   ; clk          ; clk         ; 0.000        ; 0.081      ; 0.669      ;
; 0.402 ; t_1       ; t_1       ; clk          ; clk         ; 0.000        ; 0.081      ; 0.669      ;
; 0.402 ; t_2       ; t_2       ; clk          ; clk         ; 0.000        ; 0.081      ; 0.669      ;
; 0.402 ; t_5       ; t_5       ; clk          ; clk         ; 0.000        ; 0.081      ; 0.669      ;
; 0.402 ; t_9       ; t_9       ; clk          ; clk         ; 0.000        ; 0.081      ; 0.669      ;
; 0.402 ; t_13      ; t_13      ; clk          ; clk         ; 0.000        ; 0.081      ; 0.669      ;
; 0.402 ; t_6       ; t_6       ; clk          ; clk         ; 0.000        ; 0.081      ; 0.669      ;
; 0.402 ; t_11      ; t_11      ; clk          ; clk         ; 0.000        ; 0.081      ; 0.669      ;
; 0.403 ; D[13][0]  ; D[13][0]  ; clk          ; clk         ; 0.000        ; 0.080      ; 0.669      ;
; 0.403 ; D[13][2]  ; D[13][2]  ; clk          ; clk         ; 0.000        ; 0.080      ; 0.669      ;
; 0.403 ; D[13][3]  ; D[13][3]  ; clk          ; clk         ; 0.000        ; 0.080      ; 0.669      ;
; 0.403 ; D[13][1]  ; D[13][1]  ; clk          ; clk         ; 0.000        ; 0.080      ; 0.669      ;
; 0.403 ; D[7][1]   ; D[7][1]   ; clk          ; clk         ; 0.000        ; 0.080      ; 0.669      ;
; 0.403 ; D[7][2]   ; D[7][2]   ; clk          ; clk         ; 0.000        ; 0.080      ; 0.669      ;
; 0.403 ; D[6][0]   ; D[6][0]   ; clk          ; clk         ; 0.000        ; 0.080      ; 0.669      ;
; 0.403 ; D[6][2]   ; D[6][2]   ; clk          ; clk         ; 0.000        ; 0.080      ; 0.669      ;
; 0.403 ; D[6][3]   ; D[6][3]   ; clk          ; clk         ; 0.000        ; 0.080      ; 0.669      ;
; 0.403 ; D[6][1]   ; D[6][1]   ; clk          ; clk         ; 0.000        ; 0.080      ; 0.669      ;
; 0.403 ; D[7][0]   ; D[7][0]   ; clk          ; clk         ; 0.000        ; 0.080      ; 0.669      ;
; 0.444 ; D[13][2]  ; D[13][3]  ; clk          ; clk         ; 0.000        ; 0.080      ; 0.710      ;
; 0.448 ; D[9][0]   ; D[9][1]   ; clk          ; clk         ; 0.000        ; 0.081      ; 0.715      ;
; 0.472 ; D[9][3]   ; D[9][0]   ; clk          ; clk         ; 0.000        ; 0.081      ; 0.739      ;
; 0.535 ; D[5][3]   ; sal[1]~en ; clk          ; clk         ; 0.000        ; 0.481      ; 1.202      ;
; 0.607 ; D[4][1]   ; D[4][3]   ; clk          ; clk         ; 0.000        ; 0.475      ; 1.268      ;
; 0.626 ; C[2]      ; sal[1]    ; clk          ; clk         ; 0.000        ; 0.081      ; 0.893      ;
; 0.644 ; D[16][2]  ; D[16][3]  ; clk          ; clk         ; 0.000        ; 0.081      ; 0.911      ;
; 0.647 ; D[3][3]   ; t_3       ; clk          ; clk         ; 0.000        ; 0.511      ; 1.344      ;
; 0.647 ; D[14][2]  ; D[14][3]  ; clk          ; clk         ; 0.000        ; 0.081      ; 0.914      ;
; 0.651 ; detecta   ; sal[0]~en ; clk          ; clk         ; 0.000        ; 0.483      ; 1.320      ;
; 0.660 ; D[10][2]  ; D[10][3]  ; clk          ; clk         ; 0.000        ; 0.081      ; 0.927      ;
; 0.674 ; D[8][0]   ; D[8][1]   ; clk          ; clk         ; 0.000        ; 0.081      ; 0.941      ;
; 0.682 ; D[13][0]  ; D[13][1]  ; clk          ; clk         ; 0.000        ; 0.080      ; 0.948      ;
; 0.685 ; D[14][0]  ; D[14][1]  ; clk          ; clk         ; 0.000        ; 0.081      ; 0.952      ;
; 0.685 ; D[16][0]  ; D[16][1]  ; clk          ; clk         ; 0.000        ; 0.081      ; 0.952      ;
; 0.696 ; D[1][0]   ; D[1][1]   ; clk          ; clk         ; 0.000        ; 0.081      ; 0.963      ;
; 0.699 ; D[1][3]   ; t_1       ; clk          ; clk         ; 0.000        ; 0.081      ; 0.966      ;
; 0.702 ; D[16][3]  ; D[16][2]  ; clk          ; clk         ; 0.000        ; 0.081      ; 0.969      ;
; 0.703 ; D[15][3]  ; D[15][2]  ; clk          ; clk         ; 0.000        ; 0.081      ; 0.970      ;
; 0.704 ; D[10][0]  ; D[10][1]  ; clk          ; clk         ; 0.000        ; 0.081      ; 0.971      ;
; 0.706 ; D[2][3]   ; D[2][0]   ; clk          ; clk         ; 0.000        ; 0.081      ; 0.973      ;
; 0.712 ; D[10][3]  ; D[10][1]  ; clk          ; clk         ; 0.000        ; 0.081      ; 0.979      ;
; 0.712 ; D[10][3]  ; D[10][2]  ; clk          ; clk         ; 0.000        ; 0.081      ; 0.979      ;
+-------+-----------+-----------+--------------+-------------+--------------+------------+------------+


+-----------------------------------------------------------------------------------------------------+
; Slow 1200mV 85C Model Recovery: 'clk'                                                               ;
+--------+-----------+----------+--------------+-------------+--------------+------------+------------+
; Slack  ; From Node ; To Node  ; Launch Clock ; Latch Clock ; Relationship ; Clock Skew ; Data Delay ;
+--------+-----------+----------+--------------+-------------+--------------+------------+------------+
; -1.239 ; t_16      ; D[7][3]  ; clk          ; clk         ; 1.000        ; -0.081     ; 2.156      ;
; -1.239 ; t_16      ; D[8][0]  ; clk          ; clk         ; 1.000        ; -0.081     ; 2.156      ;
; -1.239 ; t_16      ; D[8][1]  ; clk          ; clk         ; 1.000        ; -0.081     ; 2.156      ;
; -1.239 ; t_16      ; D[8][2]  ; clk          ; clk         ; 1.000        ; -0.081     ; 2.156      ;
; -1.239 ; t_16      ; D[8][3]  ; clk          ; clk         ; 1.000        ; -0.081     ; 2.156      ;
; -1.232 ; t_16      ; D[7][1]  ; clk          ; clk         ; 1.000        ; -0.081     ; 2.149      ;
; -1.232 ; t_16      ; D[7][2]  ; clk          ; clk         ; 1.000        ; -0.081     ; 2.149      ;
; -1.232 ; t_16      ; D[6][0]  ; clk          ; clk         ; 1.000        ; -0.081     ; 2.149      ;
; -1.232 ; t_16      ; D[6][2]  ; clk          ; clk         ; 1.000        ; -0.081     ; 2.149      ;
; -1.232 ; t_16      ; D[6][3]  ; clk          ; clk         ; 1.000        ; -0.081     ; 2.149      ;
; -1.232 ; t_16      ; D[6][1]  ; clk          ; clk         ; 1.000        ; -0.081     ; 2.149      ;
; -1.232 ; t_16      ; D[7][0]  ; clk          ; clk         ; 1.000        ; -0.081     ; 2.149      ;
; -1.198 ; t_16      ; D[15][1] ; clk          ; clk         ; 1.000        ; -0.082     ; 2.114      ;
; -1.198 ; t_16      ; D[15][2] ; clk          ; clk         ; 1.000        ; -0.082     ; 2.114      ;
; -1.198 ; t_16      ; D[15][3] ; clk          ; clk         ; 1.000        ; -0.082     ; 2.114      ;
; -1.198 ; t_16      ; C[2]     ; clk          ; clk         ; 1.000        ; -0.079     ; 2.117      ;
; -1.198 ; t_16      ; C[0]     ; clk          ; clk         ; 1.000        ; -0.079     ; 2.117      ;
; -1.195 ; t_16      ; D[2][2]  ; clk          ; clk         ; 1.000        ; -0.080     ; 2.113      ;
; -1.195 ; t_16      ; D[2][3]  ; clk          ; clk         ; 1.000        ; -0.080     ; 2.113      ;
; -1.195 ; t_16      ; D[2][0]  ; clk          ; clk         ; 1.000        ; -0.080     ; 2.113      ;
; -1.195 ; t_16      ; D[2][1]  ; clk          ; clk         ; 1.000        ; -0.080     ; 2.113      ;
; -1.189 ; t_16      ; t_6      ; clk          ; clk         ; 1.000        ; -0.080     ; 2.107      ;
; -1.189 ; t_16      ; t_8      ; clk          ; clk         ; 1.000        ; -0.080     ; 2.107      ;
; -1.100 ; t_16      ; D[4][0]  ; clk          ; clk         ; 1.000        ; -0.079     ; 2.019      ;
; -1.100 ; t_16      ; D[4][2]  ; clk          ; clk         ; 1.000        ; -0.079     ; 2.019      ;
; -1.100 ; t_16      ; D[4][1]  ; clk          ; clk         ; 1.000        ; -0.079     ; 2.019      ;
; -1.100 ; t_16      ; C[1]     ; clk          ; clk         ; 1.000        ; -0.079     ; 2.019      ;
; -1.062 ; t_16      ; D[1][0]  ; clk          ; clk         ; 1.000        ; -0.082     ; 1.978      ;
; -1.062 ; t_16      ; D[1][1]  ; clk          ; clk         ; 1.000        ; -0.082     ; 1.978      ;
; -1.062 ; t_16      ; D[1][3]  ; clk          ; clk         ; 1.000        ; -0.082     ; 1.978      ;
; -1.062 ; t_16      ; D[1][2]  ; clk          ; clk         ; 1.000        ; -0.082     ; 1.978      ;
; -1.062 ; t_16      ; t_1      ; clk          ; clk         ; 1.000        ; -0.082     ; 1.978      ;
; -1.016 ; t_16      ; t_2      ; clk          ; clk         ; 1.000        ; -0.083     ; 1.931      ;
; -1.000 ; t_16      ; D[9][2]  ; clk          ; clk         ; 1.000        ; -0.080     ; 1.918      ;
; -1.000 ; t_16      ; D[9][0]  ; clk          ; clk         ; 1.000        ; -0.080     ; 1.918      ;
; -1.000 ; t_16      ; D[9][1]  ; clk          ; clk         ; 1.000        ; -0.080     ; 1.918      ;
; -1.000 ; t_16      ; D[9][3]  ; clk          ; clk         ; 1.000        ; -0.080     ; 1.918      ;
; -0.999 ; t_16      ; D[11][0] ; clk          ; clk         ; 1.000        ; -0.081     ; 1.916      ;
; -0.999 ; t_16      ; D[11][1] ; clk          ; clk         ; 1.000        ; -0.081     ; 1.916      ;
; -0.999 ; t_16      ; D[11][3] ; clk          ; clk         ; 1.000        ; -0.081     ; 1.916      ;
; -0.999 ; t_16      ; D[12][0] ; clk          ; clk         ; 1.000        ; -0.081     ; 1.916      ;
; -0.999 ; t_16      ; D[12][2] ; clk          ; clk         ; 1.000        ; -0.081     ; 1.916      ;
; -0.999 ; t_16      ; D[12][3] ; clk          ; clk         ; 1.000        ; -0.081     ; 1.916      ;
; -0.999 ; t_16      ; D[12][1] ; clk          ; clk         ; 1.000        ; -0.081     ; 1.916      ;
; -0.999 ; t_16      ; D[11][2] ; clk          ; clk         ; 1.000        ; -0.081     ; 1.916      ;
; -0.983 ; t_16      ; D[14][1] ; clk          ; clk         ; 1.000        ; -0.081     ; 1.900      ;
; -0.983 ; t_16      ; D[14][2] ; clk          ; clk         ; 1.000        ; -0.081     ; 1.900      ;
; -0.983 ; t_16      ; D[14][3] ; clk          ; clk         ; 1.000        ; -0.081     ; 1.900      ;
; -0.983 ; t_16      ; D[16][0] ; clk          ; clk         ; 1.000        ; -0.081     ; 1.900      ;
; -0.983 ; t_16      ; D[16][1] ; clk          ; clk         ; 1.000        ; -0.081     ; 1.900      ;
; -0.983 ; t_16      ; D[16][2] ; clk          ; clk         ; 1.000        ; -0.081     ; 1.900      ;
; -0.983 ; t_16      ; D[16][3] ; clk          ; clk         ; 1.000        ; -0.081     ; 1.900      ;
; -0.983 ; t_16      ; D[14][0] ; clk          ; clk         ; 1.000        ; -0.081     ; 1.900      ;
; -0.972 ; t_16      ; t_9      ; clk          ; clk         ; 1.000        ; -0.079     ; 1.891      ;
; -0.954 ; t_16      ; D[13][0] ; clk          ; clk         ; 1.000        ; -0.082     ; 1.870      ;
; -0.954 ; t_16      ; D[13][2] ; clk          ; clk         ; 1.000        ; -0.082     ; 1.870      ;
; -0.954 ; t_16      ; D[13][3] ; clk          ; clk         ; 1.000        ; -0.082     ; 1.870      ;
; -0.954 ; t_16      ; D[13][1] ; clk          ; clk         ; 1.000        ; -0.082     ; 1.870      ;
; -0.890 ; t_16      ; D[10][0] ; clk          ; clk         ; 1.000        ; -0.081     ; 1.807      ;
; -0.890 ; t_16      ; D[10][1] ; clk          ; clk         ; 1.000        ; -0.081     ; 1.807      ;
; -0.890 ; t_16      ; D[10][3] ; clk          ; clk         ; 1.000        ; -0.081     ; 1.807      ;
; -0.890 ; t_16      ; D[10][2] ; clk          ; clk         ; 1.000        ; -0.081     ; 1.807      ;
; -0.890 ; t_16      ; t_4      ; clk          ; clk         ; 1.000        ; -0.081     ; 1.807      ;
; -0.817 ; t_16      ; t_7      ; clk          ; clk         ; 1.000        ; 0.334      ; 2.149      ;
; -0.783 ; t_16      ; D[15][0] ; clk          ; clk         ; 1.000        ; 0.333      ; 2.114      ;
; -0.721 ; t_16      ; D[4][3]  ; clk          ; clk         ; 1.000        ; 0.300      ; 2.019      ;
; -0.721 ; t_16      ; detecta  ; clk          ; clk         ; 1.000        ; -0.082     ; 1.637      ;
; -0.721 ; t_16      ; t_5      ; clk          ; clk         ; 1.000        ; -0.082     ; 1.637      ;
; -0.721 ; t_16      ; t_13     ; clk          ; clk         ; 1.000        ; -0.082     ; 1.637      ;
; -0.721 ; t_16      ; t_11     ; clk          ; clk         ; 1.000        ; -0.082     ; 1.637      ;
; -0.721 ; t_16      ; t_15     ; clk          ; clk         ; 1.000        ; -0.082     ; 1.637      ;
; -0.584 ; t_16      ; t_10     ; clk          ; clk         ; 1.000        ; 0.336      ; 1.918      ;
; -0.584 ; t_16      ; t_12     ; clk          ; clk         ; 1.000        ; 0.336      ; 1.918      ;
; -0.540 ; t_16      ; t_14     ; clk          ; clk         ; 1.000        ; 0.332      ; 1.870      ;
; -0.524 ; t_16      ; t_16     ; clk          ; clk         ; 1.000        ; -0.081     ; 1.441      ;
; -0.524 ; t_16      ; D[3][1]  ; clk          ; clk         ; 1.000        ; -0.081     ; 1.441      ;
; -0.524 ; t_16      ; D[3][2]  ; clk          ; clk         ; 1.000        ; -0.081     ; 1.441      ;
; -0.524 ; t_16      ; D[3][3]  ; clk          ; clk         ; 1.000        ; -0.081     ; 1.441      ;
; -0.524 ; t_16      ; D[3][0]  ; clk          ; clk         ; 1.000        ; -0.081     ; 1.441      ;
; -0.111 ; t_16      ; t_3      ; clk          ; clk         ; 1.000        ; 0.332      ; 1.441      ;
+--------+-----------+----------+--------------+-------------+--------------+------------+------------+


+----------------------------------------------------------------------------------------------------+
; Slow 1200mV 85C Model Removal: 'clk'                                                               ;
+-------+-----------+----------+--------------+-------------+--------------+------------+------------+
; Slack ; From Node ; To Node  ; Launch Clock ; Latch Clock ; Relationship ; Clock Skew ; Data Delay ;
+-------+-----------+----------+--------------+-------------+--------------+------------+------------+
; 0.595 ; t_16      ; t_3      ; clk          ; clk         ; 0.000        ; 0.511      ; 1.292      ;
; 1.025 ; t_16      ; t_16     ; clk          ; clk         ; 0.000        ; 0.081      ; 1.292      ;
; 1.025 ; t_16      ; D[3][1]  ; clk          ; clk         ; 0.000        ; 0.081      ; 1.292      ;
; 1.025 ; t_16      ; D[3][2]  ; clk          ; clk         ; 0.000        ; 0.081      ; 1.292      ;
; 1.025 ; t_16      ; D[3][3]  ; clk          ; clk         ; 0.000        ; 0.081      ; 1.292      ;
; 1.025 ; t_16      ; D[3][0]  ; clk          ; clk         ; 0.000        ; 0.081      ; 1.292      ;
; 1.054 ; t_16      ; t_14     ; clk          ; clk         ; 0.000        ; 0.511      ; 1.751      ;
; 1.092 ; t_16      ; t_10     ; clk          ; clk         ; 0.000        ; 0.515      ; 1.793      ;
; 1.092 ; t_16      ; t_12     ; clk          ; clk         ; 0.000        ; 0.515      ; 1.793      ;
; 1.226 ; t_16      ; detecta  ; clk          ; clk         ; 0.000        ; 0.080      ; 1.492      ;
; 1.226 ; t_16      ; t_5      ; clk          ; clk         ; 0.000        ; 0.080      ; 1.492      ;
; 1.226 ; t_16      ; t_13     ; clk          ; clk         ; 0.000        ; 0.080      ; 1.492      ;
; 1.226 ; t_16      ; t_11     ; clk          ; clk         ; 0.000        ; 0.080      ; 1.492      ;
; 1.226 ; t_16      ; t_15     ; clk          ; clk         ; 0.000        ; 0.080      ; 1.492      ;
; 1.262 ; t_16      ; D[4][3]  ; clk          ; clk         ; 0.000        ; 0.477      ; 1.925      ;
; 1.307 ; t_16      ; D[15][0] ; clk          ; clk         ; 0.000        ; 0.512      ; 2.005      ;
; 1.335 ; t_16      ; t_7      ; clk          ; clk         ; 0.000        ; 0.513      ; 2.034      ;
; 1.449 ; t_16      ; D[10][0] ; clk          ; clk         ; 0.000        ; 0.081      ; 1.716      ;
; 1.449 ; t_16      ; D[10][1] ; clk          ; clk         ; 0.000        ; 0.081      ; 1.716      ;
; 1.449 ; t_16      ; D[10][3] ; clk          ; clk         ; 0.000        ; 0.081      ; 1.716      ;
; 1.449 ; t_16      ; D[10][2] ; clk          ; clk         ; 0.000        ; 0.081      ; 1.716      ;
; 1.449 ; t_16      ; t_4      ; clk          ; clk         ; 0.000        ; 0.081      ; 1.716      ;
; 1.486 ; t_16      ; D[13][0] ; clk          ; clk         ; 0.000        ; 0.079      ; 1.751      ;
; 1.486 ; t_16      ; D[13][2] ; clk          ; clk         ; 0.000        ; 0.079      ; 1.751      ;
; 1.486 ; t_16      ; D[13][3] ; clk          ; clk         ; 0.000        ; 0.079      ; 1.751      ;
; 1.486 ; t_16      ; D[13][1] ; clk          ; clk         ; 0.000        ; 0.079      ; 1.751      ;
; 1.490 ; t_16      ; t_9      ; clk          ; clk         ; 0.000        ; 0.083      ; 1.759      ;
; 1.515 ; t_16      ; D[14][1] ; clk          ; clk         ; 0.000        ; 0.081      ; 1.782      ;
; 1.515 ; t_16      ; D[14][2] ; clk          ; clk         ; 0.000        ; 0.081      ; 1.782      ;
; 1.515 ; t_16      ; D[14][3] ; clk          ; clk         ; 0.000        ; 0.081      ; 1.782      ;
; 1.515 ; t_16      ; D[16][0] ; clk          ; clk         ; 0.000        ; 0.081      ; 1.782      ;
; 1.515 ; t_16      ; D[16][1] ; clk          ; clk         ; 0.000        ; 0.081      ; 1.782      ;
; 1.515 ; t_16      ; D[16][2] ; clk          ; clk         ; 0.000        ; 0.081      ; 1.782      ;
; 1.515 ; t_16      ; D[16][3] ; clk          ; clk         ; 0.000        ; 0.081      ; 1.782      ;
; 1.515 ; t_16      ; D[14][0] ; clk          ; clk         ; 0.000        ; 0.081      ; 1.782      ;
; 1.524 ; t_16      ; D[11][0] ; clk          ; clk         ; 0.000        ; 0.081      ; 1.791      ;
; 1.524 ; t_16      ; D[11][1] ; clk          ; clk         ; 0.000        ; 0.081      ; 1.791      ;
; 1.524 ; t_16      ; D[11][3] ; clk          ; clk         ; 0.000        ; 0.081      ; 1.791      ;
; 1.524 ; t_16      ; D[12][0] ; clk          ; clk         ; 0.000        ; 0.081      ; 1.791      ;
; 1.524 ; t_16      ; D[12][2] ; clk          ; clk         ; 0.000        ; 0.081      ; 1.791      ;
; 1.524 ; t_16      ; D[12][3] ; clk          ; clk         ; 0.000        ; 0.081      ; 1.791      ;
; 1.524 ; t_16      ; D[12][1] ; clk          ; clk         ; 0.000        ; 0.081      ; 1.791      ;
; 1.524 ; t_16      ; D[11][2] ; clk          ; clk         ; 0.000        ; 0.081      ; 1.791      ;
; 1.525 ; t_16      ; D[9][2]  ; clk          ; clk         ; 0.000        ; 0.082      ; 1.793      ;
; 1.525 ; t_16      ; D[9][0]  ; clk          ; clk         ; 0.000        ; 0.082      ; 1.793      ;
; 1.525 ; t_16      ; D[9][1]  ; clk          ; clk         ; 0.000        ; 0.082      ; 1.793      ;
; 1.525 ; t_16      ; D[9][3]  ; clk          ; clk         ; 0.000        ; 0.082      ; 1.793      ;
; 1.533 ; t_16      ; t_2      ; clk          ; clk         ; 0.000        ; 0.079      ; 1.798      ;
; 1.580 ; t_16      ; D[1][0]  ; clk          ; clk         ; 0.000        ; 0.080      ; 1.846      ;
; 1.580 ; t_16      ; D[1][1]  ; clk          ; clk         ; 0.000        ; 0.080      ; 1.846      ;
; 1.580 ; t_16      ; D[1][3]  ; clk          ; clk         ; 0.000        ; 0.080      ; 1.846      ;
; 1.580 ; t_16      ; D[1][2]  ; clk          ; clk         ; 0.000        ; 0.080      ; 1.846      ;
; 1.580 ; t_16      ; t_1      ; clk          ; clk         ; 0.000        ; 0.080      ; 1.846      ;
; 1.656 ; t_16      ; D[4][0]  ; clk          ; clk         ; 0.000        ; 0.083      ; 1.925      ;
; 1.656 ; t_16      ; D[4][2]  ; clk          ; clk         ; 0.000        ; 0.083      ; 1.925      ;
; 1.656 ; t_16      ; D[4][1]  ; clk          ; clk         ; 0.000        ; 0.083      ; 1.925      ;
; 1.656 ; t_16      ; C[1]     ; clk          ; clk         ; 0.000        ; 0.083      ; 1.925      ;
; 1.734 ; t_16      ; D[2][2]  ; clk          ; clk         ; 0.000        ; 0.082      ; 2.002      ;
; 1.734 ; t_16      ; D[2][3]  ; clk          ; clk         ; 0.000        ; 0.082      ; 2.002      ;
; 1.734 ; t_16      ; D[2][0]  ; clk          ; clk         ; 0.000        ; 0.082      ; 2.002      ;
; 1.734 ; t_16      ; D[2][1]  ; clk          ; clk         ; 0.000        ; 0.082      ; 2.002      ;
; 1.734 ; t_16      ; t_6      ; clk          ; clk         ; 0.000        ; 0.082      ; 2.002      ;
; 1.734 ; t_16      ; t_8      ; clk          ; clk         ; 0.000        ; 0.082      ; 2.002      ;
; 1.739 ; t_16      ; D[15][1] ; clk          ; clk         ; 0.000        ; 0.080      ; 2.005      ;
; 1.739 ; t_16      ; D[15][2] ; clk          ; clk         ; 0.000        ; 0.080      ; 2.005      ;
; 1.739 ; t_16      ; D[15][3] ; clk          ; clk         ; 0.000        ; 0.080      ; 2.005      ;
; 1.746 ; t_16      ; C[2]     ; clk          ; clk         ; 0.000        ; 0.083      ; 2.015      ;
; 1.746 ; t_16      ; C[0]     ; clk          ; clk         ; 0.000        ; 0.083      ; 2.015      ;
; 1.768 ; t_16      ; D[7][1]  ; clk          ; clk         ; 0.000        ; 0.080      ; 2.034      ;
; 1.768 ; t_16      ; D[7][2]  ; clk          ; clk         ; 0.000        ; 0.080      ; 2.034      ;
; 1.768 ; t_16      ; D[6][0]  ; clk          ; clk         ; 0.000        ; 0.080      ; 2.034      ;
; 1.768 ; t_16      ; D[6][2]  ; clk          ; clk         ; 0.000        ; 0.080      ; 2.034      ;
; 1.768 ; t_16      ; D[6][3]  ; clk          ; clk         ; 0.000        ; 0.080      ; 2.034      ;
; 1.768 ; t_16      ; D[6][1]  ; clk          ; clk         ; 0.000        ; 0.080      ; 2.034      ;
; 1.768 ; t_16      ; D[7][0]  ; clk          ; clk         ; 0.000        ; 0.080      ; 2.034      ;
; 1.771 ; t_16      ; D[7][3]  ; clk          ; clk         ; 0.000        ; 0.081      ; 2.038      ;
; 1.771 ; t_16      ; D[8][0]  ; clk          ; clk         ; 0.000        ; 0.081      ; 2.038      ;
; 1.771 ; t_16      ; D[8][1]  ; clk          ; clk         ; 0.000        ; 0.081      ; 2.038      ;
; 1.771 ; t_16      ; D[8][2]  ; clk          ; clk         ; 0.000        ; 0.081      ; 2.038      ;
; 1.771 ; t_16      ; D[8][3]  ; clk          ; clk         ; 0.000        ; 0.081      ; 2.038      ;
+-------+-----------+----------+--------------+-------------+--------------+------------+------------+


+-------------------------------------------------------------------------------------------+
; Slow 1200mV 85C Model Minimum Pulse Width: 'clk'                                          ;
+--------+--------------+----------------+-----------------+-------+------------+-----------+
; Slack  ; Actual Width ; Required Width ; Type            ; Clock ; Clock Edge ; Target    ;
+--------+--------------+----------------+-----------------+-------+------------+-----------+
; -3.000 ; 1.000        ; 4.000          ; Port Rate       ; clk   ; Rise       ; clk       ;
; -1.285 ; 1.000        ; 2.285          ; Min Period      ; clk   ; Rise       ; C[0]      ;
; -1.285 ; 1.000        ; 2.285          ; Min Period      ; clk   ; Rise       ; C[1]      ;
; -1.285 ; 1.000        ; 2.285          ; Min Period      ; clk   ; Rise       ; C[2]      ;
; -1.285 ; 1.000        ; 2.285          ; Min Period      ; clk   ; Rise       ; D[10][0]  ;
; -1.285 ; 1.000        ; 2.285          ; Min Period      ; clk   ; Rise       ; D[10][1]  ;
; -1.285 ; 1.000        ; 2.285          ; Min Period      ; clk   ; Rise       ; D[10][2]  ;
; -1.285 ; 1.000        ; 2.285          ; Min Period      ; clk   ; Rise       ; D[10][3]  ;
; -1.285 ; 1.000        ; 2.285          ; Min Period      ; clk   ; Rise       ; D[11][0]  ;
; -1.285 ; 1.000        ; 2.285          ; Min Period      ; clk   ; Rise       ; D[11][1]  ;
; -1.285 ; 1.000        ; 2.285          ; Min Period      ; clk   ; Rise       ; D[11][2]  ;
; -1.285 ; 1.000        ; 2.285          ; Min Period      ; clk   ; Rise       ; D[11][3]  ;
; -1.285 ; 1.000        ; 2.285          ; Min Period      ; clk   ; Rise       ; D[12][0]  ;
; -1.285 ; 1.000        ; 2.285          ; Min Period      ; clk   ; Rise       ; D[12][1]  ;
; -1.285 ; 1.000        ; 2.285          ; Min Period      ; clk   ; Rise       ; D[12][2]  ;
; -1.285 ; 1.000        ; 2.285          ; Min Period      ; clk   ; Rise       ; D[12][3]  ;
; -1.285 ; 1.000        ; 2.285          ; Min Period      ; clk   ; Rise       ; D[13][0]  ;
; -1.285 ; 1.000        ; 2.285          ; Min Period      ; clk   ; Rise       ; D[13][1]  ;
; -1.285 ; 1.000        ; 2.285          ; Min Period      ; clk   ; Rise       ; D[13][2]  ;
; -1.285 ; 1.000        ; 2.285          ; Min Period      ; clk   ; Rise       ; D[13][3]  ;
; -1.285 ; 1.000        ; 2.285          ; Min Period      ; clk   ; Rise       ; D[14][0]  ;
; -1.285 ; 1.000        ; 2.285          ; Min Period      ; clk   ; Rise       ; D[14][1]  ;
; -1.285 ; 1.000        ; 2.285          ; Min Period      ; clk   ; Rise       ; D[14][2]  ;
; -1.285 ; 1.000        ; 2.285          ; Min Period      ; clk   ; Rise       ; D[14][3]  ;
; -1.285 ; 1.000        ; 2.285          ; Min Period      ; clk   ; Rise       ; D[15][0]  ;
; -1.285 ; 1.000        ; 2.285          ; Min Period      ; clk   ; Rise       ; D[15][1]  ;
; -1.285 ; 1.000        ; 2.285          ; Min Period      ; clk   ; Rise       ; D[15][2]  ;
; -1.285 ; 1.000        ; 2.285          ; Min Period      ; clk   ; Rise       ; D[15][3]  ;
; -1.285 ; 1.000        ; 2.285          ; Min Period      ; clk   ; Rise       ; D[16][0]  ;
; -1.285 ; 1.000        ; 2.285          ; Min Period      ; clk   ; Rise       ; D[16][1]  ;
; -1.285 ; 1.000        ; 2.285          ; Min Period      ; clk   ; Rise       ; D[16][2]  ;
; -1.285 ; 1.000        ; 2.285          ; Min Period      ; clk   ; Rise       ; D[16][3]  ;
; -1.285 ; 1.000        ; 2.285          ; Min Period      ; clk   ; Rise       ; D[1][0]   ;
; -1.285 ; 1.000        ; 2.285          ; Min Period      ; clk   ; Rise       ; D[1][1]   ;
; -1.285 ; 1.000        ; 2.285          ; Min Period      ; clk   ; Rise       ; D[1][2]   ;
; -1.285 ; 1.000        ; 2.285          ; Min Period      ; clk   ; Rise       ; D[1][3]   ;
; -1.285 ; 1.000        ; 2.285          ; Min Period      ; clk   ; Rise       ; D[2][0]   ;
; -1.285 ; 1.000        ; 2.285          ; Min Period      ; clk   ; Rise       ; D[2][1]   ;
; -1.285 ; 1.000        ; 2.285          ; Min Period      ; clk   ; Rise       ; D[2][2]   ;
; -1.285 ; 1.000        ; 2.285          ; Min Period      ; clk   ; Rise       ; D[2][3]   ;
; -1.285 ; 1.000        ; 2.285          ; Min Period      ; clk   ; Rise       ; D[3][0]   ;
; -1.285 ; 1.000        ; 2.285          ; Min Period      ; clk   ; Rise       ; D[3][1]   ;
; -1.285 ; 1.000        ; 2.285          ; Min Period      ; clk   ; Rise       ; D[3][2]   ;
; -1.285 ; 1.000        ; 2.285          ; Min Period      ; clk   ; Rise       ; D[3][3]   ;
; -1.285 ; 1.000        ; 2.285          ; Min Period      ; clk   ; Rise       ; D[4][0]   ;
; -1.285 ; 1.000        ; 2.285          ; Min Period      ; clk   ; Rise       ; D[4][1]   ;
; -1.285 ; 1.000        ; 2.285          ; Min Period      ; clk   ; Rise       ; D[4][2]   ;
; -1.285 ; 1.000        ; 2.285          ; Min Period      ; clk   ; Rise       ; D[4][3]   ;
; -1.285 ; 1.000        ; 2.285          ; Min Period      ; clk   ; Rise       ; D[5][0]   ;
; -1.285 ; 1.000        ; 2.285          ; Min Period      ; clk   ; Rise       ; D[5][1]   ;
; -1.285 ; 1.000        ; 2.285          ; Min Period      ; clk   ; Rise       ; D[5][2]   ;
; -1.285 ; 1.000        ; 2.285          ; Min Period      ; clk   ; Rise       ; D[5][3]   ;
; -1.285 ; 1.000        ; 2.285          ; Min Period      ; clk   ; Rise       ; D[6][0]   ;
; -1.285 ; 1.000        ; 2.285          ; Min Period      ; clk   ; Rise       ; D[6][1]   ;
; -1.285 ; 1.000        ; 2.285          ; Min Period      ; clk   ; Rise       ; D[6][2]   ;
; -1.285 ; 1.000        ; 2.285          ; Min Period      ; clk   ; Rise       ; D[6][3]   ;
; -1.285 ; 1.000        ; 2.285          ; Min Period      ; clk   ; Rise       ; D[7][0]   ;
; -1.285 ; 1.000        ; 2.285          ; Min Period      ; clk   ; Rise       ; D[7][1]   ;
; -1.285 ; 1.000        ; 2.285          ; Min Period      ; clk   ; Rise       ; D[7][2]   ;
; -1.285 ; 1.000        ; 2.285          ; Min Period      ; clk   ; Rise       ; D[7][3]   ;
; -1.285 ; 1.000        ; 2.285          ; Min Period      ; clk   ; Rise       ; D[8][0]   ;
; -1.285 ; 1.000        ; 2.285          ; Min Period      ; clk   ; Rise       ; D[8][1]   ;
; -1.285 ; 1.000        ; 2.285          ; Min Period      ; clk   ; Rise       ; D[8][2]   ;
; -1.285 ; 1.000        ; 2.285          ; Min Period      ; clk   ; Rise       ; D[8][3]   ;
; -1.285 ; 1.000        ; 2.285          ; Min Period      ; clk   ; Rise       ; D[9][0]   ;
; -1.285 ; 1.000        ; 2.285          ; Min Period      ; clk   ; Rise       ; D[9][1]   ;
; -1.285 ; 1.000        ; 2.285          ; Min Period      ; clk   ; Rise       ; D[9][2]   ;
; -1.285 ; 1.000        ; 2.285          ; Min Period      ; clk   ; Rise       ; D[9][3]   ;
; -1.285 ; 1.000        ; 2.285          ; Min Period      ; clk   ; Rise       ; detecta   ;
; -1.285 ; 1.000        ; 2.285          ; Min Period      ; clk   ; Rise       ; sal[0]    ;
; -1.285 ; 1.000        ; 2.285          ; Min Period      ; clk   ; Rise       ; sal[0]~en ;
; -1.285 ; 1.000        ; 2.285          ; Min Period      ; clk   ; Rise       ; sal[1]    ;
; -1.285 ; 1.000        ; 2.285          ; Min Period      ; clk   ; Rise       ; sal[1]~en ;
; -1.285 ; 1.000        ; 2.285          ; Min Period      ; clk   ; Rise       ; sal[2]~en ;
; -1.285 ; 1.000        ; 2.285          ; Min Period      ; clk   ; Rise       ; sal[3]~en ;
; -1.285 ; 1.000        ; 2.285          ; Min Period      ; clk   ; Rise       ; t_1       ;
; -1.285 ; 1.000        ; 2.285          ; Min Period      ; clk   ; Rise       ; t_10      ;
; -1.285 ; 1.000        ; 2.285          ; Min Period      ; clk   ; Rise       ; t_11      ;
; -1.285 ; 1.000        ; 2.285          ; Min Period      ; clk   ; Rise       ; t_12      ;
; -1.285 ; 1.000        ; 2.285          ; Min Period      ; clk   ; Rise       ; t_13      ;
; -1.285 ; 1.000        ; 2.285          ; Min Period      ; clk   ; Rise       ; t_14      ;
; -1.285 ; 1.000        ; 2.285          ; Min Period      ; clk   ; Rise       ; t_15      ;
; -1.285 ; 1.000        ; 2.285          ; Min Period      ; clk   ; Rise       ; t_16      ;
; -1.285 ; 1.000        ; 2.285          ; Min Period      ; clk   ; Rise       ; t_2       ;
; -1.285 ; 1.000        ; 2.285          ; Min Period      ; clk   ; Rise       ; t_3       ;
; -1.285 ; 1.000        ; 2.285          ; Min Period      ; clk   ; Rise       ; t_4       ;
; -1.285 ; 1.000        ; 2.285          ; Min Period      ; clk   ; Rise       ; t_5       ;
; -1.285 ; 1.000        ; 2.285          ; Min Period      ; clk   ; Rise       ; t_6       ;
; -1.285 ; 1.000        ; 2.285          ; Min Period      ; clk   ; Rise       ; t_7       ;
; -1.285 ; 1.000        ; 2.285          ; Min Period      ; clk   ; Rise       ; t_8       ;
; -1.285 ; 1.000        ; 2.285          ; Min Period      ; clk   ; Rise       ; t_9       ;
; 0.250  ; 0.438        ; 0.188          ; Low Pulse Width ; clk   ; Rise       ; D[15][0]  ;
; 0.250  ; 0.438        ; 0.188          ; Low Pulse Width ; clk   ; Rise       ; t_10      ;
; 0.250  ; 0.438        ; 0.188          ; Low Pulse Width ; clk   ; Rise       ; t_12      ;
; 0.250  ; 0.438        ; 0.188          ; Low Pulse Width ; clk   ; Rise       ; t_14      ;
; 0.250  ; 0.438        ; 0.188          ; Low Pulse Width ; clk   ; Rise       ; t_7       ;
; 0.256  ; 0.444        ; 0.188          ; Low Pulse Width ; clk   ; Rise       ; C[1]      ;
; 0.256  ; 0.444        ; 0.188          ; Low Pulse Width ; clk   ; Rise       ; D[10][0]  ;
; 0.256  ; 0.444        ; 0.188          ; Low Pulse Width ; clk   ; Rise       ; D[10][1]  ;
; 0.256  ; 0.444        ; 0.188          ; Low Pulse Width ; clk   ; Rise       ; D[10][2]  ;
+--------+--------------+----------------+-----------------+-------+------------+-----------+


+-----------------------------------------------------------------------+
; Setup Times                                                           ;
+-----------+------------+-------+-------+------------+-----------------+
; Data Port ; Clock Port ; Rise  ; Fall  ; Clock Edge ; Clock Reference ;
+-----------+------------+-------+-------+------------+-----------------+
; R1        ; clk        ; 5.159 ; 5.523 ; Rise       ; clk             ;
; R2        ; clk        ; 5.059 ; 5.316 ; Rise       ; clk             ;
; R3        ; clk        ; 4.430 ; 4.756 ; Rise       ; clk             ;
; R4        ; clk        ; 4.573 ; 4.882 ; Rise       ; clk             ;
+-----------+------------+-------+-------+------------+-----------------+


+-------------------------------------------------------------------------+
; Hold Times                                                              ;
+-----------+------------+--------+--------+------------+-----------------+
; Data Port ; Clock Port ; Rise   ; Fall   ; Clock Edge ; Clock Reference ;
+-----------+------------+--------+--------+------------+-----------------+
; R1        ; clk        ; -0.659 ; -1.008 ; Rise       ; clk             ;
; R2        ; clk        ; -0.942 ; -1.300 ; Rise       ; clk             ;
; R3        ; clk        ; -0.918 ; -1.322 ; Rise       ; clk             ;
; R4        ; clk        ; -1.651 ; -1.984 ; Rise       ; clk             ;
+-----------+------------+--------+--------+------------+-----------------+


+-----------------------------------------------------------------------+
; Clock to Output Times                                                 ;
+-----------+------------+-------+-------+------------+-----------------+
; Data Port ; Clock Port ; Rise  ; Fall  ; Clock Edge ; Clock Reference ;
+-----------+------------+-------+-------+------------+-----------------+
; C1        ; clk        ; 6.219 ; 6.207 ; Rise       ; clk             ;
; C2        ; clk        ; 6.430 ; 6.384 ; Rise       ; clk             ;
; t1        ; clk        ; 7.018 ; 6.936 ; Rise       ; clk             ;
; t2        ; clk        ; 6.708 ; 6.652 ; Rise       ; clk             ;
; t3        ; clk        ; 8.501 ; 8.544 ; Rise       ; clk             ;
; t4        ; clk        ; 6.957 ; 6.869 ; Rise       ; clk             ;
; t5        ; clk        ; 6.497 ; 6.462 ; Rise       ; clk             ;
; t6        ; clk        ; 6.568 ; 6.543 ; Rise       ; clk             ;
; t7        ; clk        ; 6.664 ; 6.649 ; Rise       ; clk             ;
; t8        ; clk        ; 6.601 ; 6.584 ; Rise       ; clk             ;
; t9        ; clk        ; 6.316 ; 6.340 ; Rise       ; clk             ;
; t10       ; clk        ; 6.904 ; 6.865 ; Rise       ; clk             ;
; t11       ; clk        ; 6.181 ; 6.163 ; Rise       ; clk             ;
; t12       ; clk        ; 7.184 ; 7.123 ; Rise       ; clk             ;
; t13       ; clk        ; 6.757 ; 6.692 ; Rise       ; clk             ;
; t14       ; clk        ; 6.945 ; 6.909 ; Rise       ; clk             ;
; t15       ; clk        ; 7.027 ; 6.933 ; Rise       ; clk             ;
; t16       ; clk        ; 6.533 ; 6.505 ; Rise       ; clk             ;
+-----------+------------+-------+-------+------------+-----------------+


+-----------------------------------------------------------------------+
; Minimum Clock to Output Times                                         ;
+-----------+------------+-------+-------+------------+-----------------+
; Data Port ; Clock Port ; Rise  ; Fall  ; Clock Edge ; Clock Reference ;
+-----------+------------+-------+-------+------------+-----------------+
; C1        ; clk        ; 6.079 ; 6.067 ; Rise       ; clk             ;
; C2        ; clk        ; 6.282 ; 6.237 ; Rise       ; clk             ;
; t1        ; clk        ; 6.848 ; 6.767 ; Rise       ; clk             ;
; t2        ; clk        ; 6.548 ; 6.493 ; Rise       ; clk             ;
; t3        ; clk        ; 8.324 ; 8.369 ; Rise       ; clk             ;
; t4        ; clk        ; 6.788 ; 6.702 ; Rise       ; clk             ;
; t5        ; clk        ; 6.346 ; 6.312 ; Rise       ; clk             ;
; t6        ; clk        ; 6.415 ; 6.389 ; Rise       ; clk             ;
; t7        ; clk        ; 6.508 ; 6.492 ; Rise       ; clk             ;
; t8        ; clk        ; 6.447 ; 6.429 ; Rise       ; clk             ;
; t9        ; clk        ; 6.173 ; 6.195 ; Rise       ; clk             ;
; t10       ; clk        ; 6.737 ; 6.698 ; Rise       ; clk             ;
; t11       ; clk        ; 6.043 ; 6.025 ; Rise       ; clk             ;
; t12       ; clk        ; 7.007 ; 6.948 ; Rise       ; clk             ;
; t13       ; clk        ; 6.595 ; 6.532 ; Rise       ; clk             ;
; t14       ; clk        ; 6.777 ; 6.741 ; Rise       ; clk             ;
; t15       ; clk        ; 6.855 ; 6.765 ; Rise       ; clk             ;
; t16       ; clk        ; 6.381 ; 6.353 ; Rise       ; clk             ;
+-----------+------------+-------+-------+------------+-----------------+


+-----------------------------------------------------------------------+
; Output Enable Times                                                   ;
+-----------+------------+-------+-------+------------+-----------------+
; Data Port ; Clock Port ; Rise  ; Fall  ; Clock Edge ; Clock Reference ;
+-----------+------------+-------+-------+------------+-----------------+
; C1        ; clk        ; 7.038 ; 7.038 ; Rise       ; clk             ;
; C2        ; clk        ; 7.017 ; 7.017 ; Rise       ; clk             ;
; C3        ; clk        ; 6.720 ; 6.720 ; Rise       ; clk             ;
; C4        ; clk        ; 6.763 ; 6.763 ; Rise       ; clk             ;
+-----------+------------+-------+-------+------------+-----------------+


+-----------------------------------------------------------------------+
; Minimum Output Enable Times                                           ;
+-----------+------------+-------+-------+------------+-----------------+
; Data Port ; Clock Port ; Rise  ; Fall  ; Clock Edge ; Clock Reference ;
+-----------+------------+-------+-------+------------+-----------------+
; C1        ; clk        ; 6.510 ; 6.542 ; Rise       ; clk             ;
; C2        ; clk        ; 6.490 ; 6.522 ; Rise       ; clk             ;
; C3        ; clk        ; 6.206 ; 6.238 ; Rise       ; clk             ;
; C4        ; clk        ; 6.246 ; 6.278 ; Rise       ; clk             ;
+-----------+------------+-------+-------+------------+-----------------+


+-------------------------------------------------------------------------------+
; Output Disable Times                                                          ;
+-----------+------------+-----------+-----------+------------+-----------------+
; Data Port ; Clock Port ; 0 to Hi-Z ; 1 to Hi-Z ; Clock Edge ; Clock Reference ;
+-----------+------------+-----------+-----------+------------+-----------------+
; C1        ; clk        ; 6.906     ; 7.026     ; Rise       ; clk             ;
; C2        ; clk        ; 6.952     ; 7.072     ; Rise       ; clk             ;
; C3        ; clk        ; 6.577     ; 6.697     ; Rise       ; clk             ;
; C4        ; clk        ; 6.632     ; 6.752     ; Rise       ; clk             ;
+-----------+------------+-----------+-----------+------------+-----------------+


+-------------------------------------------------------------------------------+
; Minimum Output Disable Times                                                  ;
+-----------+------------+-----------+-----------+------------+-----------------+
; Data Port ; Clock Port ; 0 to Hi-Z ; 1 to Hi-Z ; Clock Edge ; Clock Reference ;
+-----------+------------+-----------+-----------+------------+-----------------+
; C1        ; clk        ; 6.499     ; 6.499     ; Rise       ; clk             ;
; C2        ; clk        ; 6.542     ; 6.542     ; Rise       ; clk             ;
; C3        ; clk        ; 6.184     ; 6.184     ; Rise       ; clk             ;
; C4        ; clk        ; 6.236     ; 6.236     ; Rise       ; clk             ;
+-----------+------------+-----------+-----------+------------+-----------------+


----------------------------------------------
; Slow 1200mV 85C Model Metastability Report ;
----------------------------------------------
No synchronizer chains to report.


+-----------------------------------------------------------------------------------------------------------+
; Slow 1200mV 0C Model Fmax Summary                                                                         ;
+------------+-----------------+------------+---------------------------------------------------------------+
; Fmax       ; Restricted Fmax ; Clock Name ; Note                                                          ;
+------------+-----------------+------------+---------------------------------------------------------------+
; 263.99 MHz ; 250.0 MHz       ; clk        ; limit due to minimum period restriction (max I/O toggle rate) ;
+------------+-----------------+------------+---------------------------------------------------------------+
This panel reports FMAX for every clock in the design, regardless of the user-specified clock periods.  FMAX is only computed for paths where the source and destination registers or ports are driven by the same clock.  Paths of different clocks, including generated clocks, are ignored.  For paths between a clock and its inversion, FMAX is computed as if the rising and falling edges are scaled along with FMAX, such that the duty cycle (in terms of a percentage) is maintained. Altera recommends that you always use clock constraints and other slack reports for sign-off analysis.


+------------------------------------+
; Slow 1200mV 0C Model Setup Summary ;
+-------+--------+-------------------+
; Clock ; Slack  ; End Point TNS     ;
+-------+--------+-------------------+
; clk   ; -2.788 ; -177.567          ;
+-------+--------+-------------------+


+-----------------------------------+
; Slow 1200mV 0C Model Hold Summary ;
+-------+-------+-------------------+
; Clock ; Slack ; End Point TNS     ;
+-------+-------+-------------------+
; clk   ; 0.338 ; 0.000             ;
+-------+-------+-------------------+


+---------------------------------------+
; Slow 1200mV 0C Model Recovery Summary ;
+-------+--------+----------------------+
; Clock ; Slack  ; End Point TNS        ;
+-------+--------+----------------------+
; clk   ; -1.022 ; -62.634              ;
+-------+--------+----------------------+


+--------------------------------------+
; Slow 1200mV 0C Model Removal Summary ;
+-------+-------+----------------------+
; Clock ; Slack ; End Point TNS        ;
+-------+-------+----------------------+
; clk   ; 0.532 ; 0.000                ;
+-------+-------+----------------------+


+--------------------------------------------------+
; Slow 1200mV 0C Model Minimum Pulse Width Summary ;
+-------+--------+---------------------------------+
; Clock ; Slack  ; End Point TNS                   ;
+-------+--------+---------------------------------+
; clk   ; -3.000 ; -118.650                        ;
+-------+--------+---------------------------------+


+------------------------------------------------------------------------------------------------------+
; Slow 1200mV 0C Model Setup: 'clk'                                                                    ;
+--------+-----------+-----------+--------------+-------------+--------------+------------+------------+
; Slack  ; From Node ; To Node   ; Launch Clock ; Latch Clock ; Relationship ; Clock Skew ; Data Delay ;
+--------+-----------+-----------+--------------+-------------+--------------+------------+------------+
; -2.788 ; D[6][2]   ; C[0]      ; clk          ; clk         ; 1.000        ; -0.071     ; 3.716      ;
; -2.772 ; D[2][2]   ; detecta   ; clk          ; clk         ; 1.000        ; -0.074     ; 3.697      ;
; -2.762 ; D[7][2]   ; C[0]      ; clk          ; clk         ; 1.000        ; -0.071     ; 3.690      ;
; -2.716 ; D[6][2]   ; detecta   ; clk          ; clk         ; 1.000        ; -0.073     ; 3.642      ;
; -2.713 ; D[15][0]  ; C[2]      ; clk          ; clk         ; 1.000        ; -0.468     ; 3.244      ;
; -2.695 ; D[8][2]   ; C[0]      ; clk          ; clk         ; 1.000        ; -0.071     ; 3.623      ;
; -2.693 ; D[4][0]   ; C[2]      ; clk          ; clk         ; 1.000        ; -0.073     ; 3.619      ;
; -2.692 ; D[1][1]   ; detecta   ; clk          ; clk         ; 1.000        ; -0.072     ; 3.619      ;
; -2.686 ; D[8][1]   ; C[0]      ; clk          ; clk         ; 1.000        ; -0.071     ; 3.614      ;
; -2.683 ; D[15][0]  ; C[0]      ; clk          ; clk         ; 1.000        ; -0.468     ; 3.214      ;
; -2.677 ; D[11][0]  ; C[2]      ; clk          ; clk         ; 1.000        ; -0.071     ; 3.605      ;
; -2.676 ; D[5][1]   ; C[0]      ; clk          ; clk         ; 1.000        ; -0.072     ; 3.603      ;
; -2.673 ; D[5][1]   ; detecta   ; clk          ; clk         ; 1.000        ; -0.074     ; 3.598      ;
; -2.672 ; D[4][0]   ; C[0]      ; clk          ; clk         ; 1.000        ; -0.073     ; 3.598      ;
; -2.656 ; D[11][0]  ; C[0]      ; clk          ; clk         ; 1.000        ; -0.071     ; 3.584      ;
; -2.650 ; D[10][0]  ; detecta   ; clk          ; clk         ; 1.000        ; -0.073     ; 3.576      ;
; -2.650 ; D[7][2]   ; detecta   ; clk          ; clk         ; 1.000        ; -0.073     ; 3.576      ;
; -2.641 ; C[0]      ; detecta   ; clk          ; clk         ; 1.000        ; -0.075     ; 3.565      ;
; -2.639 ; D[1][1]   ; C[2]      ; clk          ; clk         ; 1.000        ; -0.070     ; 3.568      ;
; -2.633 ; D[14][1]  ; C[2]      ; clk          ; clk         ; 1.000        ; -0.071     ; 3.561      ;
; -2.632 ; C[1]      ; detecta   ; clk          ; clk         ; 1.000        ; -0.075     ; 3.556      ;
; -2.618 ; D[1][1]   ; C[0]      ; clk          ; clk         ; 1.000        ; -0.070     ; 3.547      ;
; -2.617 ; D[6][0]   ; C[0]      ; clk          ; clk         ; 1.000        ; -0.071     ; 3.545      ;
; -2.607 ; D[7][1]   ; C[0]      ; clk          ; clk         ; 1.000        ; -0.071     ; 3.535      ;
; -2.606 ; D[15][2]  ; C[2]      ; clk          ; clk         ; 1.000        ; -0.070     ; 3.535      ;
; -2.606 ; D[12][2]  ; C[2]      ; clk          ; clk         ; 1.000        ; -0.071     ; 3.534      ;
; -2.601 ; D[14][1]  ; C[0]      ; clk          ; clk         ; 1.000        ; -0.071     ; 3.529      ;
; -2.594 ; C[2]      ; detecta   ; clk          ; clk         ; 1.000        ; -0.075     ; 3.518      ;
; -2.589 ; D[2][0]   ; detecta   ; clk          ; clk         ; 1.000        ; -0.074     ; 3.514      ;
; -2.585 ; D[12][2]  ; C[0]      ; clk          ; clk         ; 1.000        ; -0.071     ; 3.513      ;
; -2.576 ; D[15][2]  ; C[0]      ; clk          ; clk         ; 1.000        ; -0.070     ; 3.505      ;
; -2.575 ; D[15][0]  ; detecta   ; clk          ; clk         ; 1.000        ; -0.470     ; 3.104      ;
; -2.572 ; D[6][2]   ; C[2]      ; clk          ; clk         ; 1.000        ; -0.071     ; 3.500      ;
; -2.559 ; D[10][1]  ; C[2]      ; clk          ; clk         ; 1.000        ; -0.071     ; 3.487      ;
; -2.558 ; D[8][0]   ; C[0]      ; clk          ; clk         ; 1.000        ; -0.071     ; 3.486      ;
; -2.556 ; D[13][1]  ; C[2]      ; clk          ; clk         ; 1.000        ; -0.070     ; 3.485      ;
; -2.551 ; D[1][0]   ; detecta   ; clk          ; clk         ; 1.000        ; -0.072     ; 3.478      ;
; -2.550 ; D[14][1]  ; detecta   ; clk          ; clk         ; 1.000        ; -0.073     ; 3.476      ;
; -2.546 ; D[7][2]   ; C[2]      ; clk          ; clk         ; 1.000        ; -0.071     ; 3.474      ;
; -2.545 ; D[6][0]   ; detecta   ; clk          ; clk         ; 1.000        ; -0.073     ; 3.471      ;
; -2.538 ; D[4][2]   ; C[2]      ; clk          ; clk         ; 1.000        ; -0.073     ; 3.464      ;
; -2.538 ; D[10][1]  ; C[0]      ; clk          ; clk         ; 1.000        ; -0.071     ; 3.466      ;
; -2.535 ; D[13][0]  ; C[2]      ; clk          ; clk         ; 1.000        ; -0.070     ; 3.464      ;
; -2.524 ; detecta   ; detecta   ; clk          ; clk         ; 1.000        ; -0.072     ; 3.451      ;
; -2.524 ; D[13][1]  ; C[0]      ; clk          ; clk         ; 1.000        ; -0.070     ; 3.453      ;
; -2.521 ; C[1]      ; sal[1]    ; clk          ; clk         ; 1.000        ; -0.073     ; 3.447      ;
; -2.521 ; C[1]      ; sal[2]~en ; clk          ; clk         ; 1.000        ; -0.073     ; 3.447      ;
; -2.519 ; D[13][2]  ; C[2]      ; clk          ; clk         ; 1.000        ; -0.070     ; 3.448      ;
; -2.517 ; D[4][2]   ; C[0]      ; clk          ; clk         ; 1.000        ; -0.073     ; 3.443      ;
; -2.512 ; D[4][3]   ; C[2]      ; clk          ; clk         ; 1.000        ; -0.433     ; 3.078      ;
; -2.509 ; D[4][3]   ; detecta   ; clk          ; clk         ; 1.000        ; -0.435     ; 3.073      ;
; -2.506 ; D[6][1]   ; C[0]      ; clk          ; clk         ; 1.000        ; -0.071     ; 3.434      ;
; -2.505 ; D[13][0]  ; C[0]      ; clk          ; clk         ; 1.000        ; -0.070     ; 3.434      ;
; -2.500 ; D[11][1]  ; C[2]      ; clk          ; clk         ; 1.000        ; -0.071     ; 3.428      ;
; -2.498 ; D[1][0]   ; C[2]      ; clk          ; clk         ; 1.000        ; -0.070     ; 3.427      ;
; -2.497 ; D[7][0]   ; C[0]      ; clk          ; clk         ; 1.000        ; -0.071     ; 3.425      ;
; -2.495 ; D[7][1]   ; detecta   ; clk          ; clk         ; 1.000        ; -0.073     ; 3.421      ;
; -2.492 ; D[5][0]   ; C[0]      ; clk          ; clk         ; 1.000        ; -0.072     ; 3.419      ;
; -2.491 ; D[4][3]   ; C[0]      ; clk          ; clk         ; 1.000        ; -0.433     ; 3.057      ;
; -2.489 ; D[5][0]   ; detecta   ; clk          ; clk         ; 1.000        ; -0.074     ; 3.414      ;
; -2.489 ; D[13][2]  ; C[0]      ; clk          ; clk         ; 1.000        ; -0.070     ; 3.418      ;
; -2.479 ; D[11][1]  ; C[0]      ; clk          ; clk         ; 1.000        ; -0.071     ; 3.407      ;
; -2.479 ; D[8][2]   ; C[2]      ; clk          ; clk         ; 1.000        ; -0.071     ; 3.407      ;
; -2.477 ; D[1][0]   ; C[0]      ; clk          ; clk         ; 1.000        ; -0.070     ; 3.406      ;
; -2.473 ; D[5][1]   ; D[7][3]   ; clk          ; clk         ; 1.000        ; -0.073     ; 3.399      ;
; -2.473 ; D[12][2]  ; C[1]      ; clk          ; clk         ; 1.000        ; -0.070     ; 3.402      ;
; -2.470 ; D[8][1]   ; C[2]      ; clk          ; clk         ; 1.000        ; -0.071     ; 3.398      ;
; -2.468 ; D[10][1]  ; detecta   ; clk          ; clk         ; 1.000        ; -0.073     ; 3.394      ;
; -2.468 ; D[15][2]  ; detecta   ; clk          ; clk         ; 1.000        ; -0.072     ; 3.395      ;
; -2.467 ; D[9][2]   ; C[2]      ; clk          ; clk         ; 1.000        ; -0.072     ; 3.394      ;
; -2.467 ; D[12][0]  ; C[2]      ; clk          ; clk         ; 1.000        ; -0.071     ; 3.395      ;
; -2.460 ; D[5][1]   ; C[2]      ; clk          ; clk         ; 1.000        ; -0.072     ; 3.387      ;
; -2.456 ; D[2][1]   ; detecta   ; clk          ; clk         ; 1.000        ; -0.074     ; 3.381      ;
; -2.447 ; D[2][2]   ; C[1]      ; clk          ; clk         ; 1.000        ; -0.071     ; 3.375      ;
; -2.446 ; D[9][2]   ; C[0]      ; clk          ; clk         ; 1.000        ; -0.072     ; 3.373      ;
; -2.446 ; D[12][0]  ; C[0]      ; clk          ; clk         ; 1.000        ; -0.071     ; 3.374      ;
; -2.440 ; D[14][2]  ; C[2]      ; clk          ; clk         ; 1.000        ; -0.071     ; 3.368      ;
; -2.437 ; D[13][3]  ; C[2]      ; clk          ; clk         ; 1.000        ; -0.070     ; 3.366      ;
; -2.436 ; D[8][3]   ; C[0]      ; clk          ; clk         ; 1.000        ; -0.071     ; 3.364      ;
; -2.434 ; D[6][1]   ; detecta   ; clk          ; clk         ; 1.000        ; -0.073     ; 3.360      ;
; -2.431 ; D[6][3]   ; C[0]      ; clk          ; clk         ; 1.000        ; -0.071     ; 3.359      ;
; -2.431 ; D[9][2]   ; detecta   ; clk          ; clk         ; 1.000        ; -0.074     ; 3.356      ;
; -2.422 ; D[1][2]   ; detecta   ; clk          ; clk         ; 1.000        ; -0.072     ; 3.349      ;
; -2.416 ; D[4][1]   ; C[2]      ; clk          ; clk         ; 1.000        ; -0.073     ; 3.342      ;
; -2.414 ; D[15][1]  ; C[2]      ; clk          ; clk         ; 1.000        ; -0.070     ; 3.343      ;
; -2.408 ; D[14][2]  ; C[0]      ; clk          ; clk         ; 1.000        ; -0.071     ; 3.336      ;
; -2.407 ; D[13][3]  ; C[0]      ; clk          ; clk         ; 1.000        ; -0.070     ; 3.336      ;
; -2.406 ; D[3][2]   ; C[1]      ; clk          ; clk         ; 1.000        ; -0.070     ; 3.335      ;
; -2.401 ; D[6][0]   ; C[2]      ; clk          ; clk         ; 1.000        ; -0.071     ; 3.329      ;
; -2.401 ; D[10][0]  ; C[2]      ; clk          ; clk         ; 1.000        ; -0.071     ; 3.329      ;
; -2.395 ; D[4][1]   ; C[0]      ; clk          ; clk         ; 1.000        ; -0.073     ; 3.321      ;
; -2.391 ; D[7][1]   ; C[2]      ; clk          ; clk         ; 1.000        ; -0.071     ; 3.319      ;
; -2.390 ; D[1][1]   ; D[4][2]   ; clk          ; clk         ; 1.000        ; -0.069     ; 3.320      ;
; -2.390 ; D[1][1]   ; D[4][1]   ; clk          ; clk         ; 1.000        ; -0.069     ; 3.320      ;
; -2.389 ; D[11][0]  ; C[1]      ; clk          ; clk         ; 1.000        ; -0.070     ; 3.318      ;
; -2.388 ; D[1][1]   ; D[4][0]   ; clk          ; clk         ; 1.000        ; -0.069     ; 3.318      ;
; -2.387 ; D[11][2]  ; C[2]      ; clk          ; clk         ; 1.000        ; -0.071     ; 3.315      ;
; -2.385 ; D[7][0]   ; detecta   ; clk          ; clk         ; 1.000        ; -0.073     ; 3.311      ;
; -2.384 ; D[15][1]  ; C[0]      ; clk          ; clk         ; 1.000        ; -0.070     ; 3.313      ;
; -2.382 ; D[5][2]   ; C[0]      ; clk          ; clk         ; 1.000        ; -0.072     ; 3.309      ;
+--------+-----------+-----------+--------------+-------------+--------------+------------+------------+


+-----------------------------------------------------------------------------------------------------+
; Slow 1200mV 0C Model Hold: 'clk'                                                                    ;
+-------+-----------+-----------+--------------+-------------+--------------+------------+------------+
; Slack ; From Node ; To Node   ; Launch Clock ; Latch Clock ; Relationship ; Clock Skew ; Data Delay ;
+-------+-----------+-----------+--------------+-------------+--------------+------------+------------+
; 0.338 ; D[15][0]  ; D[15][0]  ; clk          ; clk         ; 0.000        ; 0.088      ; 0.597      ;
; 0.338 ; t_3       ; t_3       ; clk          ; clk         ; 0.000        ; 0.088      ; 0.597      ;
; 0.338 ; t_7       ; t_7       ; clk          ; clk         ; 0.000        ; 0.088      ; 0.597      ;
; 0.338 ; t_10      ; t_10      ; clk          ; clk         ; 0.000        ; 0.088      ; 0.597      ;
; 0.338 ; t_12      ; t_12      ; clk          ; clk         ; 0.000        ; 0.088      ; 0.597      ;
; 0.338 ; t_14      ; t_14      ; clk          ; clk         ; 0.000        ; 0.088      ; 0.597      ;
; 0.339 ; D[4][3]   ; D[4][3]   ; clk          ; clk         ; 0.000        ; 0.087      ; 0.597      ;
; 0.353 ; D[13][0]  ; D[13][0]  ; clk          ; clk         ; 0.000        ; 0.073      ; 0.597      ;
; 0.353 ; D[13][2]  ; D[13][2]  ; clk          ; clk         ; 0.000        ; 0.073      ; 0.597      ;
; 0.353 ; D[13][3]  ; D[13][3]  ; clk          ; clk         ; 0.000        ; 0.073      ; 0.597      ;
; 0.353 ; D[13][1]  ; D[13][1]  ; clk          ; clk         ; 0.000        ; 0.073      ; 0.597      ;
; 0.353 ; D[7][1]   ; D[7][1]   ; clk          ; clk         ; 0.000        ; 0.073      ; 0.597      ;
; 0.353 ; D[7][2]   ; D[7][2]   ; clk          ; clk         ; 0.000        ; 0.073      ; 0.597      ;
; 0.353 ; D[6][0]   ; D[6][0]   ; clk          ; clk         ; 0.000        ; 0.073      ; 0.597      ;
; 0.353 ; D[6][2]   ; D[6][2]   ; clk          ; clk         ; 0.000        ; 0.073      ; 0.597      ;
; 0.353 ; D[6][3]   ; D[6][3]   ; clk          ; clk         ; 0.000        ; 0.073      ; 0.597      ;
; 0.353 ; D[6][1]   ; D[6][1]   ; clk          ; clk         ; 0.000        ; 0.073      ; 0.597      ;
; 0.353 ; D[7][0]   ; D[7][0]   ; clk          ; clk         ; 0.000        ; 0.073      ; 0.597      ;
; 0.354 ; D[14][1]  ; D[14][1]  ; clk          ; clk         ; 0.000        ; 0.072      ; 0.597      ;
; 0.354 ; D[14][2]  ; D[14][2]  ; clk          ; clk         ; 0.000        ; 0.072      ; 0.597      ;
; 0.354 ; D[14][3]  ; D[14][3]  ; clk          ; clk         ; 0.000        ; 0.072      ; 0.597      ;
; 0.354 ; D[15][1]  ; D[15][1]  ; clk          ; clk         ; 0.000        ; 0.072      ; 0.597      ;
; 0.354 ; D[15][2]  ; D[15][2]  ; clk          ; clk         ; 0.000        ; 0.072      ; 0.597      ;
; 0.354 ; D[15][3]  ; D[15][3]  ; clk          ; clk         ; 0.000        ; 0.072      ; 0.597      ;
; 0.354 ; D[16][0]  ; D[16][0]  ; clk          ; clk         ; 0.000        ; 0.072      ; 0.597      ;
; 0.354 ; D[16][1]  ; D[16][1]  ; clk          ; clk         ; 0.000        ; 0.072      ; 0.597      ;
; 0.354 ; D[16][2]  ; D[16][2]  ; clk          ; clk         ; 0.000        ; 0.072      ; 0.597      ;
; 0.354 ; D[16][3]  ; D[16][3]  ; clk          ; clk         ; 0.000        ; 0.072      ; 0.597      ;
; 0.354 ; D[14][0]  ; D[14][0]  ; clk          ; clk         ; 0.000        ; 0.072      ; 0.597      ;
; 0.354 ; D[5][0]   ; D[5][0]   ; clk          ; clk         ; 0.000        ; 0.072      ; 0.597      ;
; 0.354 ; D[5][1]   ; D[5][1]   ; clk          ; clk         ; 0.000        ; 0.072      ; 0.597      ;
; 0.354 ; D[5][3]   ; D[5][3]   ; clk          ; clk         ; 0.000        ; 0.072      ; 0.597      ;
; 0.354 ; D[7][3]   ; D[7][3]   ; clk          ; clk         ; 0.000        ; 0.072      ; 0.597      ;
; 0.354 ; D[8][0]   ; D[8][0]   ; clk          ; clk         ; 0.000        ; 0.072      ; 0.597      ;
; 0.354 ; D[8][1]   ; D[8][1]   ; clk          ; clk         ; 0.000        ; 0.072      ; 0.597      ;
; 0.354 ; D[8][2]   ; D[8][2]   ; clk          ; clk         ; 0.000        ; 0.072      ; 0.597      ;
; 0.354 ; D[8][3]   ; D[8][3]   ; clk          ; clk         ; 0.000        ; 0.072      ; 0.597      ;
; 0.354 ; D[1][0]   ; D[1][0]   ; clk          ; clk         ; 0.000        ; 0.072      ; 0.597      ;
; 0.354 ; D[1][1]   ; D[1][1]   ; clk          ; clk         ; 0.000        ; 0.072      ; 0.597      ;
; 0.354 ; D[1][3]   ; D[1][3]   ; clk          ; clk         ; 0.000        ; 0.072      ; 0.597      ;
; 0.354 ; D[1][2]   ; D[1][2]   ; clk          ; clk         ; 0.000        ; 0.072      ; 0.597      ;
; 0.354 ; D[2][2]   ; D[2][2]   ; clk          ; clk         ; 0.000        ; 0.072      ; 0.597      ;
; 0.354 ; D[2][3]   ; D[2][3]   ; clk          ; clk         ; 0.000        ; 0.072      ; 0.597      ;
; 0.354 ; D[2][0]   ; D[2][0]   ; clk          ; clk         ; 0.000        ; 0.072      ; 0.597      ;
; 0.354 ; D[2][1]   ; D[2][1]   ; clk          ; clk         ; 0.000        ; 0.072      ; 0.597      ;
; 0.354 ; D[3][1]   ; D[3][1]   ; clk          ; clk         ; 0.000        ; 0.072      ; 0.597      ;
; 0.354 ; D[3][2]   ; D[3][2]   ; clk          ; clk         ; 0.000        ; 0.072      ; 0.597      ;
; 0.354 ; D[3][3]   ; D[3][3]   ; clk          ; clk         ; 0.000        ; 0.072      ; 0.597      ;
; 0.354 ; D[3][0]   ; D[3][0]   ; clk          ; clk         ; 0.000        ; 0.072      ; 0.597      ;
; 0.354 ; D[9][2]   ; D[9][2]   ; clk          ; clk         ; 0.000        ; 0.072      ; 0.597      ;
; 0.354 ; D[11][0]  ; D[11][0]  ; clk          ; clk         ; 0.000        ; 0.072      ; 0.597      ;
; 0.354 ; D[11][1]  ; D[11][1]  ; clk          ; clk         ; 0.000        ; 0.072      ; 0.597      ;
; 0.354 ; D[11][3]  ; D[11][3]  ; clk          ; clk         ; 0.000        ; 0.072      ; 0.597      ;
; 0.354 ; D[12][0]  ; D[12][0]  ; clk          ; clk         ; 0.000        ; 0.072      ; 0.597      ;
; 0.354 ; D[12][2]  ; D[12][2]  ; clk          ; clk         ; 0.000        ; 0.072      ; 0.597      ;
; 0.354 ; D[12][3]  ; D[12][3]  ; clk          ; clk         ; 0.000        ; 0.072      ; 0.597      ;
; 0.354 ; D[12][1]  ; D[12][1]  ; clk          ; clk         ; 0.000        ; 0.072      ; 0.597      ;
; 0.354 ; D[10][0]  ; D[10][0]  ; clk          ; clk         ; 0.000        ; 0.072      ; 0.597      ;
; 0.354 ; D[10][1]  ; D[10][1]  ; clk          ; clk         ; 0.000        ; 0.072      ; 0.597      ;
; 0.354 ; D[10][3]  ; D[10][3]  ; clk          ; clk         ; 0.000        ; 0.072      ; 0.597      ;
; 0.354 ; D[10][2]  ; D[10][2]  ; clk          ; clk         ; 0.000        ; 0.072      ; 0.597      ;
; 0.354 ; D[4][0]   ; D[4][0]   ; clk          ; clk         ; 0.000        ; 0.072      ; 0.597      ;
; 0.354 ; D[4][2]   ; D[4][2]   ; clk          ; clk         ; 0.000        ; 0.072      ; 0.597      ;
; 0.354 ; D[4][1]   ; D[4][1]   ; clk          ; clk         ; 0.000        ; 0.072      ; 0.597      ;
; 0.354 ; D[9][0]   ; D[9][0]   ; clk          ; clk         ; 0.000        ; 0.072      ; 0.597      ;
; 0.354 ; D[9][1]   ; D[9][1]   ; clk          ; clk         ; 0.000        ; 0.072      ; 0.597      ;
; 0.354 ; D[9][3]   ; D[9][3]   ; clk          ; clk         ; 0.000        ; 0.072      ; 0.597      ;
; 0.354 ; D[11][2]  ; D[11][2]  ; clk          ; clk         ; 0.000        ; 0.072      ; 0.597      ;
; 0.354 ; C[1]      ; C[1]      ; clk          ; clk         ; 0.000        ; 0.072      ; 0.597      ;
; 0.354 ; D[5][2]   ; D[5][2]   ; clk          ; clk         ; 0.000        ; 0.072      ; 0.597      ;
; 0.354 ; t_1       ; t_1       ; clk          ; clk         ; 0.000        ; 0.072      ; 0.597      ;
; 0.354 ; t_2       ; t_2       ; clk          ; clk         ; 0.000        ; 0.072      ; 0.597      ;
; 0.354 ; t_5       ; t_5       ; clk          ; clk         ; 0.000        ; 0.072      ; 0.597      ;
; 0.354 ; t_9       ; t_9       ; clk          ; clk         ; 0.000        ; 0.072      ; 0.597      ;
; 0.354 ; t_13      ; t_13      ; clk          ; clk         ; 0.000        ; 0.072      ; 0.597      ;
; 0.354 ; t_6       ; t_6       ; clk          ; clk         ; 0.000        ; 0.072      ; 0.597      ;
; 0.354 ; t_11      ; t_11      ; clk          ; clk         ; 0.000        ; 0.072      ; 0.597      ;
; 0.406 ; D[9][0]   ; D[9][1]   ; clk          ; clk         ; 0.000        ; 0.072      ; 0.649      ;
; 0.408 ; D[13][2]  ; D[13][3]  ; clk          ; clk         ; 0.000        ; 0.073      ; 0.652      ;
; 0.428 ; D[9][3]   ; D[9][0]   ; clk          ; clk         ; 0.000        ; 0.072      ; 0.671      ;
; 0.498 ; D[5][3]   ; sal[1]~en ; clk          ; clk         ; 0.000        ; 0.438      ; 1.107      ;
; 0.561 ; D[4][1]   ; D[4][3]   ; clk          ; clk         ; 0.000        ; 0.432      ; 1.164      ;
; 0.566 ; C[2]      ; sal[1]    ; clk          ; clk         ; 0.000        ; 0.073      ; 0.810      ;
; 0.590 ; D[16][2]  ; D[16][3]  ; clk          ; clk         ; 0.000        ; 0.072      ; 0.833      ;
; 0.592 ; D[3][3]   ; t_3       ; clk          ; clk         ; 0.000        ; 0.468      ; 1.231      ;
; 0.594 ; D[14][2]  ; D[14][3]  ; clk          ; clk         ; 0.000        ; 0.072      ; 0.837      ;
; 0.605 ; detecta   ; sal[0]~en ; clk          ; clk         ; 0.000        ; 0.440      ; 1.216      ;
; 0.605 ; D[10][2]  ; D[10][3]  ; clk          ; clk         ; 0.000        ; 0.072      ; 0.848      ;
; 0.618 ; D[8][0]   ; D[8][1]   ; clk          ; clk         ; 0.000        ; 0.072      ; 0.861      ;
; 0.624 ; D[13][0]  ; D[13][1]  ; clk          ; clk         ; 0.000        ; 0.073      ; 0.868      ;
; 0.628 ; D[14][0]  ; D[14][1]  ; clk          ; clk         ; 0.000        ; 0.072      ; 0.871      ;
; 0.628 ; D[16][0]  ; D[16][1]  ; clk          ; clk         ; 0.000        ; 0.072      ; 0.871      ;
; 0.638 ; D[1][0]   ; D[1][1]   ; clk          ; clk         ; 0.000        ; 0.072      ; 0.881      ;
; 0.641 ; D[1][3]   ; t_1       ; clk          ; clk         ; 0.000        ; 0.072      ; 0.884      ;
; 0.643 ; D[15][3]  ; D[15][2]  ; clk          ; clk         ; 0.000        ; 0.072      ; 0.886      ;
; 0.643 ; D[16][3]  ; D[16][2]  ; clk          ; clk         ; 0.000        ; 0.072      ; 0.886      ;
; 0.643 ; D[2][3]   ; D[2][0]   ; clk          ; clk         ; 0.000        ; 0.072      ; 0.886      ;
; 0.648 ; D[8][3]   ; D[8][0]   ; clk          ; clk         ; 0.000        ; 0.072      ; 0.891      ;
; 0.648 ; D[10][0]  ; D[10][1]  ; clk          ; clk         ; 0.000        ; 0.072      ; 0.891      ;
; 0.649 ; D[10][3]  ; D[10][1]  ; clk          ; clk         ; 0.000        ; 0.072      ; 0.892      ;
+-------+-----------+-----------+--------------+-------------+--------------+------------+------------+


+-----------------------------------------------------------------------------------------------------+
; Slow 1200mV 0C Model Recovery: 'clk'                                                                ;
+--------+-----------+----------+--------------+-------------+--------------+------------+------------+
; Slack  ; From Node ; To Node  ; Launch Clock ; Latch Clock ; Relationship ; Clock Skew ; Data Delay ;
+--------+-----------+----------+--------------+-------------+--------------+------------+------------+
; -1.022 ; t_16      ; D[7][3]  ; clk          ; clk         ; 1.000        ; -0.072     ; 1.949      ;
; -1.022 ; t_16      ; D[8][0]  ; clk          ; clk         ; 1.000        ; -0.072     ; 1.949      ;
; -1.022 ; t_16      ; D[8][1]  ; clk          ; clk         ; 1.000        ; -0.072     ; 1.949      ;
; -1.022 ; t_16      ; D[8][2]  ; clk          ; clk         ; 1.000        ; -0.072     ; 1.949      ;
; -1.022 ; t_16      ; D[8][3]  ; clk          ; clk         ; 1.000        ; -0.072     ; 1.949      ;
; -1.021 ; t_16      ; D[7][1]  ; clk          ; clk         ; 1.000        ; -0.073     ; 1.947      ;
; -1.021 ; t_16      ; D[7][2]  ; clk          ; clk         ; 1.000        ; -0.073     ; 1.947      ;
; -1.021 ; t_16      ; D[6][0]  ; clk          ; clk         ; 1.000        ; -0.073     ; 1.947      ;
; -1.021 ; t_16      ; D[6][2]  ; clk          ; clk         ; 1.000        ; -0.073     ; 1.947      ;
; -1.021 ; t_16      ; D[6][3]  ; clk          ; clk         ; 1.000        ; -0.073     ; 1.947      ;
; -1.021 ; t_16      ; D[6][1]  ; clk          ; clk         ; 1.000        ; -0.073     ; 1.947      ;
; -1.021 ; t_16      ; D[7][0]  ; clk          ; clk         ; 1.000        ; -0.073     ; 1.947      ;
; -1.001 ; t_16      ; C[2]     ; clk          ; clk         ; 1.000        ; -0.071     ; 1.929      ;
; -1.001 ; t_16      ; C[0]     ; clk          ; clk         ; 1.000        ; -0.071     ; 1.929      ;
; -0.997 ; t_16      ; D[15][1] ; clk          ; clk         ; 1.000        ; -0.073     ; 1.923      ;
; -0.997 ; t_16      ; D[15][2] ; clk          ; clk         ; 1.000        ; -0.073     ; 1.923      ;
; -0.997 ; t_16      ; D[15][3] ; clk          ; clk         ; 1.000        ; -0.073     ; 1.923      ;
; -0.987 ; t_16      ; D[2][2]  ; clk          ; clk         ; 1.000        ; -0.071     ; 1.915      ;
; -0.987 ; t_16      ; D[2][3]  ; clk          ; clk         ; 1.000        ; -0.071     ; 1.915      ;
; -0.987 ; t_16      ; D[2][0]  ; clk          ; clk         ; 1.000        ; -0.071     ; 1.915      ;
; -0.987 ; t_16      ; D[2][1]  ; clk          ; clk         ; 1.000        ; -0.071     ; 1.915      ;
; -0.986 ; t_16      ; t_6      ; clk          ; clk         ; 1.000        ; -0.071     ; 1.914      ;
; -0.986 ; t_16      ; t_8      ; clk          ; clk         ; 1.000        ; -0.071     ; 1.914      ;
; -0.920 ; t_16      ; D[4][0]  ; clk          ; clk         ; 1.000        ; -0.070     ; 1.849      ;
; -0.920 ; t_16      ; D[4][2]  ; clk          ; clk         ; 1.000        ; -0.070     ; 1.849      ;
; -0.920 ; t_16      ; D[4][1]  ; clk          ; clk         ; 1.000        ; -0.070     ; 1.849      ;
; -0.920 ; t_16      ; C[1]     ; clk          ; clk         ; 1.000        ; -0.070     ; 1.849      ;
; -0.848 ; t_16      ; D[1][0]  ; clk          ; clk         ; 1.000        ; -0.073     ; 1.774      ;
; -0.848 ; t_16      ; D[1][1]  ; clk          ; clk         ; 1.000        ; -0.073     ; 1.774      ;
; -0.848 ; t_16      ; D[1][3]  ; clk          ; clk         ; 1.000        ; -0.073     ; 1.774      ;
; -0.848 ; t_16      ; D[1][2]  ; clk          ; clk         ; 1.000        ; -0.073     ; 1.774      ;
; -0.848 ; t_16      ; t_1      ; clk          ; clk         ; 1.000        ; -0.073     ; 1.774      ;
; -0.809 ; t_16      ; t_2      ; clk          ; clk         ; 1.000        ; -0.074     ; 1.734      ;
; -0.796 ; t_16      ; D[9][2]  ; clk          ; clk         ; 1.000        ; -0.071     ; 1.724      ;
; -0.796 ; t_16      ; D[9][0]  ; clk          ; clk         ; 1.000        ; -0.071     ; 1.724      ;
; -0.796 ; t_16      ; D[9][1]  ; clk          ; clk         ; 1.000        ; -0.071     ; 1.724      ;
; -0.796 ; t_16      ; D[9][3]  ; clk          ; clk         ; 1.000        ; -0.071     ; 1.724      ;
; -0.795 ; t_16      ; D[11][0] ; clk          ; clk         ; 1.000        ; -0.072     ; 1.722      ;
; -0.795 ; t_16      ; D[11][1] ; clk          ; clk         ; 1.000        ; -0.072     ; 1.722      ;
; -0.795 ; t_16      ; D[11][3] ; clk          ; clk         ; 1.000        ; -0.072     ; 1.722      ;
; -0.795 ; t_16      ; D[12][0] ; clk          ; clk         ; 1.000        ; -0.072     ; 1.722      ;
; -0.795 ; t_16      ; D[12][2] ; clk          ; clk         ; 1.000        ; -0.072     ; 1.722      ;
; -0.795 ; t_16      ; D[12][3] ; clk          ; clk         ; 1.000        ; -0.072     ; 1.722      ;
; -0.795 ; t_16      ; D[12][1] ; clk          ; clk         ; 1.000        ; -0.072     ; 1.722      ;
; -0.795 ; t_16      ; D[11][2] ; clk          ; clk         ; 1.000        ; -0.072     ; 1.722      ;
; -0.780 ; t_16      ; D[14][1] ; clk          ; clk         ; 1.000        ; -0.072     ; 1.707      ;
; -0.780 ; t_16      ; D[14][2] ; clk          ; clk         ; 1.000        ; -0.072     ; 1.707      ;
; -0.780 ; t_16      ; D[14][3] ; clk          ; clk         ; 1.000        ; -0.072     ; 1.707      ;
; -0.780 ; t_16      ; D[16][0] ; clk          ; clk         ; 1.000        ; -0.072     ; 1.707      ;
; -0.780 ; t_16      ; D[16][1] ; clk          ; clk         ; 1.000        ; -0.072     ; 1.707      ;
; -0.780 ; t_16      ; D[16][2] ; clk          ; clk         ; 1.000        ; -0.072     ; 1.707      ;
; -0.780 ; t_16      ; D[16][3] ; clk          ; clk         ; 1.000        ; -0.072     ; 1.707      ;
; -0.780 ; t_16      ; D[14][0] ; clk          ; clk         ; 1.000        ; -0.072     ; 1.707      ;
; -0.780 ; t_16      ; t_9      ; clk          ; clk         ; 1.000        ; -0.070     ; 1.709      ;
; -0.755 ; t_16      ; D[13][0] ; clk          ; clk         ; 1.000        ; -0.074     ; 1.680      ;
; -0.755 ; t_16      ; D[13][2] ; clk          ; clk         ; 1.000        ; -0.074     ; 1.680      ;
; -0.755 ; t_16      ; D[13][3] ; clk          ; clk         ; 1.000        ; -0.074     ; 1.680      ;
; -0.755 ; t_16      ; D[13][1] ; clk          ; clk         ; 1.000        ; -0.074     ; 1.680      ;
; -0.706 ; t_16      ; D[10][0] ; clk          ; clk         ; 1.000        ; -0.072     ; 1.633      ;
; -0.706 ; t_16      ; D[10][1] ; clk          ; clk         ; 1.000        ; -0.072     ; 1.633      ;
; -0.706 ; t_16      ; D[10][3] ; clk          ; clk         ; 1.000        ; -0.072     ; 1.633      ;
; -0.706 ; t_16      ; D[10][2] ; clk          ; clk         ; 1.000        ; -0.072     ; 1.633      ;
; -0.706 ; t_16      ; t_4      ; clk          ; clk         ; 1.000        ; -0.072     ; 1.633      ;
; -0.637 ; t_16      ; t_7      ; clk          ; clk         ; 1.000        ; 0.311      ; 1.947      ;
; -0.615 ; t_16      ; D[15][0] ; clk          ; clk         ; 1.000        ; 0.309      ; 1.923      ;
; -0.575 ; t_16      ; D[4][3]  ; clk          ; clk         ; 1.000        ; 0.275      ; 1.849      ;
; -0.546 ; t_16      ; detecta  ; clk          ; clk         ; 1.000        ; -0.073     ; 1.472      ;
; -0.546 ; t_16      ; t_5      ; clk          ; clk         ; 1.000        ; -0.073     ; 1.472      ;
; -0.546 ; t_16      ; t_13     ; clk          ; clk         ; 1.000        ; -0.073     ; 1.472      ;
; -0.546 ; t_16      ; t_11     ; clk          ; clk         ; 1.000        ; -0.073     ; 1.472      ;
; -0.546 ; t_16      ; t_15     ; clk          ; clk         ; 1.000        ; -0.073     ; 1.472      ;
; -0.413 ; t_16      ; t_10     ; clk          ; clk         ; 1.000        ; 0.312      ; 1.724      ;
; -0.413 ; t_16      ; t_12     ; clk          ; clk         ; 1.000        ; 0.312      ; 1.724      ;
; -0.373 ; t_16      ; t_16     ; clk          ; clk         ; 1.000        ; -0.072     ; 1.300      ;
; -0.373 ; t_16      ; D[3][1]  ; clk          ; clk         ; 1.000        ; -0.072     ; 1.300      ;
; -0.373 ; t_16      ; D[3][2]  ; clk          ; clk         ; 1.000        ; -0.072     ; 1.300      ;
; -0.373 ; t_16      ; D[3][3]  ; clk          ; clk         ; 1.000        ; -0.072     ; 1.300      ;
; -0.373 ; t_16      ; D[3][0]  ; clk          ; clk         ; 1.000        ; -0.072     ; 1.300      ;
; -0.373 ; t_16      ; t_14     ; clk          ; clk         ; 1.000        ; 0.308      ; 1.680      ;
; 0.007  ; t_16      ; t_3      ; clk          ; clk         ; 1.000        ; 0.308      ; 1.300      ;
+--------+-----------+----------+--------------+-------------+--------------+------------+------------+


+----------------------------------------------------------------------------------------------------+
; Slow 1200mV 0C Model Removal: 'clk'                                                                ;
+-------+-----------+----------+--------------+-------------+--------------+------------+------------+
; Slack ; From Node ; To Node  ; Launch Clock ; Latch Clock ; Relationship ; Clock Skew ; Data Delay ;
+-------+-----------+----------+--------------+-------------+--------------+------------+------------+
; 0.532 ; t_16      ; t_3      ; clk          ; clk         ; 0.000        ; 0.468      ; 1.171      ;
; 0.928 ; t_16      ; t_16     ; clk          ; clk         ; 0.000        ; 0.072      ; 1.171      ;
; 0.928 ; t_16      ; D[3][1]  ; clk          ; clk         ; 0.000        ; 0.072      ; 1.171      ;
; 0.928 ; t_16      ; D[3][2]  ; clk          ; clk         ; 0.000        ; 0.072      ; 1.171      ;
; 0.928 ; t_16      ; D[3][3]  ; clk          ; clk         ; 0.000        ; 0.072      ; 1.171      ;
; 0.928 ; t_16      ; D[3][0]  ; clk          ; clk         ; 0.000        ; 0.072      ; 1.171      ;
; 0.966 ; t_16      ; t_14     ; clk          ; clk         ; 0.000        ; 0.468      ; 1.605      ;
; 0.998 ; t_16      ; t_10     ; clk          ; clk         ; 0.000        ; 0.472      ; 1.641      ;
; 0.998 ; t_16      ; t_12     ; clk          ; clk         ; 0.000        ; 0.472      ; 1.641      ;
; 1.120 ; t_16      ; detecta  ; clk          ; clk         ; 0.000        ; 0.071      ; 1.362      ;
; 1.120 ; t_16      ; t_5      ; clk          ; clk         ; 0.000        ; 0.071      ; 1.362      ;
; 1.120 ; t_16      ; t_13     ; clk          ; clk         ; 0.000        ; 0.071      ; 1.362      ;
; 1.120 ; t_16      ; t_11     ; clk          ; clk         ; 0.000        ; 0.071      ; 1.362      ;
; 1.120 ; t_16      ; t_15     ; clk          ; clk         ; 0.000        ; 0.071      ; 1.362      ;
; 1.131 ; t_16      ; D[4][3]  ; clk          ; clk         ; 0.000        ; 0.434      ; 1.736      ;
; 1.173 ; t_16      ; D[15][0] ; clk          ; clk         ; 0.000        ; 0.469      ; 1.813      ;
; 1.206 ; t_16      ; t_7      ; clk          ; clk         ; 0.000        ; 0.471      ; 1.848      ;
; 1.314 ; t_16      ; D[10][0] ; clk          ; clk         ; 0.000        ; 0.072      ; 1.557      ;
; 1.314 ; t_16      ; D[10][1] ; clk          ; clk         ; 0.000        ; 0.072      ; 1.557      ;
; 1.314 ; t_16      ; D[10][3] ; clk          ; clk         ; 0.000        ; 0.072      ; 1.557      ;
; 1.314 ; t_16      ; D[10][2] ; clk          ; clk         ; 0.000        ; 0.072      ; 1.557      ;
; 1.314 ; t_16      ; t_4      ; clk          ; clk         ; 0.000        ; 0.072      ; 1.557      ;
; 1.363 ; t_16      ; D[13][0] ; clk          ; clk         ; 0.000        ; 0.071      ; 1.605      ;
; 1.363 ; t_16      ; D[13][2] ; clk          ; clk         ; 0.000        ; 0.071      ; 1.605      ;
; 1.363 ; t_16      ; D[13][3] ; clk          ; clk         ; 0.000        ; 0.071      ; 1.605      ;
; 1.363 ; t_16      ; D[13][1] ; clk          ; clk         ; 0.000        ; 0.071      ; 1.605      ;
; 1.365 ; t_16      ; t_9      ; clk          ; clk         ; 0.000        ; 0.074      ; 1.610      ;
; 1.391 ; t_16      ; D[14][1] ; clk          ; clk         ; 0.000        ; 0.072      ; 1.634      ;
; 1.391 ; t_16      ; D[14][2] ; clk          ; clk         ; 0.000        ; 0.072      ; 1.634      ;
; 1.391 ; t_16      ; D[14][3] ; clk          ; clk         ; 0.000        ; 0.072      ; 1.634      ;
; 1.391 ; t_16      ; D[16][0] ; clk          ; clk         ; 0.000        ; 0.072      ; 1.634      ;
; 1.391 ; t_16      ; D[16][1] ; clk          ; clk         ; 0.000        ; 0.072      ; 1.634      ;
; 1.391 ; t_16      ; D[16][2] ; clk          ; clk         ; 0.000        ; 0.072      ; 1.634      ;
; 1.391 ; t_16      ; D[16][3] ; clk          ; clk         ; 0.000        ; 0.072      ; 1.634      ;
; 1.391 ; t_16      ; D[14][0] ; clk          ; clk         ; 0.000        ; 0.072      ; 1.634      ;
; 1.397 ; t_16      ; D[9][2]  ; clk          ; clk         ; 0.000        ; 0.073      ; 1.641      ;
; 1.397 ; t_16      ; D[11][0] ; clk          ; clk         ; 0.000        ; 0.072      ; 1.640      ;
; 1.397 ; t_16      ; D[11][1] ; clk          ; clk         ; 0.000        ; 0.072      ; 1.640      ;
; 1.397 ; t_16      ; D[11][3] ; clk          ; clk         ; 0.000        ; 0.072      ; 1.640      ;
; 1.397 ; t_16      ; D[12][0] ; clk          ; clk         ; 0.000        ; 0.072      ; 1.640      ;
; 1.397 ; t_16      ; D[12][2] ; clk          ; clk         ; 0.000        ; 0.072      ; 1.640      ;
; 1.397 ; t_16      ; D[12][3] ; clk          ; clk         ; 0.000        ; 0.072      ; 1.640      ;
; 1.397 ; t_16      ; D[12][1] ; clk          ; clk         ; 0.000        ; 0.072      ; 1.640      ;
; 1.397 ; t_16      ; D[9][0]  ; clk          ; clk         ; 0.000        ; 0.073      ; 1.641      ;
; 1.397 ; t_16      ; D[9][1]  ; clk          ; clk         ; 0.000        ; 0.073      ; 1.641      ;
; 1.397 ; t_16      ; D[9][3]  ; clk          ; clk         ; 0.000        ; 0.073      ; 1.641      ;
; 1.397 ; t_16      ; D[11][2] ; clk          ; clk         ; 0.000        ; 0.072      ; 1.640      ;
; 1.403 ; t_16      ; t_2      ; clk          ; clk         ; 0.000        ; 0.070      ; 1.644      ;
; 1.446 ; t_16      ; D[1][0]  ; clk          ; clk         ; 0.000        ; 0.071      ; 1.688      ;
; 1.446 ; t_16      ; D[1][1]  ; clk          ; clk         ; 0.000        ; 0.071      ; 1.688      ;
; 1.446 ; t_16      ; D[1][3]  ; clk          ; clk         ; 0.000        ; 0.071      ; 1.688      ;
; 1.446 ; t_16      ; D[1][2]  ; clk          ; clk         ; 0.000        ; 0.071      ; 1.688      ;
; 1.446 ; t_16      ; t_1      ; clk          ; clk         ; 0.000        ; 0.071      ; 1.688      ;
; 1.491 ; t_16      ; D[4][0]  ; clk          ; clk         ; 0.000        ; 0.074      ; 1.736      ;
; 1.491 ; t_16      ; D[4][2]  ; clk          ; clk         ; 0.000        ; 0.074      ; 1.736      ;
; 1.491 ; t_16      ; D[4][1]  ; clk          ; clk         ; 0.000        ; 0.074      ; 1.736      ;
; 1.491 ; t_16      ; C[1]     ; clk          ; clk         ; 0.000        ; 0.074      ; 1.736      ;
; 1.569 ; t_16      ; t_6      ; clk          ; clk         ; 0.000        ; 0.073      ; 1.813      ;
; 1.569 ; t_16      ; t_8      ; clk          ; clk         ; 0.000        ; 0.073      ; 1.813      ;
; 1.570 ; t_16      ; D[2][2]  ; clk          ; clk         ; 0.000        ; 0.073      ; 1.814      ;
; 1.570 ; t_16      ; D[2][3]  ; clk          ; clk         ; 0.000        ; 0.073      ; 1.814      ;
; 1.570 ; t_16      ; D[2][0]  ; clk          ; clk         ; 0.000        ; 0.073      ; 1.814      ;
; 1.570 ; t_16      ; D[2][1]  ; clk          ; clk         ; 0.000        ; 0.073      ; 1.814      ;
; 1.571 ; t_16      ; D[15][1] ; clk          ; clk         ; 0.000        ; 0.071      ; 1.813      ;
; 1.571 ; t_16      ; D[15][2] ; clk          ; clk         ; 0.000        ; 0.071      ; 1.813      ;
; 1.571 ; t_16      ; D[15][3] ; clk          ; clk         ; 0.000        ; 0.071      ; 1.813      ;
; 1.573 ; t_16      ; C[2]     ; clk          ; clk         ; 0.000        ; 0.074      ; 1.818      ;
; 1.573 ; t_16      ; C[0]     ; clk          ; clk         ; 0.000        ; 0.074      ; 1.818      ;
; 1.605 ; t_16      ; D[7][1]  ; clk          ; clk         ; 0.000        ; 0.072      ; 1.848      ;
; 1.605 ; t_16      ; D[7][2]  ; clk          ; clk         ; 0.000        ; 0.072      ; 1.848      ;
; 1.605 ; t_16      ; D[6][0]  ; clk          ; clk         ; 0.000        ; 0.072      ; 1.848      ;
; 1.605 ; t_16      ; D[6][2]  ; clk          ; clk         ; 0.000        ; 0.072      ; 1.848      ;
; 1.605 ; t_16      ; D[6][3]  ; clk          ; clk         ; 0.000        ; 0.072      ; 1.848      ;
; 1.605 ; t_16      ; D[6][1]  ; clk          ; clk         ; 0.000        ; 0.072      ; 1.848      ;
; 1.605 ; t_16      ; D[7][0]  ; clk          ; clk         ; 0.000        ; 0.072      ; 1.848      ;
; 1.611 ; t_16      ; D[7][3]  ; clk          ; clk         ; 0.000        ; 0.072      ; 1.854      ;
; 1.611 ; t_16      ; D[8][0]  ; clk          ; clk         ; 0.000        ; 0.072      ; 1.854      ;
; 1.611 ; t_16      ; D[8][1]  ; clk          ; clk         ; 0.000        ; 0.072      ; 1.854      ;
; 1.611 ; t_16      ; D[8][2]  ; clk          ; clk         ; 0.000        ; 0.072      ; 1.854      ;
; 1.611 ; t_16      ; D[8][3]  ; clk          ; clk         ; 0.000        ; 0.072      ; 1.854      ;
+-------+-----------+----------+--------------+-------------+--------------+------------+------------+


+-------------------------------------------------------------------------------------------+
; Slow 1200mV 0C Model Minimum Pulse Width: 'clk'                                           ;
+--------+--------------+----------------+-----------------+-------+------------+-----------+
; Slack  ; Actual Width ; Required Width ; Type            ; Clock ; Clock Edge ; Target    ;
+--------+--------------+----------------+-----------------+-------+------------+-----------+
; -3.000 ; 1.000        ; 4.000          ; Port Rate       ; clk   ; Rise       ; clk       ;
; -1.285 ; 1.000        ; 2.285          ; Min Period      ; clk   ; Rise       ; C[0]      ;
; -1.285 ; 1.000        ; 2.285          ; Min Period      ; clk   ; Rise       ; C[1]      ;
; -1.285 ; 1.000        ; 2.285          ; Min Period      ; clk   ; Rise       ; C[2]      ;
; -1.285 ; 1.000        ; 2.285          ; Min Period      ; clk   ; Rise       ; D[10][0]  ;
; -1.285 ; 1.000        ; 2.285          ; Min Period      ; clk   ; Rise       ; D[10][1]  ;
; -1.285 ; 1.000        ; 2.285          ; Min Period      ; clk   ; Rise       ; D[10][2]  ;
; -1.285 ; 1.000        ; 2.285          ; Min Period      ; clk   ; Rise       ; D[10][3]  ;
; -1.285 ; 1.000        ; 2.285          ; Min Period      ; clk   ; Rise       ; D[11][0]  ;
; -1.285 ; 1.000        ; 2.285          ; Min Period      ; clk   ; Rise       ; D[11][1]  ;
; -1.285 ; 1.000        ; 2.285          ; Min Period      ; clk   ; Rise       ; D[11][2]  ;
; -1.285 ; 1.000        ; 2.285          ; Min Period      ; clk   ; Rise       ; D[11][3]  ;
; -1.285 ; 1.000        ; 2.285          ; Min Period      ; clk   ; Rise       ; D[12][0]  ;
; -1.285 ; 1.000        ; 2.285          ; Min Period      ; clk   ; Rise       ; D[12][1]  ;
; -1.285 ; 1.000        ; 2.285          ; Min Period      ; clk   ; Rise       ; D[12][2]  ;
; -1.285 ; 1.000        ; 2.285          ; Min Period      ; clk   ; Rise       ; D[12][3]  ;
; -1.285 ; 1.000        ; 2.285          ; Min Period      ; clk   ; Rise       ; D[13][0]  ;
; -1.285 ; 1.000        ; 2.285          ; Min Period      ; clk   ; Rise       ; D[13][1]  ;
; -1.285 ; 1.000        ; 2.285          ; Min Period      ; clk   ; Rise       ; D[13][2]  ;
; -1.285 ; 1.000        ; 2.285          ; Min Period      ; clk   ; Rise       ; D[13][3]  ;
; -1.285 ; 1.000        ; 2.285          ; Min Period      ; clk   ; Rise       ; D[14][0]  ;
; -1.285 ; 1.000        ; 2.285          ; Min Period      ; clk   ; Rise       ; D[14][1]  ;
; -1.285 ; 1.000        ; 2.285          ; Min Period      ; clk   ; Rise       ; D[14][2]  ;
; -1.285 ; 1.000        ; 2.285          ; Min Period      ; clk   ; Rise       ; D[14][3]  ;
; -1.285 ; 1.000        ; 2.285          ; Min Period      ; clk   ; Rise       ; D[15][0]  ;
; -1.285 ; 1.000        ; 2.285          ; Min Period      ; clk   ; Rise       ; D[15][1]  ;
; -1.285 ; 1.000        ; 2.285          ; Min Period      ; clk   ; Rise       ; D[15][2]  ;
; -1.285 ; 1.000        ; 2.285          ; Min Period      ; clk   ; Rise       ; D[15][3]  ;
; -1.285 ; 1.000        ; 2.285          ; Min Period      ; clk   ; Rise       ; D[16][0]  ;
; -1.285 ; 1.000        ; 2.285          ; Min Period      ; clk   ; Rise       ; D[16][1]  ;
; -1.285 ; 1.000        ; 2.285          ; Min Period      ; clk   ; Rise       ; D[16][2]  ;
; -1.285 ; 1.000        ; 2.285          ; Min Period      ; clk   ; Rise       ; D[16][3]  ;
; -1.285 ; 1.000        ; 2.285          ; Min Period      ; clk   ; Rise       ; D[1][0]   ;
; -1.285 ; 1.000        ; 2.285          ; Min Period      ; clk   ; Rise       ; D[1][1]   ;
; -1.285 ; 1.000        ; 2.285          ; Min Period      ; clk   ; Rise       ; D[1][2]   ;
; -1.285 ; 1.000        ; 2.285          ; Min Period      ; clk   ; Rise       ; D[1][3]   ;
; -1.285 ; 1.000        ; 2.285          ; Min Period      ; clk   ; Rise       ; D[2][0]   ;
; -1.285 ; 1.000        ; 2.285          ; Min Period      ; clk   ; Rise       ; D[2][1]   ;
; -1.285 ; 1.000        ; 2.285          ; Min Period      ; clk   ; Rise       ; D[2][2]   ;
; -1.285 ; 1.000        ; 2.285          ; Min Period      ; clk   ; Rise       ; D[2][3]   ;
; -1.285 ; 1.000        ; 2.285          ; Min Period      ; clk   ; Rise       ; D[3][0]   ;
; -1.285 ; 1.000        ; 2.285          ; Min Period      ; clk   ; Rise       ; D[3][1]   ;
; -1.285 ; 1.000        ; 2.285          ; Min Period      ; clk   ; Rise       ; D[3][2]   ;
; -1.285 ; 1.000        ; 2.285          ; Min Period      ; clk   ; Rise       ; D[3][3]   ;
; -1.285 ; 1.000        ; 2.285          ; Min Period      ; clk   ; Rise       ; D[4][0]   ;
; -1.285 ; 1.000        ; 2.285          ; Min Period      ; clk   ; Rise       ; D[4][1]   ;
; -1.285 ; 1.000        ; 2.285          ; Min Period      ; clk   ; Rise       ; D[4][2]   ;
; -1.285 ; 1.000        ; 2.285          ; Min Period      ; clk   ; Rise       ; D[4][3]   ;
; -1.285 ; 1.000        ; 2.285          ; Min Period      ; clk   ; Rise       ; D[5][0]   ;
; -1.285 ; 1.000        ; 2.285          ; Min Period      ; clk   ; Rise       ; D[5][1]   ;
; -1.285 ; 1.000        ; 2.285          ; Min Period      ; clk   ; Rise       ; D[5][2]   ;
; -1.285 ; 1.000        ; 2.285          ; Min Period      ; clk   ; Rise       ; D[5][3]   ;
; -1.285 ; 1.000        ; 2.285          ; Min Period      ; clk   ; Rise       ; D[6][0]   ;
; -1.285 ; 1.000        ; 2.285          ; Min Period      ; clk   ; Rise       ; D[6][1]   ;
; -1.285 ; 1.000        ; 2.285          ; Min Period      ; clk   ; Rise       ; D[6][2]   ;
; -1.285 ; 1.000        ; 2.285          ; Min Period      ; clk   ; Rise       ; D[6][3]   ;
; -1.285 ; 1.000        ; 2.285          ; Min Period      ; clk   ; Rise       ; D[7][0]   ;
; -1.285 ; 1.000        ; 2.285          ; Min Period      ; clk   ; Rise       ; D[7][1]   ;
; -1.285 ; 1.000        ; 2.285          ; Min Period      ; clk   ; Rise       ; D[7][2]   ;
; -1.285 ; 1.000        ; 2.285          ; Min Period      ; clk   ; Rise       ; D[7][3]   ;
; -1.285 ; 1.000        ; 2.285          ; Min Period      ; clk   ; Rise       ; D[8][0]   ;
; -1.285 ; 1.000        ; 2.285          ; Min Period      ; clk   ; Rise       ; D[8][1]   ;
; -1.285 ; 1.000        ; 2.285          ; Min Period      ; clk   ; Rise       ; D[8][2]   ;
; -1.285 ; 1.000        ; 2.285          ; Min Period      ; clk   ; Rise       ; D[8][3]   ;
; -1.285 ; 1.000        ; 2.285          ; Min Period      ; clk   ; Rise       ; D[9][0]   ;
; -1.285 ; 1.000        ; 2.285          ; Min Period      ; clk   ; Rise       ; D[9][1]   ;
; -1.285 ; 1.000        ; 2.285          ; Min Period      ; clk   ; Rise       ; D[9][2]   ;
; -1.285 ; 1.000        ; 2.285          ; Min Period      ; clk   ; Rise       ; D[9][3]   ;
; -1.285 ; 1.000        ; 2.285          ; Min Period      ; clk   ; Rise       ; detecta   ;
; -1.285 ; 1.000        ; 2.285          ; Min Period      ; clk   ; Rise       ; sal[0]    ;
; -1.285 ; 1.000        ; 2.285          ; Min Period      ; clk   ; Rise       ; sal[0]~en ;
; -1.285 ; 1.000        ; 2.285          ; Min Period      ; clk   ; Rise       ; sal[1]    ;
; -1.285 ; 1.000        ; 2.285          ; Min Period      ; clk   ; Rise       ; sal[1]~en ;
; -1.285 ; 1.000        ; 2.285          ; Min Period      ; clk   ; Rise       ; sal[2]~en ;
; -1.285 ; 1.000        ; 2.285          ; Min Period      ; clk   ; Rise       ; sal[3]~en ;
; -1.285 ; 1.000        ; 2.285          ; Min Period      ; clk   ; Rise       ; t_1       ;
; -1.285 ; 1.000        ; 2.285          ; Min Period      ; clk   ; Rise       ; t_10      ;
; -1.285 ; 1.000        ; 2.285          ; Min Period      ; clk   ; Rise       ; t_11      ;
; -1.285 ; 1.000        ; 2.285          ; Min Period      ; clk   ; Rise       ; t_12      ;
; -1.285 ; 1.000        ; 2.285          ; Min Period      ; clk   ; Rise       ; t_13      ;
; -1.285 ; 1.000        ; 2.285          ; Min Period      ; clk   ; Rise       ; t_14      ;
; -1.285 ; 1.000        ; 2.285          ; Min Period      ; clk   ; Rise       ; t_15      ;
; -1.285 ; 1.000        ; 2.285          ; Min Period      ; clk   ; Rise       ; t_16      ;
; -1.285 ; 1.000        ; 2.285          ; Min Period      ; clk   ; Rise       ; t_2       ;
; -1.285 ; 1.000        ; 2.285          ; Min Period      ; clk   ; Rise       ; t_3       ;
; -1.285 ; 1.000        ; 2.285          ; Min Period      ; clk   ; Rise       ; t_4       ;
; -1.285 ; 1.000        ; 2.285          ; Min Period      ; clk   ; Rise       ; t_5       ;
; -1.285 ; 1.000        ; 2.285          ; Min Period      ; clk   ; Rise       ; t_6       ;
; -1.285 ; 1.000        ; 2.285          ; Min Period      ; clk   ; Rise       ; t_7       ;
; -1.285 ; 1.000        ; 2.285          ; Min Period      ; clk   ; Rise       ; t_8       ;
; -1.285 ; 1.000        ; 2.285          ; Min Period      ; clk   ; Rise       ; t_9       ;
; 0.256  ; 0.442        ; 0.186          ; Low Pulse Width ; clk   ; Rise       ; C[0]      ;
; 0.256  ; 0.442        ; 0.186          ; Low Pulse Width ; clk   ; Rise       ; C[1]      ;
; 0.256  ; 0.442        ; 0.186          ; Low Pulse Width ; clk   ; Rise       ; C[2]      ;
; 0.256  ; 0.442        ; 0.186          ; Low Pulse Width ; clk   ; Rise       ; D[10][0]  ;
; 0.256  ; 0.442        ; 0.186          ; Low Pulse Width ; clk   ; Rise       ; D[10][1]  ;
; 0.256  ; 0.442        ; 0.186          ; Low Pulse Width ; clk   ; Rise       ; D[10][2]  ;
; 0.256  ; 0.442        ; 0.186          ; Low Pulse Width ; clk   ; Rise       ; D[10][3]  ;
; 0.256  ; 0.442        ; 0.186          ; Low Pulse Width ; clk   ; Rise       ; D[11][0]  ;
; 0.256  ; 0.442        ; 0.186          ; Low Pulse Width ; clk   ; Rise       ; D[11][1]  ;
+--------+--------------+----------------+-----------------+-------+------------+-----------+


+-----------------------------------------------------------------------+
; Setup Times                                                           ;
+-----------+------------+-------+-------+------------+-----------------+
; Data Port ; Clock Port ; Rise  ; Fall  ; Clock Edge ; Clock Reference ;
+-----------+------------+-------+-------+------------+-----------------+
; R1        ; clk        ; 4.691 ; 4.867 ; Rise       ; clk             ;
; R2        ; clk        ; 4.516 ; 4.710 ; Rise       ; clk             ;
; R3        ; clk        ; 3.903 ; 4.248 ; Rise       ; clk             ;
; R4        ; clk        ; 4.063 ; 4.361 ; Rise       ; clk             ;
+-----------+------------+-------+-------+------------+-----------------+


+-------------------------------------------------------------------------+
; Hold Times                                                              ;
+-----------+------------+--------+--------+------------+-----------------+
; Data Port ; Clock Port ; Rise   ; Fall   ; Clock Edge ; Clock Reference ;
+-----------+------------+--------+--------+------------+-----------------+
; R1        ; clk        ; -0.533 ; -0.778 ; Rise       ; clk             ;
; R2        ; clk        ; -0.781 ; -1.041 ; Rise       ; clk             ;
; R3        ; clk        ; -0.757 ; -1.061 ; Rise       ; clk             ;
; R4        ; clk        ; -1.421 ; -1.678 ; Rise       ; clk             ;
+-----------+------------+--------+--------+------------+-----------------+


+-----------------------------------------------------------------------+
; Clock to Output Times                                                 ;
+-----------+------------+-------+-------+------------+-----------------+
; Data Port ; Clock Port ; Rise  ; Fall  ; Clock Edge ; Clock Reference ;
+-----------+------------+-------+-------+------------+-----------------+
; C1        ; clk        ; 5.886 ; 5.847 ; Rise       ; clk             ;
; C2        ; clk        ; 6.094 ; 6.003 ; Rise       ; clk             ;
; t1        ; clk        ; 6.659 ; 6.509 ; Rise       ; clk             ;
; t2        ; clk        ; 6.359 ; 6.255 ; Rise       ; clk             ;
; t3        ; clk        ; 8.118 ; 8.114 ; Rise       ; clk             ;
; t4        ; clk        ; 6.588 ; 6.436 ; Rise       ; clk             ;
; t5        ; clk        ; 6.157 ; 6.075 ; Rise       ; clk             ;
; t6        ; clk        ; 6.216 ; 6.151 ; Rise       ; clk             ;
; t7        ; clk        ; 6.299 ; 6.257 ; Rise       ; clk             ;
; t8        ; clk        ; 6.249 ; 6.190 ; Rise       ; clk             ;
; t9        ; clk        ; 5.979 ; 5.976 ; Rise       ; clk             ;
; t10       ; clk        ; 6.522 ; 6.447 ; Rise       ; clk             ;
; t11       ; clk        ; 5.858 ; 5.806 ; Rise       ; clk             ;
; t12       ; clk        ; 6.801 ; 6.685 ; Rise       ; clk             ;
; t13       ; clk        ; 6.402 ; 6.278 ; Rise       ; clk             ;
; t14       ; clk        ; 6.572 ; 6.489 ; Rise       ; clk             ;
; t15       ; clk        ; 6.663 ; 6.508 ; Rise       ; clk             ;
; t16       ; clk        ; 6.179 ; 6.111 ; Rise       ; clk             ;
+-----------+------------+-------+-------+------------+-----------------+


+-----------------------------------------------------------------------+
; Minimum Clock to Output Times                                         ;
+-----------+------------+-------+-------+------------+-----------------+
; Data Port ; Clock Port ; Rise  ; Fall  ; Clock Edge ; Clock Reference ;
+-----------+------------+-------+-------+------------+-----------------+
; C1        ; clk        ; 5.761 ; 5.723 ; Rise       ; clk             ;
; C2        ; clk        ; 5.960 ; 5.872 ; Rise       ; clk             ;
; t1        ; clk        ; 6.504 ; 6.359 ; Rise       ; clk             ;
; t2        ; clk        ; 6.215 ; 6.114 ; Rise       ; clk             ;
; t3        ; clk        ; 7.958 ; 7.957 ; Rise       ; clk             ;
; t4        ; clk        ; 6.435 ; 6.288 ; Rise       ; clk             ;
; t5        ; clk        ; 6.021 ; 5.942 ; Rise       ; clk             ;
; t6        ; clk        ; 6.078 ; 6.015 ; Rise       ; clk             ;
; t7        ; clk        ; 6.158 ; 6.117 ; Rise       ; clk             ;
; t8        ; clk        ; 6.111 ; 6.053 ; Rise       ; clk             ;
; t9        ; clk        ; 5.851 ; 5.846 ; Rise       ; clk             ;
; t10       ; clk        ; 6.371 ; 6.299 ; Rise       ; clk             ;
; t11       ; clk        ; 5.734 ; 5.683 ; Rise       ; clk             ;
; t12       ; clk        ; 6.640 ; 6.528 ; Rise       ; clk             ;
; t13       ; clk        ; 6.256 ; 6.136 ; Rise       ; clk             ;
; t14       ; clk        ; 6.421 ; 6.339 ; Rise       ; clk             ;
; t15       ; clk        ; 6.508 ; 6.358 ; Rise       ; clk             ;
; t16       ; clk        ; 6.043 ; 5.977 ; Rise       ; clk             ;
+-----------+------------+-------+-------+------------+-----------------+


+-----------------------------------------------------------------------+
; Output Enable Times                                                   ;
+-----------+------------+-------+-------+------------+-----------------+
; Data Port ; Clock Port ; Rise  ; Fall  ; Clock Edge ; Clock Reference ;
+-----------+------------+-------+-------+------------+-----------------+
; C1        ; clk        ; 6.369 ; 6.367 ; Rise       ; clk             ;
; C2        ; clk        ; 6.337 ; 6.335 ; Rise       ; clk             ;
; C3        ; clk        ; 6.078 ; 6.076 ; Rise       ; clk             ;
; C4        ; clk        ; 6.113 ; 6.111 ; Rise       ; clk             ;
+-----------+------------+-------+-------+------------+-----------------+


+-----------------------------------------------------------------------+
; Minimum Output Enable Times                                           ;
+-----------+------------+-------+-------+------------+-----------------+
; Data Port ; Clock Port ; Rise  ; Fall  ; Clock Edge ; Clock Reference ;
+-----------+------------+-------+-------+------------+-----------------+
; C1        ; clk        ; 5.991 ; 5.991 ; Rise       ; clk             ;
; C2        ; clk        ; 5.960 ; 5.960 ; Rise       ; clk             ;
; C3        ; clk        ; 5.712 ; 5.712 ; Rise       ; clk             ;
; C4        ; clk        ; 5.746 ; 5.746 ; Rise       ; clk             ;
+-----------+------------+-------+-------+------------+-----------------+


+-------------------------------------------------------------------------------+
; Output Disable Times                                                          ;
+-----------+------------+-----------+-----------+------------+-----------------+
; Data Port ; Clock Port ; 0 to Hi-Z ; 1 to Hi-Z ; Clock Edge ; Clock Reference ;
+-----------+------------+-----------+-----------+------------+-----------------+
; C1        ; clk        ; 6.308     ; 6.308     ; Rise       ; clk             ;
; C2        ; clk        ; 6.368     ; 6.368     ; Rise       ; clk             ;
; C3        ; clk        ; 6.014     ; 6.014     ; Rise       ; clk             ;
; C4        ; clk        ; 6.066     ; 6.066     ; Rise       ; clk             ;
+-----------+------------+-----------+-----------+------------+-----------------+


+-------------------------------------------------------------------------------+
; Minimum Output Disable Times                                                  ;
+-----------+------------+-----------+-----------+------------+-----------------+
; Data Port ; Clock Port ; 0 to Hi-Z ; 1 to Hi-Z ; Clock Edge ; Clock Reference ;
+-----------+------------+-----------+-----------+------------+-----------------+
; C1        ; clk        ; 5.932     ; 6.047     ; Rise       ; clk             ;
; C2        ; clk        ; 5.990     ; 6.105     ; Rise       ; clk             ;
; C3        ; clk        ; 5.650     ; 5.765     ; Rise       ; clk             ;
; C4        ; clk        ; 5.700     ; 5.815     ; Rise       ; clk             ;
+-----------+------------+-----------+-----------+------------+-----------------+


---------------------------------------------
; Slow 1200mV 0C Model Metastability Report ;
---------------------------------------------
No synchronizer chains to report.


+------------------------------------+
; Fast 1200mV 0C Model Setup Summary ;
+-------+--------+-------------------+
; Clock ; Slack  ; End Point TNS     ;
+-------+--------+-------------------+
; clk   ; -1.013 ; -55.260           ;
+-------+--------+-------------------+


+-----------------------------------+
; Fast 1200mV 0C Model Hold Summary ;
+-------+-------+-------------------+
; Clock ; Slack ; End Point TNS     ;
+-------+-------+-------------------+
; clk   ; 0.173 ; 0.000             ;
+-------+-------+-------------------+


+---------------------------------------+
; Fast 1200mV 0C Model Recovery Summary ;
+-------+--------+----------------------+
; Clock ; Slack  ; End Point TNS        ;
+-------+--------+----------------------+
; clk   ; -0.161 ; -4.147               ;
+-------+--------+----------------------+


+--------------------------------------+
; Fast 1200mV 0C Model Removal Summary ;
+-------+-------+----------------------+
; Clock ; Slack ; End Point TNS        ;
+-------+-------+----------------------+
; clk   ; 0.298 ; 0.000                ;
+-------+-------+----------------------+


+--------------------------------------------------+
; Fast 1200mV 0C Model Minimum Pulse Width Summary ;
+-------+--------+---------------------------------+
; Clock ; Slack  ; End Point TNS                   ;
+-------+--------+---------------------------------+
; clk   ; -3.000 ; -98.506                         ;
+-------+--------+---------------------------------+


+------------------------------------------------------------------------------------------------------+
; Fast 1200mV 0C Model Setup: 'clk'                                                                    ;
+--------+-----------+-----------+--------------+-------------+--------------+------------+------------+
; Slack  ; From Node ; To Node   ; Launch Clock ; Latch Clock ; Relationship ; Clock Skew ; Data Delay ;
+--------+-----------+-----------+--------------+-------------+--------------+------------+------------+
; -1.013 ; C[0]      ; detecta   ; clk          ; clk         ; 1.000        ; -0.044     ; 1.956      ;
; -0.975 ; C[1]      ; detecta   ; clk          ; clk         ; 1.000        ; -0.045     ; 1.917      ;
; -0.973 ; D[6][2]   ; C[0]      ; clk          ; clk         ; 1.000        ; -0.040     ; 1.920      ;
; -0.972 ; D[7][2]   ; C[0]      ; clk          ; clk         ; 1.000        ; -0.040     ; 1.919      ;
; -0.969 ; D[15][0]  ; C[2]      ; clk          ; clk         ; 1.000        ; -0.243     ; 1.713      ;
; -0.964 ; D[2][2]   ; detecta   ; clk          ; clk         ; 1.000        ; -0.044     ; 1.907      ;
; -0.954 ; D[15][0]  ; C[0]      ; clk          ; clk         ; 1.000        ; -0.243     ; 1.698      ;
; -0.935 ; D[6][2]   ; detecta   ; clk          ; clk         ; 1.000        ; -0.042     ; 1.880      ;
; -0.932 ; C[1]      ; sal[1]    ; clk          ; clk         ; 1.000        ; -0.043     ; 1.876      ;
; -0.932 ; C[1]      ; sal[2]~en ; clk          ; clk         ; 1.000        ; -0.043     ; 1.876      ;
; -0.930 ; D[15][2]  ; C[2]      ; clk          ; clk         ; 1.000        ; -0.040     ; 1.877      ;
; -0.928 ; D[5][1]   ; detecta   ; clk          ; clk         ; 1.000        ; -0.043     ; 1.872      ;
; -0.922 ; D[1][1]   ; detecta   ; clk          ; clk         ; 1.000        ; -0.041     ; 1.868      ;
; -0.921 ; D[13][1]  ; C[2]      ; clk          ; clk         ; 1.000        ; -0.039     ; 1.869      ;
; -0.919 ; D[8][2]   ; C[0]      ; clk          ; clk         ; 1.000        ; -0.041     ; 1.865      ;
; -0.915 ; D[15][2]  ; C[0]      ; clk          ; clk         ; 1.000        ; -0.040     ; 1.862      ;
; -0.914 ; D[5][1]   ; C[0]      ; clk          ; clk         ; 1.000        ; -0.041     ; 1.860      ;
; -0.914 ; D[4][0]   ; C[2]      ; clk          ; clk         ; 1.000        ; -0.043     ; 1.858      ;
; -0.913 ; D[13][0]  ; C[2]      ; clk          ; clk         ; 1.000        ; -0.039     ; 1.861      ;
; -0.910 ; D[8][1]   ; C[0]      ; clk          ; clk         ; 1.000        ; -0.041     ; 1.856      ;
; -0.906 ; D[13][1]  ; C[0]      ; clk          ; clk         ; 1.000        ; -0.039     ; 1.854      ;
; -0.905 ; D[13][2]  ; C[2]      ; clk          ; clk         ; 1.000        ; -0.039     ; 1.853      ;
; -0.904 ; D[4][0]   ; C[0]      ; clk          ; clk         ; 1.000        ; -0.043     ; 1.848      ;
; -0.900 ; D[14][1]  ; C[2]      ; clk          ; clk         ; 1.000        ; -0.040     ; 1.847      ;
; -0.898 ; D[1][1]   ; C[2]      ; clk          ; clk         ; 1.000        ; -0.039     ; 1.846      ;
; -0.898 ; D[13][0]  ; C[0]      ; clk          ; clk         ; 1.000        ; -0.039     ; 1.846      ;
; -0.896 ; D[10][0]  ; detecta   ; clk          ; clk         ; 1.000        ; -0.043     ; 1.840      ;
; -0.893 ; D[11][0]  ; C[2]      ; clk          ; clk         ; 1.000        ; -0.041     ; 1.839      ;
; -0.890 ; D[7][2]   ; detecta   ; clk          ; clk         ; 1.000        ; -0.042     ; 1.835      ;
; -0.890 ; D[13][2]  ; C[0]      ; clk          ; clk         ; 1.000        ; -0.039     ; 1.838      ;
; -0.888 ; D[1][1]   ; C[0]      ; clk          ; clk         ; 1.000        ; -0.039     ; 1.836      ;
; -0.885 ; C[2]      ; detecta   ; clk          ; clk         ; 1.000        ; -0.044     ; 1.828      ;
; -0.885 ; D[7][1]   ; C[0]      ; clk          ; clk         ; 1.000        ; -0.040     ; 1.832      ;
; -0.885 ; D[14][1]  ; C[0]      ; clk          ; clk         ; 1.000        ; -0.040     ; 1.832      ;
; -0.883 ; D[6][0]   ; C[0]      ; clk          ; clk         ; 1.000        ; -0.040     ; 1.830      ;
; -0.883 ; D[4][3]   ; detecta   ; clk          ; clk         ; 1.000        ; -0.231     ; 1.639      ;
; -0.883 ; D[11][0]  ; C[0]      ; clk          ; clk         ; 1.000        ; -0.041     ; 1.829      ;
; -0.882 ; D[6][2]   ; C[2]      ; clk          ; clk         ; 1.000        ; -0.040     ; 1.829      ;
; -0.881 ; D[7][2]   ; C[2]      ; clk          ; clk         ; 1.000        ; -0.040     ; 1.828      ;
; -0.880 ; D[4][3]   ; C[2]      ; clk          ; clk         ; 1.000        ; -0.229     ; 1.638      ;
; -0.876 ; detecta   ; detecta   ; clk          ; clk         ; 1.000        ; -0.042     ; 1.821      ;
; -0.870 ; D[4][3]   ; C[0]      ; clk          ; clk         ; 1.000        ; -0.229     ; 1.628      ;
; -0.868 ; D[2][0]   ; detecta   ; clk          ; clk         ; 1.000        ; -0.044     ; 1.811      ;
; -0.861 ; D[13][3]  ; C[2]      ; clk          ; clk         ; 1.000        ; -0.039     ; 1.809      ;
; -0.859 ; D[12][2]  ; C[2]      ; clk          ; clk         ; 1.000        ; -0.041     ; 1.805      ;
; -0.850 ; C[0]      ; D[3][3]   ; clk          ; clk         ; 1.000        ; -0.043     ; 1.794      ;
; -0.849 ; C[0]      ; D[4][0]   ; clk          ; clk         ; 1.000        ; -0.041     ; 1.795      ;
; -0.849 ; C[0]      ; D[4][2]   ; clk          ; clk         ; 1.000        ; -0.041     ; 1.795      ;
; -0.849 ; C[0]      ; D[4][1]   ; clk          ; clk         ; 1.000        ; -0.041     ; 1.795      ;
; -0.849 ; D[12][2]  ; C[0]      ; clk          ; clk         ; 1.000        ; -0.041     ; 1.795      ;
; -0.847 ; C[0]      ; D[3][1]   ; clk          ; clk         ; 1.000        ; -0.043     ; 1.791      ;
; -0.846 ; D[13][3]  ; C[0]      ; clk          ; clk         ; 1.000        ; -0.039     ; 1.794      ;
; -0.844 ; C[0]      ; D[3][2]   ; clk          ; clk         ; 1.000        ; -0.043     ; 1.788      ;
; -0.842 ; D[1][0]   ; detecta   ; clk          ; clk         ; 1.000        ; -0.041     ; 1.788      ;
; -0.841 ; D[10][1]  ; C[2]      ; clk          ; clk         ; 1.000        ; -0.041     ; 1.787      ;
; -0.838 ; D[8][0]   ; C[0]      ; clk          ; clk         ; 1.000        ; -0.041     ; 1.784      ;
; -0.836 ; C[1]      ; C[2]      ; clk          ; clk         ; 1.000        ; -0.043     ; 1.780      ;
; -0.834 ; D[14][1]  ; detecta   ; clk          ; clk         ; 1.000        ; -0.042     ; 1.779      ;
; -0.831 ; D[4][2]   ; C[2]      ; clk          ; clk         ; 1.000        ; -0.043     ; 1.775      ;
; -0.831 ; D[10][1]  ; C[0]      ; clk          ; clk         ; 1.000        ; -0.041     ; 1.777      ;
; -0.830 ; D[5][0]   ; detecta   ; clk          ; clk         ; 1.000        ; -0.043     ; 1.774      ;
; -0.828 ; D[8][2]   ; C[2]      ; clk          ; clk         ; 1.000        ; -0.041     ; 1.774      ;
; -0.827 ; D[7][0]   ; C[0]      ; clk          ; clk         ; 1.000        ; -0.040     ; 1.774      ;
; -0.826 ; C[1]      ; C[0]      ; clk          ; clk         ; 1.000        ; -0.043     ; 1.770      ;
; -0.825 ; D[6][1]   ; C[0]      ; clk          ; clk         ; 1.000        ; -0.040     ; 1.772      ;
; -0.824 ; D[6][0]   ; detecta   ; clk          ; clk         ; 1.000        ; -0.042     ; 1.769      ;
; -0.823 ; D[5][1]   ; C[2]      ; clk          ; clk         ; 1.000        ; -0.041     ; 1.769      ;
; -0.821 ; D[4][2]   ; C[0]      ; clk          ; clk         ; 1.000        ; -0.043     ; 1.765      ;
; -0.819 ; D[8][1]   ; C[2]      ; clk          ; clk         ; 1.000        ; -0.041     ; 1.765      ;
; -0.818 ; D[1][0]   ; C[2]      ; clk          ; clk         ; 1.000        ; -0.039     ; 1.766      ;
; -0.816 ; D[5][0]   ; C[0]      ; clk          ; clk         ; 1.000        ; -0.041     ; 1.762      ;
; -0.811 ; C[2]      ; sal[1]    ; clk          ; clk         ; 1.000        ; -0.042     ; 1.756      ;
; -0.811 ; C[2]      ; sal[2]~en ; clk          ; clk         ; 1.000        ; -0.042     ; 1.756      ;
; -0.810 ; D[15][0]  ; detecta   ; clk          ; clk         ; 1.000        ; -0.245     ; 1.552      ;
; -0.808 ; D[15][1]  ; C[2]      ; clk          ; clk         ; 1.000        ; -0.040     ; 1.755      ;
; -0.808 ; D[1][0]   ; C[0]      ; clk          ; clk         ; 1.000        ; -0.039     ; 1.756      ;
; -0.805 ; D[2][1]   ; detecta   ; clk          ; clk         ; 1.000        ; -0.044     ; 1.748      ;
; -0.803 ; D[7][1]   ; detecta   ; clk          ; clk         ; 1.000        ; -0.042     ; 1.748      ;
; -0.798 ; D[10][1]  ; detecta   ; clk          ; clk         ; 1.000        ; -0.043     ; 1.742      ;
; -0.797 ; D[11][1]  ; C[2]      ; clk          ; clk         ; 1.000        ; -0.041     ; 1.743      ;
; -0.796 ; D[1][1]   ; D[4][2]   ; clk          ; clk         ; 1.000        ; -0.038     ; 1.745      ;
; -0.796 ; D[1][1]   ; D[4][1]   ; clk          ; clk         ; 1.000        ; -0.038     ; 1.745      ;
; -0.795 ; D[1][1]   ; D[4][0]   ; clk          ; clk         ; 1.000        ; -0.038     ; 1.744      ;
; -0.794 ; D[14][2]  ; C[2]      ; clk          ; clk         ; 1.000        ; -0.040     ; 1.741      ;
; -0.794 ; D[7][1]   ; C[2]      ; clk          ; clk         ; 1.000        ; -0.040     ; 1.741      ;
; -0.793 ; D[15][1]  ; C[0]      ; clk          ; clk         ; 1.000        ; -0.040     ; 1.740      ;
; -0.792 ; D[6][0]   ; C[2]      ; clk          ; clk         ; 1.000        ; -0.040     ; 1.739      ;
; -0.791 ; C[1]      ; D[16][1]  ; clk          ; clk         ; 1.000        ; -0.044     ; 1.734      ;
; -0.790 ; D[8][3]   ; C[0]      ; clk          ; clk         ; 1.000        ; -0.041     ; 1.736      ;
; -0.789 ; C[1]      ; D[16][3]  ; clk          ; clk         ; 1.000        ; -0.044     ; 1.732      ;
; -0.789 ; detecta   ; sal[1]    ; clk          ; clk         ; 1.000        ; -0.040     ; 1.736      ;
; -0.789 ; detecta   ; sal[2]~en ; clk          ; clk         ; 1.000        ; -0.040     ; 1.736      ;
; -0.788 ; C[1]      ; D[16][0]  ; clk          ; clk         ; 1.000        ; -0.044     ; 1.731      ;
; -0.788 ; C[1]      ; D[16][2]  ; clk          ; clk         ; 1.000        ; -0.044     ; 1.731      ;
; -0.787 ; D[11][1]  ; C[0]      ; clk          ; clk         ; 1.000        ; -0.041     ; 1.733      ;
; -0.787 ; D[1][1]   ; D[3][3]   ; clk          ; clk         ; 1.000        ; -0.040     ; 1.734      ;
; -0.786 ; D[12][2]  ; C[1]      ; clk          ; clk         ; 1.000        ; -0.040     ; 1.733      ;
; -0.786 ; D[1][1]   ; D[3][1]   ; clk          ; clk         ; 1.000        ; -0.040     ; 1.733      ;
; -0.785 ; D[12][0]  ; C[2]      ; clk          ; clk         ; 1.000        ; -0.041     ; 1.731      ;
; -0.784 ; D[6][3]   ; C[0]      ; clk          ; clk         ; 1.000        ; -0.040     ; 1.731      ;
+--------+-----------+-----------+--------------+-------------+--------------+------------+------------+


+-----------------------------------------------------------------------------------------------------+
; Fast 1200mV 0C Model Hold: 'clk'                                                                    ;
+-------+-----------+-----------+--------------+-------------+--------------+------------+------------+
; Slack ; From Node ; To Node   ; Launch Clock ; Latch Clock ; Relationship ; Clock Skew ; Data Delay ;
+-------+-----------+-----------+--------------+-------------+--------------+------------+------------+
; 0.173 ; D[15][0]  ; D[15][0]  ; clk          ; clk         ; 0.000        ; 0.050      ; 0.307      ;
; 0.173 ; t_3       ; t_3       ; clk          ; clk         ; 0.000        ; 0.050      ; 0.307      ;
; 0.173 ; t_7       ; t_7       ; clk          ; clk         ; 0.000        ; 0.050      ; 0.307      ;
; 0.173 ; t_10      ; t_10      ; clk          ; clk         ; 0.000        ; 0.050      ; 0.307      ;
; 0.173 ; t_12      ; t_12      ; clk          ; clk         ; 0.000        ; 0.050      ; 0.307      ;
; 0.173 ; t_14      ; t_14      ; clk          ; clk         ; 0.000        ; 0.050      ; 0.307      ;
; 0.174 ; D[4][3]   ; D[4][3]   ; clk          ; clk         ; 0.000        ; 0.049      ; 0.307      ;
; 0.181 ; D[15][1]  ; D[15][1]  ; clk          ; clk         ; 0.000        ; 0.042      ; 0.307      ;
; 0.181 ; D[15][2]  ; D[15][2]  ; clk          ; clk         ; 0.000        ; 0.042      ; 0.307      ;
; 0.181 ; D[15][3]  ; D[15][3]  ; clk          ; clk         ; 0.000        ; 0.042      ; 0.307      ;
; 0.181 ; D[13][0]  ; D[13][0]  ; clk          ; clk         ; 0.000        ; 0.042      ; 0.307      ;
; 0.181 ; D[13][2]  ; D[13][2]  ; clk          ; clk         ; 0.000        ; 0.042      ; 0.307      ;
; 0.181 ; D[13][3]  ; D[13][3]  ; clk          ; clk         ; 0.000        ; 0.042      ; 0.307      ;
; 0.181 ; D[13][1]  ; D[13][1]  ; clk          ; clk         ; 0.000        ; 0.042      ; 0.307      ;
; 0.181 ; D[7][1]   ; D[7][1]   ; clk          ; clk         ; 0.000        ; 0.042      ; 0.307      ;
; 0.181 ; D[7][2]   ; D[7][2]   ; clk          ; clk         ; 0.000        ; 0.042      ; 0.307      ;
; 0.181 ; D[7][3]   ; D[7][3]   ; clk          ; clk         ; 0.000        ; 0.042      ; 0.307      ;
; 0.181 ; D[6][0]   ; D[6][0]   ; clk          ; clk         ; 0.000        ; 0.042      ; 0.307      ;
; 0.181 ; D[6][2]   ; D[6][2]   ; clk          ; clk         ; 0.000        ; 0.042      ; 0.307      ;
; 0.181 ; D[6][3]   ; D[6][3]   ; clk          ; clk         ; 0.000        ; 0.042      ; 0.307      ;
; 0.181 ; D[6][1]   ; D[6][1]   ; clk          ; clk         ; 0.000        ; 0.042      ; 0.307      ;
; 0.181 ; D[7][0]   ; D[7][0]   ; clk          ; clk         ; 0.000        ; 0.042      ; 0.307      ;
; 0.181 ; D[8][0]   ; D[8][0]   ; clk          ; clk         ; 0.000        ; 0.042      ; 0.307      ;
; 0.181 ; D[8][1]   ; D[8][1]   ; clk          ; clk         ; 0.000        ; 0.042      ; 0.307      ;
; 0.181 ; D[8][2]   ; D[8][2]   ; clk          ; clk         ; 0.000        ; 0.042      ; 0.307      ;
; 0.181 ; D[8][3]   ; D[8][3]   ; clk          ; clk         ; 0.000        ; 0.042      ; 0.307      ;
; 0.181 ; D[2][2]   ; D[2][2]   ; clk          ; clk         ; 0.000        ; 0.042      ; 0.307      ;
; 0.181 ; D[2][3]   ; D[2][3]   ; clk          ; clk         ; 0.000        ; 0.042      ; 0.307      ;
; 0.181 ; D[2][0]   ; D[2][0]   ; clk          ; clk         ; 0.000        ; 0.042      ; 0.307      ;
; 0.181 ; D[2][1]   ; D[2][1]   ; clk          ; clk         ; 0.000        ; 0.042      ; 0.307      ;
; 0.181 ; D[9][2]   ; D[9][2]   ; clk          ; clk         ; 0.000        ; 0.042      ; 0.307      ;
; 0.181 ; D[11][0]  ; D[11][0]  ; clk          ; clk         ; 0.000        ; 0.042      ; 0.307      ;
; 0.181 ; D[11][1]  ; D[11][1]  ; clk          ; clk         ; 0.000        ; 0.042      ; 0.307      ;
; 0.181 ; D[11][3]  ; D[11][3]  ; clk          ; clk         ; 0.000        ; 0.042      ; 0.307      ;
; 0.181 ; D[12][0]  ; D[12][0]  ; clk          ; clk         ; 0.000        ; 0.042      ; 0.307      ;
; 0.181 ; D[12][2]  ; D[12][2]  ; clk          ; clk         ; 0.000        ; 0.042      ; 0.307      ;
; 0.181 ; D[12][3]  ; D[12][3]  ; clk          ; clk         ; 0.000        ; 0.042      ; 0.307      ;
; 0.181 ; D[12][1]  ; D[12][1]  ; clk          ; clk         ; 0.000        ; 0.042      ; 0.307      ;
; 0.181 ; D[10][0]  ; D[10][0]  ; clk          ; clk         ; 0.000        ; 0.042      ; 0.307      ;
; 0.181 ; D[10][1]  ; D[10][1]  ; clk          ; clk         ; 0.000        ; 0.042      ; 0.307      ;
; 0.181 ; D[10][3]  ; D[10][3]  ; clk          ; clk         ; 0.000        ; 0.042      ; 0.307      ;
; 0.181 ; D[10][2]  ; D[10][2]  ; clk          ; clk         ; 0.000        ; 0.042      ; 0.307      ;
; 0.181 ; D[4][0]   ; D[4][0]   ; clk          ; clk         ; 0.000        ; 0.042      ; 0.307      ;
; 0.181 ; D[4][2]   ; D[4][2]   ; clk          ; clk         ; 0.000        ; 0.042      ; 0.307      ;
; 0.181 ; D[4][1]   ; D[4][1]   ; clk          ; clk         ; 0.000        ; 0.042      ; 0.307      ;
; 0.181 ; D[9][0]   ; D[9][0]   ; clk          ; clk         ; 0.000        ; 0.042      ; 0.307      ;
; 0.181 ; D[9][1]   ; D[9][1]   ; clk          ; clk         ; 0.000        ; 0.042      ; 0.307      ;
; 0.181 ; D[9][3]   ; D[9][3]   ; clk          ; clk         ; 0.000        ; 0.042      ; 0.307      ;
; 0.181 ; D[11][2]  ; D[11][2]  ; clk          ; clk         ; 0.000        ; 0.042      ; 0.307      ;
; 0.181 ; C[1]      ; C[1]      ; clk          ; clk         ; 0.000        ; 0.042      ; 0.307      ;
; 0.181 ; t_2       ; t_2       ; clk          ; clk         ; 0.000        ; 0.042      ; 0.307      ;
; 0.181 ; t_5       ; t_5       ; clk          ; clk         ; 0.000        ; 0.042      ; 0.307      ;
; 0.181 ; t_9       ; t_9       ; clk          ; clk         ; 0.000        ; 0.042      ; 0.307      ;
; 0.181 ; t_13      ; t_13      ; clk          ; clk         ; 0.000        ; 0.042      ; 0.307      ;
; 0.181 ; t_11      ; t_11      ; clk          ; clk         ; 0.000        ; 0.042      ; 0.307      ;
; 0.182 ; D[14][1]  ; D[14][1]  ; clk          ; clk         ; 0.000        ; 0.041      ; 0.307      ;
; 0.182 ; D[14][2]  ; D[14][2]  ; clk          ; clk         ; 0.000        ; 0.041      ; 0.307      ;
; 0.182 ; D[14][3]  ; D[14][3]  ; clk          ; clk         ; 0.000        ; 0.041      ; 0.307      ;
; 0.182 ; D[16][0]  ; D[16][0]  ; clk          ; clk         ; 0.000        ; 0.041      ; 0.307      ;
; 0.182 ; D[16][1]  ; D[16][1]  ; clk          ; clk         ; 0.000        ; 0.041      ; 0.307      ;
; 0.182 ; D[16][2]  ; D[16][2]  ; clk          ; clk         ; 0.000        ; 0.041      ; 0.307      ;
; 0.182 ; D[16][3]  ; D[16][3]  ; clk          ; clk         ; 0.000        ; 0.041      ; 0.307      ;
; 0.182 ; D[14][0]  ; D[14][0]  ; clk          ; clk         ; 0.000        ; 0.041      ; 0.307      ;
; 0.182 ; D[5][0]   ; D[5][0]   ; clk          ; clk         ; 0.000        ; 0.041      ; 0.307      ;
; 0.182 ; D[5][1]   ; D[5][1]   ; clk          ; clk         ; 0.000        ; 0.041      ; 0.307      ;
; 0.182 ; D[5][3]   ; D[5][3]   ; clk          ; clk         ; 0.000        ; 0.041      ; 0.307      ;
; 0.182 ; D[1][0]   ; D[1][0]   ; clk          ; clk         ; 0.000        ; 0.041      ; 0.307      ;
; 0.182 ; D[1][1]   ; D[1][1]   ; clk          ; clk         ; 0.000        ; 0.041      ; 0.307      ;
; 0.182 ; D[1][3]   ; D[1][3]   ; clk          ; clk         ; 0.000        ; 0.041      ; 0.307      ;
; 0.182 ; D[1][2]   ; D[1][2]   ; clk          ; clk         ; 0.000        ; 0.041      ; 0.307      ;
; 0.182 ; D[3][1]   ; D[3][1]   ; clk          ; clk         ; 0.000        ; 0.041      ; 0.307      ;
; 0.182 ; D[3][2]   ; D[3][2]   ; clk          ; clk         ; 0.000        ; 0.041      ; 0.307      ;
; 0.182 ; D[3][3]   ; D[3][3]   ; clk          ; clk         ; 0.000        ; 0.041      ; 0.307      ;
; 0.182 ; D[3][0]   ; D[3][0]   ; clk          ; clk         ; 0.000        ; 0.041      ; 0.307      ;
; 0.182 ; D[5][2]   ; D[5][2]   ; clk          ; clk         ; 0.000        ; 0.041      ; 0.307      ;
; 0.182 ; t_1       ; t_1       ; clk          ; clk         ; 0.000        ; 0.041      ; 0.307      ;
; 0.182 ; t_6       ; t_6       ; clk          ; clk         ; 0.000        ; 0.041      ; 0.307      ;
; 0.195 ; D[13][2]  ; D[13][3]  ; clk          ; clk         ; 0.000        ; 0.042      ; 0.321      ;
; 0.203 ; D[9][0]   ; D[9][1]   ; clk          ; clk         ; 0.000        ; 0.042      ; 0.329      ;
; 0.222 ; D[9][3]   ; D[9][0]   ; clk          ; clk         ; 0.000        ; 0.042      ; 0.348      ;
; 0.242 ; D[5][3]   ; sal[1]~en ; clk          ; clk         ; 0.000        ; 0.231      ; 0.557      ;
; 0.267 ; D[4][1]   ; D[4][3]   ; clk          ; clk         ; 0.000        ; 0.228      ; 0.579      ;
; 0.279 ; detecta   ; sal[0]~en ; clk          ; clk         ; 0.000        ; 0.233      ; 0.596      ;
; 0.289 ; D[3][3]   ; t_3       ; clk          ; clk         ; 0.000        ; 0.244      ; 0.617      ;
; 0.291 ; C[2]      ; sal[1]    ; clk          ; clk         ; 0.000        ; 0.042      ; 0.417      ;
; 0.294 ; D[16][2]  ; D[16][3]  ; clk          ; clk         ; 0.000        ; 0.041      ; 0.419      ;
; 0.295 ; D[14][2]  ; D[14][3]  ; clk          ; clk         ; 0.000        ; 0.041      ; 0.420      ;
; 0.302 ; D[10][2]  ; D[10][3]  ; clk          ; clk         ; 0.000        ; 0.042      ; 0.428      ;
; 0.308 ; D[8][0]   ; D[8][1]   ; clk          ; clk         ; 0.000        ; 0.042      ; 0.434      ;
; 0.311 ; D[14][0]  ; D[14][1]  ; clk          ; clk         ; 0.000        ; 0.041      ; 0.436      ;
; 0.311 ; D[16][0]  ; D[16][1]  ; clk          ; clk         ; 0.000        ; 0.041      ; 0.436      ;
; 0.312 ; D[13][0]  ; D[13][1]  ; clk          ; clk         ; 0.000        ; 0.042      ; 0.438      ;
; 0.320 ; D[1][0]   ; D[1][1]   ; clk          ; clk         ; 0.000        ; 0.041      ; 0.445      ;
; 0.323 ; D[15][3]  ; D[15][2]  ; clk          ; clk         ; 0.000        ; 0.042      ; 0.449      ;
; 0.323 ; D[2][3]   ; D[2][0]   ; clk          ; clk         ; 0.000        ; 0.042      ; 0.449      ;
; 0.324 ; C[1]      ; sal[1]    ; clk          ; clk         ; 0.000        ; 0.041      ; 0.449      ;
; 0.324 ; D[15][3]  ; D[15][0]  ; clk          ; clk         ; 0.000        ; 0.245      ; 0.653      ;
; 0.324 ; D[16][3]  ; D[16][2]  ; clk          ; clk         ; 0.000        ; 0.041      ; 0.449      ;
; 0.325 ; D[10][0]  ; D[10][1]  ; clk          ; clk         ; 0.000        ; 0.042      ; 0.451      ;
; 0.325 ; D[1][3]   ; t_1       ; clk          ; clk         ; 0.000        ; 0.041      ; 0.450      ;
+-------+-----------+-----------+--------------+-------------+--------------+------------+------------+


+-----------------------------------------------------------------------------------------------------+
; Fast 1200mV 0C Model Recovery: 'clk'                                                                ;
+--------+-----------+----------+--------------+-------------+--------------+------------+------------+
; Slack  ; From Node ; To Node  ; Launch Clock ; Latch Clock ; Relationship ; Clock Skew ; Data Delay ;
+--------+-----------+----------+--------------+-------------+--------------+------------+------------+
; -0.161 ; t_16      ; D[7][1]  ; clk          ; clk         ; 1.000        ; -0.042     ; 1.106      ;
; -0.161 ; t_16      ; D[7][2]  ; clk          ; clk         ; 1.000        ; -0.042     ; 1.106      ;
; -0.161 ; t_16      ; D[6][0]  ; clk          ; clk         ; 1.000        ; -0.042     ; 1.106      ;
; -0.161 ; t_16      ; D[6][2]  ; clk          ; clk         ; 1.000        ; -0.042     ; 1.106      ;
; -0.161 ; t_16      ; D[6][3]  ; clk          ; clk         ; 1.000        ; -0.042     ; 1.106      ;
; -0.161 ; t_16      ; D[6][1]  ; clk          ; clk         ; 1.000        ; -0.042     ; 1.106      ;
; -0.161 ; t_16      ; D[7][0]  ; clk          ; clk         ; 1.000        ; -0.042     ; 1.106      ;
; -0.158 ; t_16      ; D[7][3]  ; clk          ; clk         ; 1.000        ; -0.041     ; 1.104      ;
; -0.158 ; t_16      ; D[8][0]  ; clk          ; clk         ; 1.000        ; -0.041     ; 1.104      ;
; -0.158 ; t_16      ; D[8][1]  ; clk          ; clk         ; 1.000        ; -0.041     ; 1.104      ;
; -0.158 ; t_16      ; D[8][2]  ; clk          ; clk         ; 1.000        ; -0.041     ; 1.104      ;
; -0.158 ; t_16      ; D[8][3]  ; clk          ; clk         ; 1.000        ; -0.041     ; 1.104      ;
; -0.143 ; t_16      ; t_6      ; clk          ; clk         ; 1.000        ; -0.040     ; 1.090      ;
; -0.143 ; t_16      ; t_8      ; clk          ; clk         ; 1.000        ; -0.040     ; 1.090      ;
; -0.125 ; t_16      ; D[15][1] ; clk          ; clk         ; 1.000        ; -0.042     ; 1.070      ;
; -0.125 ; t_16      ; D[15][2] ; clk          ; clk         ; 1.000        ; -0.042     ; 1.070      ;
; -0.125 ; t_16      ; D[15][3] ; clk          ; clk         ; 1.000        ; -0.042     ; 1.070      ;
; -0.124 ; t_16      ; C[2]     ; clk          ; clk         ; 1.000        ; -0.040     ; 1.071      ;
; -0.124 ; t_16      ; C[0]     ; clk          ; clk         ; 1.000        ; -0.040     ; 1.071      ;
; -0.117 ; t_16      ; D[2][2]  ; clk          ; clk         ; 1.000        ; -0.040     ; 1.064      ;
; -0.117 ; t_16      ; D[2][3]  ; clk          ; clk         ; 1.000        ; -0.040     ; 1.064      ;
; -0.117 ; t_16      ; D[2][0]  ; clk          ; clk         ; 1.000        ; -0.040     ; 1.064      ;
; -0.117 ; t_16      ; D[2][1]  ; clk          ; clk         ; 1.000        ; -0.040     ; 1.064      ;
; -0.069 ; t_16      ; D[4][0]  ; clk          ; clk         ; 1.000        ; -0.039     ; 1.017      ;
; -0.069 ; t_16      ; D[4][2]  ; clk          ; clk         ; 1.000        ; -0.039     ; 1.017      ;
; -0.069 ; t_16      ; D[4][1]  ; clk          ; clk         ; 1.000        ; -0.039     ; 1.017      ;
; -0.069 ; t_16      ; C[1]     ; clk          ; clk         ; 1.000        ; -0.039     ; 1.017      ;
; -0.066 ; t_16      ; D[1][0]  ; clk          ; clk         ; 1.000        ; -0.042     ; 1.011      ;
; -0.066 ; t_16      ; D[1][1]  ; clk          ; clk         ; 1.000        ; -0.042     ; 1.011      ;
; -0.066 ; t_16      ; D[1][3]  ; clk          ; clk         ; 1.000        ; -0.042     ; 1.011      ;
; -0.066 ; t_16      ; D[1][2]  ; clk          ; clk         ; 1.000        ; -0.042     ; 1.011      ;
; -0.066 ; t_16      ; t_1      ; clk          ; clk         ; 1.000        ; -0.042     ; 1.011      ;
; -0.043 ; t_16      ; t_2      ; clk          ; clk         ; 1.000        ; -0.043     ; 0.987      ;
; -0.013 ; t_16      ; D[9][2]  ; clk          ; clk         ; 1.000        ; -0.040     ; 0.960      ;
; -0.013 ; t_16      ; D[9][0]  ; clk          ; clk         ; 1.000        ; -0.040     ; 0.960      ;
; -0.013 ; t_16      ; D[9][1]  ; clk          ; clk         ; 1.000        ; -0.040     ; 0.960      ;
; -0.013 ; t_16      ; D[9][3]  ; clk          ; clk         ; 1.000        ; -0.040     ; 0.960      ;
; -0.012 ; t_16      ; D[11][0] ; clk          ; clk         ; 1.000        ; -0.041     ; 0.958      ;
; -0.012 ; t_16      ; D[11][1] ; clk          ; clk         ; 1.000        ; -0.041     ; 0.958      ;
; -0.012 ; t_16      ; D[11][3] ; clk          ; clk         ; 1.000        ; -0.041     ; 0.958      ;
; -0.012 ; t_16      ; D[12][0] ; clk          ; clk         ; 1.000        ; -0.041     ; 0.958      ;
; -0.012 ; t_16      ; D[12][2] ; clk          ; clk         ; 1.000        ; -0.041     ; 0.958      ;
; -0.012 ; t_16      ; D[12][3] ; clk          ; clk         ; 1.000        ; -0.041     ; 0.958      ;
; -0.012 ; t_16      ; D[12][1] ; clk          ; clk         ; 1.000        ; -0.041     ; 0.958      ;
; -0.012 ; t_16      ; D[11][2] ; clk          ; clk         ; 1.000        ; -0.041     ; 0.958      ;
; -0.008 ; t_16      ; t_9      ; clk          ; clk         ; 1.000        ; -0.040     ; 0.955      ;
; -0.006 ; t_16      ; D[14][1] ; clk          ; clk         ; 1.000        ; -0.041     ; 0.952      ;
; -0.006 ; t_16      ; D[14][2] ; clk          ; clk         ; 1.000        ; -0.041     ; 0.952      ;
; -0.006 ; t_16      ; D[14][3] ; clk          ; clk         ; 1.000        ; -0.041     ; 0.952      ;
; -0.006 ; t_16      ; D[16][0] ; clk          ; clk         ; 1.000        ; -0.041     ; 0.952      ;
; -0.006 ; t_16      ; D[16][1] ; clk          ; clk         ; 1.000        ; -0.041     ; 0.952      ;
; -0.006 ; t_16      ; D[16][2] ; clk          ; clk         ; 1.000        ; -0.041     ; 0.952      ;
; -0.006 ; t_16      ; D[16][3] ; clk          ; clk         ; 1.000        ; -0.041     ; 0.952      ;
; -0.006 ; t_16      ; D[14][0] ; clk          ; clk         ; 1.000        ; -0.041     ; 0.952      ;
; 0.009  ; t_16      ; D[13][0] ; clk          ; clk         ; 1.000        ; -0.043     ; 0.935      ;
; 0.009  ; t_16      ; D[13][2] ; clk          ; clk         ; 1.000        ; -0.043     ; 0.935      ;
; 0.009  ; t_16      ; D[13][3] ; clk          ; clk         ; 1.000        ; -0.043     ; 0.935      ;
; 0.009  ; t_16      ; D[13][1] ; clk          ; clk         ; 1.000        ; -0.043     ; 0.935      ;
; 0.035  ; t_16      ; t_7      ; clk          ; clk         ; 1.000        ; 0.154      ; 1.106      ;
; 0.043  ; t_16      ; D[10][0] ; clk          ; clk         ; 1.000        ; -0.041     ; 0.903      ;
; 0.043  ; t_16      ; D[10][1] ; clk          ; clk         ; 1.000        ; -0.041     ; 0.903      ;
; 0.043  ; t_16      ; D[10][3] ; clk          ; clk         ; 1.000        ; -0.041     ; 0.903      ;
; 0.043  ; t_16      ; D[10][2] ; clk          ; clk         ; 1.000        ; -0.041     ; 0.903      ;
; 0.043  ; t_16      ; t_4      ; clk          ; clk         ; 1.000        ; -0.041     ; 0.903      ;
; 0.070  ; t_16      ; D[15][0] ; clk          ; clk         ; 1.000        ; 0.153      ; 1.070      ;
; 0.110  ; t_16      ; D[4][3]  ; clk          ; clk         ; 1.000        ; 0.140      ; 1.017      ;
; 0.135  ; t_16      ; detecta  ; clk          ; clk         ; 1.000        ; -0.042     ; 0.810      ;
; 0.135  ; t_16      ; t_5      ; clk          ; clk         ; 1.000        ; -0.042     ; 0.810      ;
; 0.135  ; t_16      ; t_13     ; clk          ; clk         ; 1.000        ; -0.042     ; 0.810      ;
; 0.135  ; t_16      ; t_11     ; clk          ; clk         ; 1.000        ; -0.042     ; 0.810      ;
; 0.135  ; t_16      ; t_15     ; clk          ; clk         ; 1.000        ; -0.042     ; 0.810      ;
; 0.183  ; t_16      ; t_10     ; clk          ; clk         ; 1.000        ; 0.156      ; 0.960      ;
; 0.183  ; t_16      ; t_12     ; clk          ; clk         ; 1.000        ; 0.156      ; 0.960      ;
; 0.204  ; t_16      ; t_14     ; clk          ; clk         ; 1.000        ; 0.152      ; 0.935      ;
; 0.242  ; t_16      ; t_16     ; clk          ; clk         ; 1.000        ; -0.041     ; 0.704      ;
; 0.242  ; t_16      ; D[3][1]  ; clk          ; clk         ; 1.000        ; -0.041     ; 0.704      ;
; 0.242  ; t_16      ; D[3][2]  ; clk          ; clk         ; 1.000        ; -0.041     ; 0.704      ;
; 0.242  ; t_16      ; D[3][3]  ; clk          ; clk         ; 1.000        ; -0.041     ; 0.704      ;
; 0.242  ; t_16      ; D[3][0]  ; clk          ; clk         ; 1.000        ; -0.041     ; 0.704      ;
; 0.436  ; t_16      ; t_3      ; clk          ; clk         ; 1.000        ; 0.153      ; 0.704      ;
+--------+-----------+----------+--------------+-------------+--------------+------------+------------+


+----------------------------------------------------------------------------------------------------+
; Fast 1200mV 0C Model Removal: 'clk'                                                                ;
+-------+-----------+----------+--------------+-------------+--------------+------------+------------+
; Slack ; From Node ; To Node  ; Launch Clock ; Latch Clock ; Relationship ; Clock Skew ; Data Delay ;
+-------+-----------+----------+--------------+-------------+--------------+------------+------------+
; 0.298 ; t_16      ; t_3      ; clk          ; clk         ; 0.000        ; 0.244      ; 0.626      ;
; 0.501 ; t_16      ; t_16     ; clk          ; clk         ; 0.000        ; 0.041      ; 0.626      ;
; 0.501 ; t_16      ; D[3][1]  ; clk          ; clk         ; 0.000        ; 0.041      ; 0.626      ;
; 0.501 ; t_16      ; D[3][2]  ; clk          ; clk         ; 0.000        ; 0.041      ; 0.626      ;
; 0.501 ; t_16      ; D[3][3]  ; clk          ; clk         ; 0.000        ; 0.041      ; 0.626      ;
; 0.501 ; t_16      ; D[3][0]  ; clk          ; clk         ; 0.000        ; 0.041      ; 0.626      ;
; 0.501 ; t_16      ; t_14     ; clk          ; clk         ; 0.000        ; 0.243      ; 0.828      ;
; 0.516 ; t_16      ; t_10     ; clk          ; clk         ; 0.000        ; 0.247      ; 0.847      ;
; 0.516 ; t_16      ; t_12     ; clk          ; clk         ; 0.000        ; 0.247      ; 0.847      ;
; 0.587 ; t_16      ; detecta  ; clk          ; clk         ; 0.000        ; 0.041      ; 0.712      ;
; 0.587 ; t_16      ; t_5      ; clk          ; clk         ; 0.000        ; 0.041      ; 0.712      ;
; 0.587 ; t_16      ; t_13     ; clk          ; clk         ; 0.000        ; 0.041      ; 0.712      ;
; 0.587 ; t_16      ; t_11     ; clk          ; clk         ; 0.000        ; 0.041      ; 0.712      ;
; 0.587 ; t_16      ; t_15     ; clk          ; clk         ; 0.000        ; 0.041      ; 0.712      ;
; 0.593 ; t_16      ; D[4][3]  ; clk          ; clk         ; 0.000        ; 0.230      ; 0.907      ;
; 0.616 ; t_16      ; D[15][0] ; clk          ; clk         ; 0.000        ; 0.244      ; 0.944      ;
; 0.634 ; t_16      ; t_7      ; clk          ; clk         ; 0.000        ; 0.245      ; 0.963      ;
; 0.682 ; t_16      ; D[10][0] ; clk          ; clk         ; 0.000        ; 0.042      ; 0.808      ;
; 0.682 ; t_16      ; D[10][1] ; clk          ; clk         ; 0.000        ; 0.042      ; 0.808      ;
; 0.682 ; t_16      ; D[10][3] ; clk          ; clk         ; 0.000        ; 0.042      ; 0.808      ;
; 0.682 ; t_16      ; D[10][2] ; clk          ; clk         ; 0.000        ; 0.042      ; 0.808      ;
; 0.682 ; t_16      ; t_4      ; clk          ; clk         ; 0.000        ; 0.042      ; 0.808      ;
; 0.704 ; t_16      ; D[13][0] ; clk          ; clk         ; 0.000        ; 0.040      ; 0.828      ;
; 0.704 ; t_16      ; D[13][2] ; clk          ; clk         ; 0.000        ; 0.040      ; 0.828      ;
; 0.704 ; t_16      ; D[13][3] ; clk          ; clk         ; 0.000        ; 0.040      ; 0.828      ;
; 0.704 ; t_16      ; D[13][1] ; clk          ; clk         ; 0.000        ; 0.040      ; 0.828      ;
; 0.709 ; t_16      ; t_9      ; clk          ; clk         ; 0.000        ; 0.043      ; 0.836      ;
; 0.711 ; t_16      ; D[14][1] ; clk          ; clk         ; 0.000        ; 0.041      ; 0.836      ;
; 0.711 ; t_16      ; D[14][2] ; clk          ; clk         ; 0.000        ; 0.041      ; 0.836      ;
; 0.711 ; t_16      ; D[14][3] ; clk          ; clk         ; 0.000        ; 0.041      ; 0.836      ;
; 0.711 ; t_16      ; D[16][0] ; clk          ; clk         ; 0.000        ; 0.041      ; 0.836      ;
; 0.711 ; t_16      ; D[16][1] ; clk          ; clk         ; 0.000        ; 0.041      ; 0.836      ;
; 0.711 ; t_16      ; D[16][2] ; clk          ; clk         ; 0.000        ; 0.041      ; 0.836      ;
; 0.711 ; t_16      ; D[16][3] ; clk          ; clk         ; 0.000        ; 0.041      ; 0.836      ;
; 0.711 ; t_16      ; D[14][0] ; clk          ; clk         ; 0.000        ; 0.041      ; 0.836      ;
; 0.715 ; t_16      ; D[11][0] ; clk          ; clk         ; 0.000        ; 0.042      ; 0.841      ;
; 0.715 ; t_16      ; D[11][1] ; clk          ; clk         ; 0.000        ; 0.042      ; 0.841      ;
; 0.715 ; t_16      ; D[11][3] ; clk          ; clk         ; 0.000        ; 0.042      ; 0.841      ;
; 0.715 ; t_16      ; D[12][0] ; clk          ; clk         ; 0.000        ; 0.042      ; 0.841      ;
; 0.715 ; t_16      ; D[12][2] ; clk          ; clk         ; 0.000        ; 0.042      ; 0.841      ;
; 0.715 ; t_16      ; D[12][3] ; clk          ; clk         ; 0.000        ; 0.042      ; 0.841      ;
; 0.715 ; t_16      ; D[12][1] ; clk          ; clk         ; 0.000        ; 0.042      ; 0.841      ;
; 0.715 ; t_16      ; D[11][2] ; clk          ; clk         ; 0.000        ; 0.042      ; 0.841      ;
; 0.720 ; t_16      ; D[9][2]  ; clk          ; clk         ; 0.000        ; 0.043      ; 0.847      ;
; 0.720 ; t_16      ; D[9][0]  ; clk          ; clk         ; 0.000        ; 0.043      ; 0.847      ;
; 0.720 ; t_16      ; D[9][1]  ; clk          ; clk         ; 0.000        ; 0.043      ; 0.847      ;
; 0.720 ; t_16      ; D[9][3]  ; clk          ; clk         ; 0.000        ; 0.043      ; 0.847      ;
; 0.740 ; t_16      ; t_2      ; clk          ; clk         ; 0.000        ; 0.040      ; 0.864      ;
; 0.754 ; t_16      ; D[1][0]  ; clk          ; clk         ; 0.000        ; 0.040      ; 0.878      ;
; 0.754 ; t_16      ; D[1][1]  ; clk          ; clk         ; 0.000        ; 0.040      ; 0.878      ;
; 0.754 ; t_16      ; D[1][3]  ; clk          ; clk         ; 0.000        ; 0.040      ; 0.878      ;
; 0.754 ; t_16      ; D[1][2]  ; clk          ; clk         ; 0.000        ; 0.040      ; 0.878      ;
; 0.754 ; t_16      ; t_1      ; clk          ; clk         ; 0.000        ; 0.040      ; 0.878      ;
; 0.779 ; t_16      ; D[4][0]  ; clk          ; clk         ; 0.000        ; 0.044      ; 0.907      ;
; 0.779 ; t_16      ; D[4][2]  ; clk          ; clk         ; 0.000        ; 0.044      ; 0.907      ;
; 0.779 ; t_16      ; D[4][1]  ; clk          ; clk         ; 0.000        ; 0.044      ; 0.907      ;
; 0.779 ; t_16      ; C[1]     ; clk          ; clk         ; 0.000        ; 0.044      ; 0.907      ;
; 0.805 ; t_16      ; D[2][2]  ; clk          ; clk         ; 0.000        ; 0.043      ; 0.932      ;
; 0.805 ; t_16      ; D[2][3]  ; clk          ; clk         ; 0.000        ; 0.043      ; 0.932      ;
; 0.805 ; t_16      ; D[2][0]  ; clk          ; clk         ; 0.000        ; 0.043      ; 0.932      ;
; 0.805 ; t_16      ; D[2][1]  ; clk          ; clk         ; 0.000        ; 0.043      ; 0.932      ;
; 0.812 ; t_16      ; C[2]     ; clk          ; clk         ; 0.000        ; 0.043      ; 0.939      ;
; 0.812 ; t_16      ; C[0]     ; clk          ; clk         ; 0.000        ; 0.043      ; 0.939      ;
; 0.819 ; t_16      ; D[15][1] ; clk          ; clk         ; 0.000        ; 0.041      ; 0.944      ;
; 0.819 ; t_16      ; D[15][2] ; clk          ; clk         ; 0.000        ; 0.041      ; 0.944      ;
; 0.819 ; t_16      ; D[15][3] ; clk          ; clk         ; 0.000        ; 0.041      ; 0.944      ;
; 0.828 ; t_16      ; t_6      ; clk          ; clk         ; 0.000        ; 0.042      ; 0.954      ;
; 0.828 ; t_16      ; t_8      ; clk          ; clk         ; 0.000        ; 0.042      ; 0.954      ;
; 0.838 ; t_16      ; D[7][1]  ; clk          ; clk         ; 0.000        ; 0.041      ; 0.963      ;
; 0.838 ; t_16      ; D[7][2]  ; clk          ; clk         ; 0.000        ; 0.041      ; 0.963      ;
; 0.838 ; t_16      ; D[6][0]  ; clk          ; clk         ; 0.000        ; 0.041      ; 0.963      ;
; 0.838 ; t_16      ; D[6][2]  ; clk          ; clk         ; 0.000        ; 0.041      ; 0.963      ;
; 0.838 ; t_16      ; D[6][3]  ; clk          ; clk         ; 0.000        ; 0.041      ; 0.963      ;
; 0.838 ; t_16      ; D[6][1]  ; clk          ; clk         ; 0.000        ; 0.041      ; 0.963      ;
; 0.838 ; t_16      ; D[7][0]  ; clk          ; clk         ; 0.000        ; 0.041      ; 0.963      ;
; 0.843 ; t_16      ; D[7][3]  ; clk          ; clk         ; 0.000        ; 0.042      ; 0.969      ;
; 0.843 ; t_16      ; D[8][0]  ; clk          ; clk         ; 0.000        ; 0.042      ; 0.969      ;
; 0.843 ; t_16      ; D[8][1]  ; clk          ; clk         ; 0.000        ; 0.042      ; 0.969      ;
; 0.843 ; t_16      ; D[8][2]  ; clk          ; clk         ; 0.000        ; 0.042      ; 0.969      ;
; 0.843 ; t_16      ; D[8][3]  ; clk          ; clk         ; 0.000        ; 0.042      ; 0.969      ;
+-------+-----------+----------+--------------+-------------+--------------+------------+------------+


+-------------------------------------------------------------------------------------------+
; Fast 1200mV 0C Model Minimum Pulse Width: 'clk'                                           ;
+--------+--------------+----------------+-----------------+-------+------------+-----------+
; Slack  ; Actual Width ; Required Width ; Type            ; Clock ; Clock Edge ; Target    ;
+--------+--------------+----------------+-----------------+-------+------------+-----------+
; -3.000 ; 1.000        ; 4.000          ; Port Rate       ; clk   ; Rise       ; clk       ;
; -1.000 ; 1.000        ; 2.000          ; Min Period      ; clk   ; Rise       ; C[0]      ;
; -1.000 ; 1.000        ; 2.000          ; Min Period      ; clk   ; Rise       ; C[1]      ;
; -1.000 ; 1.000        ; 2.000          ; Min Period      ; clk   ; Rise       ; C[2]      ;
; -1.000 ; 1.000        ; 2.000          ; Min Period      ; clk   ; Rise       ; D[10][0]  ;
; -1.000 ; 1.000        ; 2.000          ; Min Period      ; clk   ; Rise       ; D[10][1]  ;
; -1.000 ; 1.000        ; 2.000          ; Min Period      ; clk   ; Rise       ; D[10][2]  ;
; -1.000 ; 1.000        ; 2.000          ; Min Period      ; clk   ; Rise       ; D[10][3]  ;
; -1.000 ; 1.000        ; 2.000          ; Min Period      ; clk   ; Rise       ; D[11][0]  ;
; -1.000 ; 1.000        ; 2.000          ; Min Period      ; clk   ; Rise       ; D[11][1]  ;
; -1.000 ; 1.000        ; 2.000          ; Min Period      ; clk   ; Rise       ; D[11][2]  ;
; -1.000 ; 1.000        ; 2.000          ; Min Period      ; clk   ; Rise       ; D[11][3]  ;
; -1.000 ; 1.000        ; 2.000          ; Min Period      ; clk   ; Rise       ; D[12][0]  ;
; -1.000 ; 1.000        ; 2.000          ; Min Period      ; clk   ; Rise       ; D[12][1]  ;
; -1.000 ; 1.000        ; 2.000          ; Min Period      ; clk   ; Rise       ; D[12][2]  ;
; -1.000 ; 1.000        ; 2.000          ; Min Period      ; clk   ; Rise       ; D[12][3]  ;
; -1.000 ; 1.000        ; 2.000          ; Min Period      ; clk   ; Rise       ; D[13][0]  ;
; -1.000 ; 1.000        ; 2.000          ; Min Period      ; clk   ; Rise       ; D[13][1]  ;
; -1.000 ; 1.000        ; 2.000          ; Min Period      ; clk   ; Rise       ; D[13][2]  ;
; -1.000 ; 1.000        ; 2.000          ; Min Period      ; clk   ; Rise       ; D[13][3]  ;
; -1.000 ; 1.000        ; 2.000          ; Min Period      ; clk   ; Rise       ; D[14][0]  ;
; -1.000 ; 1.000        ; 2.000          ; Min Period      ; clk   ; Rise       ; D[14][1]  ;
; -1.000 ; 1.000        ; 2.000          ; Min Period      ; clk   ; Rise       ; D[14][2]  ;
; -1.000 ; 1.000        ; 2.000          ; Min Period      ; clk   ; Rise       ; D[14][3]  ;
; -1.000 ; 1.000        ; 2.000          ; Min Period      ; clk   ; Rise       ; D[15][0]  ;
; -1.000 ; 1.000        ; 2.000          ; Min Period      ; clk   ; Rise       ; D[15][1]  ;
; -1.000 ; 1.000        ; 2.000          ; Min Period      ; clk   ; Rise       ; D[15][2]  ;
; -1.000 ; 1.000        ; 2.000          ; Min Period      ; clk   ; Rise       ; D[15][3]  ;
; -1.000 ; 1.000        ; 2.000          ; Min Period      ; clk   ; Rise       ; D[16][0]  ;
; -1.000 ; 1.000        ; 2.000          ; Min Period      ; clk   ; Rise       ; D[16][1]  ;
; -1.000 ; 1.000        ; 2.000          ; Min Period      ; clk   ; Rise       ; D[16][2]  ;
; -1.000 ; 1.000        ; 2.000          ; Min Period      ; clk   ; Rise       ; D[16][3]  ;
; -1.000 ; 1.000        ; 2.000          ; Min Period      ; clk   ; Rise       ; D[1][0]   ;
; -1.000 ; 1.000        ; 2.000          ; Min Period      ; clk   ; Rise       ; D[1][1]   ;
; -1.000 ; 1.000        ; 2.000          ; Min Period      ; clk   ; Rise       ; D[1][2]   ;
; -1.000 ; 1.000        ; 2.000          ; Min Period      ; clk   ; Rise       ; D[1][3]   ;
; -1.000 ; 1.000        ; 2.000          ; Min Period      ; clk   ; Rise       ; D[2][0]   ;
; -1.000 ; 1.000        ; 2.000          ; Min Period      ; clk   ; Rise       ; D[2][1]   ;
; -1.000 ; 1.000        ; 2.000          ; Min Period      ; clk   ; Rise       ; D[2][2]   ;
; -1.000 ; 1.000        ; 2.000          ; Min Period      ; clk   ; Rise       ; D[2][3]   ;
; -1.000 ; 1.000        ; 2.000          ; Min Period      ; clk   ; Rise       ; D[3][0]   ;
; -1.000 ; 1.000        ; 2.000          ; Min Period      ; clk   ; Rise       ; D[3][1]   ;
; -1.000 ; 1.000        ; 2.000          ; Min Period      ; clk   ; Rise       ; D[3][2]   ;
; -1.000 ; 1.000        ; 2.000          ; Min Period      ; clk   ; Rise       ; D[3][3]   ;
; -1.000 ; 1.000        ; 2.000          ; Min Period      ; clk   ; Rise       ; D[4][0]   ;
; -1.000 ; 1.000        ; 2.000          ; Min Period      ; clk   ; Rise       ; D[4][1]   ;
; -1.000 ; 1.000        ; 2.000          ; Min Period      ; clk   ; Rise       ; D[4][2]   ;
; -1.000 ; 1.000        ; 2.000          ; Min Period      ; clk   ; Rise       ; D[4][3]   ;
; -1.000 ; 1.000        ; 2.000          ; Min Period      ; clk   ; Rise       ; D[5][0]   ;
; -1.000 ; 1.000        ; 2.000          ; Min Period      ; clk   ; Rise       ; D[5][1]   ;
; -1.000 ; 1.000        ; 2.000          ; Min Period      ; clk   ; Rise       ; D[5][2]   ;
; -1.000 ; 1.000        ; 2.000          ; Min Period      ; clk   ; Rise       ; D[5][3]   ;
; -1.000 ; 1.000        ; 2.000          ; Min Period      ; clk   ; Rise       ; D[6][0]   ;
; -1.000 ; 1.000        ; 2.000          ; Min Period      ; clk   ; Rise       ; D[6][1]   ;
; -1.000 ; 1.000        ; 2.000          ; Min Period      ; clk   ; Rise       ; D[6][2]   ;
; -1.000 ; 1.000        ; 2.000          ; Min Period      ; clk   ; Rise       ; D[6][3]   ;
; -1.000 ; 1.000        ; 2.000          ; Min Period      ; clk   ; Rise       ; D[7][0]   ;
; -1.000 ; 1.000        ; 2.000          ; Min Period      ; clk   ; Rise       ; D[7][1]   ;
; -1.000 ; 1.000        ; 2.000          ; Min Period      ; clk   ; Rise       ; D[7][2]   ;
; -1.000 ; 1.000        ; 2.000          ; Min Period      ; clk   ; Rise       ; D[7][3]   ;
; -1.000 ; 1.000        ; 2.000          ; Min Period      ; clk   ; Rise       ; D[8][0]   ;
; -1.000 ; 1.000        ; 2.000          ; Min Period      ; clk   ; Rise       ; D[8][1]   ;
; -1.000 ; 1.000        ; 2.000          ; Min Period      ; clk   ; Rise       ; D[8][2]   ;
; -1.000 ; 1.000        ; 2.000          ; Min Period      ; clk   ; Rise       ; D[8][3]   ;
; -1.000 ; 1.000        ; 2.000          ; Min Period      ; clk   ; Rise       ; D[9][0]   ;
; -1.000 ; 1.000        ; 2.000          ; Min Period      ; clk   ; Rise       ; D[9][1]   ;
; -1.000 ; 1.000        ; 2.000          ; Min Period      ; clk   ; Rise       ; D[9][2]   ;
; -1.000 ; 1.000        ; 2.000          ; Min Period      ; clk   ; Rise       ; D[9][3]   ;
; -1.000 ; 1.000        ; 2.000          ; Min Period      ; clk   ; Rise       ; detecta   ;
; -1.000 ; 1.000        ; 2.000          ; Min Period      ; clk   ; Rise       ; sal[0]    ;
; -1.000 ; 1.000        ; 2.000          ; Min Period      ; clk   ; Rise       ; sal[0]~en ;
; -1.000 ; 1.000        ; 2.000          ; Min Period      ; clk   ; Rise       ; sal[1]    ;
; -1.000 ; 1.000        ; 2.000          ; Min Period      ; clk   ; Rise       ; sal[1]~en ;
; -1.000 ; 1.000        ; 2.000          ; Min Period      ; clk   ; Rise       ; sal[2]~en ;
; -1.000 ; 1.000        ; 2.000          ; Min Period      ; clk   ; Rise       ; sal[3]~en ;
; -1.000 ; 1.000        ; 2.000          ; Min Period      ; clk   ; Rise       ; t_1       ;
; -1.000 ; 1.000        ; 2.000          ; Min Period      ; clk   ; Rise       ; t_10      ;
; -1.000 ; 1.000        ; 2.000          ; Min Period      ; clk   ; Rise       ; t_11      ;
; -1.000 ; 1.000        ; 2.000          ; Min Period      ; clk   ; Rise       ; t_12      ;
; -1.000 ; 1.000        ; 2.000          ; Min Period      ; clk   ; Rise       ; t_13      ;
; -1.000 ; 1.000        ; 2.000          ; Min Period      ; clk   ; Rise       ; t_14      ;
; -1.000 ; 1.000        ; 2.000          ; Min Period      ; clk   ; Rise       ; t_15      ;
; -1.000 ; 1.000        ; 2.000          ; Min Period      ; clk   ; Rise       ; t_16      ;
; -1.000 ; 1.000        ; 2.000          ; Min Period      ; clk   ; Rise       ; t_2       ;
; -1.000 ; 1.000        ; 2.000          ; Min Period      ; clk   ; Rise       ; t_3       ;
; -1.000 ; 1.000        ; 2.000          ; Min Period      ; clk   ; Rise       ; t_4       ;
; -1.000 ; 1.000        ; 2.000          ; Min Period      ; clk   ; Rise       ; t_5       ;
; -1.000 ; 1.000        ; 2.000          ; Min Period      ; clk   ; Rise       ; t_6       ;
; -1.000 ; 1.000        ; 2.000          ; Min Period      ; clk   ; Rise       ; t_7       ;
; -1.000 ; 1.000        ; 2.000          ; Min Period      ; clk   ; Rise       ; t_8       ;
; -1.000 ; 1.000        ; 2.000          ; Min Period      ; clk   ; Rise       ; t_9       ;
; -0.086 ; 0.098        ; 0.184          ; Low Pulse Width ; clk   ; Rise       ; t_14      ;
; -0.086 ; 0.098        ; 0.184          ; Low Pulse Width ; clk   ; Rise       ; t_7       ;
; -0.085 ; 0.099        ; 0.184          ; Low Pulse Width ; clk   ; Rise       ; D[15][0]  ;
; -0.085 ; 0.099        ; 0.184          ; Low Pulse Width ; clk   ; Rise       ; t_10      ;
; -0.085 ; 0.099        ; 0.184          ; Low Pulse Width ; clk   ; Rise       ; t_12      ;
; -0.081 ; 0.103        ; 0.184          ; Low Pulse Width ; clk   ; Rise       ; t_3       ;
; -0.074 ; 0.110        ; 0.184          ; Low Pulse Width ; clk   ; Rise       ; sal[1]~en ;
; -0.073 ; 0.111        ; 0.184          ; Low Pulse Width ; clk   ; Rise       ; sal[0]~en ;
; -0.071 ; 0.113        ; 0.184          ; Low Pulse Width ; clk   ; Rise       ; D[4][3]   ;
+--------+--------------+----------------+-----------------+-------+------------+-----------+


+-----------------------------------------------------------------------+
; Setup Times                                                           ;
+-----------+------------+-------+-------+------------+-----------------+
; Data Port ; Clock Port ; Rise  ; Fall  ; Clock Edge ; Clock Reference ;
+-----------+------------+-------+-------+------------+-----------------+
; R1        ; clk        ; 2.407 ; 3.145 ; Rise       ; clk             ;
; R2        ; clk        ; 2.395 ; 2.939 ; Rise       ; clk             ;
; R3        ; clk        ; 2.142 ; 2.585 ; Rise       ; clk             ;
; R4        ; clk        ; 2.184 ; 2.696 ; Rise       ; clk             ;
+-----------+------------+-------+-------+------------+-----------------+


+-------------------------------------------------------------------------+
; Hold Times                                                              ;
+-----------+------------+--------+--------+------------+-----------------+
; Data Port ; Clock Port ; Rise   ; Fall   ; Clock Edge ; Clock Reference ;
+-----------+------------+--------+--------+------------+-----------------+
; R1        ; clk        ; -0.281 ; -0.878 ; Rise       ; clk             ;
; R2        ; clk        ; -0.407 ; -1.022 ; Rise       ; clk             ;
; R3        ; clk        ; -0.409 ; -1.013 ; Rise       ; clk             ;
; R4        ; clk        ; -0.762 ; -1.339 ; Rise       ; clk             ;
+-----------+------------+--------+--------+------------+-----------------+


+-----------------------------------------------------------------------+
; Clock to Output Times                                                 ;
+-----------+------------+-------+-------+------------+-----------------+
; Data Port ; Clock Port ; Rise  ; Fall  ; Clock Edge ; Clock Reference ;
+-----------+------------+-------+-------+------------+-----------------+
; C1        ; clk        ; 3.340 ; 3.408 ; Rise       ; clk             ;
; C2        ; clk        ; 3.427 ; 3.489 ; Rise       ; clk             ;
; t1        ; clk        ; 3.733 ; 3.822 ; Rise       ; clk             ;
; t2        ; clk        ; 3.570 ; 3.660 ; Rise       ; clk             ;
; t3        ; clk        ; 4.699 ; 4.832 ; Rise       ; clk             ;
; t4        ; clk        ; 3.668 ; 3.752 ; Rise       ; clk             ;
; t5        ; clk        ; 3.476 ; 3.550 ; Rise       ; clk             ;
; t6        ; clk        ; 3.513 ; 3.602 ; Rise       ; clk             ;
; t7        ; clk        ; 3.555 ; 3.623 ; Rise       ; clk             ;
; t8        ; clk        ; 3.544 ; 3.631 ; Rise       ; clk             ;
; t9        ; clk        ; 3.407 ; 3.478 ; Rise       ; clk             ;
; t10       ; clk        ; 3.651 ; 3.721 ; Rise       ; clk             ;
; t11       ; clk        ; 3.314 ; 3.368 ; Rise       ; clk             ;
; t12       ; clk        ; 3.804 ; 3.887 ; Rise       ; clk             ;
; t13       ; clk        ; 3.584 ; 3.670 ; Rise       ; clk             ;
; t14       ; clk        ; 3.690 ; 3.765 ; Rise       ; clk             ;
; t15       ; clk        ; 3.728 ; 3.829 ; Rise       ; clk             ;
; t16       ; clk        ; 3.481 ; 3.557 ; Rise       ; clk             ;
+-----------+------------+-------+-------+------------+-----------------+


+-----------------------------------------------------------------------+
; Minimum Clock to Output Times                                         ;
+-----------+------------+-------+-------+------------+-----------------+
; Data Port ; Clock Port ; Rise  ; Fall  ; Clock Edge ; Clock Reference ;
+-----------+------------+-------+-------+------------+-----------------+
; C1        ; clk        ; 3.266 ; 3.332 ; Rise       ; clk             ;
; C2        ; clk        ; 3.349 ; 3.409 ; Rise       ; clk             ;
; t1        ; clk        ; 3.645 ; 3.731 ; Rise       ; clk             ;
; t2        ; clk        ; 3.486 ; 3.573 ; Rise       ; clk             ;
; t3        ; clk        ; 4.607 ; 4.738 ; Rise       ; clk             ;
; t4        ; clk        ; 3.581 ; 3.662 ; Rise       ; clk             ;
; t5        ; clk        ; 3.397 ; 3.469 ; Rise       ; clk             ;
; t6        ; clk        ; 3.433 ; 3.519 ; Rise       ; clk             ;
; t7        ; clk        ; 3.473 ; 3.538 ; Rise       ; clk             ;
; t8        ; clk        ; 3.463 ; 3.548 ; Rise       ; clk             ;
; t9        ; clk        ; 3.331 ; 3.399 ; Rise       ; clk             ;
; t10       ; clk        ; 3.564 ; 3.632 ; Rise       ; clk             ;
; t11       ; clk        ; 3.241 ; 3.294 ; Rise       ; clk             ;
; t12       ; clk        ; 3.713 ; 3.792 ; Rise       ; clk             ;
; t13       ; clk        ; 3.499 ; 3.583 ; Rise       ; clk             ;
; t14       ; clk        ; 3.603 ; 3.675 ; Rise       ; clk             ;
; t15       ; clk        ; 3.639 ; 3.736 ; Rise       ; clk             ;
; t16       ; clk        ; 3.403 ; 3.476 ; Rise       ; clk             ;
+-----------+------------+-------+-------+------------+-----------------+


+-----------------------------------------------------------------------+
; Output Enable Times                                                   ;
+-----------+------------+-------+-------+------------+-----------------+
; Data Port ; Clock Port ; Rise  ; Fall  ; Clock Edge ; Clock Reference ;
+-----------+------------+-------+-------+------------+-----------------+
; C1        ; clk        ; 4.471 ; 4.468 ; Rise       ; clk             ;
; C2        ; clk        ; 4.507 ; 4.504 ; Rise       ; clk             ;
; C3        ; clk        ; 4.336 ; 4.333 ; Rise       ; clk             ;
; C4        ; clk        ; 4.361 ; 4.358 ; Rise       ; clk             ;
+-----------+------------+-------+-------+------------+-----------------+


+-----------------------------------------------------------------------+
; Minimum Output Enable Times                                           ;
+-----------+------------+-------+-------+------------+-----------------+
; Data Port ; Clock Port ; Rise  ; Fall  ; Clock Edge ; Clock Reference ;
+-----------+------------+-------+-------+------------+-----------------+
; C1        ; clk        ; 3.546 ; 3.546 ; Rise       ; clk             ;
; C2        ; clk        ; 3.581 ; 3.581 ; Rise       ; clk             ;
; C3        ; clk        ; 3.418 ; 3.418 ; Rise       ; clk             ;
; C4        ; clk        ; 3.440 ; 3.440 ; Rise       ; clk             ;
+-----------+------------+-------+-------+------------+-----------------+


+-------------------------------------------------------------------------------+
; Output Disable Times                                                          ;
+-----------+------------+-----------+-----------+------------+-----------------+
; Data Port ; Clock Port ; 0 to Hi-Z ; 1 to Hi-Z ; Clock Edge ; Clock Reference ;
+-----------+------------+-----------+-----------+------------+-----------------+
; C1        ; clk        ; 4.526     ; 4.526     ; Rise       ; clk             ;
; C2        ; clk        ; 4.583     ; 4.583     ; Rise       ; clk             ;
; C3        ; clk        ; 4.393     ; 4.393     ; Rise       ; clk             ;
; C4        ; clk        ; 4.435     ; 4.435     ; Rise       ; clk             ;
+-----------+------------+-----------+-----------+------------+-----------------+


+-------------------------------------------------------------------------------+
; Minimum Output Disable Times                                                  ;
+-----------+------------+-----------+-----------+------------+-----------------+
; Data Port ; Clock Port ; 0 to Hi-Z ; 1 to Hi-Z ; Clock Edge ; Clock Reference ;
+-----------+------------+-----------+-----------+------------+-----------------+
; C1        ; clk        ; 3.598     ; 3.664     ; Rise       ; clk             ;
; C2        ; clk        ; 3.654     ; 3.720     ; Rise       ; clk             ;
; C3        ; clk        ; 3.472     ; 3.538     ; Rise       ; clk             ;
; C4        ; clk        ; 3.511     ; 3.577     ; Rise       ; clk             ;
+-----------+------------+-----------+-----------+------------+-----------------+


---------------------------------------------
; Fast 1200mV 0C Model Metastability Report ;
---------------------------------------------
No synchronizer chains to report.


+--------------------------------------------------------------------------------+
; Multicorner Timing Analysis Summary                                            ;
+------------------+----------+-------+----------+---------+---------------------+
; Clock            ; Setup    ; Hold  ; Recovery ; Removal ; Minimum Pulse Width ;
+------------------+----------+-------+----------+---------+---------------------+
; Worst-case Slack ; -3.149   ; 0.173 ; -1.239   ; 0.298   ; -3.000              ;
;  clk             ; -3.149   ; 0.173 ; -1.239   ; 0.298   ; -3.000              ;
; Design-wide TNS  ; -203.437 ; 0.0   ; -78.152  ; 0.0     ; -118.65             ;
;  clk             ; -203.437 ; 0.000 ; -78.152  ; 0.000   ; -118.650            ;
+------------------+----------+-------+----------+---------+---------------------+


+-----------------------------------------------------------------------+
; Setup Times                                                           ;
+-----------+------------+-------+-------+------------+-----------------+
; Data Port ; Clock Port ; Rise  ; Fall  ; Clock Edge ; Clock Reference ;
+-----------+------------+-------+-------+------------+-----------------+
; R1        ; clk        ; 5.159 ; 5.523 ; Rise       ; clk             ;
; R2        ; clk        ; 5.059 ; 5.316 ; Rise       ; clk             ;
; R3        ; clk        ; 4.430 ; 4.756 ; Rise       ; clk             ;
; R4        ; clk        ; 4.573 ; 4.882 ; Rise       ; clk             ;
+-----------+------------+-------+-------+------------+-----------------+


+-------------------------------------------------------------------------+
; Hold Times                                                              ;
+-----------+------------+--------+--------+------------+-----------------+
; Data Port ; Clock Port ; Rise   ; Fall   ; Clock Edge ; Clock Reference ;
+-----------+------------+--------+--------+------------+-----------------+
; R1        ; clk        ; -0.281 ; -0.778 ; Rise       ; clk             ;
; R2        ; clk        ; -0.407 ; -1.022 ; Rise       ; clk             ;
; R3        ; clk        ; -0.409 ; -1.013 ; Rise       ; clk             ;
; R4        ; clk        ; -0.762 ; -1.339 ; Rise       ; clk             ;
+-----------+------------+--------+--------+------------+-----------------+


+-----------------------------------------------------------------------+
; Clock to Output Times                                                 ;
+-----------+------------+-------+-------+------------+-----------------+
; Data Port ; Clock Port ; Rise  ; Fall  ; Clock Edge ; Clock Reference ;
+-----------+------------+-------+-------+------------+-----------------+
; C1        ; clk        ; 6.219 ; 6.207 ; Rise       ; clk             ;
; C2        ; clk        ; 6.430 ; 6.384 ; Rise       ; clk             ;
; t1        ; clk        ; 7.018 ; 6.936 ; Rise       ; clk             ;
; t2        ; clk        ; 6.708 ; 6.652 ; Rise       ; clk             ;
; t3        ; clk        ; 8.501 ; 8.544 ; Rise       ; clk             ;
; t4        ; clk        ; 6.957 ; 6.869 ; Rise       ; clk             ;
; t5        ; clk        ; 6.497 ; 6.462 ; Rise       ; clk             ;
; t6        ; clk        ; 6.568 ; 6.543 ; Rise       ; clk             ;
; t7        ; clk        ; 6.664 ; 6.649 ; Rise       ; clk             ;
; t8        ; clk        ; 6.601 ; 6.584 ; Rise       ; clk             ;
; t9        ; clk        ; 6.316 ; 6.340 ; Rise       ; clk             ;
; t10       ; clk        ; 6.904 ; 6.865 ; Rise       ; clk             ;
; t11       ; clk        ; 6.181 ; 6.163 ; Rise       ; clk             ;
; t12       ; clk        ; 7.184 ; 7.123 ; Rise       ; clk             ;
; t13       ; clk        ; 6.757 ; 6.692 ; Rise       ; clk             ;
; t14       ; clk        ; 6.945 ; 6.909 ; Rise       ; clk             ;
; t15       ; clk        ; 7.027 ; 6.933 ; Rise       ; clk             ;
; t16       ; clk        ; 6.533 ; 6.505 ; Rise       ; clk             ;
+-----------+------------+-------+-------+------------+-----------------+


+-----------------------------------------------------------------------+
; Minimum Clock to Output Times                                         ;
+-----------+------------+-------+-------+------------+-----------------+
; Data Port ; Clock Port ; Rise  ; Fall  ; Clock Edge ; Clock Reference ;
+-----------+------------+-------+-------+------------+-----------------+
; C1        ; clk        ; 3.266 ; 3.332 ; Rise       ; clk             ;
; C2        ; clk        ; 3.349 ; 3.409 ; Rise       ; clk             ;
; t1        ; clk        ; 3.645 ; 3.731 ; Rise       ; clk             ;
; t2        ; clk        ; 3.486 ; 3.573 ; Rise       ; clk             ;
; t3        ; clk        ; 4.607 ; 4.738 ; Rise       ; clk             ;
; t4        ; clk        ; 3.581 ; 3.662 ; Rise       ; clk             ;
; t5        ; clk        ; 3.397 ; 3.469 ; Rise       ; clk             ;
; t6        ; clk        ; 3.433 ; 3.519 ; Rise       ; clk             ;
; t7        ; clk        ; 3.473 ; 3.538 ; Rise       ; clk             ;
; t8        ; clk        ; 3.463 ; 3.548 ; Rise       ; clk             ;
; t9        ; clk        ; 3.331 ; 3.399 ; Rise       ; clk             ;
; t10       ; clk        ; 3.564 ; 3.632 ; Rise       ; clk             ;
; t11       ; clk        ; 3.241 ; 3.294 ; Rise       ; clk             ;
; t12       ; clk        ; 3.713 ; 3.792 ; Rise       ; clk             ;
; t13       ; clk        ; 3.499 ; 3.583 ; Rise       ; clk             ;
; t14       ; clk        ; 3.603 ; 3.675 ; Rise       ; clk             ;
; t15       ; clk        ; 3.639 ; 3.736 ; Rise       ; clk             ;
; t16       ; clk        ; 3.403 ; 3.476 ; Rise       ; clk             ;
+-----------+------------+-------+-------+------------+-----------------+


+------------------------------------------------------------------------------------------------------------------------------------------------------------------------------------------------------------------------------------------------------------------------------------------------------------------------------------------------------------------------------------------------------------------+
; Board Trace Model Assignments                                                                                                                                                                                                                                                                                                                                                                                    ;
+---------------+--------------+-------------------+-------------------------+-------------------------+---------------+---------------------+----------------+------------------+--------+------------------+------------------------+------------------------+--------------+---------------+-----------------+-------+---------------------+--------------------+---------------+-----------------+-------------+
; Pin           ; I/O Standard ; Near Tline Length ; Near Tline L per Length ; Near Tline C per Length ; Near Series R ; Near Differential R ; Near Pull-up R ; Near Pull-down R ; Near C ; Far Tline Length ; Far Tline L per Length ; Far Tline C per Length ; Far Series R ; Far Pull-up R ; Far Pull-down R ; Far C ; Termination Voltage ; Far Differential R ; EBD File Name ; EBD Signal Name ; EBD Far-end ;
+---------------+--------------+-------------------+-------------------------+-------------------------+---------------+---------------------+----------------+------------------+--------+------------------+------------------------+------------------------+--------------+---------------+-----------------+-------+---------------------+--------------------+---------------+-----------------+-------------+
; C1            ; 2.5 V        ; 0 in              ; 0 H/in                  ; 0 F/in                  ; short         ; -                   ; open           ; open             ; open   ; 0 in             ; 0 H/in                 ; 0 F/in                 ; short        ; open          ; open            ; open  ; 0 V                 ; -                  ; n/a           ; n/a             ; n/a         ;
; C2            ; 2.5 V        ; 0 in              ; 0 H/in                  ; 0 F/in                  ; short         ; -                   ; open           ; open             ; open   ; 0 in             ; 0 H/in                 ; 0 F/in                 ; short        ; open          ; open            ; open  ; 0 V                 ; -                  ; n/a           ; n/a             ; n/a         ;
; C3            ; 2.5 V        ; 0 in              ; 0 H/in                  ; 0 F/in                  ; short         ; -                   ; open           ; open             ; open   ; 0 in             ; 0 H/in                 ; 0 F/in                 ; short        ; open          ; open            ; open  ; 0 V                 ; -                  ; n/a           ; n/a             ; n/a         ;
; C4            ; 2.5 V        ; 0 in              ; 0 H/in                  ; 0 F/in                  ; short         ; -                   ; open           ; open             ; open   ; 0 in             ; 0 H/in                 ; 0 F/in                 ; short        ; open          ; open            ; open  ; 0 V                 ; -                  ; n/a           ; n/a             ; n/a         ;
; t1            ; 2.5 V        ; 0 in              ; 0 H/in                  ; 0 F/in                  ; short         ; -                   ; open           ; open             ; open   ; 0 in             ; 0 H/in                 ; 0 F/in                 ; short        ; open          ; open            ; open  ; 0 V                 ; -                  ; n/a           ; n/a             ; n/a         ;
; t2            ; 2.5 V        ; 0 in              ; 0 H/in                  ; 0 F/in                  ; short         ; -                   ; open           ; open             ; open   ; 0 in             ; 0 H/in                 ; 0 F/in                 ; short        ; open          ; open            ; open  ; 0 V                 ; -                  ; n/a           ; n/a             ; n/a         ;
; t3            ; 2.5 V        ; 0 in              ; 0 H/in                  ; 0 F/in                  ; short         ; -                   ; open           ; open             ; open   ; 0 in             ; 0 H/in                 ; 0 F/in                 ; short        ; open          ; open            ; open  ; 0 V                 ; -                  ; n/a           ; n/a             ; n/a         ;
; t4            ; 2.5 V        ; 0 in              ; 0 H/in                  ; 0 F/in                  ; short         ; -                   ; open           ; open             ; open   ; 0 in             ; 0 H/in                 ; 0 F/in                 ; short        ; open          ; open            ; open  ; 0 V                 ; -                  ; n/a           ; n/a             ; n/a         ;
; t5            ; 2.5 V        ; 0 in              ; 0 H/in                  ; 0 F/in                  ; short         ; -                   ; open           ; open             ; open   ; 0 in             ; 0 H/in                 ; 0 F/in                 ; short        ; open          ; open            ; open  ; 0 V                 ; -                  ; n/a           ; n/a             ; n/a         ;
; t6            ; 2.5 V        ; 0 in              ; 0 H/in                  ; 0 F/in                  ; short         ; -                   ; open           ; open             ; open   ; 0 in             ; 0 H/in                 ; 0 F/in                 ; short        ; open          ; open            ; open  ; 0 V                 ; -                  ; n/a           ; n/a             ; n/a         ;
; t7            ; 2.5 V        ; 0 in              ; 0 H/in                  ; 0 F/in                  ; short         ; -                   ; open           ; open             ; open   ; 0 in             ; 0 H/in                 ; 0 F/in                 ; short        ; open          ; open            ; open  ; 0 V                 ; -                  ; n/a           ; n/a             ; n/a         ;
; t8            ; 2.5 V        ; 0 in              ; 0 H/in                  ; 0 F/in                  ; short         ; -                   ; open           ; open             ; open   ; 0 in             ; 0 H/in                 ; 0 F/in                 ; short        ; open          ; open            ; open  ; 0 V                 ; -                  ; n/a           ; n/a             ; n/a         ;
; t9            ; 2.5 V        ; 0 in              ; 0 H/in                  ; 0 F/in                  ; short         ; -                   ; open           ; open             ; open   ; 0 in             ; 0 H/in                 ; 0 F/in                 ; short        ; open          ; open            ; open  ; 0 V                 ; -                  ; n/a           ; n/a             ; n/a         ;
; t10           ; 2.5 V        ; 0 in              ; 0 H/in                  ; 0 F/in                  ; short         ; -                   ; open           ; open             ; open   ; 0 in             ; 0 H/in                 ; 0 F/in                 ; short        ; open          ; open            ; open  ; 0 V                 ; -                  ; n/a           ; n/a             ; n/a         ;
; t11           ; 2.5 V        ; 0 in              ; 0 H/in                  ; 0 F/in                  ; short         ; -                   ; open           ; open             ; open   ; 0 in             ; 0 H/in                 ; 0 F/in                 ; short        ; open          ; open            ; open  ; 0 V                 ; -                  ; n/a           ; n/a             ; n/a         ;
; t12           ; 2.5 V        ; 0 in              ; 0 H/in                  ; 0 F/in                  ; short         ; -                   ; open           ; open             ; open   ; 0 in             ; 0 H/in                 ; 0 F/in                 ; short        ; open          ; open            ; open  ; 0 V                 ; -                  ; n/a           ; n/a             ; n/a         ;
; t13           ; 2.5 V        ; 0 in              ; 0 H/in                  ; 0 F/in                  ; short         ; -                   ; open           ; open             ; open   ; 0 in             ; 0 H/in                 ; 0 F/in                 ; short        ; open          ; open            ; open  ; 0 V                 ; -                  ; n/a           ; n/a             ; n/a         ;
; t14           ; 2.5 V        ; 0 in              ; 0 H/in                  ; 0 F/in                  ; short         ; -                   ; open           ; open             ; open   ; 0 in             ; 0 H/in                 ; 0 F/in                 ; short        ; open          ; open            ; open  ; 0 V                 ; -                  ; n/a           ; n/a             ; n/a         ;
; t15           ; 2.5 V        ; 0 in              ; 0 H/in                  ; 0 F/in                  ; short         ; -                   ; open           ; open             ; open   ; 0 in             ; 0 H/in                 ; 0 F/in                 ; short        ; open          ; open            ; open  ; 0 V                 ; -                  ; n/a           ; n/a             ; n/a         ;
; t16           ; 2.5 V        ; 0 in              ; 0 H/in                  ; 0 F/in                  ; short         ; -                   ; open           ; open             ; open   ; 0 in             ; 0 H/in                 ; 0 F/in                 ; short        ; open          ; open            ; open  ; 0 V                 ; -                  ; n/a           ; n/a             ; n/a         ;
; ~ALTERA_DCLK~ ; 2.5 V        ; 0 in              ; 0 H/in                  ; 0 F/in                  ; short         ; -                   ; open           ; open             ; open   ; 0 in             ; 0 H/in                 ; 0 F/in                 ; short        ; open          ; open            ; open  ; 0 V                 ; -                  ; n/a           ; n/a             ; n/a         ;
; ~ALTERA_nCEO~ ; 2.5 V        ; 0 in              ; 0 H/in                  ; 0 F/in                  ; short         ; -                   ; open           ; open             ; open   ; 0 in             ; 0 H/in                 ; 0 F/in                 ; short        ; open          ; open            ; open  ; 0 V                 ; -                  ; n/a           ; n/a             ; n/a         ;
+---------------+--------------+-------------------+-------------------------+-------------------------+---------------+---------------------+----------------+------------------+--------+------------------+------------------------+------------------------+--------------+---------------+-----------------+-------+---------------------+--------------------+---------------+-----------------+-------------+


+----------------------------------------------------------------------------+
; Input Transition Times                                                     ;
+-------------------------+--------------+-----------------+-----------------+
; Pin                     ; I/O Standard ; 10-90 Rise Time ; 90-10 Fall Time ;
+-------------------------+--------------+-----------------+-----------------+
; clk                     ; 2.5 V        ; 2000 ps         ; 2000 ps         ;
; R1                      ; 2.5 V        ; 2000 ps         ; 2000 ps         ;
; R2                      ; 2.5 V        ; 2000 ps         ; 2000 ps         ;
; R3                      ; 2.5 V        ; 2000 ps         ; 2000 ps         ;
; R4                      ; 2.5 V        ; 2000 ps         ; 2000 ps         ;
; ~ALTERA_ASDO_DATA1~     ; 2.5 V        ; 2000 ps         ; 2000 ps         ;
; ~ALTERA_FLASH_nCE_nCSO~ ; 2.5 V        ; 2000 ps         ; 2000 ps         ;
; ~ALTERA_DATA0~          ; 2.5 V        ; 2000 ps         ; 2000 ps         ;
+-------------------------+--------------+-----------------+-----------------+


+--------------------------------------------------------------------------------------------------------------------------------------------------------------------------------------------------------------------------------------------------------------------------------------------------------------------------------------------------------------------------------------------------------------------------------------------------------------------------------------------------------------------------------------------------------------------------------------------------------------------------------------------------------------------------------------------+
; Slow Corner Signal Integrity Metrics                                                                                                                                                                                                                                                                                                                                                                                                                                                                                                                                                                                                                                                       ;
+---------------+--------------+---------------------+---------------------+------------------------------+------------------------------+---------------------+---------------------+--------------------------------------+--------------------------------------+-----------------------------+-----------------------------+----------------------------+----------------------------+-----------------------------+-----------------------------+--------------------+--------------------+-------------------------------------+-------------------------------------+----------------------------+----------------------------+---------------------------+---------------------------+
; Pin           ; I/O Standard ; Board Delay on Rise ; Board Delay on Fall ; Steady State Voh at FPGA Pin ; Steady State Vol at FPGA Pin ; Voh Max at FPGA Pin ; Vol Min at FPGA Pin ; Ringback Voltage on Rise at FPGA Pin ; Ringback Voltage on Fall at FPGA Pin ; 10-90 Rise Time at FPGA Pin ; 90-10 Fall Time at FPGA Pin ; Monotonic Rise at FPGA Pin ; Monotonic Fall at FPGA Pin ; Steady State Voh at Far-end ; Steady State Vol at Far-end ; Voh Max at Far-end ; Vol Min at Far-end ; Ringback Voltage on Rise at Far-end ; Ringback Voltage on Fall at Far-end ; 10-90 Rise Time at Far-end ; 90-10 Fall Time at Far-end ; Monotonic Rise at Far-end ; Monotonic Fall at Far-end ;
+---------------+--------------+---------------------+---------------------+------------------------------+------------------------------+---------------------+---------------------+--------------------------------------+--------------------------------------+-----------------------------+-----------------------------+----------------------------+----------------------------+-----------------------------+-----------------------------+--------------------+--------------------+-------------------------------------+-------------------------------------+----------------------------+----------------------------+---------------------------+---------------------------+
; C1            ; 2.5 V        ; 0 s                 ; 0 s                 ; 2.32 V                       ; 5.43e-07 V                   ; 2.35 V              ; -0.00795 V          ; 0.123 V                              ; 0.028 V                              ; 4.64e-10 s                  ; 4.47e-10 s                  ; Yes                        ; Yes                        ; 2.32 V                      ; 5.43e-07 V                  ; 2.35 V             ; -0.00795 V         ; 0.123 V                             ; 0.028 V                             ; 4.64e-10 s                 ; 4.47e-10 s                 ; Yes                       ; Yes                       ;
; C2            ; 2.5 V        ; 0 s                 ; 0 s                 ; 2.32 V                       ; 5.43e-07 V                   ; 2.35 V              ; -0.00795 V          ; 0.123 V                              ; 0.028 V                              ; 4.64e-10 s                  ; 4.47e-10 s                  ; Yes                        ; Yes                        ; 2.32 V                      ; 5.43e-07 V                  ; 2.35 V             ; -0.00795 V         ; 0.123 V                             ; 0.028 V                             ; 4.64e-10 s                 ; 4.47e-10 s                 ; Yes                       ; Yes                       ;
; C3            ; 2.5 V        ; 0 s                 ; 0 s                 ; 2.32 V                       ; 5.43e-07 V                   ; 2.35 V              ; -0.00795 V          ; 0.123 V                              ; 0.028 V                              ; 4.64e-10 s                  ; 4.47e-10 s                  ; Yes                        ; Yes                        ; 2.32 V                      ; 5.43e-07 V                  ; 2.35 V             ; -0.00795 V         ; 0.123 V                             ; 0.028 V                             ; 4.64e-10 s                 ; 4.47e-10 s                 ; Yes                       ; Yes                       ;
; C4            ; 2.5 V        ; 0 s                 ; 0 s                 ; 2.32 V                       ; 5.43e-07 V                   ; 2.35 V              ; -0.00795 V          ; 0.123 V                              ; 0.028 V                              ; 4.64e-10 s                  ; 4.47e-10 s                  ; Yes                        ; Yes                        ; 2.32 V                      ; 5.43e-07 V                  ; 2.35 V             ; -0.00795 V         ; 0.123 V                             ; 0.028 V                             ; 4.64e-10 s                 ; 4.47e-10 s                 ; Yes                       ; Yes                       ;
; t1            ; 2.5 V        ; 0 s                 ; 0 s                 ; 2.32 V                       ; 5.43e-07 V                   ; 2.35 V              ; -0.00795 V          ; 0.123 V                              ; 0.028 V                              ; 4.64e-10 s                  ; 4.47e-10 s                  ; Yes                        ; Yes                        ; 2.32 V                      ; 5.43e-07 V                  ; 2.35 V             ; -0.00795 V         ; 0.123 V                             ; 0.028 V                             ; 4.64e-10 s                 ; 4.47e-10 s                 ; Yes                       ; Yes                       ;
; t2            ; 2.5 V        ; 0 s                 ; 0 s                 ; 2.32 V                       ; 5.43e-07 V                   ; 2.35 V              ; -0.00795 V          ; 0.123 V                              ; 0.028 V                              ; 4.64e-10 s                  ; 4.47e-10 s                  ; Yes                        ; Yes                        ; 2.32 V                      ; 5.43e-07 V                  ; 2.35 V             ; -0.00795 V         ; 0.123 V                             ; 0.028 V                             ; 4.64e-10 s                 ; 4.47e-10 s                 ; Yes                       ; Yes                       ;
; t3            ; 2.5 V        ; 0 s                 ; 0 s                 ; 2.32 V                       ; 5.43e-07 V                   ; 2.33 V              ; -0.00259 V          ; 0.108 V                              ; 0.056 V                              ; 3.55e-09 s                  ; 3.31e-09 s                  ; Yes                        ; Yes                        ; 2.32 V                      ; 5.43e-07 V                  ; 2.33 V             ; -0.00259 V         ; 0.108 V                             ; 0.056 V                             ; 3.55e-09 s                 ; 3.31e-09 s                 ; Yes                       ; Yes                       ;
; t4            ; 2.5 V        ; 0 s                 ; 0 s                 ; 2.32 V                       ; 5.43e-07 V                   ; 2.35 V              ; -0.00795 V          ; 0.123 V                              ; 0.028 V                              ; 4.64e-10 s                  ; 4.47e-10 s                  ; Yes                        ; Yes                        ; 2.32 V                      ; 5.43e-07 V                  ; 2.35 V             ; -0.00795 V         ; 0.123 V                             ; 0.028 V                             ; 4.64e-10 s                 ; 4.47e-10 s                 ; Yes                       ; Yes                       ;
; t5            ; 2.5 V        ; 0 s                 ; 0 s                 ; 2.32 V                       ; 5.43e-07 V                   ; 2.35 V              ; -0.00795 V          ; 0.123 V                              ; 0.028 V                              ; 4.64e-10 s                  ; 4.47e-10 s                  ; Yes                        ; Yes                        ; 2.32 V                      ; 5.43e-07 V                  ; 2.35 V             ; -0.00795 V         ; 0.123 V                             ; 0.028 V                             ; 4.64e-10 s                 ; 4.47e-10 s                 ; Yes                       ; Yes                       ;
; t6            ; 2.5 V        ; 0 s                 ; 0 s                 ; 2.32 V                       ; 5.43e-07 V                   ; 2.35 V              ; -0.00795 V          ; 0.123 V                              ; 0.028 V                              ; 4.64e-10 s                  ; 4.47e-10 s                  ; Yes                        ; Yes                        ; 2.32 V                      ; 5.43e-07 V                  ; 2.35 V             ; -0.00795 V         ; 0.123 V                             ; 0.028 V                             ; 4.64e-10 s                 ; 4.47e-10 s                 ; Yes                       ; Yes                       ;
; t7            ; 2.5 V        ; 0 s                 ; 0 s                 ; 2.32 V                       ; 5.43e-07 V                   ; 2.35 V              ; -0.00795 V          ; 0.123 V                              ; 0.028 V                              ; 4.64e-10 s                  ; 4.47e-10 s                  ; Yes                        ; Yes                        ; 2.32 V                      ; 5.43e-07 V                  ; 2.35 V             ; -0.00795 V         ; 0.123 V                             ; 0.028 V                             ; 4.64e-10 s                 ; 4.47e-10 s                 ; Yes                       ; Yes                       ;
; t8            ; 2.5 V        ; 0 s                 ; 0 s                 ; 2.32 V                       ; 5.43e-07 V                   ; 2.35 V              ; -0.00795 V          ; 0.123 V                              ; 0.028 V                              ; 4.64e-10 s                  ; 4.47e-10 s                  ; Yes                        ; Yes                        ; 2.32 V                      ; 5.43e-07 V                  ; 2.35 V             ; -0.00795 V         ; 0.123 V                             ; 0.028 V                             ; 4.64e-10 s                 ; 4.47e-10 s                 ; Yes                       ; Yes                       ;
; t9            ; 2.5 V        ; 0 s                 ; 0 s                 ; 2.32 V                       ; 5.43e-07 V                   ; 2.35 V              ; -0.00795 V          ; 0.123 V                              ; 0.028 V                              ; 4.64e-10 s                  ; 4.47e-10 s                  ; Yes                        ; Yes                        ; 2.32 V                      ; 5.43e-07 V                  ; 2.35 V             ; -0.00795 V         ; 0.123 V                             ; 0.028 V                             ; 4.64e-10 s                 ; 4.47e-10 s                 ; Yes                       ; Yes                       ;
; t10           ; 2.5 V        ; 0 s                 ; 0 s                 ; 2.32 V                       ; 5.43e-07 V                   ; 2.35 V              ; -0.00795 V          ; 0.123 V                              ; 0.028 V                              ; 4.64e-10 s                  ; 4.47e-10 s                  ; Yes                        ; Yes                        ; 2.32 V                      ; 5.43e-07 V                  ; 2.35 V             ; -0.00795 V         ; 0.123 V                             ; 0.028 V                             ; 4.64e-10 s                 ; 4.47e-10 s                 ; Yes                       ; Yes                       ;
; t11           ; 2.5 V        ; 0 s                 ; 0 s                 ; 2.32 V                       ; 5.43e-07 V                   ; 2.35 V              ; -0.00795 V          ; 0.123 V                              ; 0.028 V                              ; 4.64e-10 s                  ; 4.47e-10 s                  ; Yes                        ; Yes                        ; 2.32 V                      ; 5.43e-07 V                  ; 2.35 V             ; -0.00795 V         ; 0.123 V                             ; 0.028 V                             ; 4.64e-10 s                 ; 4.47e-10 s                 ; Yes                       ; Yes                       ;
; t12           ; 2.5 V        ; 0 s                 ; 0 s                 ; 2.32 V                       ; 5.43e-07 V                   ; 2.35 V              ; -0.00795 V          ; 0.123 V                              ; 0.028 V                              ; 4.64e-10 s                  ; 4.47e-10 s                  ; Yes                        ; Yes                        ; 2.32 V                      ; 5.43e-07 V                  ; 2.35 V             ; -0.00795 V         ; 0.123 V                             ; 0.028 V                             ; 4.64e-10 s                 ; 4.47e-10 s                 ; Yes                       ; Yes                       ;
; t13           ; 2.5 V        ; 0 s                 ; 0 s                 ; 2.32 V                       ; 5.43e-07 V                   ; 2.35 V              ; -0.00795 V          ; 0.123 V                              ; 0.028 V                              ; 4.64e-10 s                  ; 4.47e-10 s                  ; Yes                        ; Yes                        ; 2.32 V                      ; 5.43e-07 V                  ; 2.35 V             ; -0.00795 V         ; 0.123 V                             ; 0.028 V                             ; 4.64e-10 s                 ; 4.47e-10 s                 ; Yes                       ; Yes                       ;
; t14           ; 2.5 V        ; 0 s                 ; 0 s                 ; 2.32 V                       ; 5.43e-07 V                   ; 2.35 V              ; -0.00795 V          ; 0.123 V                              ; 0.028 V                              ; 4.64e-10 s                  ; 4.47e-10 s                  ; Yes                        ; Yes                        ; 2.32 V                      ; 5.43e-07 V                  ; 2.35 V             ; -0.00795 V         ; 0.123 V                             ; 0.028 V                             ; 4.64e-10 s                 ; 4.47e-10 s                 ; Yes                       ; Yes                       ;
; t15           ; 2.5 V        ; 0 s                 ; 0 s                 ; 2.32 V                       ; 5.43e-07 V                   ; 2.35 V              ; -0.00795 V          ; 0.123 V                              ; 0.028 V                              ; 4.64e-10 s                  ; 4.47e-10 s                  ; Yes                        ; Yes                        ; 2.32 V                      ; 5.43e-07 V                  ; 2.35 V             ; -0.00795 V         ; 0.123 V                             ; 0.028 V                             ; 4.64e-10 s                 ; 4.47e-10 s                 ; Yes                       ; Yes                       ;
; t16           ; 2.5 V        ; 0 s                 ; 0 s                 ; 2.32 V                       ; 5.43e-07 V                   ; 2.35 V              ; -0.00795 V          ; 0.123 V                              ; 0.028 V                              ; 4.64e-10 s                  ; 4.47e-10 s                  ; Yes                        ; Yes                        ; 2.32 V                      ; 5.43e-07 V                  ; 2.35 V             ; -0.00795 V         ; 0.123 V                             ; 0.028 V                             ; 4.64e-10 s                 ; 4.47e-10 s                 ; Yes                       ; Yes                       ;
; ~ALTERA_DCLK~ ; 2.5 V        ; 0 s                 ; 0 s                 ; 2.32 V                       ; 2.92e-07 V                   ; 2.35 V              ; -0.0133 V           ; 0.084 V                              ; 0.028 V                              ; 4.31e-10 s                  ; 3.59e-10 s                  ; Yes                        ; Yes                        ; 2.32 V                      ; 2.92e-07 V                  ; 2.35 V             ; -0.0133 V          ; 0.084 V                             ; 0.028 V                             ; 4.31e-10 s                 ; 3.59e-10 s                 ; Yes                       ; Yes                       ;
; ~ALTERA_nCEO~ ; 2.5 V        ; 0 s                 ; 0 s                 ; 2.32 V                       ; 4.8e-07 V                    ; 2.35 V              ; -0.00679 V          ; 0.09 V                               ; 0.045 V                              ; 6.2e-10 s                   ; 7.91e-10 s                  ; Yes                        ; Yes                        ; 2.32 V                      ; 4.8e-07 V                   ; 2.35 V             ; -0.00679 V         ; 0.09 V                              ; 0.045 V                             ; 6.2e-10 s                  ; 7.91e-10 s                 ; Yes                       ; Yes                       ;
+---------------+--------------+---------------------+---------------------+------------------------------+------------------------------+---------------------+---------------------+--------------------------------------+--------------------------------------+-----------------------------+-----------------------------+----------------------------+----------------------------+-----------------------------+-----------------------------+--------------------+--------------------+-------------------------------------+-------------------------------------+----------------------------+----------------------------+---------------------------+---------------------------+


+--------------------------------------------------------------------------------------------------------------------------------------------------------------------------------------------------------------------------------------------------------------------------------------------------------------------------------------------------------------------------------------------------------------------------------------------------------------------------------------------------------------------------------------------------------------------------------------------------------------------------------------------------------------------------------------------+
; Fast Corner Signal Integrity Metrics                                                                                                                                                                                                                                                                                                                                                                                                                                                                                                                                                                                                                                                       ;
+---------------+--------------+---------------------+---------------------+------------------------------+------------------------------+---------------------+---------------------+--------------------------------------+--------------------------------------+-----------------------------+-----------------------------+----------------------------+----------------------------+-----------------------------+-----------------------------+--------------------+--------------------+-------------------------------------+-------------------------------------+----------------------------+----------------------------+---------------------------+---------------------------+
; Pin           ; I/O Standard ; Board Delay on Rise ; Board Delay on Fall ; Steady State Voh at FPGA Pin ; Steady State Vol at FPGA Pin ; Voh Max at FPGA Pin ; Vol Min at FPGA Pin ; Ringback Voltage on Rise at FPGA Pin ; Ringback Voltage on Fall at FPGA Pin ; 10-90 Rise Time at FPGA Pin ; 90-10 Fall Time at FPGA Pin ; Monotonic Rise at FPGA Pin ; Monotonic Fall at FPGA Pin ; Steady State Voh at Far-end ; Steady State Vol at Far-end ; Voh Max at Far-end ; Vol Min at Far-end ; Ringback Voltage on Rise at Far-end ; Ringback Voltage on Fall at Far-end ; 10-90 Rise Time at Far-end ; 90-10 Fall Time at Far-end ; Monotonic Rise at Far-end ; Monotonic Fall at Far-end ;
+---------------+--------------+---------------------+---------------------+------------------------------+------------------------------+---------------------+---------------------+--------------------------------------+--------------------------------------+-----------------------------+-----------------------------+----------------------------+----------------------------+-----------------------------+-----------------------------+--------------------+--------------------+-------------------------------------+-------------------------------------+----------------------------+----------------------------+---------------------------+---------------------------+
; C1            ; 2.5 V        ; 0 s                 ; 0 s                 ; 2.62 V                       ; 4.02e-08 V                   ; 2.71 V              ; -0.0354 V           ; 0.174 V                              ; 0.098 V                              ; 2.73e-10 s                  ; 2.69e-10 s                  ; Yes                        ; Yes                        ; 2.62 V                      ; 4.02e-08 V                  ; 2.71 V             ; -0.0354 V          ; 0.174 V                             ; 0.098 V                             ; 2.73e-10 s                 ; 2.69e-10 s                 ; Yes                       ; Yes                       ;
; C2            ; 2.5 V        ; 0 s                 ; 0 s                 ; 2.62 V                       ; 4.02e-08 V                   ; 2.71 V              ; -0.0354 V           ; 0.174 V                              ; 0.098 V                              ; 2.73e-10 s                  ; 2.69e-10 s                  ; Yes                        ; Yes                        ; 2.62 V                      ; 4.02e-08 V                  ; 2.71 V             ; -0.0354 V          ; 0.174 V                             ; 0.098 V                             ; 2.73e-10 s                 ; 2.69e-10 s                 ; Yes                       ; Yes                       ;
; C3            ; 2.5 V        ; 0 s                 ; 0 s                 ; 2.62 V                       ; 4.02e-08 V                   ; 2.71 V              ; -0.0354 V           ; 0.174 V                              ; 0.098 V                              ; 2.73e-10 s                  ; 2.69e-10 s                  ; Yes                        ; Yes                        ; 2.62 V                      ; 4.02e-08 V                  ; 2.71 V             ; -0.0354 V          ; 0.174 V                             ; 0.098 V                             ; 2.73e-10 s                 ; 2.69e-10 s                 ; Yes                       ; Yes                       ;
; C4            ; 2.5 V        ; 0 s                 ; 0 s                 ; 2.62 V                       ; 4.02e-08 V                   ; 2.71 V              ; -0.0354 V           ; 0.174 V                              ; 0.098 V                              ; 2.73e-10 s                  ; 2.69e-10 s                  ; Yes                        ; Yes                        ; 2.62 V                      ; 4.02e-08 V                  ; 2.71 V             ; -0.0354 V          ; 0.174 V                             ; 0.098 V                             ; 2.73e-10 s                 ; 2.69e-10 s                 ; Yes                       ; Yes                       ;
; t1            ; 2.5 V        ; 0 s                 ; 0 s                 ; 2.62 V                       ; 4.02e-08 V                   ; 2.71 V              ; -0.0354 V           ; 0.174 V                              ; 0.098 V                              ; 2.73e-10 s                  ; 2.69e-10 s                  ; Yes                        ; Yes                        ; 2.62 V                      ; 4.02e-08 V                  ; 2.71 V             ; -0.0354 V          ; 0.174 V                             ; 0.098 V                             ; 2.73e-10 s                 ; 2.69e-10 s                 ; Yes                       ; Yes                       ;
; t2            ; 2.5 V        ; 0 s                 ; 0 s                 ; 2.62 V                       ; 4.02e-08 V                   ; 2.71 V              ; -0.0354 V           ; 0.174 V                              ; 0.098 V                              ; 2.73e-10 s                  ; 2.69e-10 s                  ; Yes                        ; Yes                        ; 2.62 V                      ; 4.02e-08 V                  ; 2.71 V             ; -0.0354 V          ; 0.174 V                             ; 0.098 V                             ; 2.73e-10 s                 ; 2.69e-10 s                 ; Yes                       ; Yes                       ;
; t3            ; 2.5 V        ; 0 s                 ; 0 s                 ; 2.62 V                       ; 4.02e-08 V                   ; 2.64 V              ; -0.0115 V           ; 0.204 V                              ; 0.12 V                               ; 2.38e-09 s                  ; 2.24e-09 s                  ; No                         ; Yes                        ; 2.62 V                      ; 4.02e-08 V                  ; 2.64 V             ; -0.0115 V          ; 0.204 V                             ; 0.12 V                              ; 2.38e-09 s                 ; 2.24e-09 s                 ; No                        ; Yes                       ;
; t4            ; 2.5 V        ; 0 s                 ; 0 s                 ; 2.62 V                       ; 4.02e-08 V                   ; 2.71 V              ; -0.0354 V           ; 0.174 V                              ; 0.098 V                              ; 2.73e-10 s                  ; 2.69e-10 s                  ; Yes                        ; Yes                        ; 2.62 V                      ; 4.02e-08 V                  ; 2.71 V             ; -0.0354 V          ; 0.174 V                             ; 0.098 V                             ; 2.73e-10 s                 ; 2.69e-10 s                 ; Yes                       ; Yes                       ;
; t5            ; 2.5 V        ; 0 s                 ; 0 s                 ; 2.62 V                       ; 4.02e-08 V                   ; 2.71 V              ; -0.0354 V           ; 0.174 V                              ; 0.098 V                              ; 2.73e-10 s                  ; 2.69e-10 s                  ; Yes                        ; Yes                        ; 2.62 V                      ; 4.02e-08 V                  ; 2.71 V             ; -0.0354 V          ; 0.174 V                             ; 0.098 V                             ; 2.73e-10 s                 ; 2.69e-10 s                 ; Yes                       ; Yes                       ;
; t6            ; 2.5 V        ; 0 s                 ; 0 s                 ; 2.62 V                       ; 4.02e-08 V                   ; 2.71 V              ; -0.0354 V           ; 0.174 V                              ; 0.098 V                              ; 2.73e-10 s                  ; 2.69e-10 s                  ; Yes                        ; Yes                        ; 2.62 V                      ; 4.02e-08 V                  ; 2.71 V             ; -0.0354 V          ; 0.174 V                             ; 0.098 V                             ; 2.73e-10 s                 ; 2.69e-10 s                 ; Yes                       ; Yes                       ;
; t7            ; 2.5 V        ; 0 s                 ; 0 s                 ; 2.62 V                       ; 4.02e-08 V                   ; 2.71 V              ; -0.0354 V           ; 0.174 V                              ; 0.098 V                              ; 2.73e-10 s                  ; 2.69e-10 s                  ; Yes                        ; Yes                        ; 2.62 V                      ; 4.02e-08 V                  ; 2.71 V             ; -0.0354 V          ; 0.174 V                             ; 0.098 V                             ; 2.73e-10 s                 ; 2.69e-10 s                 ; Yes                       ; Yes                       ;
; t8            ; 2.5 V        ; 0 s                 ; 0 s                 ; 2.62 V                       ; 4.02e-08 V                   ; 2.71 V              ; -0.0354 V           ; 0.174 V                              ; 0.098 V                              ; 2.73e-10 s                  ; 2.69e-10 s                  ; Yes                        ; Yes                        ; 2.62 V                      ; 4.02e-08 V                  ; 2.71 V             ; -0.0354 V          ; 0.174 V                             ; 0.098 V                             ; 2.73e-10 s                 ; 2.69e-10 s                 ; Yes                       ; Yes                       ;
; t9            ; 2.5 V        ; 0 s                 ; 0 s                 ; 2.62 V                       ; 4.02e-08 V                   ; 2.71 V              ; -0.0354 V           ; 0.174 V                              ; 0.098 V                              ; 2.73e-10 s                  ; 2.69e-10 s                  ; Yes                        ; Yes                        ; 2.62 V                      ; 4.02e-08 V                  ; 2.71 V             ; -0.0354 V          ; 0.174 V                             ; 0.098 V                             ; 2.73e-10 s                 ; 2.69e-10 s                 ; Yes                       ; Yes                       ;
; t10           ; 2.5 V        ; 0 s                 ; 0 s                 ; 2.62 V                       ; 4.02e-08 V                   ; 2.71 V              ; -0.0354 V           ; 0.174 V                              ; 0.098 V                              ; 2.73e-10 s                  ; 2.69e-10 s                  ; Yes                        ; Yes                        ; 2.62 V                      ; 4.02e-08 V                  ; 2.71 V             ; -0.0354 V          ; 0.174 V                             ; 0.098 V                             ; 2.73e-10 s                 ; 2.69e-10 s                 ; Yes                       ; Yes                       ;
; t11           ; 2.5 V        ; 0 s                 ; 0 s                 ; 2.62 V                       ; 4.02e-08 V                   ; 2.71 V              ; -0.0354 V           ; 0.174 V                              ; 0.098 V                              ; 2.73e-10 s                  ; 2.69e-10 s                  ; Yes                        ; Yes                        ; 2.62 V                      ; 4.02e-08 V                  ; 2.71 V             ; -0.0354 V          ; 0.174 V                             ; 0.098 V                             ; 2.73e-10 s                 ; 2.69e-10 s                 ; Yes                       ; Yes                       ;
; t12           ; 2.5 V        ; 0 s                 ; 0 s                 ; 2.62 V                       ; 4.02e-08 V                   ; 2.71 V              ; -0.0354 V           ; 0.174 V                              ; 0.098 V                              ; 2.73e-10 s                  ; 2.69e-10 s                  ; Yes                        ; Yes                        ; 2.62 V                      ; 4.02e-08 V                  ; 2.71 V             ; -0.0354 V          ; 0.174 V                             ; 0.098 V                             ; 2.73e-10 s                 ; 2.69e-10 s                 ; Yes                       ; Yes                       ;
; t13           ; 2.5 V        ; 0 s                 ; 0 s                 ; 2.62 V                       ; 4.02e-08 V                   ; 2.71 V              ; -0.0354 V           ; 0.174 V                              ; 0.098 V                              ; 2.73e-10 s                  ; 2.69e-10 s                  ; Yes                        ; Yes                        ; 2.62 V                      ; 4.02e-08 V                  ; 2.71 V             ; -0.0354 V          ; 0.174 V                             ; 0.098 V                             ; 2.73e-10 s                 ; 2.69e-10 s                 ; Yes                       ; Yes                       ;
; t14           ; 2.5 V        ; 0 s                 ; 0 s                 ; 2.62 V                       ; 4.02e-08 V                   ; 2.71 V              ; -0.0354 V           ; 0.174 V                              ; 0.098 V                              ; 2.73e-10 s                  ; 2.69e-10 s                  ; Yes                        ; Yes                        ; 2.62 V                      ; 4.02e-08 V                  ; 2.71 V             ; -0.0354 V          ; 0.174 V                             ; 0.098 V                             ; 2.73e-10 s                 ; 2.69e-10 s                 ; Yes                       ; Yes                       ;
; t15           ; 2.5 V        ; 0 s                 ; 0 s                 ; 2.62 V                       ; 4.02e-08 V                   ; 2.71 V              ; -0.0354 V           ; 0.174 V                              ; 0.098 V                              ; 2.73e-10 s                  ; 2.69e-10 s                  ; Yes                        ; Yes                        ; 2.62 V                      ; 4.02e-08 V                  ; 2.71 V             ; -0.0354 V          ; 0.174 V                             ; 0.098 V                             ; 2.73e-10 s                 ; 2.69e-10 s                 ; Yes                       ; Yes                       ;
; t16           ; 2.5 V        ; 0 s                 ; 0 s                 ; 2.62 V                       ; 4.02e-08 V                   ; 2.71 V              ; -0.0354 V           ; 0.174 V                              ; 0.098 V                              ; 2.73e-10 s                  ; 2.69e-10 s                  ; Yes                        ; Yes                        ; 2.62 V                      ; 4.02e-08 V                  ; 2.71 V             ; -0.0354 V          ; 0.174 V                             ; 0.098 V                             ; 2.73e-10 s                 ; 2.69e-10 s                 ; Yes                       ; Yes                       ;
; ~ALTERA_DCLK~ ; 2.5 V        ; 0 s                 ; 0 s                 ; 2.62 V                       ; 2.2e-08 V                    ; 2.74 V              ; -0.061 V            ; 0.159 V                              ; 0.078 V                              ; 2.7e-10 s                   ; 2.2e-10 s                   ; No                         ; Yes                        ; 2.62 V                      ; 2.2e-08 V                   ; 2.74 V             ; -0.061 V           ; 0.159 V                             ; 0.078 V                             ; 2.7e-10 s                  ; 2.2e-10 s                  ; No                        ; Yes                       ;
; ~ALTERA_nCEO~ ; 2.5 V        ; 0 s                 ; 0 s                 ; 2.62 V                       ; 3.52e-08 V                   ; 2.7 V               ; -0.0121 V           ; 0.274 V                              ; 0.034 V                              ; 3.18e-10 s                  ; 4.96e-10 s                  ; No                         ; Yes                        ; 2.62 V                      ; 3.52e-08 V                  ; 2.7 V              ; -0.0121 V          ; 0.274 V                             ; 0.034 V                             ; 3.18e-10 s                 ; 4.96e-10 s                 ; No                        ; Yes                       ;
+---------------+--------------+---------------------+---------------------+------------------------------+------------------------------+---------------------+---------------------+--------------------------------------+--------------------------------------+-----------------------------+-----------------------------+----------------------------+----------------------------+-----------------------------+-----------------------------+--------------------+--------------------+-------------------------------------+-------------------------------------+----------------------------+----------------------------+---------------------------+---------------------------+


+-------------------------------------------------------------------+
; Setup Transfers                                                   ;
+------------+----------+----------+----------+----------+----------+
; From Clock ; To Clock ; RR Paths ; FR Paths ; RF Paths ; FF Paths ;
+------------+----------+----------+----------+----------+----------+
; clk        ; clk      ; 2029     ; 0        ; 0        ; 0        ;
+------------+----------+----------+----------+----------+----------+
Entries labeled "false path" only account for clock-to-clock false paths and not path-based false paths. As a result, actual path counts may be lower than reported.


+-------------------------------------------------------------------+
; Hold Transfers                                                    ;
+------------+----------+----------+----------+----------+----------+
; From Clock ; To Clock ; RR Paths ; FR Paths ; RF Paths ; FF Paths ;
+------------+----------+----------+----------+----------+----------+
; clk        ; clk      ; 2029     ; 0        ; 0        ; 0        ;
+------------+----------+----------+----------+----------+----------+
Entries labeled "false path" only account for clock-to-clock false paths and not path-based false paths. As a result, actual path counts may be lower than reported.


+-------------------------------------------------------------------+
; Recovery Transfers                                                ;
+------------+----------+----------+----------+----------+----------+
; From Clock ; To Clock ; RR Paths ; FR Paths ; RF Paths ; FF Paths ;
+------------+----------+----------+----------+----------+----------+
; clk        ; clk      ; 80       ; 0        ; 0        ; 0        ;
+------------+----------+----------+----------+----------+----------+
Entries labeled "false path" only account for clock-to-clock false paths and not path-based false paths. As a result, actual path counts may be lower than reported.


+-------------------------------------------------------------------+
; Removal Transfers                                                 ;
+------------+----------+----------+----------+----------+----------+
; From Clock ; To Clock ; RR Paths ; FR Paths ; RF Paths ; FF Paths ;
+------------+----------+----------+----------+----------+----------+
; clk        ; clk      ; 80       ; 0        ; 0        ; 0        ;
+------------+----------+----------+----------+----------+----------+
Entries labeled "false path" only account for clock-to-clock false paths and not path-based false paths. As a result, actual path counts may be lower than reported.


---------------
; Report TCCS ;
---------------
No dedicated SERDES Transmitter circuitry present in device or used in design


---------------
; Report RSKM ;
---------------
No dedicated SERDES Receiver circuitry present in device or used in design


+------------------------------------------------+
; Unconstrained Paths                            ;
+---------------------------------+-------+------+
; Property                        ; Setup ; Hold ;
+---------------------------------+-------+------+
; Illegal Clocks                  ; 0     ; 0    ;
; Unconstrained Clocks            ; 0     ; 0    ;
; Unconstrained Input Ports       ; 4     ; 4    ;
; Unconstrained Input Port Paths  ; 264   ; 264  ;
; Unconstrained Output Ports      ; 20    ; 20   ;
; Unconstrained Output Port Paths ; 22    ; 22   ;
+---------------------------------+-------+------+


+------------------------------------+
; TimeQuest Timing Analyzer Messages ;
+------------------------------------+
Info: *******************************************************************
Info: Running Quartus II 64-Bit TimeQuest Timing Analyzer
    Info: Version 13.0.1 Build 232 06/12/2013 Service Pack 1 SJ Web Edition
    Info: Processing started: Thu Nov 27 11:31:35 2025
Info: Command: quartus_sta prueba -c prueba
Info: qsta_default_script.tcl version: #1
Warning (20028): Parallel compilation is not licensed and has been disabled
Info (21077): Core supply voltage is 1.2V
Info (21077): Low junction temperature is 0 degrees C
Info (21077): High junction temperature is 85 degrees C
Critical Warning (332012): Synopsys Design Constraints File file not found: 'prueba.sdc'. A Synopsys Design Constraints File is required by the TimeQuest Timing Analyzer to get proper timing constraints. Without it, the Compiler will not properly optimize the design.
Info (332142): No user constrained base clocks found in the design. Calling "derive_clocks -period 1.0"
Info (332105): Deriving Clocks
    Info (332105): create_clock -period 1.000 -name clk clk
Info (332143): No user constrained clock uncertainty found in the design. Calling "derive_clock_uncertainty"
Info (332123): Deriving Clock Uncertainty. Please refer to report_sdc in TimeQuest to see clock uncertainties.
Info: Found TIMEQUEST_REPORT_SCRIPT_INCLUDE_DEFAULT_ANALYSIS = ON
Info: Analyzing Slow 1200mV 85C Model
Critical Warning (332148): Timing requirements not met
    Info (11105): For recommendations on closing timing, run Report Timing Closure Recommendations in the TimeQuest Timing Analyzer.
Info (332146): Worst-case setup slack is -3.149
    Info (332119):     Slack End Point TNS Clock 
    Info (332119): ========= ============= =====================
    Info (332119):    -3.149      -203.437 clk 
Info (332146): Worst-case hold slack is 0.385
    Info (332119):     Slack End Point TNS Clock 
    Info (332119): ========= ============= =====================
    Info (332119):     0.385         0.000 clk 
Info (332146): Worst-case recovery slack is -1.239
    Info (332119):     Slack End Point TNS Clock 
    Info (332119): ========= ============= =====================
    Info (332119):    -1.239       -78.152 clk 
Info (332146): Worst-case removal slack is 0.595
    Info (332119):     Slack End Point TNS Clock 
    Info (332119): ========= ============= =====================
    Info (332119):     0.595         0.000 clk 
Info (332146): Worst-case minimum pulse width slack is -3.000
    Info (332119):     Slack End Point TNS Clock 
    Info (332119): ========= ============= =====================
    Info (332119):    -3.000      -118.650 clk 
Info: Analyzing Slow 1200mV 0C Model
Info (334003): Started post-fitting delay annotation
Info (334004): Delay annotation completed successfully
Info (332123): Deriving Clock Uncertainty. Please refer to report_sdc in TimeQuest to see clock uncertainties.
Critical Warning (332148): Timing requirements not met
    Info (11105): For recommendations on closing timing, run Report Timing Closure Recommendations in the TimeQuest Timing Analyzer.
Info (332146): Worst-case setup slack is -2.788
    Info (332119):     Slack End Point TNS Clock 
    Info (332119): ========= ============= =====================
    Info (332119):    -2.788      -177.567 clk 
Info (332146): Worst-case hold slack is 0.338
    Info (332119):     Slack End Point TNS Clock 
    Info (332119): ========= ============= =====================
    Info (332119):     0.338         0.000 clk 
Info (332146): Worst-case recovery slack is -1.022
    Info (332119):     Slack End Point TNS Clock 
    Info (332119): ========= ============= =====================
    Info (332119):    -1.022       -62.634 clk 
Info (332146): Worst-case removal slack is 0.532
    Info (332119):     Slack End Point TNS Clock 
    Info (332119): ========= ============= =====================
    Info (332119):     0.532         0.000 clk 
Info (332146): Worst-case minimum pulse width slack is -3.000
    Info (332119):     Slack End Point TNS Clock 
    Info (332119): ========= ============= =====================
    Info (332119):    -3.000      -118.650 clk 
Info: Analyzing Fast 1200mV 0C Model
Info (332123): Deriving Clock Uncertainty. Please refer to report_sdc in TimeQuest to see clock uncertainties.
Critical Warning (332148): Timing requirements not met
    Info (11105): For recommendations on closing timing, run Report Timing Closure Recommendations in the TimeQuest Timing Analyzer.
Info (332146): Worst-case setup slack is -1.013
    Info (332119):     Slack End Point TNS Clock 
    Info (332119): ========= ============= =====================
    Info (332119):    -1.013       -55.260 clk 
Info (332146): Worst-case hold slack is 0.173
    Info (332119):     Slack End Point TNS Clock 
    Info (332119): ========= ============= =====================
    Info (332119):     0.173         0.000 clk 
Info (332146): Worst-case recovery slack is -0.161
    Info (332119):     Slack End Point TNS Clock 
    Info (332119): ========= ============= =====================
    Info (332119):    -0.161        -4.147 clk 
Info (332146): Worst-case removal slack is 0.298
    Info (332119):     Slack End Point TNS Clock 
    Info (332119): ========= ============= =====================
    Info (332119):     0.298         0.000 clk 
Info (332146): Worst-case minimum pulse width slack is -3.000
    Info (332119):     Slack End Point TNS Clock 
    Info (332119): ========= ============= =====================
    Info (332119):    -3.000       -98.506 clk 
Info (332102): Design is not fully constrained for setup requirements
Info (332102): Design is not fully constrained for hold requirements
Info: Quartus II 64-Bit TimeQuest Timing Analyzer was successful. 0 errors, 5 warnings
    Info: Peak virtual memory: 4649 megabytes
    Info: Processing ended: Thu Nov 27 11:31:38 2025
    Info: Elapsed time: 00:00:03
    Info: Total CPU time (on all processors): 00:00:03


