Analysis & Synthesis report for proyecto_final
Fri Nov 28 20:31:13 2025
Quartus II 64-Bit Version 13.0.1 Build 232 06/12/2013 Service Pack 1 SJ Web Edition


---------------------
; Table of Contents ;
---------------------
  1. Legal Notice
  2. Analysis & Synthesis Summary
  3. Analysis & Synthesis Settings
  4. Parallel Compilation
  5. Analysis & Synthesis Source Files Read
  6. Analysis & Synthesis Resource Usage Summary
  7. Analysis & Synthesis Resource Utilization by Entity
  8. Analysis & Synthesis IP Cores Summary
  9. State Machine - |proyecto_final|Subsistema_4:inst2|fstate
 10. User-Specified and Inferred Latches
 11. Registers Removed During Synthesis
 12. Removed Registers Triggering Further Register Optimizations
 13. General Register Statistics
 14. Inverted Register Statistics
 15. Multiplexer Restructuring Statistics (Restructuring Performed)
 16. Parameter Settings for User Entity Instance: subsistema2esquematico:inst|Block1:inst|altpll0:inst|altpll:altpll_component
 17. altpll Parameter Settings by Entity Instance
 18. Elapsed Time Per Partition
 19. Analysis & Synthesis Messages



----------------
; Legal Notice ;
----------------
Copyright (C) 1991-2013 Altera Corporation
Your use of Altera Corporation's design tools, logic functions 
and other software and tools, and its AMPP partner logic 
functions, and any output files from any of the foregoing 
(including device programming or simulation files), and any 
associated documentation or information are expressly subject 
to the terms and conditions of the Altera Program License 
Subscription Agreement, Altera MegaCore Function License 
Agreement, or other applicable license agreement, including, 
without limitation, that your use is for the sole purpose of 
programming logic devices manufactured by Altera and sold by 
Altera or its authorized distributors.  Please refer to the 
applicable agreement for further details.



+--------------------------------------------------------------------------------------+
; Analysis & Synthesis Summary                                                         ;
+------------------------------------+-------------------------------------------------+
; Analysis & Synthesis Status        ; Successful - Fri Nov 28 20:31:12 2025           ;
; Quartus II 64-Bit Version          ; 13.0.1 Build 232 06/12/2013 SP 1 SJ Web Edition ;
; Revision Name                      ; proyecto_final                                  ;
; Top-level Entity Name              ; proyecto_final                                  ;
; Family                             ; Cyclone IV E                                    ;
; Total logic elements               ; 1,716                                           ;
;     Total combinational functions  ; 1,502                                           ;
;     Dedicated logic registers      ; 790                                             ;
; Total registers                    ; 790                                             ;
; Total pins                         ; 10                                              ;
; Total virtual pins                 ; 0                                               ;
; Total memory bits                  ; 0                                               ;
; Embedded Multiplier 9-bit elements ; 0                                               ;
; Total PLLs                         ; 1                                               ;
+------------------------------------+-------------------------------------------------+


+----------------------------------------------------------------------------------------------------------------------+
; Analysis & Synthesis Settings                                                                                        ;
+----------------------------------------------------------------------------+--------------------+--------------------+
; Option                                                                     ; Setting            ; Default Value      ;
+----------------------------------------------------------------------------+--------------------+--------------------+
; Device                                                                     ; EP4CE22F17C6       ;                    ;
; Top-level entity name                                                      ; proyecto_final     ; proyecto_final     ;
; Family name                                                                ; Cyclone IV E       ; Cyclone IV GX      ;
; Use smart compilation                                                      ; Off                ; Off                ;
; Enable parallel Assembler and TimeQuest Timing Analyzer during compilation ; On                 ; On                 ;
; Enable compact report table                                                ; Off                ; Off                ;
; Restructure Multiplexers                                                   ; Auto               ; Auto               ;
; Create Debugging Nodes for IP Cores                                        ; Off                ; Off                ;
; Preserve fewer node names                                                  ; On                 ; On                 ;
; Disable OpenCore Plus hardware evaluation                                  ; Off                ; Off                ;
; Verilog Version                                                            ; Verilog_2001       ; Verilog_2001       ;
; VHDL Version                                                               ; VHDL_1993          ; VHDL_1993          ;
; State Machine Processing                                                   ; Auto               ; Auto               ;
; Safe State Machine                                                         ; Off                ; Off                ;
; Extract Verilog State Machines                                             ; On                 ; On                 ;
; Extract VHDL State Machines                                                ; On                 ; On                 ;
; Ignore Verilog initial constructs                                          ; Off                ; Off                ;
; Iteration limit for constant Verilog loops                                 ; 5000               ; 5000               ;
; Iteration limit for non-constant Verilog loops                             ; 250                ; 250                ;
; Add Pass-Through Logic to Inferred RAMs                                    ; On                 ; On                 ;
; Infer RAMs from Raw Logic                                                  ; On                 ; On                 ;
; Parallel Synthesis                                                         ; On                 ; On                 ;
; DSP Block Balancing                                                        ; Auto               ; Auto               ;
; NOT Gate Push-Back                                                         ; On                 ; On                 ;
; Power-Up Don't Care                                                        ; On                 ; On                 ;
; Remove Redundant Logic Cells                                               ; Off                ; Off                ;
; Remove Duplicate Registers                                                 ; On                 ; On                 ;
; Ignore CARRY Buffers                                                       ; Off                ; Off                ;
; Ignore CASCADE Buffers                                                     ; Off                ; Off                ;
; Ignore GLOBAL Buffers                                                      ; Off                ; Off                ;
; Ignore ROW GLOBAL Buffers                                                  ; Off                ; Off                ;
; Ignore LCELL Buffers                                                       ; Off                ; Off                ;
; Ignore SOFT Buffers                                                        ; On                 ; On                 ;
; Limit AHDL Integers to 32 Bits                                             ; Off                ; Off                ;
; Optimization Technique                                                     ; Balanced           ; Balanced           ;
; Carry Chain Length                                                         ; 70                 ; 70                 ;
; Auto Carry Chains                                                          ; On                 ; On                 ;
; Auto Open-Drain Pins                                                       ; On                 ; On                 ;
; Perform WYSIWYG Primitive Resynthesis                                      ; Off                ; Off                ;
; Auto ROM Replacement                                                       ; On                 ; On                 ;
; Auto RAM Replacement                                                       ; On                 ; On                 ;
; Auto DSP Block Replacement                                                 ; On                 ; On                 ;
; Auto Shift Register Replacement                                            ; Auto               ; Auto               ;
; Allow Shift Register Merging across Hierarchies                            ; Auto               ; Auto               ;
; Auto Clock Enable Replacement                                              ; On                 ; On                 ;
; Strict RAM Replacement                                                     ; Off                ; Off                ;
; Allow Synchronous Control Signals                                          ; On                 ; On                 ;
; Force Use of Synchronous Clear Signals                                     ; Off                ; Off                ;
; Auto RAM Block Balancing                                                   ; On                 ; On                 ;
; Auto RAM to Logic Cell Conversion                                          ; Off                ; Off                ;
; Auto Resource Sharing                                                      ; Off                ; Off                ;
; Allow Any RAM Size For Recognition                                         ; Off                ; Off                ;
; Allow Any ROM Size For Recognition                                         ; Off                ; Off                ;
; Allow Any Shift Register Size For Recognition                              ; Off                ; Off                ;
; Use LogicLock Constraints during Resource Balancing                        ; On                 ; On                 ;
; Ignore translate_off and synthesis_off directives                          ; Off                ; Off                ;
; Timing-Driven Synthesis                                                    ; On                 ; On                 ;
; Report Parameter Settings                                                  ; On                 ; On                 ;
; Report Source Assignments                                                  ; On                 ; On                 ;
; Report Connectivity Checks                                                 ; On                 ; On                 ;
; Ignore Maximum Fan-Out Assignments                                         ; Off                ; Off                ;
; Synchronization Register Chain Length                                      ; 2                  ; 2                  ;
; PowerPlay Power Optimization                                               ; Normal compilation ; Normal compilation ;
; HDL message level                                                          ; Level2             ; Level2             ;
; Suppress Register Optimization Related Messages                            ; Off                ; Off                ;
; Number of Removed Registers Reported in Synthesis Report                   ; 5000               ; 5000               ;
; Number of Swept Nodes Reported in Synthesis Report                         ; 5000               ; 5000               ;
; Number of Inverted Registers Reported in Synthesis Report                  ; 100                ; 100                ;
; Clock MUX Protection                                                       ; On                 ; On                 ;
; Auto Gated Clock Conversion                                                ; Off                ; Off                ;
; Block Design Naming                                                        ; Auto               ; Auto               ;
; SDC constraint protection                                                  ; Off                ; Off                ;
; Synthesis Effort                                                           ; Auto               ; Auto               ;
; Shift Register Replacement - Allow Asynchronous Clear Signal               ; On                 ; On                 ;
; Pre-Mapping Resynthesis Optimization                                       ; Off                ; Off                ;
; Analysis & Synthesis Message Level                                         ; Medium             ; Medium             ;
; Disable Register Merging Across Hierarchies                                ; Auto               ; Auto               ;
; Resource Aware Inference For Block RAM                                     ; On                 ; On                 ;
; Synthesis Seed                                                             ; 1                  ; 1                  ;
+----------------------------------------------------------------------------+--------------------+--------------------+


Parallel compilation was disabled, but you have multiple processors available. Enable parallel compilation to reduce compilation time.
+-------------------------------------+
; Parallel Compilation                ;
+----------------------------+--------+
; Processors                 ; Number ;
+----------------------------+--------+
; Number detected on machine ; 2      ;
; Maximum allowed            ; 1      ;
+----------------------------+--------+


+------------------------------------------------------------------------------------------------------------------------------------------------------------------------------------------------+
; Analysis & Synthesis Source Files Read                                                                                                                                                         ;
+----------------------------------+-----------------+------------------------------------+--------------------------------------------------------------------------------------------+---------+
; File Name with User-Entered Path ; Used in Netlist ; File Type                          ; File Name with Absolute Path                                                               ; Library ;
+----------------------------------+-----------------+------------------------------------+--------------------------------------------------------------------------------------------+---------+
; pruebat.vhd                      ; yes             ; User VHDL File                     ; C:/Users/iniak/Documents/facu/TYDD2/lab2/TATETI/tatetifinalboss/pruebat.vhd                ;         ;
; coloress2.vhd                    ; yes             ; User VHDL File                     ; C:/Users/iniak/Documents/facu/TYDD2/lab2/TATETI/tatetifinalboss/coloress2.vhd              ;         ;
; pulso_384.vhd                    ; yes             ; User VHDL File                     ; C:/Users/iniak/Documents/facu/TYDD2/lab2/TATETI/tatetifinalboss/pulso_384.vhd              ;         ;
; paralelo_serie_384b.vhd          ; yes             ; User VHDL File                     ; C:/Users/iniak/Documents/facu/TYDD2/lab2/TATETI/tatetifinalboss/paralelo_serie_384b.vhd    ;         ;
; subsistema2esquematico.bdf       ; yes             ; User Block Diagram/Schematic File  ; C:/Users/iniak/Documents/facu/TYDD2/lab2/TATETI/tatetifinalboss/subsistema2esquematico.bdf ;         ;
; Block1.bdf                       ; yes             ; User Block Diagram/Schematic File  ; C:/Users/iniak/Documents/facu/TYDD2/lab2/TATETI/tatetifinalboss/Block1.bdf                 ;         ;
; Validar_movimiento.vhd           ; yes             ; User VHDL File                     ; C:/Users/iniak/Documents/facu/TYDD2/lab2/TATETI/tatetifinalboss/Validar_movimiento.vhd     ;         ;
; Subsistema_4.vhd                 ; yes             ; User VHDL File                     ; C:/Users/iniak/Documents/facu/TYDD2/lab2/TATETI/tatetifinalboss/Subsistema_4.vhd           ;         ;
; Memoria_tablero.vhd              ; yes             ; User VHDL File                     ; C:/Users/iniak/Documents/facu/TYDD2/lab2/TATETI/tatetifinalboss/Memoria_tablero.vhd        ;         ;
; Detector_victoria.vhd            ; yes             ; User VHDL File                     ; C:/Users/iniak/Documents/facu/TYDD2/lab2/TATETI/tatetifinalboss/Detector_victoria.vhd      ;         ;
; proyecto_final.bdf               ; yes             ; User Block Diagram/Schematic File  ; C:/Users/iniak/Documents/facu/TYDD2/lab2/TATETI/tatetifinalboss/proyecto_final.bdf         ;         ;
; altpll0.vhd                      ; yes             ; Auto-Found Wizard-Generated File   ; C:/Users/iniak/Documents/facu/TYDD2/lab2/TATETI/tatetifinalboss/altpll0.vhd                ;         ;
; altpll.tdf                       ; yes             ; Megafunction                       ; c:/altera/13.0sp1/quartus/libraries/megafunctions/altpll.tdf                               ;         ;
; aglobal130.inc                   ; yes             ; Megafunction                       ; c:/altera/13.0sp1/quartus/libraries/megafunctions/aglobal130.inc                           ;         ;
; stratix_pll.inc                  ; yes             ; Megafunction                       ; c:/altera/13.0sp1/quartus/libraries/megafunctions/stratix_pll.inc                          ;         ;
; stratixii_pll.inc                ; yes             ; Megafunction                       ; c:/altera/13.0sp1/quartus/libraries/megafunctions/stratixii_pll.inc                        ;         ;
; cycloneii_pll.inc                ; yes             ; Megafunction                       ; c:/altera/13.0sp1/quartus/libraries/megafunctions/cycloneii_pll.inc                        ;         ;
; db/altpll0_altpll1.v             ; yes             ; Auto-Generated Megafunction        ; C:/Users/iniak/Documents/facu/TYDD2/lab2/TATETI/tatetifinalboss/db/altpll0_altpll1.v       ;         ;
; 21mux.bdf                        ; yes             ; Megafunction                       ; c:/altera/13.0sp1/quartus/libraries/others/maxplus2/21mux.bdf                              ;         ;
; teclado.vhd                      ; yes             ; Auto-Found VHDL File               ; C:/Users/iniak/Documents/facu/TYDD2/lab2/TATETI/tatetifinalboss/teclado.vhd                ;         ;
+----------------------------------+-----------------+------------------------------------+--------------------------------------------------------------------------------------------+---------+


+---------------------------------------------------------------------------------------------+
; Analysis & Synthesis Resource Usage Summary                                                 ;
+---------------------------------------------+-----------------------------------------------+
; Resource                                    ; Usage                                         ;
+---------------------------------------------+-----------------------------------------------+
; Estimated Total logic elements              ; 1,716                                         ;
;                                             ;                                               ;
; Total combinational functions               ; 1502                                          ;
; Logic element usage by number of LUT inputs ;                                               ;
;     -- 4 input functions                    ; 604                                           ;
;     -- 3 input functions                    ; 434                                           ;
;     -- <=2 input functions                  ; 464                                           ;
;                                             ;                                               ;
; Logic elements by mode                      ;                                               ;
;     -- normal mode                          ; 1484                                          ;
;     -- arithmetic mode                      ; 18                                            ;
;                                             ;                                               ;
; Total registers                             ; 790                                           ;
;     -- Dedicated logic registers            ; 790                                           ;
;     -- I/O registers                        ; 0                                             ;
;                                             ;                                               ;
; I/O pins                                    ; 10                                            ;
; Embedded Multiplier 9-bit elements          ; 0                                             ;
; Total PLLs                                  ; 1                                             ;
;     -- PLLs                                 ; 1                                             ;
;                                             ;                                               ;
; Maximum fan-out node                        ; subsistema2esquematico:inst|Block1:inst|inst4 ;
; Maximum fan-out                             ; 1003                                          ;
; Total fan-out                               ; 7015                                          ;
; Average fan-out                             ; 3.03                                          ;
+---------------------------------------------+-----------------------------------------------+


+----------------------------------------------------------------------------------------------------------------------------------------------------------------------------------------------------------------------------------------------------------------------------------------------------------+
; Analysis & Synthesis Resource Utilization by Entity                                                                                                                                                                                                                                                      ;
+-------------------------------------------------+-------------------+--------------+-------------+--------------+---------+-----------+------+--------------+-----------------------------------------------------------------------------------------------------------------------------+--------------+
; Compilation Hierarchy Node                      ; LC Combinationals ; LC Registers ; Memory Bits ; DSP Elements ; DSP 9x9 ; DSP 18x18 ; Pins ; Virtual Pins ; Full Hierarchy Name                                                                                                         ; Library Name ;
+-------------------------------------------------+-------------------+--------------+-------------+--------------+---------+-----------+------+--------------+-----------------------------------------------------------------------------------------------------------------------------+--------------+
; |proyecto_final                                 ; 1502 (1)          ; 790 (0)      ; 0           ; 0            ; 0       ; 0         ; 10   ; 0            ; |proyecto_final                                                                                                             ; work         ;
;    |Detector_Victoria:inst3|                    ; 6 (6)             ; 0 (0)        ; 0           ; 0            ; 0       ; 0         ; 0    ; 0            ; |proyecto_final|Detector_Victoria:inst3                                                                                     ; work         ;
;    |Memoria_tablero:inst4|                      ; 22 (22)           ; 9 (9)        ; 0           ; 0            ; 0       ; 0         ; 0    ; 0            ; |proyecto_final|Memoria_tablero:inst4                                                                                       ; work         ;
;    |Subsistema_4:inst2|                         ; 14 (14)           ; 4 (4)        ; 0           ; 0            ; 0       ; 0         ; 0    ; 0            ; |proyecto_final|Subsistema_4:inst2                                                                                          ; work         ;
;    |pruebat:inst6|                              ; 28 (28)           ; 14 (14)      ; 0           ; 0            ; 0       ; 0         ; 0    ; 0            ; |proyecto_final|pruebat:inst6                                                                                               ; work         ;
;    |subsistema2esquematico:inst|                ; 1096 (0)          ; 676 (0)      ; 0           ; 0            ; 0       ; 0         ; 0    ; 0            ; |proyecto_final|subsistema2esquematico:inst                                                                                 ; work         ;
;       |Block1:inst|                             ; 916 (3)           ; 397 (2)      ; 0           ; 0            ; 0       ; 0         ; 0    ; 0            ; |proyecto_final|subsistema2esquematico:inst|Block1:inst                                                                     ; work         ;
;          |altpll0:inst|                         ; 0 (0)             ; 0 (0)        ; 0           ; 0            ; 0       ; 0         ; 0    ; 0            ; |proyecto_final|subsistema2esquematico:inst|Block1:inst|altpll0:inst                                                        ; work         ;
;             |altpll:altpll_component|           ; 0 (0)             ; 0 (0)        ; 0           ; 0            ; 0       ; 0         ; 0    ; 0            ; |proyecto_final|subsistema2esquematico:inst|Block1:inst|altpll0:inst|altpll:altpll_component                                ; work         ;
;                |altpll0_altpll1:auto_generated| ; 0 (0)             ; 0 (0)        ; 0           ; 0            ; 0       ; 0         ; 0    ; 0            ; |proyecto_final|subsistema2esquematico:inst|Block1:inst|altpll0:inst|altpll:altpll_component|altpll0_altpll1:auto_generated ; work         ;
;          |paralelo_serie_384b:inst1|            ; 901 (901)         ; 384 (384)    ; 0           ; 0            ; 0       ; 0         ; 0    ; 0            ; |proyecto_final|subsistema2esquematico:inst|Block1:inst|paralelo_serie_384b:inst1                                           ; work         ;
;          |pulso_384:inst12|                     ; 12 (12)           ; 11 (11)      ; 0           ; 0            ; 0       ; 0         ; 0    ; 0            ; |proyecto_final|subsistema2esquematico:inst|Block1:inst|pulso_384:inst12                                                    ; work         ;
;       |coloress2:inst1|                         ; 180 (180)         ; 279 (279)    ; 0           ; 0            ; 0       ; 0         ; 0    ; 0            ; |proyecto_final|subsistema2esquematico:inst|coloress2:inst1                                                                 ; work         ;
;    |teclado:inst1|                              ; 335 (335)         ; 87 (87)      ; 0           ; 0            ; 0       ; 0         ; 0    ; 0            ; |proyecto_final|teclado:inst1                                                                                               ; work         ;
+-------------------------------------------------+-------------------+--------------+-------------+--------------+---------+-----------+------+--------------+-----------------------------------------------------------------------------------------------------------------------------+--------------+
Note: For table entries with two numbers listed, the numbers in parentheses indicate the number of resources of the given type used by the specific entity alone. The numbers listed outside of parentheses indicate the total resources of the given type used by the specific entity and all of its sub-entities in the hierarchy.


+--------------------------------------------------------------------------------------------------------------------------------------------------------------------------------------------------------------------+
; Analysis & Synthesis IP Cores Summary                                                                                                                                                                              ;
+--------+--------------+---------+--------------+--------------+----------------------------------------------------------------------+-----------------------------------------------------------------------------+
; Vendor ; IP Core Name ; Version ; Release Date ; License Type ; Entity Instance                                                      ; IP Include File                                                             ;
+--------+--------------+---------+--------------+--------------+----------------------------------------------------------------------+-----------------------------------------------------------------------------+
; Altera ; ALTPLL       ; N/A     ; N/A          ; N/A          ; |proyecto_final|subsistema2esquematico:inst|Block1:inst|altpll0:inst ; C:/Users/iniak/Documents/facu/TYDD2/lab2/TATETI/tatetifinalboss/altpll0.vhd ;
+--------+--------------+---------+--------------+--------------+----------------------------------------------------------------------+-----------------------------------------------------------------------------+


Encoding Type:  One-Hot
+-----------------------------------------------------------------------------------------------------------------------------------------------------------+
; State Machine - |proyecto_final|Subsistema_4:inst2|fstate                                                                                                 ;
+----------------+----------------+--------------+--------------+--------------+--------------+--------------+-------------+----------------+---------------+
; Name           ; fstate.reseteo ; fstate.RES_F ; fstate.VER_F ; fstate.FIN_P ; fstate.VERIF ; fstate.ESP_J ; fstate.IN_P ; fstate.SEL_MOD ; fstate.INICIO ;
+----------------+----------------+--------------+--------------+--------------+--------------+--------------+-------------+----------------+---------------+
; fstate.INICIO  ; 0              ; 0            ; 0            ; 0            ; 0            ; 0            ; 0           ; 0              ; 0             ;
; fstate.SEL_MOD ; 0              ; 0            ; 0            ; 0            ; 0            ; 0            ; 0           ; 1              ; 1             ;
; fstate.IN_P    ; 0              ; 0            ; 0            ; 0            ; 0            ; 0            ; 1           ; 0              ; 1             ;
; fstate.ESP_J   ; 0              ; 0            ; 0            ; 0            ; 0            ; 1            ; 0           ; 0              ; 1             ;
; fstate.VERIF   ; 0              ; 0            ; 0            ; 0            ; 1            ; 0            ; 0           ; 0              ; 1             ;
; fstate.FIN_P   ; 0              ; 0            ; 0            ; 1            ; 0            ; 0            ; 0           ; 0              ; 1             ;
; fstate.VER_F   ; 0              ; 0            ; 1            ; 0            ; 0            ; 0            ; 0           ; 0              ; 1             ;
; fstate.RES_F   ; 0              ; 1            ; 0            ; 0            ; 0            ; 0            ; 0           ; 0              ; 1             ;
; fstate.reseteo ; 1              ; 0            ; 0            ; 0            ; 0            ; 0            ; 0           ; 0              ; 1             ;
+----------------+----------------+--------------+--------------+--------------+--------------+--------------+-------------+----------------+---------------+


+----------------------------------------------------------------------------------------------------+
; User-Specified and Inferred Latches                                                                ;
+-----------------------------------------------------+---------------------+------------------------+
; Latch Name                                          ; Latch Enable Signal ; Free of Timing Hazards ;
+-----------------------------------------------------+---------------------+------------------------+
; subsistema2esquematico:inst|coloress2:inst1|CJ2[21] ; pruebat:inst6|J1vJ2 ; yes                    ;
; pruebat:inst6|J1vJ2                                 ; pruebat:inst6|Mux8  ; yes                    ;
; subsistema2esquematico:inst|coloress2:inst1|CJ2[20] ; pruebat:inst6|J1vJ2 ; yes                    ;
; subsistema2esquematico:inst|coloress2:inst1|CJ2[19] ; pruebat:inst6|J1vJ2 ; yes                    ;
; subsistema2esquematico:inst|coloress2:inst1|CJ2[18] ; pruebat:inst6|J1vJ2 ; yes                    ;
; subsistema2esquematico:inst|coloress2:inst1|CJ2[17] ; pruebat:inst6|J1vJ2 ; yes                    ;
; subsistema2esquematico:inst|coloress2:inst1|CJ2[16] ; pruebat:inst6|J1vJ2 ; yes                    ;
; subsistema2esquematico:inst|coloress2:inst1|CJ2[15] ; pruebat:inst6|J1vJ2 ; yes                    ;
; subsistema2esquematico:inst|coloress2:inst1|CJ2[14] ; pruebat:inst6|J1vJ2 ; yes                    ;
; subsistema2esquematico:inst|coloress2:inst1|CJ2[13] ; pruebat:inst6|J1vJ2 ; yes                    ;
; subsistema2esquematico:inst|coloress2:inst1|CJ2[12] ; pruebat:inst6|J1vJ2 ; yes                    ;
; subsistema2esquematico:inst|coloress2:inst1|CJ2[11] ; pruebat:inst6|J1vJ2 ; yes                    ;
; subsistema2esquematico:inst|coloress2:inst1|CJ2[10] ; pruebat:inst6|J1vJ2 ; yes                    ;
; subsistema2esquematico:inst|coloress2:inst1|CJ2[9]  ; pruebat:inst6|J1vJ2 ; yes                    ;
; subsistema2esquematico:inst|coloress2:inst1|CJ2[8]  ; pruebat:inst6|J1vJ2 ; yes                    ;
; subsistema2esquematico:inst|coloress2:inst1|CJ2[4]  ; pruebat:inst6|J1vJ2 ; yes                    ;
; subsistema2esquematico:inst|coloress2:inst1|CJ2[3]  ; pruebat:inst6|J1vJ2 ; yes                    ;
; subsistema2esquematico:inst|coloress2:inst1|CJ2[2]  ; pruebat:inst6|J1vJ2 ; yes                    ;
; subsistema2esquematico:inst|coloress2:inst1|CJ2[1]  ; pruebat:inst6|J1vJ2 ; yes                    ;
; subsistema2esquematico:inst|coloress2:inst1|CJ2[0]  ; pruebat:inst6|J1vJ2 ; yes                    ;
; subsistema2esquematico:inst|coloress2:inst1|CJ1[22] ; pruebat:inst6|J1vJ2 ; yes                    ;
; subsistema2esquematico:inst|coloress2:inst1|CJ1[21] ; pruebat:inst6|J1vJ2 ; yes                    ;
; subsistema2esquematico:inst|coloress2:inst1|CJ1[20] ; pruebat:inst6|J1vJ2 ; yes                    ;
; subsistema2esquematico:inst|coloress2:inst1|CJ1[18] ; pruebat:inst6|J1vJ2 ; yes                    ;
; subsistema2esquematico:inst|coloress2:inst1|CJ1[17] ; pruebat:inst6|J1vJ2 ; yes                    ;
; subsistema2esquematico:inst|coloress2:inst1|CJ1[16] ; pruebat:inst6|J1vJ2 ; yes                    ;
; subsistema2esquematico:inst|coloress2:inst1|CJ1[15] ; pruebat:inst6|J1vJ2 ; yes                    ;
; subsistema2esquematico:inst|coloress2:inst1|CJ1[14] ; pruebat:inst6|J1vJ2 ; yes                    ;
; subsistema2esquematico:inst|coloress2:inst1|CJ1[13] ; pruebat:inst6|J1vJ2 ; yes                    ;
; subsistema2esquematico:inst|coloress2:inst1|CJ1[12] ; pruebat:inst6|J1vJ2 ; yes                    ;
; subsistema2esquematico:inst|coloress2:inst1|CJ1[11] ; pruebat:inst6|J1vJ2 ; yes                    ;
; subsistema2esquematico:inst|coloress2:inst1|CJ1[10] ; pruebat:inst6|J1vJ2 ; yes                    ;
; subsistema2esquematico:inst|coloress2:inst1|CJ1[9]  ; pruebat:inst6|J1vJ2 ; yes                    ;
; subsistema2esquematico:inst|coloress2:inst1|CJ1[8]  ; pruebat:inst6|J1vJ2 ; yes                    ;
; subsistema2esquematico:inst|coloress2:inst1|CJ1[7]  ; pruebat:inst6|J1vJ2 ; yes                    ;
; subsistema2esquematico:inst|coloress2:inst1|CJ1[6]  ; pruebat:inst6|J1vJ2 ; yes                    ;
; subsistema2esquematico:inst|coloress2:inst1|CJ1[5]  ; pruebat:inst6|J1vJ2 ; yes                    ;
; subsistema2esquematico:inst|coloress2:inst1|CJ1[4]  ; pruebat:inst6|J1vJ2 ; yes                    ;
; subsistema2esquematico:inst|coloress2:inst1|CJ1[3]  ; pruebat:inst6|J1vJ2 ; yes                    ;
; subsistema2esquematico:inst|coloress2:inst1|CJ1[2]  ; pruebat:inst6|J1vJ2 ; yes                    ;
; subsistema2esquematico:inst|coloress2:inst1|CJ1[1]  ; pruebat:inst6|J1vJ2 ; yes                    ;
; subsistema2esquematico:inst|coloress2:inst1|CJ1[0]  ; pruebat:inst6|J1vJ2 ; yes                    ;
; Number of user-specified and inferred latches = 42  ;                     ;                        ;
+-----------------------------------------------------+---------------------+------------------------+
Note: All latches listed above may not be present at the end of synthesis due to various synthesis optimizations.


+---------------------------------------------------------------------------------------------------------------------------------------------------------------------------------------------+
; Registers Removed During Synthesis                                                                                                                                                          ;
+---------------------------------------------------------------------------------------------------------------------------+-----------------------------------------------------------------+
; Register name                                                                                                             ; Reason for Removal                                              ;
+---------------------------------------------------------------------------------------------------------------------------+-----------------------------------------------------------------+
; teclado:inst1|sal[2,3]                                                                                                    ; Stuck at VCC due to stuck port data_in                          ;
; subsistema2esquematico:inst|coloress2:inst1|D1[5..7,22,23]                                                                ; Stuck at GND due to stuck port data_in                          ;
; subsistema2esquematico:inst|Block1:inst|altpll0:inst|altpll:altpll_component|altpll0_altpll1:auto_generated|pll_lock_sync ; Stuck at VCC due to stuck port data_in                          ;
; subsistema2esquematico:inst|coloress2:inst1|puntos1[0,1]                                                                  ; Lost fanout                                                     ;
; subsistema2esquematico:inst|coloress2:inst1|D5[5..7,23]                                                                   ; Merged with subsistema2esquematico:inst|coloress2:inst1|D5[22]  ;
; subsistema2esquematico:inst|coloress2:inst1|D3[1]                                                                         ; Merged with subsistema2esquematico:inst|coloress2:inst1|D2[1]   ;
; subsistema2esquematico:inst|coloress2:inst1|D4[1]                                                                         ; Merged with subsistema2esquematico:inst|coloress2:inst1|D2[1]   ;
; subsistema2esquematico:inst|coloress2:inst1|D4[3]                                                                         ; Merged with subsistema2esquematico:inst|coloress2:inst1|D2[3]   ;
; subsistema2esquematico:inst|coloress2:inst1|D3[4]                                                                         ; Merged with subsistema2esquematico:inst|coloress2:inst1|D2[4]   ;
; subsistema2esquematico:inst|coloress2:inst1|D4[8]                                                                         ; Merged with subsistema2esquematico:inst|coloress2:inst1|D2[8]   ;
; subsistema2esquematico:inst|coloress2:inst1|D3[9]                                                                         ; Merged with subsistema2esquematico:inst|coloress2:inst1|D2[9]   ;
; subsistema2esquematico:inst|coloress2:inst1|D4[9]                                                                         ; Merged with subsistema2esquematico:inst|coloress2:inst1|D2[9]   ;
; subsistema2esquematico:inst|coloress2:inst1|D3[13]                                                                        ; Merged with subsistema2esquematico:inst|coloress2:inst1|D2[13]  ;
; subsistema2esquematico:inst|coloress2:inst1|D4[13]                                                                        ; Merged with subsistema2esquematico:inst|coloress2:inst1|D2[13]  ;
; subsistema2esquematico:inst|coloress2:inst1|D4[16]                                                                        ; Merged with subsistema2esquematico:inst|coloress2:inst1|D2[16]  ;
; subsistema2esquematico:inst|coloress2:inst1|D2[23]                                                                        ; Merged with subsistema2esquematico:inst|coloress2:inst1|D2[19]  ;
; subsistema2esquematico:inst|coloress2:inst1|D3[23]                                                                        ; Merged with subsistema2esquematico:inst|coloress2:inst1|D2[19]  ;
; subsistema2esquematico:inst|coloress2:inst1|D4[19,23]                                                                     ; Merged with subsistema2esquematico:inst|coloress2:inst1|D2[19]  ;
; subsistema2esquematico:inst|coloress2:inst1|D3[20]                                                                        ; Merged with subsistema2esquematico:inst|coloress2:inst1|D2[20]  ;
; subsistema2esquematico:inst|coloress2:inst1|D4[20]                                                                        ; Merged with subsistema2esquematico:inst|coloress2:inst1|D2[20]  ;
; subsistema2esquematico:inst|coloress2:inst1|D4[0]                                                                         ; Merged with subsistema2esquematico:inst|coloress2:inst1|D3[0]   ;
; subsistema2esquematico:inst|coloress2:inst1|D6[5..7,23]                                                                   ; Merged with subsistema2esquematico:inst|coloress2:inst1|D6[22]  ;
; subsistema2esquematico:inst|coloress2:inst1|D10[5..7,23]                                                                  ; Merged with subsistema2esquematico:inst|coloress2:inst1|D10[22] ;
; subsistema2esquematico:inst|coloress2:inst1|D14[5..7,23]                                                                  ; Merged with subsistema2esquematico:inst|coloress2:inst1|D14[22] ;
; subsistema2esquematico:inst|coloress2:inst1|D7[5..7,23]                                                                   ; Merged with subsistema2esquematico:inst|coloress2:inst1|D7[22]  ;
; subsistema2esquematico:inst|coloress2:inst1|D11[5..7,23]                                                                  ; Merged with subsistema2esquematico:inst|coloress2:inst1|D11[22] ;
; subsistema2esquematico:inst|coloress2:inst1|D15[5..7,23]                                                                  ; Merged with subsistema2esquematico:inst|coloress2:inst1|D15[22] ;
; subsistema2esquematico:inst|coloress2:inst1|D8[5..7,23]                                                                   ; Merged with subsistema2esquematico:inst|coloress2:inst1|D8[22]  ;
; subsistema2esquematico:inst|coloress2:inst1|D12[5..7,23]                                                                  ; Merged with subsistema2esquematico:inst|coloress2:inst1|D12[22] ;
; subsistema2esquematico:inst|coloress2:inst1|D16[5..7,23]                                                                  ; Merged with subsistema2esquematico:inst|coloress2:inst1|D16[22] ;
; subsistema2esquematico:inst|coloress2:inst1|D9[5..7,23]                                                                   ; Merged with subsistema2esquematico:inst|coloress2:inst1|D9[22]  ;
; subsistema2esquematico:inst|coloress2:inst1|D3[2]                                                                         ; Merged with subsistema2esquematico:inst|coloress2:inst1|D2[2]   ;
; subsistema2esquematico:inst|coloress2:inst1|D4[2]                                                                         ; Merged with subsistema2esquematico:inst|coloress2:inst1|D2[2]   ;
; subsistema2esquematico:inst|coloress2:inst1|D3[5]                                                                         ; Merged with subsistema2esquematico:inst|coloress2:inst1|D2[5]   ;
; subsistema2esquematico:inst|coloress2:inst1|D4[5]                                                                         ; Merged with subsistema2esquematico:inst|coloress2:inst1|D2[5]   ;
; subsistema2esquematico:inst|coloress2:inst1|D3[6]                                                                         ; Merged with subsistema2esquematico:inst|coloress2:inst1|D2[6]   ;
; subsistema2esquematico:inst|coloress2:inst1|D4[6]                                                                         ; Merged with subsistema2esquematico:inst|coloress2:inst1|D2[6]   ;
; subsistema2esquematico:inst|coloress2:inst1|D3[7]                                                                         ; Merged with subsistema2esquematico:inst|coloress2:inst1|D2[7]   ;
; subsistema2esquematico:inst|coloress2:inst1|D4[7]                                                                         ; Merged with subsistema2esquematico:inst|coloress2:inst1|D2[7]   ;
; subsistema2esquematico:inst|coloress2:inst1|D3[10]                                                                        ; Merged with subsistema2esquematico:inst|coloress2:inst1|D2[10]  ;
; subsistema2esquematico:inst|coloress2:inst1|D4[10]                                                                        ; Merged with subsistema2esquematico:inst|coloress2:inst1|D2[10]  ;
; subsistema2esquematico:inst|coloress2:inst1|D4[11]                                                                        ; Merged with subsistema2esquematico:inst|coloress2:inst1|D2[11]  ;
; subsistema2esquematico:inst|coloress2:inst1|D3[14]                                                                        ; Merged with subsistema2esquematico:inst|coloress2:inst1|D2[14]  ;
; subsistema2esquematico:inst|coloress2:inst1|D4[14]                                                                        ; Merged with subsistema2esquematico:inst|coloress2:inst1|D2[14]  ;
; subsistema2esquematico:inst|coloress2:inst1|D3[15]                                                                        ; Merged with subsistema2esquematico:inst|coloress2:inst1|D2[15]  ;
; subsistema2esquematico:inst|coloress2:inst1|D4[15]                                                                        ; Merged with subsistema2esquematico:inst|coloress2:inst1|D2[15]  ;
; subsistema2esquematico:inst|coloress2:inst1|D3[17]                                                                        ; Merged with subsistema2esquematico:inst|coloress2:inst1|D2[17]  ;
; subsistema2esquematico:inst|coloress2:inst1|D4[17]                                                                        ; Merged with subsistema2esquematico:inst|coloress2:inst1|D2[17]  ;
; subsistema2esquematico:inst|coloress2:inst1|D3[18]                                                                        ; Merged with subsistema2esquematico:inst|coloress2:inst1|D2[18]  ;
; subsistema2esquematico:inst|coloress2:inst1|D4[18]                                                                        ; Merged with subsistema2esquematico:inst|coloress2:inst1|D2[18]  ;
; subsistema2esquematico:inst|coloress2:inst1|D3[21]                                                                        ; Merged with subsistema2esquematico:inst|coloress2:inst1|D2[21]  ;
; subsistema2esquematico:inst|coloress2:inst1|D4[21]                                                                        ; Merged with subsistema2esquematico:inst|coloress2:inst1|D2[21]  ;
; subsistema2esquematico:inst|coloress2:inst1|D3[22]                                                                        ; Merged with subsistema2esquematico:inst|coloress2:inst1|D2[22]  ;
; subsistema2esquematico:inst|coloress2:inst1|D4[22]                                                                        ; Merged with subsistema2esquematico:inst|coloress2:inst1|D2[22]  ;
; subsistema2esquematico:inst|coloress2:inst1|D4[12]                                                                        ; Merged with subsistema2esquematico:inst|coloress2:inst1|D3[12]  ;
; subsistema2esquematico:inst|coloress2:inst1|D13[5..7,23]                                                                  ; Merged with subsistema2esquematico:inst|coloress2:inst1|D13[22] ;
; subsistema2esquematico:inst|coloress2:inst1|D2[19]                                                                        ; Stuck at GND due to stuck port data_in                          ;
; Memoria_tablero:inst4|s_estado_tablero[1,3,5,7,9,11,13,15,17]                                                             ; Stuck at GND due to stuck port data_in                          ;
; subsistema2esquematico:inst|coloress2:inst1|D16[22]                                                                       ; Stuck at GND due to stuck port data_in                          ;
; subsistema2esquematico:inst|coloress2:inst1|D15[22]                                                                       ; Stuck at GND due to stuck port data_in                          ;
; subsistema2esquematico:inst|coloress2:inst1|D14[22]                                                                       ; Stuck at GND due to stuck port data_in                          ;
; subsistema2esquematico:inst|coloress2:inst1|D12[22]                                                                       ; Stuck at GND due to stuck port data_in                          ;
; subsistema2esquematico:inst|coloress2:inst1|D11[22]                                                                       ; Stuck at GND due to stuck port data_in                          ;
; subsistema2esquematico:inst|coloress2:inst1|D10[22]                                                                       ; Stuck at GND due to stuck port data_in                          ;
; subsistema2esquematico:inst|coloress2:inst1|D8[22]                                                                        ; Stuck at GND due to stuck port data_in                          ;
; subsistema2esquematico:inst|coloress2:inst1|D7[22]                                                                        ; Stuck at GND due to stuck port data_in                          ;
; subsistema2esquematico:inst|coloress2:inst1|D6[22]                                                                        ; Stuck at GND due to stuck port data_in                          ;
; Subsistema_4:inst2|puntos1[1]                                                                                             ; Stuck at GND due to stuck port clock_enable                     ;
; Subsistema_4:inst2|puntos2[1]                                                                                             ; Stuck at GND due to stuck port clock_enable                     ;
; Subsistema_4:inst2|puntos1[0]                                                                                             ; Stuck at GND due to stuck port clock_enable                     ;
; Subsistema_4:inst2|puntos2[0]                                                                                             ; Stuck at GND due to stuck port clock_enable                     ;
; subsistema2esquematico:inst|coloress2:inst1|D13[22]                                                                       ; Stuck at GND due to stuck port data_in                          ;
; subsistema2esquematico:inst|coloress2:inst1|D9[22]                                                                        ; Stuck at GND due to stuck port data_in                          ;
; subsistema2esquematico:inst|coloress2:inst1|D5[22]                                                                        ; Stuck at GND due to stuck port data_in                          ;
; Subsistema_4:inst2|contador_partidas[0..2]                                                                                ; Stuck at GND due to stuck port clock_enable                     ;
; Subsistema_4:inst2|fstate.FIN_P                                                                                           ; Lost fanout                                                     ;
; Subsistema_4:inst2|fstate.VER_F                                                                                           ; Stuck at GND due to stuck port data_in                          ;
; Subsistema_4:inst2|victoria_final_int[1]                                                                                  ; Merged with Subsistema_4:inst2|victoria_final_int[0]            ;
; Subsistema_4:inst2|fstate.RES_F                                                                                           ; Stuck at GND due to stuck port data_in                          ;
; Subsistema_4:inst2|victoria_final_int[0]                                                                                  ; Stuck at GND due to stuck port clock_enable                     ;
; Subsistema_4:inst2|fstate.reseteo                                                                                         ; Stuck at GND due to stuck port data_in                          ;
; subsistema2esquematico:inst|coloress2:inst1|D3[19]                                                                        ; Stuck at GND due to stuck port data_in                          ;
; Subsistema_4:inst2|fstate.VERIF                                                                                           ; Lost fanout                                                     ;
; pruebat:inst6|cambio_entrada[3]                                                                                           ; Stuck at GND due to stuck port data_in                          ;
; Total Number of Removed Registers = 137                                                                                   ;                                                                 ;
+---------------------------------------------------------------------------------------------------------------------------+-----------------------------------------------------------------+


+------------------------------------------------------------------------------------------------------------------------------------------------------------+
; Removed Registers Triggering Further Register Optimizations                                                                                                ;
+-------------------------------------------+---------------------------+------------------------------------------------------------------------------------+
; Register name                             ; Reason for Removal        ; Registers Removed due to This Register                                             ;
+-------------------------------------------+---------------------------+------------------------------------------------------------------------------------+
; Memoria_tablero:inst4|s_estado_tablero[1] ; Stuck at GND              ; Subsistema_4:inst2|puntos1[1], Subsistema_4:inst2|puntos2[1],                      ;
;                                           ; due to stuck port data_in ; Subsistema_4:inst2|puntos1[0], Subsistema_4:inst2|puntos2[0],                      ;
;                                           ;                           ; subsistema2esquematico:inst|coloress2:inst1|D13[22],                               ;
;                                           ;                           ; subsistema2esquematico:inst|coloress2:inst1|D9[22],                                ;
;                                           ;                           ; subsistema2esquematico:inst|coloress2:inst1|D5[22],                                ;
;                                           ;                           ; Subsistema_4:inst2|contador_partidas[0], Subsistema_4:inst2|contador_partidas[2],  ;
;                                           ;                           ; Subsistema_4:inst2|contador_partidas[1], Subsistema_4:inst2|victoria_final_int[0], ;
;                                           ;                           ; subsistema2esquematico:inst|coloress2:inst1|D3[19]                                 ;
; Subsistema_4:inst2|fstate.VER_F           ; Stuck at GND              ; Subsistema_4:inst2|fstate.reseteo                                                  ;
;                                           ; due to stuck port data_in ;                                                                                    ;
+-------------------------------------------+---------------------------+------------------------------------------------------------------------------------+


+------------------------------------------------------+
; General Register Statistics                          ;
+----------------------------------------------+-------+
; Statistic                                    ; Value ;
+----------------------------------------------+-------+
; Total registers                              ; 790   ;
; Number of registers using Synchronous Clear  ; 9     ;
; Number of registers using Synchronous Load   ; 2     ;
; Number of registers using Asynchronous Clear ; 477   ;
; Number of registers using Asynchronous Load  ; 0     ;
; Number of registers using Clock Enable       ; 298   ;
; Number of registers using Preset             ; 0     ;
+----------------------------------------------+-------+


+-------------------------------------------------------------------------+
; Inverted Register Statistics                                            ;
+---------------------------------------------------------------+---------+
; Inverted Register                                             ; Fan out ;
+---------------------------------------------------------------+---------+
; subsistema2esquematico:inst|Block1:inst|pulso_384:inst12|strt ; 2       ;
; teclado:inst1|detecta                                         ; 28      ;
; teclado:inst1|t_juego[0]                                      ; 19      ;
; teclado:inst1|t_juego[3]                                      ; 15      ;
; Total number of inverted registers = 4                        ;         ;
+---------------------------------------------------------------+---------+


+-----------------------------------------------------------------------------------------------------------------------------------------------------------------------------------+
; Multiplexer Restructuring Statistics (Restructuring Performed)                                                                                                                    ;
+--------------------+-----------+---------------+----------------------+------------------------+------------+---------------------------------------------------------------------+
; Multiplexer Inputs ; Bus Width ; Baseline Area ; Area if Restructured ; Saving if Restructured ; Registered ; Example Multiplexer Output                                          ;
+--------------------+-----------+---------------+----------------------+------------------------+------------+---------------------------------------------------------------------+
; 4:1                ; 19 bits   ; 38 LEs        ; 38 LEs               ; 0 LEs                  ; Yes        ; |proyecto_final|subsistema2esquematico:inst|coloress2:inst1|D16[13] ;
; 4:1                ; 19 bits   ; 38 LEs        ; 38 LEs               ; 0 LEs                  ; Yes        ; |proyecto_final|subsistema2esquematico:inst|coloress2:inst1|D12[18] ;
; 4:1                ; 19 bits   ; 38 LEs        ; 38 LEs               ; 0 LEs                  ; Yes        ; |proyecto_final|subsistema2esquematico:inst|coloress2:inst1|D8[11]  ;
; 4:1                ; 19 bits   ; 38 LEs        ; 38 LEs               ; 0 LEs                  ; Yes        ; |proyecto_final|subsistema2esquematico:inst|coloress2:inst1|D15[4]  ;
; 4:1                ; 19 bits   ; 38 LEs        ; 38 LEs               ; 0 LEs                  ; Yes        ; |proyecto_final|subsistema2esquematico:inst|coloress2:inst1|D11[14] ;
; 4:1                ; 19 bits   ; 38 LEs        ; 38 LEs               ; 0 LEs                  ; Yes        ; |proyecto_final|subsistema2esquematico:inst|coloress2:inst1|D7[10]  ;
; 4:1                ; 19 bits   ; 38 LEs        ; 38 LEs               ; 0 LEs                  ; Yes        ; |proyecto_final|subsistema2esquematico:inst|coloress2:inst1|D14[9]  ;
; 4:1                ; 19 bits   ; 38 LEs        ; 38 LEs               ; 0 LEs                  ; Yes        ; |proyecto_final|subsistema2esquematico:inst|coloress2:inst1|D10[4]  ;
; 4:1                ; 19 bits   ; 38 LEs        ; 38 LEs               ; 0 LEs                  ; Yes        ; |proyecto_final|subsistema2esquematico:inst|coloress2:inst1|D6[21]  ;
; 5:1                ; 14 bits   ; 42 LEs        ; 28 LEs               ; 14 LEs                 ; Yes        ; |proyecto_final|subsistema2esquematico:inst|coloress2:inst1|D2[16]  ;
; 6:1                ; 15 bits   ; 60 LEs        ; 15 LEs               ; 45 LEs                 ; Yes        ; |proyecto_final|subsistema2esquematico:inst|coloress2:inst1|D2[10]  ;
; 7:1                ; 2 bits    ; 8 LEs         ; 2 LEs                ; 6 LEs                  ; Yes        ; |proyecto_final|teclado:inst1|COUNT_1[2]                            ;
; 6:1                ; 19 bits   ; 76 LEs        ; 38 LEs               ; 38 LEs                 ; Yes        ; |proyecto_final|subsistema2esquematico:inst|coloress2:inst1|D9[4]   ;
; 6:1                ; 19 bits   ; 76 LEs        ; 38 LEs               ; 38 LEs                 ; Yes        ; |proyecto_final|subsistema2esquematico:inst|coloress2:inst1|D5[0]   ;
; 6:1                ; 19 bits   ; 76 LEs        ; 38 LEs               ; 38 LEs                 ; Yes        ; |proyecto_final|subsistema2esquematico:inst|coloress2:inst1|D13[2]  ;
; 15:1               ; 2 bits    ; 20 LEs        ; 2 LEs                ; 18 LEs                 ; Yes        ; |proyecto_final|teclado:inst1|COUNT_2[1]                            ;
; 35:1               ; 2 bits    ; 46 LEs        ; 8 LEs                ; 38 LEs                 ; Yes        ; |proyecto_final|teclado:inst1|C[2]                                  ;
; 12:1               ; 3 bits    ; 24 LEs        ; 9 LEs                ; 15 LEs                 ; No         ; |proyecto_final|Subsistema_4:inst2|Selector8                        ;
; 13:1               ; 2 bits    ; 16 LEs        ; 6 LEs                ; 10 LEs                 ; No         ; |proyecto_final|Subsistema_4:inst2|Selector7                        ;
; 14:1               ; 2 bits    ; 18 LEs        ; 8 LEs                ; 10 LEs                 ; No         ; |proyecto_final|Subsistema_4:inst2|Selector1                        ;
+--------------------+-----------+---------------+----------------------+------------------------+------------+---------------------------------------------------------------------+


+---------------------------------------------------------------------------------------------------------------------------+
; Parameter Settings for User Entity Instance: subsistema2esquematico:inst|Block1:inst|altpll0:inst|altpll:altpll_component ;
+-------------------------------+---------------------------+---------------------------------------------------------------+
; Parameter Name                ; Value                     ; Type                                                          ;
+-------------------------------+---------------------------+---------------------------------------------------------------+
; OPERATION_MODE                ; NORMAL                    ; Untyped                                                       ;
; PLL_TYPE                      ; AUTO                      ; Untyped                                                       ;
; LPM_HINT                      ; CBX_MODULE_PREFIX=altpll0 ; Untyped                                                       ;
; QUALIFY_CONF_DONE             ; OFF                       ; Untyped                                                       ;
; COMPENSATE_CLOCK              ; CLK0                      ; Untyped                                                       ;
; SCAN_CHAIN                    ; LONG                      ; Untyped                                                       ;
; PRIMARY_CLOCK                 ; INCLK0                    ; Untyped                                                       ;
; INCLK0_INPUT_FREQUENCY        ; 20000                     ; Signed Integer                                                ;
; INCLK1_INPUT_FREQUENCY        ; 0                         ; Untyped                                                       ;
; GATE_LOCK_SIGNAL              ; NO                        ; Untyped                                                       ;
; GATE_LOCK_COUNTER             ; 0                         ; Untyped                                                       ;
; LOCK_HIGH                     ; 1                         ; Untyped                                                       ;
; LOCK_LOW                      ; 1                         ; Untyped                                                       ;
; VALID_LOCK_MULTIPLIER         ; 1                         ; Untyped                                                       ;
; INVALID_LOCK_MULTIPLIER       ; 5                         ; Untyped                                                       ;
; SWITCH_OVER_ON_LOSSCLK        ; OFF                       ; Untyped                                                       ;
; SWITCH_OVER_ON_GATED_LOCK     ; OFF                       ; Untyped                                                       ;
; ENABLE_SWITCH_OVER_COUNTER    ; OFF                       ; Untyped                                                       ;
; SKIP_VCO                      ; OFF                       ; Untyped                                                       ;
; SWITCH_OVER_COUNTER           ; 0                         ; Untyped                                                       ;
; SWITCH_OVER_TYPE              ; AUTO                      ; Untyped                                                       ;
; FEEDBACK_SOURCE               ; EXTCLK0                   ; Untyped                                                       ;
; BANDWIDTH                     ; 0                         ; Untyped                                                       ;
; BANDWIDTH_TYPE                ; AUTO                      ; Untyped                                                       ;
; SPREAD_FREQUENCY              ; 0                         ; Untyped                                                       ;
; DOWN_SPREAD                   ; 0                         ; Untyped                                                       ;
; SELF_RESET_ON_GATED_LOSS_LOCK ; OFF                       ; Untyped                                                       ;
; SELF_RESET_ON_LOSS_LOCK       ; OFF                       ; Untyped                                                       ;
; CLK9_MULTIPLY_BY              ; 0                         ; Untyped                                                       ;
; CLK8_MULTIPLY_BY              ; 0                         ; Untyped                                                       ;
; CLK7_MULTIPLY_BY              ; 0                         ; Untyped                                                       ;
; CLK6_MULTIPLY_BY              ; 0                         ; Untyped                                                       ;
; CLK5_MULTIPLY_BY              ; 1                         ; Untyped                                                       ;
; CLK4_MULTIPLY_BY              ; 1                         ; Untyped                                                       ;
; CLK3_MULTIPLY_BY              ; 1                         ; Signed Integer                                                ;
; CLK2_MULTIPLY_BY              ; 1                         ; Signed Integer                                                ;
; CLK1_MULTIPLY_BY              ; 2                         ; Signed Integer                                                ;
; CLK0_MULTIPLY_BY              ; 2                         ; Signed Integer                                                ;
; CLK9_DIVIDE_BY                ; 0                         ; Untyped                                                       ;
; CLK8_DIVIDE_BY                ; 0                         ; Untyped                                                       ;
; CLK7_DIVIDE_BY                ; 0                         ; Untyped                                                       ;
; CLK6_DIVIDE_BY                ; 0                         ; Untyped                                                       ;
; CLK5_DIVIDE_BY                ; 1                         ; Untyped                                                       ;
; CLK4_DIVIDE_BY                ; 1                         ; Untyped                                                       ;
; CLK3_DIVIDE_BY                ; 2                         ; Signed Integer                                                ;
; CLK2_DIVIDE_BY                ; 25000                     ; Signed Integer                                                ;
; CLK1_DIVIDE_BY                ; 125                       ; Signed Integer                                                ;
; CLK0_DIVIDE_BY                ; 125                       ; Signed Integer                                                ;
; CLK9_PHASE_SHIFT              ; 0                         ; Untyped                                                       ;
; CLK8_PHASE_SHIFT              ; 0                         ; Untyped                                                       ;
; CLK7_PHASE_SHIFT              ; 0                         ; Untyped                                                       ;
; CLK6_PHASE_SHIFT              ; 0                         ; Untyped                                                       ;
; CLK5_PHASE_SHIFT              ; 0                         ; Untyped                                                       ;
; CLK4_PHASE_SHIFT              ; 0                         ; Untyped                                                       ;
; CLK3_PHASE_SHIFT              ; 0                         ; Untyped                                                       ;
; CLK2_PHASE_SHIFT              ; 0                         ; Untyped                                                       ;
; CLK1_PHASE_SHIFT              ; 0                         ; Untyped                                                       ;
; CLK0_PHASE_SHIFT              ; 0                         ; Untyped                                                       ;
; CLK5_TIME_DELAY               ; 0                         ; Untyped                                                       ;
; CLK4_TIME_DELAY               ; 0                         ; Untyped                                                       ;
; CLK3_TIME_DELAY               ; 0                         ; Untyped                                                       ;
; CLK2_TIME_DELAY               ; 0                         ; Untyped                                                       ;
; CLK1_TIME_DELAY               ; 0                         ; Untyped                                                       ;
; CLK0_TIME_DELAY               ; 0                         ; Untyped                                                       ;
; CLK9_DUTY_CYCLE               ; 50                        ; Untyped                                                       ;
; CLK8_DUTY_CYCLE               ; 50                        ; Untyped                                                       ;
; CLK7_DUTY_CYCLE               ; 50                        ; Untyped                                                       ;
; CLK6_DUTY_CYCLE               ; 50                        ; Untyped                                                       ;
; CLK5_DUTY_CYCLE               ; 50                        ; Untyped                                                       ;
; CLK4_DUTY_CYCLE               ; 50                        ; Untyped                                                       ;
; CLK3_DUTY_CYCLE               ; 50                        ; Signed Integer                                                ;
; CLK2_DUTY_CYCLE               ; 50                        ; Signed Integer                                                ;
; CLK1_DUTY_CYCLE               ; 64                        ; Signed Integer                                                ;
; CLK0_DUTY_CYCLE               ; 32                        ; Signed Integer                                                ;
; CLK9_USE_EVEN_COUNTER_MODE    ; OFF                       ; Untyped                                                       ;
; CLK8_USE_EVEN_COUNTER_MODE    ; OFF                       ; Untyped                                                       ;
; CLK7_USE_EVEN_COUNTER_MODE    ; OFF                       ; Untyped                                                       ;
; CLK6_USE_EVEN_COUNTER_MODE    ; OFF                       ; Untyped                                                       ;
; CLK5_USE_EVEN_COUNTER_MODE    ; OFF                       ; Untyped                                                       ;
; CLK4_USE_EVEN_COUNTER_MODE    ; OFF                       ; Untyped                                                       ;
; CLK3_USE_EVEN_COUNTER_MODE    ; OFF                       ; Untyped                                                       ;
; CLK2_USE_EVEN_COUNTER_MODE    ; OFF                       ; Untyped                                                       ;
; CLK1_USE_EVEN_COUNTER_MODE    ; OFF                       ; Untyped                                                       ;
; CLK0_USE_EVEN_COUNTER_MODE    ; OFF                       ; Untyped                                                       ;
; CLK9_USE_EVEN_COUNTER_VALUE   ; OFF                       ; Untyped                                                       ;
; CLK8_USE_EVEN_COUNTER_VALUE   ; OFF                       ; Untyped                                                       ;
; CLK7_USE_EVEN_COUNTER_VALUE   ; OFF                       ; Untyped                                                       ;
; CLK6_USE_EVEN_COUNTER_VALUE   ; OFF                       ; Untyped                                                       ;
; CLK5_USE_EVEN_COUNTER_VALUE   ; OFF                       ; Untyped                                                       ;
; CLK4_USE_EVEN_COUNTER_VALUE   ; OFF                       ; Untyped                                                       ;
; CLK3_USE_EVEN_COUNTER_VALUE   ; OFF                       ; Untyped                                                       ;
; CLK2_USE_EVEN_COUNTER_VALUE   ; OFF                       ; Untyped                                                       ;
; CLK1_USE_EVEN_COUNTER_VALUE   ; OFF                       ; Untyped                                                       ;
; CLK0_USE_EVEN_COUNTER_VALUE   ; OFF                       ; Untyped                                                       ;
; LOCK_WINDOW_UI                ;  0.05                     ; Untyped                                                       ;
; LOCK_WINDOW_UI_BITS           ; UNUSED                    ; Untyped                                                       ;
; VCO_RANGE_DETECTOR_LOW_BITS   ; UNUSED                    ; Untyped                                                       ;
; VCO_RANGE_DETECTOR_HIGH_BITS  ; UNUSED                    ; Untyped                                                       ;
; DPA_MULTIPLY_BY               ; 0                         ; Untyped                                                       ;
; DPA_DIVIDE_BY                 ; 1                         ; Untyped                                                       ;
; DPA_DIVIDER                   ; 0                         ; Untyped                                                       ;
; EXTCLK3_MULTIPLY_BY           ; 1                         ; Untyped                                                       ;
; EXTCLK2_MULTIPLY_BY           ; 1                         ; Untyped                                                       ;
; EXTCLK1_MULTIPLY_BY           ; 1                         ; Untyped                                                       ;
; EXTCLK0_MULTIPLY_BY           ; 1                         ; Untyped                                                       ;
; EXTCLK3_DIVIDE_BY             ; 1                         ; Untyped                                                       ;
; EXTCLK2_DIVIDE_BY             ; 1                         ; Untyped                                                       ;
; EXTCLK1_DIVIDE_BY             ; 1                         ; Untyped                                                       ;
; EXTCLK0_DIVIDE_BY             ; 1                         ; Untyped                                                       ;
; EXTCLK3_PHASE_SHIFT           ; 0                         ; Untyped                                                       ;
; EXTCLK2_PHASE_SHIFT           ; 0                         ; Untyped                                                       ;
; EXTCLK1_PHASE_SHIFT           ; 0                         ; Untyped                                                       ;
; EXTCLK0_PHASE_SHIFT           ; 0                         ; Untyped                                                       ;
; EXTCLK3_TIME_DELAY            ; 0                         ; Untyped                                                       ;
; EXTCLK2_TIME_DELAY            ; 0                         ; Untyped                                                       ;
; EXTCLK1_TIME_DELAY            ; 0                         ; Untyped                                                       ;
; EXTCLK0_TIME_DELAY            ; 0                         ; Untyped                                                       ;
; EXTCLK3_DUTY_CYCLE            ; 50                        ; Untyped                                                       ;
; EXTCLK2_DUTY_CYCLE            ; 50                        ; Untyped                                                       ;
; EXTCLK1_DUTY_CYCLE            ; 50                        ; Untyped                                                       ;
; EXTCLK0_DUTY_CYCLE            ; 50                        ; Untyped                                                       ;
; VCO_MULTIPLY_BY               ; 0                         ; Untyped                                                       ;
; VCO_DIVIDE_BY                 ; 0                         ; Untyped                                                       ;
; SCLKOUT0_PHASE_SHIFT          ; 0                         ; Untyped                                                       ;
; SCLKOUT1_PHASE_SHIFT          ; 0                         ; Untyped                                                       ;
; VCO_MIN                       ; 0                         ; Untyped                                                       ;
; VCO_MAX                       ; 0                         ; Untyped                                                       ;
; VCO_CENTER                    ; 0                         ; Untyped                                                       ;
; PFD_MIN                       ; 0                         ; Untyped                                                       ;
; PFD_MAX                       ; 0                         ; Untyped                                                       ;
; M_INITIAL                     ; 0                         ; Untyped                                                       ;
; M                             ; 0                         ; Untyped                                                       ;
; N                             ; 1                         ; Untyped                                                       ;
; M2                            ; 1                         ; Untyped                                                       ;
; N2                            ; 1                         ; Untyped                                                       ;
; SS                            ; 1                         ; Untyped                                                       ;
; C0_HIGH                       ; 0                         ; Untyped                                                       ;
; C1_HIGH                       ; 0                         ; Untyped                                                       ;
; C2_HIGH                       ; 0                         ; Untyped                                                       ;
; C3_HIGH                       ; 0                         ; Untyped                                                       ;
; C4_HIGH                       ; 0                         ; Untyped                                                       ;
; C5_HIGH                       ; 0                         ; Untyped                                                       ;
; C6_HIGH                       ; 0                         ; Untyped                                                       ;
; C7_HIGH                       ; 0                         ; Untyped                                                       ;
; C8_HIGH                       ; 0                         ; Untyped                                                       ;
; C9_HIGH                       ; 0                         ; Untyped                                                       ;
; C0_LOW                        ; 0                         ; Untyped                                                       ;
; C1_LOW                        ; 0                         ; Untyped                                                       ;
; C2_LOW                        ; 0                         ; Untyped                                                       ;
; C3_LOW                        ; 0                         ; Untyped                                                       ;
; C4_LOW                        ; 0                         ; Untyped                                                       ;
; C5_LOW                        ; 0                         ; Untyped                                                       ;
; C6_LOW                        ; 0                         ; Untyped                                                       ;
; C7_LOW                        ; 0                         ; Untyped                                                       ;
; C8_LOW                        ; 0                         ; Untyped                                                       ;
; C9_LOW                        ; 0                         ; Untyped                                                       ;
; C0_INITIAL                    ; 0                         ; Untyped                                                       ;
; C1_INITIAL                    ; 0                         ; Untyped                                                       ;
; C2_INITIAL                    ; 0                         ; Untyped                                                       ;
; C3_INITIAL                    ; 0                         ; Untyped                                                       ;
; C4_INITIAL                    ; 0                         ; Untyped                                                       ;
; C5_INITIAL                    ; 0                         ; Untyped                                                       ;
; C6_INITIAL                    ; 0                         ; Untyped                                                       ;
; C7_INITIAL                    ; 0                         ; Untyped                                                       ;
; C8_INITIAL                    ; 0                         ; Untyped                                                       ;
; C9_INITIAL                    ; 0                         ; Untyped                                                       ;
; C0_MODE                       ; BYPASS                    ; Untyped                                                       ;
; C1_MODE                       ; BYPASS                    ; Untyped                                                       ;
; C2_MODE                       ; BYPASS                    ; Untyped                                                       ;
; C3_MODE                       ; BYPASS                    ; Untyped                                                       ;
; C4_MODE                       ; BYPASS                    ; Untyped                                                       ;
; C5_MODE                       ; BYPASS                    ; Untyped                                                       ;
; C6_MODE                       ; BYPASS                    ; Untyped                                                       ;
; C7_MODE                       ; BYPASS                    ; Untyped                                                       ;
; C8_MODE                       ; BYPASS                    ; Untyped                                                       ;
; C9_MODE                       ; BYPASS                    ; Untyped                                                       ;
; C0_PH                         ; 0                         ; Untyped                                                       ;
; C1_PH                         ; 0                         ; Untyped                                                       ;
; C2_PH                         ; 0                         ; Untyped                                                       ;
; C3_PH                         ; 0                         ; Untyped                                                       ;
; C4_PH                         ; 0                         ; Untyped                                                       ;
; C5_PH                         ; 0                         ; Untyped                                                       ;
; C6_PH                         ; 0                         ; Untyped                                                       ;
; C7_PH                         ; 0                         ; Untyped                                                       ;
; C8_PH                         ; 0                         ; Untyped                                                       ;
; C9_PH                         ; 0                         ; Untyped                                                       ;
; L0_HIGH                       ; 1                         ; Untyped                                                       ;
; L1_HIGH                       ; 1                         ; Untyped                                                       ;
; G0_HIGH                       ; 1                         ; Untyped                                                       ;
; G1_HIGH                       ; 1                         ; Untyped                                                       ;
; G2_HIGH                       ; 1                         ; Untyped                                                       ;
; G3_HIGH                       ; 1                         ; Untyped                                                       ;
; E0_HIGH                       ; 1                         ; Untyped                                                       ;
; E1_HIGH                       ; 1                         ; Untyped                                                       ;
; E2_HIGH                       ; 1                         ; Untyped                                                       ;
; E3_HIGH                       ; 1                         ; Untyped                                                       ;
; L0_LOW                        ; 1                         ; Untyped                                                       ;
; L1_LOW                        ; 1                         ; Untyped                                                       ;
; G0_LOW                        ; 1                         ; Untyped                                                       ;
; G1_LOW                        ; 1                         ; Untyped                                                       ;
; G2_LOW                        ; 1                         ; Untyped                                                       ;
; G3_LOW                        ; 1                         ; Untyped                                                       ;
; E0_LOW                        ; 1                         ; Untyped                                                       ;
; E1_LOW                        ; 1                         ; Untyped                                                       ;
; E2_LOW                        ; 1                         ; Untyped                                                       ;
; E3_LOW                        ; 1                         ; Untyped                                                       ;
; L0_INITIAL                    ; 1                         ; Untyped                                                       ;
; L1_INITIAL                    ; 1                         ; Untyped                                                       ;
; G0_INITIAL                    ; 1                         ; Untyped                                                       ;
; G1_INITIAL                    ; 1                         ; Untyped                                                       ;
; G2_INITIAL                    ; 1                         ; Untyped                                                       ;
; G3_INITIAL                    ; 1                         ; Untyped                                                       ;
; E0_INITIAL                    ; 1                         ; Untyped                                                       ;
; E1_INITIAL                    ; 1                         ; Untyped                                                       ;
; E2_INITIAL                    ; 1                         ; Untyped                                                       ;
; E3_INITIAL                    ; 1                         ; Untyped                                                       ;
; L0_MODE                       ; BYPASS                    ; Untyped                                                       ;
; L1_MODE                       ; BYPASS                    ; Untyped                                                       ;
; G0_MODE                       ; BYPASS                    ; Untyped                                                       ;
; G1_MODE                       ; BYPASS                    ; Untyped                                                       ;
; G2_MODE                       ; BYPASS                    ; Untyped                                                       ;
; G3_MODE                       ; BYPASS                    ; Untyped                                                       ;
; E0_MODE                       ; BYPASS                    ; Untyped                                                       ;
; E1_MODE                       ; BYPASS                    ; Untyped                                                       ;
; E2_MODE                       ; BYPASS                    ; Untyped                                                       ;
; E3_MODE                       ; BYPASS                    ; Untyped                                                       ;
; L0_PH                         ; 0                         ; Untyped                                                       ;
; L1_PH                         ; 0                         ; Untyped                                                       ;
; G0_PH                         ; 0                         ; Untyped                                                       ;
; G1_PH                         ; 0                         ; Untyped                                                       ;
; G2_PH                         ; 0                         ; Untyped                                                       ;
; G3_PH                         ; 0                         ; Untyped                                                       ;
; E0_PH                         ; 0                         ; Untyped                                                       ;
; E1_PH                         ; 0                         ; Untyped                                                       ;
; E2_PH                         ; 0                         ; Untyped                                                       ;
; E3_PH                         ; 0                         ; Untyped                                                       ;
; M_PH                          ; 0                         ; Untyped                                                       ;
; C1_USE_CASC_IN                ; OFF                       ; Untyped                                                       ;
; C2_USE_CASC_IN                ; OFF                       ; Untyped                                                       ;
; C3_USE_CASC_IN                ; OFF                       ; Untyped                                                       ;
; C4_USE_CASC_IN                ; OFF                       ; Untyped                                                       ;
; C5_USE_CASC_IN                ; OFF                       ; Untyped                                                       ;
; C6_USE_CASC_IN                ; OFF                       ; Untyped                                                       ;
; C7_USE_CASC_IN                ; OFF                       ; Untyped                                                       ;
; C8_USE_CASC_IN                ; OFF                       ; Untyped                                                       ;
; C9_USE_CASC_IN                ; OFF                       ; Untyped                                                       ;
; CLK0_COUNTER                  ; G0                        ; Untyped                                                       ;
; CLK1_COUNTER                  ; G0                        ; Untyped                                                       ;
; CLK2_COUNTER                  ; G0                        ; Untyped                                                       ;
; CLK3_COUNTER                  ; G0                        ; Untyped                                                       ;
; CLK4_COUNTER                  ; G0                        ; Untyped                                                       ;
; CLK5_COUNTER                  ; G0                        ; Untyped                                                       ;
; CLK6_COUNTER                  ; E0                        ; Untyped                                                       ;
; CLK7_COUNTER                  ; E1                        ; Untyped                                                       ;
; CLK8_COUNTER                  ; E2                        ; Untyped                                                       ;
; CLK9_COUNTER                  ; E3                        ; Untyped                                                       ;
; L0_TIME_DELAY                 ; 0                         ; Untyped                                                       ;
; L1_TIME_DELAY                 ; 0                         ; Untyped                                                       ;
; G0_TIME_DELAY                 ; 0                         ; Untyped                                                       ;
; G1_TIME_DELAY                 ; 0                         ; Untyped                                                       ;
; G2_TIME_DELAY                 ; 0                         ; Untyped                                                       ;
; G3_TIME_DELAY                 ; 0                         ; Untyped                                                       ;
; E0_TIME_DELAY                 ; 0                         ; Untyped                                                       ;
; E1_TIME_DELAY                 ; 0                         ; Untyped                                                       ;
; E2_TIME_DELAY                 ; 0                         ; Untyped                                                       ;
; E3_TIME_DELAY                 ; 0                         ; Untyped                                                       ;
; M_TIME_DELAY                  ; 0                         ; Untyped                                                       ;
; N_TIME_DELAY                  ; 0                         ; Untyped                                                       ;
; EXTCLK3_COUNTER               ; E3                        ; Untyped                                                       ;
; EXTCLK2_COUNTER               ; E2                        ; Untyped                                                       ;
; EXTCLK1_COUNTER               ; E1                        ; Untyped                                                       ;
; EXTCLK0_COUNTER               ; E0                        ; Untyped                                                       ;
; ENABLE0_COUNTER               ; L0                        ; Untyped                                                       ;
; ENABLE1_COUNTER               ; L0                        ; Untyped                                                       ;
; CHARGE_PUMP_CURRENT           ; 2                         ; Untyped                                                       ;
; LOOP_FILTER_R                 ;  1.000000                 ; Untyped                                                       ;
; LOOP_FILTER_C                 ; 5                         ; Untyped                                                       ;
; CHARGE_PUMP_CURRENT_BITS      ; 9999                      ; Untyped                                                       ;
; LOOP_FILTER_R_BITS            ; 9999                      ; Untyped                                                       ;
; LOOP_FILTER_C_BITS            ; 9999                      ; Untyped                                                       ;
; VCO_POST_SCALE                ; 0                         ; Untyped                                                       ;
; CLK2_OUTPUT_FREQUENCY         ; 0                         ; Untyped                                                       ;
; CLK1_OUTPUT_FREQUENCY         ; 0                         ; Untyped                                                       ;
; CLK0_OUTPUT_FREQUENCY         ; 0                         ; Untyped                                                       ;
; INTENDED_DEVICE_FAMILY        ; Cyclone IV E              ; Untyped                                                       ;
; PORT_CLKENA0                  ; PORT_UNUSED               ; Untyped                                                       ;
; PORT_CLKENA1                  ; PORT_UNUSED               ; Untyped                                                       ;
; PORT_CLKENA2                  ; PORT_UNUSED               ; Untyped                                                       ;
; PORT_CLKENA3                  ; PORT_UNUSED               ; Untyped                                                       ;
; PORT_CLKENA4                  ; PORT_UNUSED               ; Untyped                                                       ;
; PORT_CLKENA5                  ; PORT_UNUSED               ; Untyped                                                       ;
; PORT_EXTCLKENA0               ; PORT_CONNECTIVITY         ; Untyped                                                       ;
; PORT_EXTCLKENA1               ; PORT_CONNECTIVITY         ; Untyped                                                       ;
; PORT_EXTCLKENA2               ; PORT_CONNECTIVITY         ; Untyped                                                       ;
; PORT_EXTCLKENA3               ; PORT_CONNECTIVITY         ; Untyped                                                       ;
; PORT_EXTCLK0                  ; PORT_UNUSED               ; Untyped                                                       ;
; PORT_EXTCLK1                  ; PORT_UNUSED               ; Untyped                                                       ;
; PORT_EXTCLK2                  ; PORT_UNUSED               ; Untyped                                                       ;
; PORT_EXTCLK3                  ; PORT_UNUSED               ; Untyped                                                       ;
; PORT_CLKBAD0                  ; PORT_UNUSED               ; Untyped                                                       ;
; PORT_CLKBAD1                  ; PORT_UNUSED               ; Untyped                                                       ;
; PORT_CLK0                     ; PORT_USED                 ; Untyped                                                       ;
; PORT_CLK1                     ; PORT_USED                 ; Untyped                                                       ;
; PORT_CLK2                     ; PORT_USED                 ; Untyped                                                       ;
; PORT_CLK3                     ; PORT_USED                 ; Untyped                                                       ;
; PORT_CLK4                     ; PORT_UNUSED               ; Untyped                                                       ;
; PORT_CLK5                     ; PORT_UNUSED               ; Untyped                                                       ;
; PORT_CLK6                     ; PORT_UNUSED               ; Untyped                                                       ;
; PORT_CLK7                     ; PORT_UNUSED               ; Untyped                                                       ;
; PORT_CLK8                     ; PORT_UNUSED               ; Untyped                                                       ;
; PORT_CLK9                     ; PORT_UNUSED               ; Untyped                                                       ;
; PORT_SCANDATA                 ; PORT_UNUSED               ; Untyped                                                       ;
; PORT_SCANDATAOUT              ; PORT_UNUSED               ; Untyped                                                       ;
; PORT_SCANDONE                 ; PORT_UNUSED               ; Untyped                                                       ;
; PORT_SCLKOUT1                 ; PORT_CONNECTIVITY         ; Untyped                                                       ;
; PORT_SCLKOUT0                 ; PORT_CONNECTIVITY         ; Untyped                                                       ;
; PORT_ACTIVECLOCK              ; PORT_UNUSED               ; Untyped                                                       ;
; PORT_CLKLOSS                  ; PORT_UNUSED               ; Untyped                                                       ;
; PORT_INCLK1                   ; PORT_UNUSED               ; Untyped                                                       ;
; PORT_INCLK0                   ; PORT_USED                 ; Untyped                                                       ;
; PORT_FBIN                     ; PORT_UNUSED               ; Untyped                                                       ;
; PORT_PLLENA                   ; PORT_UNUSED               ; Untyped                                                       ;
; PORT_CLKSWITCH                ; PORT_UNUSED               ; Untyped                                                       ;
; PORT_ARESET                   ; PORT_USED                 ; Untyped                                                       ;
; PORT_PFDENA                   ; PORT_UNUSED               ; Untyped                                                       ;
; PORT_SCANCLK                  ; PORT_UNUSED               ; Untyped                                                       ;
; PORT_SCANACLR                 ; PORT_UNUSED               ; Untyped                                                       ;
; PORT_SCANREAD                 ; PORT_UNUSED               ; Untyped                                                       ;
; PORT_SCANWRITE                ; PORT_UNUSED               ; Untyped                                                       ;
; PORT_ENABLE0                  ; PORT_CONNECTIVITY         ; Untyped                                                       ;
; PORT_ENABLE1                  ; PORT_CONNECTIVITY         ; Untyped                                                       ;
; PORT_LOCKED                   ; PORT_USED                 ; Untyped                                                       ;
; PORT_CONFIGUPDATE             ; PORT_UNUSED               ; Untyped                                                       ;
; PORT_FBOUT                    ; PORT_CONNECTIVITY         ; Untyped                                                       ;
; PORT_PHASEDONE                ; PORT_UNUSED               ; Untyped                                                       ;
; PORT_PHASESTEP                ; PORT_UNUSED               ; Untyped                                                       ;
; PORT_PHASEUPDOWN              ; PORT_UNUSED               ; Untyped                                                       ;
; PORT_SCANCLKENA               ; PORT_UNUSED               ; Untyped                                                       ;
; PORT_PHASECOUNTERSELECT       ; PORT_UNUSED               ; Untyped                                                       ;
; PORT_VCOOVERRANGE             ; PORT_CONNECTIVITY         ; Untyped                                                       ;
; PORT_VCOUNDERRANGE            ; PORT_CONNECTIVITY         ; Untyped                                                       ;
; M_TEST_SOURCE                 ; 5                         ; Untyped                                                       ;
; C0_TEST_SOURCE                ; 5                         ; Untyped                                                       ;
; C1_TEST_SOURCE                ; 5                         ; Untyped                                                       ;
; C2_TEST_SOURCE                ; 5                         ; Untyped                                                       ;
; C3_TEST_SOURCE                ; 5                         ; Untyped                                                       ;
; C4_TEST_SOURCE                ; 5                         ; Untyped                                                       ;
; C5_TEST_SOURCE                ; 5                         ; Untyped                                                       ;
; C6_TEST_SOURCE                ; 5                         ; Untyped                                                       ;
; C7_TEST_SOURCE                ; 5                         ; Untyped                                                       ;
; C8_TEST_SOURCE                ; 5                         ; Untyped                                                       ;
; C9_TEST_SOURCE                ; 5                         ; Untyped                                                       ;
; CBXI_PARAMETER                ; altpll0_altpll1           ; Untyped                                                       ;
; VCO_FREQUENCY_CONTROL         ; AUTO                      ; Untyped                                                       ;
; VCO_PHASE_SHIFT_STEP          ; 0                         ; Untyped                                                       ;
; WIDTH_CLOCK                   ; 5                         ; Signed Integer                                                ;
; WIDTH_PHASECOUNTERSELECT      ; 4                         ; Untyped                                                       ;
; USING_FBMIMICBIDIR_PORT       ; OFF                       ; Untyped                                                       ;
; DEVICE_FAMILY                 ; Cyclone IV E              ; Untyped                                                       ;
; SCAN_CHAIN_MIF_FILE           ; UNUSED                    ; Untyped                                                       ;
; SIM_GATE_LOCK_DEVICE_BEHAVIOR ; OFF                       ; Untyped                                                       ;
; AUTO_CARRY_CHAINS             ; ON                        ; AUTO_CARRY                                                    ;
; IGNORE_CARRY_BUFFERS          ; OFF                       ; IGNORE_CARRY                                                  ;
; AUTO_CASCADE_CHAINS           ; ON                        ; AUTO_CASCADE                                                  ;
; IGNORE_CASCADE_BUFFERS        ; OFF                       ; IGNORE_CASCADE                                                ;
+-------------------------------+---------------------------+---------------------------------------------------------------+
Note: In order to hide this table in the UI and the text report file, please set the "Show Parameter Settings in Synthesis Report" option in "Analysis and Synthesis Settings -> More Settings" to "Off".


+--------------------------------------------------------------------------------------------------------------+
; altpll Parameter Settings by Entity Instance                                                                 ;
+-------------------------------+------------------------------------------------------------------------------+
; Name                          ; Value                                                                        ;
+-------------------------------+------------------------------------------------------------------------------+
; Number of entity instances    ; 1                                                                            ;
; Entity Instance               ; subsistema2esquematico:inst|Block1:inst|altpll0:inst|altpll:altpll_component ;
;     -- OPERATION_MODE         ; NORMAL                                                                       ;
;     -- PLL_TYPE               ; AUTO                                                                         ;
;     -- PRIMARY_CLOCK          ; INCLK0                                                                       ;
;     -- INCLK0_INPUT_FREQUENCY ; 20000                                                                        ;
;     -- INCLK1_INPUT_FREQUENCY ; 0                                                                            ;
;     -- VCO_MULTIPLY_BY        ; 0                                                                            ;
;     -- VCO_DIVIDE_BY          ; 0                                                                            ;
+-------------------------------+------------------------------------------------------------------------------+


+-------------------------------+
; Elapsed Time Per Partition    ;
+----------------+--------------+
; Partition Name ; Elapsed Time ;
+----------------+--------------+
; Top            ; 00:00:05     ;
+----------------+--------------+


+-------------------------------+
; Analysis & Synthesis Messages ;
+-------------------------------+
Info: *******************************************************************
Info: Running Quartus II 64-Bit Analysis & Synthesis
    Info: Version 13.0.1 Build 232 06/12/2013 Service Pack 1 SJ Web Edition
    Info: Processing started: Fri Nov 28 20:31:03 2025
Info: Command: quartus_map --read_settings_files=on --write_settings_files=off proyecto_final -c proyecto_final
Warning (20028): Parallel compilation is not licensed and has been disabled
Info (12021): Found 2 design units, including 1 entities, in source file teclado_test_2.vhd
    Info (12022): Found design unit 1: teclado_test_2-registro
    Info (12023): Found entity 1: teclado_test_2
Info (12021): Found 2 design units, including 1 entities, in source file pruebat.vhd
    Info (12022): Found design unit 1: pruebat-Behavioral
    Info (12023): Found entity 1: pruebat
Info (12021): Found 2 design units, including 1 entities, in source file prueba2.vhd
    Info (12022): Found design unit 1: prueba2-fnc
    Info (12023): Found entity 1: prueba2
Info (12021): Found 2 design units, including 1 entities, in source file coloress2.vhd
    Info (12022): Found design unit 1: coloress2-fnc
    Info (12023): Found entity 1: coloress2
Info (12021): Found 2 design units, including 1 entities, in source file pulso_384.vhd
    Info (12022): Found design unit 1: pulso_384-rtl
    Info (12023): Found entity 1: pulso_384
Info (12021): Found 2 design units, including 1 entities, in source file paralelo_serie_384b.vhd
    Info (12022): Found design unit 1: paralelo_serie_384b-rtl
    Info (12023): Found entity 1: paralelo_serie_384b
Info (12021): Found 2 design units, including 1 entities, in source file lpm_counter0.vhd
    Info (12022): Found design unit 1: lpm_counter0-SYN
    Info (12023): Found entity 1: lpm_counter0
Info (12021): Found 1 design units, including 1 entities, in source file subsistema2esquematico.bdf
    Info (12023): Found entity 1: subsistema2esquematico
Info (12021): Found 1 design units, including 1 entities, in source file block1.bdf
    Info (12023): Found entity 1: Block1
Info (12021): Found 2 design units, including 1 entities, in source file validar_movimiento.vhd
    Info (12022): Found design unit 1: Validar_movimiento-comportamiento
    Info (12023): Found entity 1: Validar_movimiento
Info (12021): Found 2 design units, including 1 entities, in source file subsistema_4.vhd
    Info (12022): Found design unit 1: Subsistema_4-Behavioral
    Info (12023): Found entity 1: Subsistema_4
Info (12021): Found 2 design units, including 1 entities, in source file memoria_tablero.vhd
    Info (12022): Found design unit 1: Memoria_tablero-comportamiento
    Info (12023): Found entity 1: Memoria_tablero
Info (12021): Found 2 design units, including 1 entities, in source file detector_victoria.vhd
    Info (12022): Found design unit 1: Detector_Victoria-comportamiento
    Info (12023): Found entity 1: Detector_Victoria
Info (12021): Found 1 design units, including 1 entities, in source file proyecto_final.bdf
    Info (12023): Found entity 1: proyecto_final
Info (12021): Found 2 design units, including 1 entities, in source file driver.vhd
    Info (12022): Found design unit 1: driver-Behavioral
    Info (12023): Found entity 1: driver
Info (12127): Elaborating entity "proyecto_final" for the top level hierarchy
Info (12128): Elaborating entity "subsistema2esquematico" for hierarchy "subsistema2esquematico:inst"
Info (12128): Elaborating entity "Block1" for hierarchy "subsistema2esquematico:inst|Block1:inst"
Warning (12125): Using design file altpll0.vhd, which is not specified as a design file for the current project, but contains definitions for 2 design units and 1 entities in project
    Info (12022): Found design unit 1: altpll0-SYN
    Info (12023): Found entity 1: altpll0
Info (12128): Elaborating entity "altpll0" for hierarchy "subsistema2esquematico:inst|Block1:inst|altpll0:inst"
Info (12128): Elaborating entity "altpll" for hierarchy "subsistema2esquematico:inst|Block1:inst|altpll0:inst|altpll:altpll_component"
Info (12130): Elaborated megafunction instantiation "subsistema2esquematico:inst|Block1:inst|altpll0:inst|altpll:altpll_component"
Info (12133): Instantiated megafunction "subsistema2esquematico:inst|Block1:inst|altpll0:inst|altpll:altpll_component" with the following parameter:
    Info (12134): Parameter "bandwidth_type" = "AUTO"
    Info (12134): Parameter "clk0_divide_by" = "125"
    Info (12134): Parameter "clk0_duty_cycle" = "32"
    Info (12134): Parameter "clk0_multiply_by" = "2"
    Info (12134): Parameter "clk0_phase_shift" = "0"
    Info (12134): Parameter "clk1_divide_by" = "125"
    Info (12134): Parameter "clk1_duty_cycle" = "64"
    Info (12134): Parameter "clk1_multiply_by" = "2"
    Info (12134): Parameter "clk1_phase_shift" = "0"
    Info (12134): Parameter "clk2_divide_by" = "25000"
    Info (12134): Parameter "clk2_duty_cycle" = "50"
    Info (12134): Parameter "clk2_multiply_by" = "1"
    Info (12134): Parameter "clk2_phase_shift" = "0"
    Info (12134): Parameter "clk3_divide_by" = "2"
    Info (12134): Parameter "clk3_duty_cycle" = "50"
    Info (12134): Parameter "clk3_multiply_by" = "1"
    Info (12134): Parameter "clk3_phase_shift" = "0"
    Info (12134): Parameter "compensate_clock" = "CLK0"
    Info (12134): Parameter "inclk0_input_frequency" = "20000"
    Info (12134): Parameter "intended_device_family" = "Cyclone IV E"
    Info (12134): Parameter "lpm_hint" = "CBX_MODULE_PREFIX=altpll0"
    Info (12134): Parameter "lpm_type" = "altpll"
    Info (12134): Parameter "operation_mode" = "NORMAL"
    Info (12134): Parameter "pll_type" = "AUTO"
    Info (12134): Parameter "port_activeclock" = "PORT_UNUSED"
    Info (12134): Parameter "port_areset" = "PORT_USED"
    Info (12134): Parameter "port_clkbad0" = "PORT_UNUSED"
    Info (12134): Parameter "port_clkbad1" = "PORT_UNUSED"
    Info (12134): Parameter "port_clkloss" = "PORT_UNUSED"
    Info (12134): Parameter "port_clkswitch" = "PORT_UNUSED"
    Info (12134): Parameter "port_configupdate" = "PORT_UNUSED"
    Info (12134): Parameter "port_fbin" = "PORT_UNUSED"
    Info (12134): Parameter "port_inclk0" = "PORT_USED"
    Info (12134): Parameter "port_inclk1" = "PORT_UNUSED"
    Info (12134): Parameter "port_locked" = "PORT_USED"
    Info (12134): Parameter "port_pfdena" = "PORT_UNUSED"
    Info (12134): Parameter "port_phasecounterselect" = "PORT_UNUSED"
    Info (12134): Parameter "port_phasedone" = "PORT_UNUSED"
    Info (12134): Parameter "port_phasestep" = "PORT_UNUSED"
    Info (12134): Parameter "port_phaseupdown" = "PORT_UNUSED"
    Info (12134): Parameter "port_pllena" = "PORT_UNUSED"
    Info (12134): Parameter "port_scanaclr" = "PORT_UNUSED"
    Info (12134): Parameter "port_scanclk" = "PORT_UNUSED"
    Info (12134): Parameter "port_scanclkena" = "PORT_UNUSED"
    Info (12134): Parameter "port_scandata" = "PORT_UNUSED"
    Info (12134): Parameter "port_scandataout" = "PORT_UNUSED"
    Info (12134): Parameter "port_scandone" = "PORT_UNUSED"
    Info (12134): Parameter "port_scanread" = "PORT_UNUSED"
    Info (12134): Parameter "port_scanwrite" = "PORT_UNUSED"
    Info (12134): Parameter "port_clk0" = "PORT_USED"
    Info (12134): Parameter "port_clk1" = "PORT_USED"
    Info (12134): Parameter "port_clk2" = "PORT_USED"
    Info (12134): Parameter "port_clk3" = "PORT_USED"
    Info (12134): Parameter "port_clk4" = "PORT_UNUSED"
    Info (12134): Parameter "port_clk5" = "PORT_UNUSED"
    Info (12134): Parameter "port_clkena0" = "PORT_UNUSED"
    Info (12134): Parameter "port_clkena1" = "PORT_UNUSED"
    Info (12134): Parameter "port_clkena2" = "PORT_UNUSED"
    Info (12134): Parameter "port_clkena3" = "PORT_UNUSED"
    Info (12134): Parameter "port_clkena4" = "PORT_UNUSED"
    Info (12134): Parameter "port_clkena5" = "PORT_UNUSED"
    Info (12134): Parameter "port_extclk0" = "PORT_UNUSED"
    Info (12134): Parameter "port_extclk1" = "PORT_UNUSED"
    Info (12134): Parameter "port_extclk2" = "PORT_UNUSED"
    Info (12134): Parameter "port_extclk3" = "PORT_UNUSED"
    Info (12134): Parameter "self_reset_on_loss_lock" = "OFF"
    Info (12134): Parameter "width_clock" = "5"
Info (12021): Found 1 design units, including 1 entities, in source file db/altpll0_altpll1.v
    Info (12023): Found entity 1: altpll0_altpll1
Info (12128): Elaborating entity "altpll0_altpll1" for hierarchy "subsistema2esquematico:inst|Block1:inst|altpll0:inst|altpll:altpll_component|altpll0_altpll1:auto_generated"
Info (12128): Elaborating entity "pulso_384" for hierarchy "subsistema2esquematico:inst|Block1:inst|pulso_384:inst12"
Info (12128): Elaborating entity "21mux" for hierarchy "subsistema2esquematico:inst|Block1:inst|21mux:inst6"
Info (12130): Elaborated megafunction instantiation "subsistema2esquematico:inst|Block1:inst|21mux:inst6"
Info (12128): Elaborating entity "paralelo_serie_384b" for hierarchy "subsistema2esquematico:inst|Block1:inst|paralelo_serie_384b:inst1"
Warning (10492): VHDL Process Statement warning at paralelo_serie_384b.vhd(25): signal "parallel_in" is read inside the Process Statement but isn't in the Process Statement's sensitivity list
Info (12128): Elaborating entity "coloress2" for hierarchy "subsistema2esquematico:inst|coloress2:inst1"
Warning (10492): VHDL Process Statement warning at coloress2.vhd(30): signal "INICIO" is read inside the Process Statement but isn't in the Process Statement's sensitivity list
Warning (10631): VHDL Process Statement warning at coloress2.vhd(28): inferring latch(es) for signal or variable "CJ1", which holds its previous value in one or more paths through the process
Warning (10492): VHDL Process Statement warning at coloress2.vhd(56): signal "INICIO" is read inside the Process Statement but isn't in the Process Statement's sensitivity list
Warning (10631): VHDL Process Statement warning at coloress2.vhd(54): inferring latch(es) for signal or variable "CJ2", which holds its previous value in one or more paths through the process
Info (10041): Inferred latch for "CJ2[0]" at coloress2.vhd(54)
Info (10041): Inferred latch for "CJ2[1]" at coloress2.vhd(54)
Info (10041): Inferred latch for "CJ2[2]" at coloress2.vhd(54)
Info (10041): Inferred latch for "CJ2[3]" at coloress2.vhd(54)
Info (10041): Inferred latch for "CJ2[4]" at coloress2.vhd(54)
Info (10041): Inferred latch for "CJ2[5]" at coloress2.vhd(54)
Info (10041): Inferred latch for "CJ2[6]" at coloress2.vhd(54)
Info (10041): Inferred latch for "CJ2[7]" at coloress2.vhd(54)
Info (10041): Inferred latch for "CJ2[8]" at coloress2.vhd(54)
Info (10041): Inferred latch for "CJ2[9]" at coloress2.vhd(54)
Info (10041): Inferred latch for "CJ2[10]" at coloress2.vhd(54)
Info (10041): Inferred latch for "CJ2[11]" at coloress2.vhd(54)
Info (10041): Inferred latch for "CJ2[12]" at coloress2.vhd(54)
Info (10041): Inferred latch for "CJ2[13]" at coloress2.vhd(54)
Info (10041): Inferred latch for "CJ2[14]" at coloress2.vhd(54)
Info (10041): Inferred latch for "CJ2[15]" at coloress2.vhd(54)
Info (10041): Inferred latch for "CJ2[16]" at coloress2.vhd(54)
Info (10041): Inferred latch for "CJ2[17]" at coloress2.vhd(54)
Info (10041): Inferred latch for "CJ2[18]" at coloress2.vhd(54)
Info (10041): Inferred latch for "CJ2[19]" at coloress2.vhd(54)
Info (10041): Inferred latch for "CJ2[20]" at coloress2.vhd(54)
Info (10041): Inferred latch for "CJ2[21]" at coloress2.vhd(54)
Info (10041): Inferred latch for "CJ2[22]" at coloress2.vhd(54)
Info (10041): Inferred latch for "CJ2[23]" at coloress2.vhd(54)
Info (10041): Inferred latch for "CJ1[0]" at coloress2.vhd(28)
Info (10041): Inferred latch for "CJ1[1]" at coloress2.vhd(28)
Info (10041): Inferred latch for "CJ1[2]" at coloress2.vhd(28)
Info (10041): Inferred latch for "CJ1[3]" at coloress2.vhd(28)
Info (10041): Inferred latch for "CJ1[4]" at coloress2.vhd(28)
Info (10041): Inferred latch for "CJ1[5]" at coloress2.vhd(28)
Info (10041): Inferred latch for "CJ1[6]" at coloress2.vhd(28)
Info (10041): Inferred latch for "CJ1[7]" at coloress2.vhd(28)
Info (10041): Inferred latch for "CJ1[8]" at coloress2.vhd(28)
Info (10041): Inferred latch for "CJ1[9]" at coloress2.vhd(28)
Info (10041): Inferred latch for "CJ1[10]" at coloress2.vhd(28)
Info (10041): Inferred latch for "CJ1[11]" at coloress2.vhd(28)
Info (10041): Inferred latch for "CJ1[12]" at coloress2.vhd(28)
Info (10041): Inferred latch for "CJ1[13]" at coloress2.vhd(28)
Info (10041): Inferred latch for "CJ1[14]" at coloress2.vhd(28)
Info (10041): Inferred latch for "CJ1[15]" at coloress2.vhd(28)
Info (10041): Inferred latch for "CJ1[16]" at coloress2.vhd(28)
Info (10041): Inferred latch for "CJ1[17]" at coloress2.vhd(28)
Info (10041): Inferred latch for "CJ1[18]" at coloress2.vhd(28)
Info (10041): Inferred latch for "CJ1[19]" at coloress2.vhd(28)
Info (10041): Inferred latch for "CJ1[20]" at coloress2.vhd(28)
Info (10041): Inferred latch for "CJ1[21]" at coloress2.vhd(28)
Info (10041): Inferred latch for "CJ1[22]" at coloress2.vhd(28)
Info (10041): Inferred latch for "CJ1[23]" at coloress2.vhd(28)
Info (12128): Elaborating entity "pruebat" for hierarchy "pruebat:inst6"
Warning (10631): VHDL Process Statement warning at pruebat.vhd(54): inferring latch(es) for signal or variable "tablero_juego", which holds its previous value in one or more paths through the process
Warning (10631): VHDL Process Statement warning at pruebat.vhd(54): inferring latch(es) for signal or variable "reset", which holds its previous value in one or more paths through the process
Warning (10631): VHDL Process Statement warning at pruebat.vhd(54): inferring latch(es) for signal or variable "sc1", which holds its previous value in one or more paths through the process
Warning (10631): VHDL Process Statement warning at pruebat.vhd(54): inferring latch(es) for signal or variable "sc2", which holds its previous value in one or more paths through the process
Warning (10631): VHDL Process Statement warning at pruebat.vhd(54): inferring latch(es) for signal or variable "J1vJ2", which holds its previous value in one or more paths through the process
Warning (10631): VHDL Process Statement warning at pruebat.vhd(54): inferring latch(es) for signal or variable "J1vM", which holds its previous value in one or more paths through the process
Warning (10631): VHDL Process Statement warning at pruebat.vhd(54): inferring latch(es) for signal or variable "turno", which holds its previous value in one or more paths through the process
Info (10041): Inferred latch for "turno" at pruebat.vhd(54)
Info (10041): Inferred latch for "J1vM" at pruebat.vhd(54)
Info (10041): Inferred latch for "J1vJ2" at pruebat.vhd(54)
Info (10041): Inferred latch for "sc2[0]" at pruebat.vhd(54)
Info (10041): Inferred latch for "sc2[1]" at pruebat.vhd(54)
Info (10041): Inferred latch for "sc2[2]" at pruebat.vhd(54)
Info (10041): Inferred latch for "sc1[0]" at pruebat.vhd(54)
Info (10041): Inferred latch for "sc1[1]" at pruebat.vhd(54)
Info (10041): Inferred latch for "sc1[2]" at pruebat.vhd(54)
Info (10041): Inferred latch for "reset" at pruebat.vhd(54)
Info (10041): Inferred latch for "tablero_juego[0]" at pruebat.vhd(54)
Info (10041): Inferred latch for "tablero_juego[1]" at pruebat.vhd(54)
Info (10041): Inferred latch for "tablero_juego[2]" at pruebat.vhd(54)
Info (10041): Inferred latch for "tablero_juego[3]" at pruebat.vhd(54)
Info (12128): Elaborating entity "Detector_Victoria" for hierarchy "Detector_Victoria:inst3"
Warning (10492): VHDL Process Statement warning at Detector_victoria.vhd(74): signal "s_tablero_lleno" is read inside the Process Statement but isn't in the Process Statement's sensitivity list
Info (12128): Elaborating entity "Memoria_tablero" for hierarchy "Memoria_tablero:inst4"
Warning (12125): Using design file teclado.vhd, which is not specified as a design file for the current project, but contains definitions for 2 design units and 1 entities in project
    Info (12022): Found design unit 1: teclado-registro
    Info (12023): Found entity 1: teclado
Info (12128): Elaborating entity "teclado" for hierarchy "teclado:inst1"
Warning (10492): VHDL Process Statement warning at teclado.vhd(42): signal "t_reset" is read inside the Process Statement but isn't in the Process Statement's sensitivity list
Warning (10492): VHDL Process Statement warning at teclado.vhd(358): signal "sal" is read inside the Process Statement but isn't in the Process Statement's sensitivity list
Warning (10492): VHDL Process Statement warning at teclado.vhd(359): signal "sal" is read inside the Process Statement but isn't in the Process Statement's sensitivity list
Warning (10492): VHDL Process Statement warning at teclado.vhd(360): signal "sal" is read inside the Process Statement but isn't in the Process Statement's sensitivity list
Warning (10492): VHDL Process Statement warning at teclado.vhd(361): signal "sal" is read inside the Process Statement but isn't in the Process Statement's sensitivity list
Warning (10492): VHDL Process Statement warning at teclado.vhd(362): signal "t_juego" is read inside the Process Statement but isn't in the Process Statement's sensitivity list
Warning (10492): VHDL Process Statement warning at teclado.vhd(363): signal "t_j1_vs_j2" is read inside the Process Statement but isn't in the Process Statement's sensitivity list
Warning (10492): VHDL Process Statement warning at teclado.vhd(364): signal "t_j_vs_mq" is read inside the Process Statement but isn't in the Process Statement's sensitivity list
Warning (10492): VHDL Process Statement warning at teclado.vhd(365): signal "t_reset" is read inside the Process Statement but isn't in the Process Statement's sensitivity list
Info (12128): Elaborating entity "Subsistema_4" for hierarchy "Subsistema_4:inst2"
Warning (10492): VHDL Process Statement warning at Subsistema_4.vhd(209): signal "modo_sel" is read inside the Process Statement but isn't in the Process Statement's sensitivity list
Warning (10631): VHDL Process Statement warning at Subsistema_4.vhd(168): inferring latch(es) for signal or variable "modo_sel", which holds its previous value in one or more paths through the process
Info (10041): Inferred latch for "modo_sel" at Subsistema_4.vhd(168)
Info (12128): Elaborating entity "Validar_movimiento" for hierarchy "Validar_movimiento:inst5"
Info (13025): Duplicate LATCH primitives merged into single LATCH primitive
    Info (13026): Duplicate LATCH primitive "subsistema2esquematico:inst|coloress2:inst1|CJ2[2]" merged with LATCH primitive "subsistema2esquematico:inst|coloress2:inst1|CJ2[21]"
    Info (13026): Duplicate LATCH primitive "subsistema2esquematico:inst|coloress2:inst1|CJ2[13]" merged with LATCH primitive "subsistema2esquematico:inst|coloress2:inst1|CJ2[20]"
    Info (13026): Duplicate LATCH primitive "subsistema2esquematico:inst|coloress2:inst1|CJ1[14]" merged with LATCH primitive "subsistema2esquematico:inst|coloress2:inst1|CJ1[22]"
    Info (13026): Duplicate LATCH primitive "subsistema2esquematico:inst|coloress2:inst1|CJ1[13]" merged with LATCH primitive "subsistema2esquematico:inst|coloress2:inst1|CJ1[21]"
    Info (13026): Duplicate LATCH primitive "subsistema2esquematico:inst|coloress2:inst1|CJ1[2]" merged with LATCH primitive "subsistema2esquematico:inst|coloress2:inst1|CJ1[12]"
Warning (13012): Latch pruebat:inst6|J1vJ2 has unsafe behavior
    Warning (13013): Ports D and ENA on the latch are fed by the same signal pruebat:inst6|cambio_entrada[2]
Info (13000): Registers with preset signals will power-up high
Info (13003): DEV_CLRn pin will set, and not reset, register with preset signal due to NOT Gate Push-Back
Warning (13004): Presettable and clearable registers converted to equivalent circuits with latches. Registers power-up to an undefined state, and DEVCLRn places the registers in an undefined state.
    Warning (13310): Register "subsistema2esquematico:inst|Block1:inst|paralelo_serie_384b:inst1|shift_reg[381]" is converted into an equivalent circuit using register "subsistema2esquematico:inst|Block1:inst|paralelo_serie_384b:inst1|shift_reg[381]~_emulated" and latch "subsistema2esquematico:inst|Block1:inst|paralelo_serie_384b:inst1|shift_reg[381]~1"
    Warning (13310): Register "subsistema2esquematico:inst|Block1:inst|paralelo_serie_384b:inst1|shift_reg[380]" is converted into an equivalent circuit using register "subsistema2esquematico:inst|Block1:inst|paralelo_serie_384b:inst1|shift_reg[380]~_emulated" and latch "subsistema2esquematico:inst|Block1:inst|paralelo_serie_384b:inst1|shift_reg[380]~5"
    Warning (13310): Register "subsistema2esquematico:inst|Block1:inst|paralelo_serie_384b:inst1|shift_reg[379]" is converted into an equivalent circuit using register "subsistema2esquematico:inst|Block1:inst|paralelo_serie_384b:inst1|shift_reg[379]~_emulated" and latch "subsistema2esquematico:inst|Block1:inst|paralelo_serie_384b:inst1|shift_reg[379]~9"
    Warning (13310): Register "subsistema2esquematico:inst|Block1:inst|paralelo_serie_384b:inst1|shift_reg[378]" is converted into an equivalent circuit using register "subsistema2esquematico:inst|Block1:inst|paralelo_serie_384b:inst1|shift_reg[378]~_emulated" and latch "subsistema2esquematico:inst|Block1:inst|paralelo_serie_384b:inst1|shift_reg[378]~13"
    Warning (13310): Register "subsistema2esquematico:inst|Block1:inst|paralelo_serie_384b:inst1|shift_reg[377]" is converted into an equivalent circuit using register "subsistema2esquematico:inst|Block1:inst|paralelo_serie_384b:inst1|shift_reg[377]~_emulated" and latch "subsistema2esquematico:inst|Block1:inst|paralelo_serie_384b:inst1|shift_reg[377]~17"
    Warning (13310): Register "subsistema2esquematico:inst|Block1:inst|paralelo_serie_384b:inst1|shift_reg[376]" is converted into an equivalent circuit using register "subsistema2esquematico:inst|Block1:inst|paralelo_serie_384b:inst1|shift_reg[376]~_emulated" and latch "subsistema2esquematico:inst|Block1:inst|paralelo_serie_384b:inst1|shift_reg[376]~21"
    Warning (13310): Register "subsistema2esquematico:inst|Block1:inst|paralelo_serie_384b:inst1|shift_reg[375]" is converted into an equivalent circuit using register "subsistema2esquematico:inst|Block1:inst|paralelo_serie_384b:inst1|shift_reg[375]~_emulated" and latch "subsistema2esquematico:inst|Block1:inst|paralelo_serie_384b:inst1|shift_reg[375]~25"
    Warning (13310): Register "subsistema2esquematico:inst|Block1:inst|paralelo_serie_384b:inst1|shift_reg[374]" is converted into an equivalent circuit using register "subsistema2esquematico:inst|Block1:inst|paralelo_serie_384b:inst1|shift_reg[374]~_emulated" and latch "subsistema2esquematico:inst|Block1:inst|paralelo_serie_384b:inst1|shift_reg[374]~29"
    Warning (13310): Register "subsistema2esquematico:inst|Block1:inst|paralelo_serie_384b:inst1|shift_reg[373]" is converted into an equivalent circuit using register "subsistema2esquematico:inst|Block1:inst|paralelo_serie_384b:inst1|shift_reg[373]~_emulated" and latch "subsistema2esquematico:inst|Block1:inst|paralelo_serie_384b:inst1|shift_reg[373]~33"
    Warning (13310): Register "subsistema2esquematico:inst|Block1:inst|paralelo_serie_384b:inst1|shift_reg[372]" is converted into an equivalent circuit using register "subsistema2esquematico:inst|Block1:inst|paralelo_serie_384b:inst1|shift_reg[372]~_emulated" and latch "subsistema2esquematico:inst|Block1:inst|paralelo_serie_384b:inst1|shift_reg[372]~37"
    Warning (13310): Register "subsistema2esquematico:inst|Block1:inst|paralelo_serie_384b:inst1|shift_reg[371]" is converted into an equivalent circuit using register "subsistema2esquematico:inst|Block1:inst|paralelo_serie_384b:inst1|shift_reg[371]~_emulated" and latch "subsistema2esquematico:inst|Block1:inst|paralelo_serie_384b:inst1|shift_reg[371]~41"
    Warning (13310): Register "subsistema2esquematico:inst|Block1:inst|paralelo_serie_384b:inst1|shift_reg[370]" is converted into an equivalent circuit using register "subsistema2esquematico:inst|Block1:inst|paralelo_serie_384b:inst1|shift_reg[370]~_emulated" and latch "subsistema2esquematico:inst|Block1:inst|paralelo_serie_384b:inst1|shift_reg[370]~45"
    Warning (13310): Register "subsistema2esquematico:inst|Block1:inst|paralelo_serie_384b:inst1|shift_reg[369]" is converted into an equivalent circuit using register "subsistema2esquematico:inst|Block1:inst|paralelo_serie_384b:inst1|shift_reg[369]~_emulated" and latch "subsistema2esquematico:inst|Block1:inst|paralelo_serie_384b:inst1|shift_reg[369]~49"
    Warning (13310): Register "subsistema2esquematico:inst|Block1:inst|paralelo_serie_384b:inst1|shift_reg[368]" is converted into an equivalent circuit using register "subsistema2esquematico:inst|Block1:inst|paralelo_serie_384b:inst1|shift_reg[368]~_emulated" and latch "subsistema2esquematico:inst|Block1:inst|paralelo_serie_384b:inst1|shift_reg[368]~53"
    Warning (13310): Register "subsistema2esquematico:inst|Block1:inst|paralelo_serie_384b:inst1|shift_reg[364]" is converted into an equivalent circuit using register "subsistema2esquematico:inst|Block1:inst|paralelo_serie_384b:inst1|shift_reg[364]~_emulated" and latch "subsistema2esquematico:inst|Block1:inst|paralelo_serie_384b:inst1|shift_reg[364]~57"
    Warning (13310): Register "subsistema2esquematico:inst|Block1:inst|paralelo_serie_384b:inst1|shift_reg[363]" is converted into an equivalent circuit using register "subsistema2esquematico:inst|Block1:inst|paralelo_serie_384b:inst1|shift_reg[363]~_emulated" and latch "subsistema2esquematico:inst|Block1:inst|paralelo_serie_384b:inst1|shift_reg[363]~61"
    Warning (13310): Register "subsistema2esquematico:inst|Block1:inst|paralelo_serie_384b:inst1|shift_reg[362]" is converted into an equivalent circuit using register "subsistema2esquematico:inst|Block1:inst|paralelo_serie_384b:inst1|shift_reg[362]~_emulated" and latch "subsistema2esquematico:inst|Block1:inst|paralelo_serie_384b:inst1|shift_reg[362]~65"
    Warning (13310): Register "subsistema2esquematico:inst|Block1:inst|paralelo_serie_384b:inst1|shift_reg[361]" is converted into an equivalent circuit using register "subsistema2esquematico:inst|Block1:inst|paralelo_serie_384b:inst1|shift_reg[361]~_emulated" and latch "subsistema2esquematico:inst|Block1:inst|paralelo_serie_384b:inst1|shift_reg[361]~69"
    Warning (13310): Register "subsistema2esquematico:inst|Block1:inst|paralelo_serie_384b:inst1|shift_reg[360]" is converted into an equivalent circuit using register "subsistema2esquematico:inst|Block1:inst|paralelo_serie_384b:inst1|shift_reg[360]~_emulated" and latch "subsistema2esquematico:inst|Block1:inst|paralelo_serie_384b:inst1|shift_reg[360]~73"
    Warning (13310): Register "subsistema2esquematico:inst|Block1:inst|paralelo_serie_384b:inst1|shift_reg[357]" is converted into an equivalent circuit using register "subsistema2esquematico:inst|Block1:inst|paralelo_serie_384b:inst1|shift_reg[357]~_emulated" and latch "subsistema2esquematico:inst|Block1:inst|paralelo_serie_384b:inst1|shift_reg[357]~77"
    Warning (13310): Register "subsistema2esquematico:inst|Block1:inst|paralelo_serie_384b:inst1|shift_reg[356]" is converted into an equivalent circuit using register "subsistema2esquematico:inst|Block1:inst|paralelo_serie_384b:inst1|shift_reg[356]~_emulated" and latch "subsistema2esquematico:inst|Block1:inst|paralelo_serie_384b:inst1|shift_reg[356]~81"
    Warning (13310): Register "subsistema2esquematico:inst|Block1:inst|paralelo_serie_384b:inst1|shift_reg[355]" is converted into an equivalent circuit using register "subsistema2esquematico:inst|Block1:inst|paralelo_serie_384b:inst1|shift_reg[355]~_emulated" and latch "subsistema2esquematico:inst|Block1:inst|paralelo_serie_384b:inst1|shift_reg[355]~85"
    Warning (13310): Register "subsistema2esquematico:inst|Block1:inst|paralelo_serie_384b:inst1|shift_reg[354]" is converted into an equivalent circuit using register "subsistema2esquematico:inst|Block1:inst|paralelo_serie_384b:inst1|shift_reg[354]~_emulated" and latch "subsistema2esquematico:inst|Block1:inst|paralelo_serie_384b:inst1|shift_reg[354]~89"
    Warning (13310): Register "subsistema2esquematico:inst|Block1:inst|paralelo_serie_384b:inst1|shift_reg[353]" is converted into an equivalent circuit using register "subsistema2esquematico:inst|Block1:inst|paralelo_serie_384b:inst1|shift_reg[353]~_emulated" and latch "subsistema2esquematico:inst|Block1:inst|paralelo_serie_384b:inst1|shift_reg[353]~93"
    Warning (13310): Register "subsistema2esquematico:inst|Block1:inst|paralelo_serie_384b:inst1|shift_reg[352]" is converted into an equivalent circuit using register "subsistema2esquematico:inst|Block1:inst|paralelo_serie_384b:inst1|shift_reg[352]~_emulated" and latch "subsistema2esquematico:inst|Block1:inst|paralelo_serie_384b:inst1|shift_reg[352]~97"
    Warning (13310): Register "subsistema2esquematico:inst|Block1:inst|paralelo_serie_384b:inst1|shift_reg[351]" is converted into an equivalent circuit using register "subsistema2esquematico:inst|Block1:inst|paralelo_serie_384b:inst1|shift_reg[351]~_emulated" and latch "subsistema2esquematico:inst|Block1:inst|paralelo_serie_384b:inst1|shift_reg[351]~101"
    Warning (13310): Register "subsistema2esquematico:inst|Block1:inst|paralelo_serie_384b:inst1|shift_reg[350]" is converted into an equivalent circuit using register "subsistema2esquematico:inst|Block1:inst|paralelo_serie_384b:inst1|shift_reg[350]~_emulated" and latch "subsistema2esquematico:inst|Block1:inst|paralelo_serie_384b:inst1|shift_reg[350]~105"
    Warning (13310): Register "subsistema2esquematico:inst|Block1:inst|paralelo_serie_384b:inst1|shift_reg[349]" is converted into an equivalent circuit using register "subsistema2esquematico:inst|Block1:inst|paralelo_serie_384b:inst1|shift_reg[349]~_emulated" and latch "subsistema2esquematico:inst|Block1:inst|paralelo_serie_384b:inst1|shift_reg[349]~109"
    Warning (13310): Register "subsistema2esquematico:inst|Block1:inst|paralelo_serie_384b:inst1|shift_reg[348]" is converted into an equivalent circuit using register "subsistema2esquematico:inst|Block1:inst|paralelo_serie_384b:inst1|shift_reg[348]~_emulated" and latch "subsistema2esquematico:inst|Block1:inst|paralelo_serie_384b:inst1|shift_reg[348]~113"
    Warning (13310): Register "subsistema2esquematico:inst|Block1:inst|paralelo_serie_384b:inst1|shift_reg[347]" is converted into an equivalent circuit using register "subsistema2esquematico:inst|Block1:inst|paralelo_serie_384b:inst1|shift_reg[347]~_emulated" and latch "subsistema2esquematico:inst|Block1:inst|paralelo_serie_384b:inst1|shift_reg[347]~117"
    Warning (13310): Register "subsistema2esquematico:inst|Block1:inst|paralelo_serie_384b:inst1|shift_reg[346]" is converted into an equivalent circuit using register "subsistema2esquematico:inst|Block1:inst|paralelo_serie_384b:inst1|shift_reg[346]~_emulated" and latch "subsistema2esquematico:inst|Block1:inst|paralelo_serie_384b:inst1|shift_reg[346]~121"
    Warning (13310): Register "subsistema2esquematico:inst|Block1:inst|paralelo_serie_384b:inst1|shift_reg[345]" is converted into an equivalent circuit using register "subsistema2esquematico:inst|Block1:inst|paralelo_serie_384b:inst1|shift_reg[345]~_emulated" and latch "subsistema2esquematico:inst|Block1:inst|paralelo_serie_384b:inst1|shift_reg[345]~125"
    Warning (13310): Register "subsistema2esquematico:inst|Block1:inst|paralelo_serie_384b:inst1|shift_reg[344]" is converted into an equivalent circuit using register "subsistema2esquematico:inst|Block1:inst|paralelo_serie_384b:inst1|shift_reg[344]~_emulated" and latch "subsistema2esquematico:inst|Block1:inst|paralelo_serie_384b:inst1|shift_reg[344]~129"
    Warning (13310): Register "subsistema2esquematico:inst|Block1:inst|paralelo_serie_384b:inst1|shift_reg[340]" is converted into an equivalent circuit using register "subsistema2esquematico:inst|Block1:inst|paralelo_serie_384b:inst1|shift_reg[340]~_emulated" and latch "subsistema2esquematico:inst|Block1:inst|paralelo_serie_384b:inst1|shift_reg[340]~133"
    Warning (13310): Register "subsistema2esquematico:inst|Block1:inst|paralelo_serie_384b:inst1|shift_reg[339]" is converted into an equivalent circuit using register "subsistema2esquematico:inst|Block1:inst|paralelo_serie_384b:inst1|shift_reg[339]~_emulated" and latch "subsistema2esquematico:inst|Block1:inst|paralelo_serie_384b:inst1|shift_reg[339]~137"
    Warning (13310): Register "subsistema2esquematico:inst|Block1:inst|paralelo_serie_384b:inst1|shift_reg[338]" is converted into an equivalent circuit using register "subsistema2esquematico:inst|Block1:inst|paralelo_serie_384b:inst1|shift_reg[338]~_emulated" and latch "subsistema2esquematico:inst|Block1:inst|paralelo_serie_384b:inst1|shift_reg[338]~141"
    Warning (13310): Register "subsistema2esquematico:inst|Block1:inst|paralelo_serie_384b:inst1|shift_reg[337]" is converted into an equivalent circuit using register "subsistema2esquematico:inst|Block1:inst|paralelo_serie_384b:inst1|shift_reg[337]~_emulated" and latch "subsistema2esquematico:inst|Block1:inst|paralelo_serie_384b:inst1|shift_reg[337]~145"
    Warning (13310): Register "subsistema2esquematico:inst|Block1:inst|paralelo_serie_384b:inst1|shift_reg[336]" is converted into an equivalent circuit using register "subsistema2esquematico:inst|Block1:inst|paralelo_serie_384b:inst1|shift_reg[336]~_emulated" and latch "subsistema2esquematico:inst|Block1:inst|paralelo_serie_384b:inst1|shift_reg[336]~149"
    Warning (13310): Register "subsistema2esquematico:inst|Block1:inst|paralelo_serie_384b:inst1|shift_reg[333]" is converted into an equivalent circuit using register "subsistema2esquematico:inst|Block1:inst|paralelo_serie_384b:inst1|shift_reg[333]~_emulated" and latch "subsistema2esquematico:inst|Block1:inst|paralelo_serie_384b:inst1|shift_reg[333]~153"
    Warning (13310): Register "subsistema2esquematico:inst|Block1:inst|paralelo_serie_384b:inst1|shift_reg[332]" is converted into an equivalent circuit using register "subsistema2esquematico:inst|Block1:inst|paralelo_serie_384b:inst1|shift_reg[332]~_emulated" and latch "subsistema2esquematico:inst|Block1:inst|paralelo_serie_384b:inst1|shift_reg[332]~157"
    Warning (13310): Register "subsistema2esquematico:inst|Block1:inst|paralelo_serie_384b:inst1|shift_reg[331]" is converted into an equivalent circuit using register "subsistema2esquematico:inst|Block1:inst|paralelo_serie_384b:inst1|shift_reg[331]~_emulated" and latch "subsistema2esquematico:inst|Block1:inst|paralelo_serie_384b:inst1|shift_reg[331]~161"
    Warning (13310): Register "subsistema2esquematico:inst|Block1:inst|paralelo_serie_384b:inst1|shift_reg[330]" is converted into an equivalent circuit using register "subsistema2esquematico:inst|Block1:inst|paralelo_serie_384b:inst1|shift_reg[330]~_emulated" and latch "subsistema2esquematico:inst|Block1:inst|paralelo_serie_384b:inst1|shift_reg[330]~165"
    Warning (13310): Register "subsistema2esquematico:inst|Block1:inst|paralelo_serie_384b:inst1|shift_reg[329]" is converted into an equivalent circuit using register "subsistema2esquematico:inst|Block1:inst|paralelo_serie_384b:inst1|shift_reg[329]~_emulated" and latch "subsistema2esquematico:inst|Block1:inst|paralelo_serie_384b:inst1|shift_reg[329]~169"
    Warning (13310): Register "subsistema2esquematico:inst|Block1:inst|paralelo_serie_384b:inst1|shift_reg[328]" is converted into an equivalent circuit using register "subsistema2esquematico:inst|Block1:inst|paralelo_serie_384b:inst1|shift_reg[328]~_emulated" and latch "subsistema2esquematico:inst|Block1:inst|paralelo_serie_384b:inst1|shift_reg[328]~173"
    Warning (13310): Register "subsistema2esquematico:inst|Block1:inst|paralelo_serie_384b:inst1|shift_reg[327]" is converted into an equivalent circuit using register "subsistema2esquematico:inst|Block1:inst|paralelo_serie_384b:inst1|shift_reg[327]~_emulated" and latch "subsistema2esquematico:inst|Block1:inst|paralelo_serie_384b:inst1|shift_reg[327]~177"
    Warning (13310): Register "subsistema2esquematico:inst|Block1:inst|paralelo_serie_384b:inst1|shift_reg[326]" is converted into an equivalent circuit using register "subsistema2esquematico:inst|Block1:inst|paralelo_serie_384b:inst1|shift_reg[326]~_emulated" and latch "subsistema2esquematico:inst|Block1:inst|paralelo_serie_384b:inst1|shift_reg[326]~181"
    Warning (13310): Register "subsistema2esquematico:inst|Block1:inst|paralelo_serie_384b:inst1|shift_reg[325]" is converted into an equivalent circuit using register "subsistema2esquematico:inst|Block1:inst|paralelo_serie_384b:inst1|shift_reg[325]~_emulated" and latch "subsistema2esquematico:inst|Block1:inst|paralelo_serie_384b:inst1|shift_reg[325]~185"
    Warning (13310): Register "subsistema2esquematico:inst|Block1:inst|paralelo_serie_384b:inst1|shift_reg[324]" is converted into an equivalent circuit using register "subsistema2esquematico:inst|Block1:inst|paralelo_serie_384b:inst1|shift_reg[324]~_emulated" and latch "subsistema2esquematico:inst|Block1:inst|paralelo_serie_384b:inst1|shift_reg[324]~189"
    Warning (13310): Register "subsistema2esquematico:inst|Block1:inst|paralelo_serie_384b:inst1|shift_reg[323]" is converted into an equivalent circuit using register "subsistema2esquematico:inst|Block1:inst|paralelo_serie_384b:inst1|shift_reg[323]~_emulated" and latch "subsistema2esquematico:inst|Block1:inst|paralelo_serie_384b:inst1|shift_reg[323]~193"
    Warning (13310): Register "subsistema2esquematico:inst|Block1:inst|paralelo_serie_384b:inst1|shift_reg[322]" is converted into an equivalent circuit using register "subsistema2esquematico:inst|Block1:inst|paralelo_serie_384b:inst1|shift_reg[322]~_emulated" and latch "subsistema2esquematico:inst|Block1:inst|paralelo_serie_384b:inst1|shift_reg[322]~197"
    Warning (13310): Register "subsistema2esquematico:inst|Block1:inst|paralelo_serie_384b:inst1|shift_reg[321]" is converted into an equivalent circuit using register "subsistema2esquematico:inst|Block1:inst|paralelo_serie_384b:inst1|shift_reg[321]~_emulated" and latch "subsistema2esquematico:inst|Block1:inst|paralelo_serie_384b:inst1|shift_reg[321]~201"
    Warning (13310): Register "subsistema2esquematico:inst|Block1:inst|paralelo_serie_384b:inst1|shift_reg[320]" is converted into an equivalent circuit using register "subsistema2esquematico:inst|Block1:inst|paralelo_serie_384b:inst1|shift_reg[320]~_emulated" and latch "subsistema2esquematico:inst|Block1:inst|paralelo_serie_384b:inst1|shift_reg[320]~205"
    Warning (13310): Register "subsistema2esquematico:inst|Block1:inst|paralelo_serie_384b:inst1|shift_reg[316]" is converted into an equivalent circuit using register "subsistema2esquematico:inst|Block1:inst|paralelo_serie_384b:inst1|shift_reg[316]~_emulated" and latch "subsistema2esquematico:inst|Block1:inst|paralelo_serie_384b:inst1|shift_reg[316]~209"
    Warning (13310): Register "subsistema2esquematico:inst|Block1:inst|paralelo_serie_384b:inst1|shift_reg[315]" is converted into an equivalent circuit using register "subsistema2esquematico:inst|Block1:inst|paralelo_serie_384b:inst1|shift_reg[315]~_emulated" and latch "subsistema2esquematico:inst|Block1:inst|paralelo_serie_384b:inst1|shift_reg[315]~213"
    Warning (13310): Register "subsistema2esquematico:inst|Block1:inst|paralelo_serie_384b:inst1|shift_reg[314]" is converted into an equivalent circuit using register "subsistema2esquematico:inst|Block1:inst|paralelo_serie_384b:inst1|shift_reg[314]~_emulated" and latch "subsistema2esquematico:inst|Block1:inst|paralelo_serie_384b:inst1|shift_reg[314]~217"
    Warning (13310): Register "subsistema2esquematico:inst|Block1:inst|paralelo_serie_384b:inst1|shift_reg[313]" is converted into an equivalent circuit using register "subsistema2esquematico:inst|Block1:inst|paralelo_serie_384b:inst1|shift_reg[313]~_emulated" and latch "subsistema2esquematico:inst|Block1:inst|paralelo_serie_384b:inst1|shift_reg[313]~221"
    Warning (13310): Register "subsistema2esquematico:inst|Block1:inst|paralelo_serie_384b:inst1|shift_reg[312]" is converted into an equivalent circuit using register "subsistema2esquematico:inst|Block1:inst|paralelo_serie_384b:inst1|shift_reg[312]~_emulated" and latch "subsistema2esquematico:inst|Block1:inst|paralelo_serie_384b:inst1|shift_reg[312]~225"
    Warning (13310): Register "subsistema2esquematico:inst|Block1:inst|paralelo_serie_384b:inst1|shift_reg[309]" is converted into an equivalent circuit using register "subsistema2esquematico:inst|Block1:inst|paralelo_serie_384b:inst1|shift_reg[309]~_emulated" and latch "subsistema2esquematico:inst|Block1:inst|paralelo_serie_384b:inst1|shift_reg[309]~229"
    Warning (13310): Register "subsistema2esquematico:inst|Block1:inst|paralelo_serie_384b:inst1|shift_reg[308]" is converted into an equivalent circuit using register "subsistema2esquematico:inst|Block1:inst|paralelo_serie_384b:inst1|shift_reg[308]~_emulated" and latch "subsistema2esquematico:inst|Block1:inst|paralelo_serie_384b:inst1|shift_reg[308]~233"
    Warning (13310): Register "subsistema2esquematico:inst|Block1:inst|paralelo_serie_384b:inst1|shift_reg[307]" is converted into an equivalent circuit using register "subsistema2esquematico:inst|Block1:inst|paralelo_serie_384b:inst1|shift_reg[307]~_emulated" and latch "subsistema2esquematico:inst|Block1:inst|paralelo_serie_384b:inst1|shift_reg[307]~237"
    Warning (13310): Register "subsistema2esquematico:inst|Block1:inst|paralelo_serie_384b:inst1|shift_reg[306]" is converted into an equivalent circuit using register "subsistema2esquematico:inst|Block1:inst|paralelo_serie_384b:inst1|shift_reg[306]~_emulated" and latch "subsistema2esquematico:inst|Block1:inst|paralelo_serie_384b:inst1|shift_reg[306]~241"
    Warning (13310): Register "subsistema2esquematico:inst|Block1:inst|paralelo_serie_384b:inst1|shift_reg[305]" is converted into an equivalent circuit using register "subsistema2esquematico:inst|Block1:inst|paralelo_serie_384b:inst1|shift_reg[305]~_emulated" and latch "subsistema2esquematico:inst|Block1:inst|paralelo_serie_384b:inst1|shift_reg[305]~245"
    Warning (13310): Register "subsistema2esquematico:inst|Block1:inst|paralelo_serie_384b:inst1|shift_reg[304]" is converted into an equivalent circuit using register "subsistema2esquematico:inst|Block1:inst|paralelo_serie_384b:inst1|shift_reg[304]~_emulated" and latch "subsistema2esquematico:inst|Block1:inst|paralelo_serie_384b:inst1|shift_reg[304]~249"
    Warning (13310): Register "subsistema2esquematico:inst|Block1:inst|paralelo_serie_384b:inst1|shift_reg[303]" is converted into an equivalent circuit using register "subsistema2esquematico:inst|Block1:inst|paralelo_serie_384b:inst1|shift_reg[303]~_emulated" and latch "subsistema2esquematico:inst|Block1:inst|paralelo_serie_384b:inst1|shift_reg[303]~253"
    Warning (13310): Register "subsistema2esquematico:inst|Block1:inst|paralelo_serie_384b:inst1|shift_reg[302]" is converted into an equivalent circuit using register "subsistema2esquematico:inst|Block1:inst|paralelo_serie_384b:inst1|shift_reg[302]~_emulated" and latch "subsistema2esquematico:inst|Block1:inst|paralelo_serie_384b:inst1|shift_reg[302]~257"
    Warning (13310): Register "subsistema2esquematico:inst|Block1:inst|paralelo_serie_384b:inst1|shift_reg[301]" is converted into an equivalent circuit using register "subsistema2esquematico:inst|Block1:inst|paralelo_serie_384b:inst1|shift_reg[301]~_emulated" and latch "subsistema2esquematico:inst|Block1:inst|paralelo_serie_384b:inst1|shift_reg[301]~261"
    Warning (13310): Register "subsistema2esquematico:inst|Block1:inst|paralelo_serie_384b:inst1|shift_reg[300]" is converted into an equivalent circuit using register "subsistema2esquematico:inst|Block1:inst|paralelo_serie_384b:inst1|shift_reg[300]~_emulated" and latch "subsistema2esquematico:inst|Block1:inst|paralelo_serie_384b:inst1|shift_reg[300]~265"
    Warning (13310): Register "subsistema2esquematico:inst|Block1:inst|paralelo_serie_384b:inst1|shift_reg[299]" is converted into an equivalent circuit using register "subsistema2esquematico:inst|Block1:inst|paralelo_serie_384b:inst1|shift_reg[299]~_emulated" and latch "subsistema2esquematico:inst|Block1:inst|paralelo_serie_384b:inst1|shift_reg[299]~269"
    Warning (13310): Register "subsistema2esquematico:inst|Block1:inst|paralelo_serie_384b:inst1|shift_reg[298]" is converted into an equivalent circuit using register "subsistema2esquematico:inst|Block1:inst|paralelo_serie_384b:inst1|shift_reg[298]~_emulated" and latch "subsistema2esquematico:inst|Block1:inst|paralelo_serie_384b:inst1|shift_reg[298]~273"
    Warning (13310): Register "subsistema2esquematico:inst|Block1:inst|paralelo_serie_384b:inst1|shift_reg[297]" is converted into an equivalent circuit using register "subsistema2esquematico:inst|Block1:inst|paralelo_serie_384b:inst1|shift_reg[297]~_emulated" and latch "subsistema2esquematico:inst|Block1:inst|paralelo_serie_384b:inst1|shift_reg[297]~277"
    Warning (13310): Register "subsistema2esquematico:inst|Block1:inst|paralelo_serie_384b:inst1|shift_reg[296]" is converted into an equivalent circuit using register "subsistema2esquematico:inst|Block1:inst|paralelo_serie_384b:inst1|shift_reg[296]~_emulated" and latch "subsistema2esquematico:inst|Block1:inst|paralelo_serie_384b:inst1|shift_reg[296]~281"
    Warning (13310): Register "subsistema2esquematico:inst|Block1:inst|paralelo_serie_384b:inst1|shift_reg[292]" is converted into an equivalent circuit using register "subsistema2esquematico:inst|Block1:inst|paralelo_serie_384b:inst1|shift_reg[292]~_emulated" and latch "subsistema2esquematico:inst|Block1:inst|paralelo_serie_384b:inst1|shift_reg[292]~285"
    Warning (13310): Register "subsistema2esquematico:inst|Block1:inst|paralelo_serie_384b:inst1|shift_reg[291]" is converted into an equivalent circuit using register "subsistema2esquematico:inst|Block1:inst|paralelo_serie_384b:inst1|shift_reg[291]~_emulated" and latch "subsistema2esquematico:inst|Block1:inst|paralelo_serie_384b:inst1|shift_reg[291]~289"
    Warning (13310): Register "subsistema2esquematico:inst|Block1:inst|paralelo_serie_384b:inst1|shift_reg[290]" is converted into an equivalent circuit using register "subsistema2esquematico:inst|Block1:inst|paralelo_serie_384b:inst1|shift_reg[290]~_emulated" and latch "subsistema2esquematico:inst|Block1:inst|paralelo_serie_384b:inst1|shift_reg[290]~293"
    Warning (13310): Register "subsistema2esquematico:inst|Block1:inst|paralelo_serie_384b:inst1|shift_reg[289]" is converted into an equivalent circuit using register "subsistema2esquematico:inst|Block1:inst|paralelo_serie_384b:inst1|shift_reg[289]~_emulated" and latch "subsistema2esquematico:inst|Block1:inst|paralelo_serie_384b:inst1|shift_reg[289]~297"
    Warning (13310): Register "subsistema2esquematico:inst|Block1:inst|paralelo_serie_384b:inst1|shift_reg[288]" is converted into an equivalent circuit using register "subsistema2esquematico:inst|Block1:inst|paralelo_serie_384b:inst1|shift_reg[288]~_emulated" and latch "subsistema2esquematico:inst|Block1:inst|paralelo_serie_384b:inst1|shift_reg[288]~301"
    Warning (13310): Register "subsistema2esquematico:inst|Block1:inst|paralelo_serie_384b:inst1|shift_reg[285]" is converted into an equivalent circuit using register "subsistema2esquematico:inst|Block1:inst|paralelo_serie_384b:inst1|shift_reg[285]~_emulated" and latch "subsistema2esquematico:inst|Block1:inst|paralelo_serie_384b:inst1|shift_reg[285]~305"
    Warning (13310): Register "subsistema2esquematico:inst|Block1:inst|paralelo_serie_384b:inst1|shift_reg[284]" is converted into an equivalent circuit using register "subsistema2esquematico:inst|Block1:inst|paralelo_serie_384b:inst1|shift_reg[284]~_emulated" and latch "subsistema2esquematico:inst|Block1:inst|paralelo_serie_384b:inst1|shift_reg[284]~309"
    Warning (13310): Register "subsistema2esquematico:inst|Block1:inst|paralelo_serie_384b:inst1|shift_reg[283]" is converted into an equivalent circuit using register "subsistema2esquematico:inst|Block1:inst|paralelo_serie_384b:inst1|shift_reg[283]~_emulated" and latch "subsistema2esquematico:inst|Block1:inst|paralelo_serie_384b:inst1|shift_reg[283]~313"
    Warning (13310): Register "subsistema2esquematico:inst|Block1:inst|paralelo_serie_384b:inst1|shift_reg[282]" is converted into an equivalent circuit using register "subsistema2esquematico:inst|Block1:inst|paralelo_serie_384b:inst1|shift_reg[282]~_emulated" and latch "subsistema2esquematico:inst|Block1:inst|paralelo_serie_384b:inst1|shift_reg[282]~317"
    Warning (13310): Register "subsistema2esquematico:inst|Block1:inst|paralelo_serie_384b:inst1|shift_reg[281]" is converted into an equivalent circuit using register "subsistema2esquematico:inst|Block1:inst|paralelo_serie_384b:inst1|shift_reg[281]~_emulated" and latch "subsistema2esquematico:inst|Block1:inst|paralelo_serie_384b:inst1|shift_reg[281]~321"
    Warning (13310): Register "subsistema2esquematico:inst|Block1:inst|paralelo_serie_384b:inst1|shift_reg[280]" is converted into an equivalent circuit using register "subsistema2esquematico:inst|Block1:inst|paralelo_serie_384b:inst1|shift_reg[280]~_emulated" and latch "subsistema2esquematico:inst|Block1:inst|paralelo_serie_384b:inst1|shift_reg[280]~325"
    Warning (13310): Register "subsistema2esquematico:inst|Block1:inst|paralelo_serie_384b:inst1|shift_reg[279]" is converted into an equivalent circuit using register "subsistema2esquematico:inst|Block1:inst|paralelo_serie_384b:inst1|shift_reg[279]~_emulated" and latch "subsistema2esquematico:inst|Block1:inst|paralelo_serie_384b:inst1|shift_reg[279]~329"
    Warning (13310): Register "subsistema2esquematico:inst|Block1:inst|paralelo_serie_384b:inst1|shift_reg[278]" is converted into an equivalent circuit using register "subsistema2esquematico:inst|Block1:inst|paralelo_serie_384b:inst1|shift_reg[278]~_emulated" and latch "subsistema2esquematico:inst|Block1:inst|paralelo_serie_384b:inst1|shift_reg[278]~333"
    Warning (13310): Register "subsistema2esquematico:inst|Block1:inst|paralelo_serie_384b:inst1|shift_reg[277]" is converted into an equivalent circuit using register "subsistema2esquematico:inst|Block1:inst|paralelo_serie_384b:inst1|shift_reg[277]~_emulated" and latch "subsistema2esquematico:inst|Block1:inst|paralelo_serie_384b:inst1|shift_reg[277]~337"
    Warning (13310): Register "subsistema2esquematico:inst|Block1:inst|paralelo_serie_384b:inst1|shift_reg[276]" is converted into an equivalent circuit using register "subsistema2esquematico:inst|Block1:inst|paralelo_serie_384b:inst1|shift_reg[276]~_emulated" and latch "subsistema2esquematico:inst|Block1:inst|paralelo_serie_384b:inst1|shift_reg[276]~341"
    Warning (13310): Register "subsistema2esquematico:inst|Block1:inst|paralelo_serie_384b:inst1|shift_reg[275]" is converted into an equivalent circuit using register "subsistema2esquematico:inst|Block1:inst|paralelo_serie_384b:inst1|shift_reg[275]~_emulated" and latch "subsistema2esquematico:inst|Block1:inst|paralelo_serie_384b:inst1|shift_reg[275]~345"
    Warning (13310): Register "subsistema2esquematico:inst|Block1:inst|paralelo_serie_384b:inst1|shift_reg[274]" is converted into an equivalent circuit using register "subsistema2esquematico:inst|Block1:inst|paralelo_serie_384b:inst1|shift_reg[274]~_emulated" and latch "subsistema2esquematico:inst|Block1:inst|paralelo_serie_384b:inst1|shift_reg[274]~349"
    Warning (13310): Register "subsistema2esquematico:inst|Block1:inst|paralelo_serie_384b:inst1|shift_reg[273]" is converted into an equivalent circuit using register "subsistema2esquematico:inst|Block1:inst|paralelo_serie_384b:inst1|shift_reg[273]~_emulated" and latch "subsistema2esquematico:inst|Block1:inst|paralelo_serie_384b:inst1|shift_reg[273]~353"
    Warning (13310): Register "subsistema2esquematico:inst|Block1:inst|paralelo_serie_384b:inst1|shift_reg[272]" is converted into an equivalent circuit using register "subsistema2esquematico:inst|Block1:inst|paralelo_serie_384b:inst1|shift_reg[272]~_emulated" and latch "subsistema2esquematico:inst|Block1:inst|paralelo_serie_384b:inst1|shift_reg[272]~357"
    Warning (13310): Register "subsistema2esquematico:inst|Block1:inst|paralelo_serie_384b:inst1|shift_reg[268]" is converted into an equivalent circuit using register "subsistema2esquematico:inst|Block1:inst|paralelo_serie_384b:inst1|shift_reg[268]~_emulated" and latch "subsistema2esquematico:inst|Block1:inst|paralelo_serie_384b:inst1|shift_reg[268]~361"
    Warning (13310): Register "subsistema2esquematico:inst|Block1:inst|paralelo_serie_384b:inst1|shift_reg[267]" is converted into an equivalent circuit using register "subsistema2esquematico:inst|Block1:inst|paralelo_serie_384b:inst1|shift_reg[267]~_emulated" and latch "subsistema2esquematico:inst|Block1:inst|paralelo_serie_384b:inst1|shift_reg[267]~365"
    Warning (13310): Register "subsistema2esquematico:inst|Block1:inst|paralelo_serie_384b:inst1|shift_reg[266]" is converted into an equivalent circuit using register "subsistema2esquematico:inst|Block1:inst|paralelo_serie_384b:inst1|shift_reg[266]~_emulated" and latch "subsistema2esquematico:inst|Block1:inst|paralelo_serie_384b:inst1|shift_reg[266]~369"
    Warning (13310): Register "subsistema2esquematico:inst|Block1:inst|paralelo_serie_384b:inst1|shift_reg[265]" is converted into an equivalent circuit using register "subsistema2esquematico:inst|Block1:inst|paralelo_serie_384b:inst1|shift_reg[265]~_emulated" and latch "subsistema2esquematico:inst|Block1:inst|paralelo_serie_384b:inst1|shift_reg[265]~373"
    Warning (13310): Register "subsistema2esquematico:inst|Block1:inst|paralelo_serie_384b:inst1|shift_reg[264]" is converted into an equivalent circuit using register "subsistema2esquematico:inst|Block1:inst|paralelo_serie_384b:inst1|shift_reg[264]~_emulated" and latch "subsistema2esquematico:inst|Block1:inst|paralelo_serie_384b:inst1|shift_reg[264]~377"
    Warning (13310): Register "subsistema2esquematico:inst|Block1:inst|paralelo_serie_384b:inst1|shift_reg[261]" is converted into an equivalent circuit using register "subsistema2esquematico:inst|Block1:inst|paralelo_serie_384b:inst1|shift_reg[261]~_emulated" and latch "subsistema2esquematico:inst|Block1:inst|paralelo_serie_384b:inst1|shift_reg[261]~381"
    Warning (13310): Register "subsistema2esquematico:inst|Block1:inst|paralelo_serie_384b:inst1|shift_reg[260]" is converted into an equivalent circuit using register "subsistema2esquematico:inst|Block1:inst|paralelo_serie_384b:inst1|shift_reg[260]~_emulated" and latch "subsistema2esquematico:inst|Block1:inst|paralelo_serie_384b:inst1|shift_reg[260]~385"
    Warning (13310): Register "subsistema2esquematico:inst|Block1:inst|paralelo_serie_384b:inst1|shift_reg[259]" is converted into an equivalent circuit using register "subsistema2esquematico:inst|Block1:inst|paralelo_serie_384b:inst1|shift_reg[259]~_emulated" and latch "subsistema2esquematico:inst|Block1:inst|paralelo_serie_384b:inst1|shift_reg[259]~389"
    Warning (13310): Register "subsistema2esquematico:inst|Block1:inst|paralelo_serie_384b:inst1|shift_reg[258]" is converted into an equivalent circuit using register "subsistema2esquematico:inst|Block1:inst|paralelo_serie_384b:inst1|shift_reg[258]~_emulated" and latch "subsistema2esquematico:inst|Block1:inst|paralelo_serie_384b:inst1|shift_reg[258]~393"
    Warning (13310): Register "subsistema2esquematico:inst|Block1:inst|paralelo_serie_384b:inst1|shift_reg[257]" is converted into an equivalent circuit using register "subsistema2esquematico:inst|Block1:inst|paralelo_serie_384b:inst1|shift_reg[257]~_emulated" and latch "subsistema2esquematico:inst|Block1:inst|paralelo_serie_384b:inst1|shift_reg[257]~397"
    Warning (13310): Register "subsistema2esquematico:inst|Block1:inst|paralelo_serie_384b:inst1|shift_reg[256]" is converted into an equivalent circuit using register "subsistema2esquematico:inst|Block1:inst|paralelo_serie_384b:inst1|shift_reg[256]~_emulated" and latch "subsistema2esquematico:inst|Block1:inst|paralelo_serie_384b:inst1|shift_reg[256]~401"
    Warning (13310): Register "subsistema2esquematico:inst|Block1:inst|paralelo_serie_384b:inst1|shift_reg[255]" is converted into an equivalent circuit using register "subsistema2esquematico:inst|Block1:inst|paralelo_serie_384b:inst1|shift_reg[255]~_emulated" and latch "subsistema2esquematico:inst|Block1:inst|paralelo_serie_384b:inst1|shift_reg[255]~405"
    Warning (13310): Register "subsistema2esquematico:inst|Block1:inst|paralelo_serie_384b:inst1|shift_reg[254]" is converted into an equivalent circuit using register "subsistema2esquematico:inst|Block1:inst|paralelo_serie_384b:inst1|shift_reg[254]~_emulated" and latch "subsistema2esquematico:inst|Block1:inst|paralelo_serie_384b:inst1|shift_reg[254]~409"
    Warning (13310): Register "subsistema2esquematico:inst|Block1:inst|paralelo_serie_384b:inst1|shift_reg[253]" is converted into an equivalent circuit using register "subsistema2esquematico:inst|Block1:inst|paralelo_serie_384b:inst1|shift_reg[253]~_emulated" and latch "subsistema2esquematico:inst|Block1:inst|paralelo_serie_384b:inst1|shift_reg[253]~413"
    Warning (13310): Register "subsistema2esquematico:inst|Block1:inst|paralelo_serie_384b:inst1|shift_reg[252]" is converted into an equivalent circuit using register "subsistema2esquematico:inst|Block1:inst|paralelo_serie_384b:inst1|shift_reg[252]~_emulated" and latch "subsistema2esquematico:inst|Block1:inst|paralelo_serie_384b:inst1|shift_reg[252]~417"
    Warning (13310): Register "subsistema2esquematico:inst|Block1:inst|paralelo_serie_384b:inst1|shift_reg[251]" is converted into an equivalent circuit using register "subsistema2esquematico:inst|Block1:inst|paralelo_serie_384b:inst1|shift_reg[251]~_emulated" and latch "subsistema2esquematico:inst|Block1:inst|paralelo_serie_384b:inst1|shift_reg[251]~421"
    Warning (13310): Register "subsistema2esquematico:inst|Block1:inst|paralelo_serie_384b:inst1|shift_reg[250]" is converted into an equivalent circuit using register "subsistema2esquematico:inst|Block1:inst|paralelo_serie_384b:inst1|shift_reg[250]~_emulated" and latch "subsistema2esquematico:inst|Block1:inst|paralelo_serie_384b:inst1|shift_reg[250]~425"
    Warning (13310): Register "subsistema2esquematico:inst|Block1:inst|paralelo_serie_384b:inst1|shift_reg[249]" is converted into an equivalent circuit using register "subsistema2esquematico:inst|Block1:inst|paralelo_serie_384b:inst1|shift_reg[249]~_emulated" and latch "subsistema2esquematico:inst|Block1:inst|paralelo_serie_384b:inst1|shift_reg[249]~429"
    Warning (13310): Register "subsistema2esquematico:inst|Block1:inst|paralelo_serie_384b:inst1|shift_reg[248]" is converted into an equivalent circuit using register "subsistema2esquematico:inst|Block1:inst|paralelo_serie_384b:inst1|shift_reg[248]~_emulated" and latch "subsistema2esquematico:inst|Block1:inst|paralelo_serie_384b:inst1|shift_reg[248]~433"
    Warning (13310): Register "subsistema2esquematico:inst|Block1:inst|paralelo_serie_384b:inst1|shift_reg[244]" is converted into an equivalent circuit using register "subsistema2esquematico:inst|Block1:inst|paralelo_serie_384b:inst1|shift_reg[244]~_emulated" and latch "subsistema2esquematico:inst|Block1:inst|paralelo_serie_384b:inst1|shift_reg[244]~437"
    Warning (13310): Register "subsistema2esquematico:inst|Block1:inst|paralelo_serie_384b:inst1|shift_reg[243]" is converted into an equivalent circuit using register "subsistema2esquematico:inst|Block1:inst|paralelo_serie_384b:inst1|shift_reg[243]~_emulated" and latch "subsistema2esquematico:inst|Block1:inst|paralelo_serie_384b:inst1|shift_reg[243]~441"
    Warning (13310): Register "subsistema2esquematico:inst|Block1:inst|paralelo_serie_384b:inst1|shift_reg[242]" is converted into an equivalent circuit using register "subsistema2esquematico:inst|Block1:inst|paralelo_serie_384b:inst1|shift_reg[242]~_emulated" and latch "subsistema2esquematico:inst|Block1:inst|paralelo_serie_384b:inst1|shift_reg[242]~445"
    Warning (13310): Register "subsistema2esquematico:inst|Block1:inst|paralelo_serie_384b:inst1|shift_reg[241]" is converted into an equivalent circuit using register "subsistema2esquematico:inst|Block1:inst|paralelo_serie_384b:inst1|shift_reg[241]~_emulated" and latch "subsistema2esquematico:inst|Block1:inst|paralelo_serie_384b:inst1|shift_reg[241]~449"
    Warning (13310): Register "subsistema2esquematico:inst|Block1:inst|paralelo_serie_384b:inst1|shift_reg[240]" is converted into an equivalent circuit using register "subsistema2esquematico:inst|Block1:inst|paralelo_serie_384b:inst1|shift_reg[240]~_emulated" and latch "subsistema2esquematico:inst|Block1:inst|paralelo_serie_384b:inst1|shift_reg[240]~453"
    Warning (13310): Register "subsistema2esquematico:inst|Block1:inst|paralelo_serie_384b:inst1|shift_reg[237]" is converted into an equivalent circuit using register "subsistema2esquematico:inst|Block1:inst|paralelo_serie_384b:inst1|shift_reg[237]~_emulated" and latch "subsistema2esquematico:inst|Block1:inst|paralelo_serie_384b:inst1|shift_reg[237]~457"
    Warning (13310): Register "subsistema2esquematico:inst|Block1:inst|paralelo_serie_384b:inst1|shift_reg[236]" is converted into an equivalent circuit using register "subsistema2esquematico:inst|Block1:inst|paralelo_serie_384b:inst1|shift_reg[236]~_emulated" and latch "subsistema2esquematico:inst|Block1:inst|paralelo_serie_384b:inst1|shift_reg[236]~461"
    Warning (13310): Register "subsistema2esquematico:inst|Block1:inst|paralelo_serie_384b:inst1|shift_reg[235]" is converted into an equivalent circuit using register "subsistema2esquematico:inst|Block1:inst|paralelo_serie_384b:inst1|shift_reg[235]~_emulated" and latch "subsistema2esquematico:inst|Block1:inst|paralelo_serie_384b:inst1|shift_reg[235]~465"
    Warning (13310): Register "subsistema2esquematico:inst|Block1:inst|paralelo_serie_384b:inst1|shift_reg[234]" is converted into an equivalent circuit using register "subsistema2esquematico:inst|Block1:inst|paralelo_serie_384b:inst1|shift_reg[234]~_emulated" and latch "subsistema2esquematico:inst|Block1:inst|paralelo_serie_384b:inst1|shift_reg[234]~469"
    Warning (13310): Register "subsistema2esquematico:inst|Block1:inst|paralelo_serie_384b:inst1|shift_reg[233]" is converted into an equivalent circuit using register "subsistema2esquematico:inst|Block1:inst|paralelo_serie_384b:inst1|shift_reg[233]~_emulated" and latch "subsistema2esquematico:inst|Block1:inst|paralelo_serie_384b:inst1|shift_reg[233]~473"
    Warning (13310): Register "subsistema2esquematico:inst|Block1:inst|paralelo_serie_384b:inst1|shift_reg[232]" is converted into an equivalent circuit using register "subsistema2esquematico:inst|Block1:inst|paralelo_serie_384b:inst1|shift_reg[232]~_emulated" and latch "subsistema2esquematico:inst|Block1:inst|paralelo_serie_384b:inst1|shift_reg[232]~477"
    Warning (13310): Register "subsistema2esquematico:inst|Block1:inst|paralelo_serie_384b:inst1|shift_reg[231]" is converted into an equivalent circuit using register "subsistema2esquematico:inst|Block1:inst|paralelo_serie_384b:inst1|shift_reg[231]~_emulated" and latch "subsistema2esquematico:inst|Block1:inst|paralelo_serie_384b:inst1|shift_reg[231]~481"
    Warning (13310): Register "subsistema2esquematico:inst|Block1:inst|paralelo_serie_384b:inst1|shift_reg[230]" is converted into an equivalent circuit using register "subsistema2esquematico:inst|Block1:inst|paralelo_serie_384b:inst1|shift_reg[230]~_emulated" and latch "subsistema2esquematico:inst|Block1:inst|paralelo_serie_384b:inst1|shift_reg[230]~485"
    Warning (13310): Register "subsistema2esquematico:inst|Block1:inst|paralelo_serie_384b:inst1|shift_reg[229]" is converted into an equivalent circuit using register "subsistema2esquematico:inst|Block1:inst|paralelo_serie_384b:inst1|shift_reg[229]~_emulated" and latch "subsistema2esquematico:inst|Block1:inst|paralelo_serie_384b:inst1|shift_reg[229]~489"
    Warning (13310): Register "subsistema2esquematico:inst|Block1:inst|paralelo_serie_384b:inst1|shift_reg[228]" is converted into an equivalent circuit using register "subsistema2esquematico:inst|Block1:inst|paralelo_serie_384b:inst1|shift_reg[228]~_emulated" and latch "subsistema2esquematico:inst|Block1:inst|paralelo_serie_384b:inst1|shift_reg[228]~493"
    Warning (13310): Register "subsistema2esquematico:inst|Block1:inst|paralelo_serie_384b:inst1|shift_reg[227]" is converted into an equivalent circuit using register "subsistema2esquematico:inst|Block1:inst|paralelo_serie_384b:inst1|shift_reg[227]~_emulated" and latch "subsistema2esquematico:inst|Block1:inst|paralelo_serie_384b:inst1|shift_reg[227]~497"
    Warning (13310): Register "subsistema2esquematico:inst|Block1:inst|paralelo_serie_384b:inst1|shift_reg[226]" is converted into an equivalent circuit using register "subsistema2esquematico:inst|Block1:inst|paralelo_serie_384b:inst1|shift_reg[226]~_emulated" and latch "subsistema2esquematico:inst|Block1:inst|paralelo_serie_384b:inst1|shift_reg[226]~501"
    Warning (13310): Register "subsistema2esquematico:inst|Block1:inst|paralelo_serie_384b:inst1|shift_reg[225]" is converted into an equivalent circuit using register "subsistema2esquematico:inst|Block1:inst|paralelo_serie_384b:inst1|shift_reg[225]~_emulated" and latch "subsistema2esquematico:inst|Block1:inst|paralelo_serie_384b:inst1|shift_reg[225]~505"
    Warning (13310): Register "subsistema2esquematico:inst|Block1:inst|paralelo_serie_384b:inst1|shift_reg[224]" is converted into an equivalent circuit using register "subsistema2esquematico:inst|Block1:inst|paralelo_serie_384b:inst1|shift_reg[224]~_emulated" and latch "subsistema2esquematico:inst|Block1:inst|paralelo_serie_384b:inst1|shift_reg[224]~509"
    Warning (13310): Register "subsistema2esquematico:inst|Block1:inst|paralelo_serie_384b:inst1|shift_reg[220]" is converted into an equivalent circuit using register "subsistema2esquematico:inst|Block1:inst|paralelo_serie_384b:inst1|shift_reg[220]~_emulated" and latch "subsistema2esquematico:inst|Block1:inst|paralelo_serie_384b:inst1|shift_reg[220]~513"
    Warning (13310): Register "subsistema2esquematico:inst|Block1:inst|paralelo_serie_384b:inst1|shift_reg[219]" is converted into an equivalent circuit using register "subsistema2esquematico:inst|Block1:inst|paralelo_serie_384b:inst1|shift_reg[219]~_emulated" and latch "subsistema2esquematico:inst|Block1:inst|paralelo_serie_384b:inst1|shift_reg[219]~517"
    Warning (13310): Register "subsistema2esquematico:inst|Block1:inst|paralelo_serie_384b:inst1|shift_reg[218]" is converted into an equivalent circuit using register "subsistema2esquematico:inst|Block1:inst|paralelo_serie_384b:inst1|shift_reg[218]~_emulated" and latch "subsistema2esquematico:inst|Block1:inst|paralelo_serie_384b:inst1|shift_reg[218]~521"
    Warning (13310): Register "subsistema2esquematico:inst|Block1:inst|paralelo_serie_384b:inst1|shift_reg[217]" is converted into an equivalent circuit using register "subsistema2esquematico:inst|Block1:inst|paralelo_serie_384b:inst1|shift_reg[217]~_emulated" and latch "subsistema2esquematico:inst|Block1:inst|paralelo_serie_384b:inst1|shift_reg[217]~525"
    Warning (13310): Register "subsistema2esquematico:inst|Block1:inst|paralelo_serie_384b:inst1|shift_reg[216]" is converted into an equivalent circuit using register "subsistema2esquematico:inst|Block1:inst|paralelo_serie_384b:inst1|shift_reg[216]~_emulated" and latch "subsistema2esquematico:inst|Block1:inst|paralelo_serie_384b:inst1|shift_reg[216]~529"
    Warning (13310): Register "subsistema2esquematico:inst|Block1:inst|paralelo_serie_384b:inst1|shift_reg[213]" is converted into an equivalent circuit using register "subsistema2esquematico:inst|Block1:inst|paralelo_serie_384b:inst1|shift_reg[213]~_emulated" and latch "subsistema2esquematico:inst|Block1:inst|paralelo_serie_384b:inst1|shift_reg[213]~533"
    Warning (13310): Register "subsistema2esquematico:inst|Block1:inst|paralelo_serie_384b:inst1|shift_reg[212]" is converted into an equivalent circuit using register "subsistema2esquematico:inst|Block1:inst|paralelo_serie_384b:inst1|shift_reg[212]~_emulated" and latch "subsistema2esquematico:inst|Block1:inst|paralelo_serie_384b:inst1|shift_reg[212]~537"
    Warning (13310): Register "subsistema2esquematico:inst|Block1:inst|paralelo_serie_384b:inst1|shift_reg[211]" is converted into an equivalent circuit using register "subsistema2esquematico:inst|Block1:inst|paralelo_serie_384b:inst1|shift_reg[211]~_emulated" and latch "subsistema2esquematico:inst|Block1:inst|paralelo_serie_384b:inst1|shift_reg[211]~541"
    Warning (13310): Register "subsistema2esquematico:inst|Block1:inst|paralelo_serie_384b:inst1|shift_reg[210]" is converted into an equivalent circuit using register "subsistema2esquematico:inst|Block1:inst|paralelo_serie_384b:inst1|shift_reg[210]~_emulated" and latch "subsistema2esquematico:inst|Block1:inst|paralelo_serie_384b:inst1|shift_reg[210]~545"
    Warning (13310): Register "subsistema2esquematico:inst|Block1:inst|paralelo_serie_384b:inst1|shift_reg[209]" is converted into an equivalent circuit using register "subsistema2esquematico:inst|Block1:inst|paralelo_serie_384b:inst1|shift_reg[209]~_emulated" and latch "subsistema2esquematico:inst|Block1:inst|paralelo_serie_384b:inst1|shift_reg[209]~549"
    Warning (13310): Register "subsistema2esquematico:inst|Block1:inst|paralelo_serie_384b:inst1|shift_reg[208]" is converted into an equivalent circuit using register "subsistema2esquematico:inst|Block1:inst|paralelo_serie_384b:inst1|shift_reg[208]~_emulated" and latch "subsistema2esquematico:inst|Block1:inst|paralelo_serie_384b:inst1|shift_reg[208]~553"
    Warning (13310): Register "subsistema2esquematico:inst|Block1:inst|paralelo_serie_384b:inst1|shift_reg[207]" is converted into an equivalent circuit using register "subsistema2esquematico:inst|Block1:inst|paralelo_serie_384b:inst1|shift_reg[207]~_emulated" and latch "subsistema2esquematico:inst|Block1:inst|paralelo_serie_384b:inst1|shift_reg[207]~557"
    Warning (13310): Register "subsistema2esquematico:inst|Block1:inst|paralelo_serie_384b:inst1|shift_reg[206]" is converted into an equivalent circuit using register "subsistema2esquematico:inst|Block1:inst|paralelo_serie_384b:inst1|shift_reg[206]~_emulated" and latch "subsistema2esquematico:inst|Block1:inst|paralelo_serie_384b:inst1|shift_reg[206]~561"
    Warning (13310): Register "subsistema2esquematico:inst|Block1:inst|paralelo_serie_384b:inst1|shift_reg[205]" is converted into an equivalent circuit using register "subsistema2esquematico:inst|Block1:inst|paralelo_serie_384b:inst1|shift_reg[205]~_emulated" and latch "subsistema2esquematico:inst|Block1:inst|paralelo_serie_384b:inst1|shift_reg[205]~565"
    Warning (13310): Register "subsistema2esquematico:inst|Block1:inst|paralelo_serie_384b:inst1|shift_reg[204]" is converted into an equivalent circuit using register "subsistema2esquematico:inst|Block1:inst|paralelo_serie_384b:inst1|shift_reg[204]~_emulated" and latch "subsistema2esquematico:inst|Block1:inst|paralelo_serie_384b:inst1|shift_reg[204]~569"
    Warning (13310): Register "subsistema2esquematico:inst|Block1:inst|paralelo_serie_384b:inst1|shift_reg[203]" is converted into an equivalent circuit using register "subsistema2esquematico:inst|Block1:inst|paralelo_serie_384b:inst1|shift_reg[203]~_emulated" and latch "subsistema2esquematico:inst|Block1:inst|paralelo_serie_384b:inst1|shift_reg[203]~573"
    Warning (13310): Register "subsistema2esquematico:inst|Block1:inst|paralelo_serie_384b:inst1|shift_reg[202]" is converted into an equivalent circuit using register "subsistema2esquematico:inst|Block1:inst|paralelo_serie_384b:inst1|shift_reg[202]~_emulated" and latch "subsistema2esquematico:inst|Block1:inst|paralelo_serie_384b:inst1|shift_reg[202]~577"
    Warning (13310): Register "subsistema2esquematico:inst|Block1:inst|paralelo_serie_384b:inst1|shift_reg[201]" is converted into an equivalent circuit using register "subsistema2esquematico:inst|Block1:inst|paralelo_serie_384b:inst1|shift_reg[201]~_emulated" and latch "subsistema2esquematico:inst|Block1:inst|paralelo_serie_384b:inst1|shift_reg[201]~581"
    Warning (13310): Register "subsistema2esquematico:inst|Block1:inst|paralelo_serie_384b:inst1|shift_reg[200]" is converted into an equivalent circuit using register "subsistema2esquematico:inst|Block1:inst|paralelo_serie_384b:inst1|shift_reg[200]~_emulated" and latch "subsistema2esquematico:inst|Block1:inst|paralelo_serie_384b:inst1|shift_reg[200]~585"
    Warning (13310): Register "subsistema2esquematico:inst|Block1:inst|paralelo_serie_384b:inst1|shift_reg[196]" is converted into an equivalent circuit using register "subsistema2esquematico:inst|Block1:inst|paralelo_serie_384b:inst1|shift_reg[196]~_emulated" and latch "subsistema2esquematico:inst|Block1:inst|paralelo_serie_384b:inst1|shift_reg[196]~589"
    Warning (13310): Register "subsistema2esquematico:inst|Block1:inst|paralelo_serie_384b:inst1|shift_reg[195]" is converted into an equivalent circuit using register "subsistema2esquematico:inst|Block1:inst|paralelo_serie_384b:inst1|shift_reg[195]~_emulated" and latch "subsistema2esquematico:inst|Block1:inst|paralelo_serie_384b:inst1|shift_reg[195]~593"
    Warning (13310): Register "subsistema2esquematico:inst|Block1:inst|paralelo_serie_384b:inst1|shift_reg[194]" is converted into an equivalent circuit using register "subsistema2esquematico:inst|Block1:inst|paralelo_serie_384b:inst1|shift_reg[194]~_emulated" and latch "subsistema2esquematico:inst|Block1:inst|paralelo_serie_384b:inst1|shift_reg[194]~597"
    Warning (13310): Register "subsistema2esquematico:inst|Block1:inst|paralelo_serie_384b:inst1|shift_reg[193]" is converted into an equivalent circuit using register "subsistema2esquematico:inst|Block1:inst|paralelo_serie_384b:inst1|shift_reg[193]~_emulated" and latch "subsistema2esquematico:inst|Block1:inst|paralelo_serie_384b:inst1|shift_reg[193]~601"
    Warning (13310): Register "subsistema2esquematico:inst|Block1:inst|paralelo_serie_384b:inst1|shift_reg[192]" is converted into an equivalent circuit using register "subsistema2esquematico:inst|Block1:inst|paralelo_serie_384b:inst1|shift_reg[192]~_emulated" and latch "subsistema2esquematico:inst|Block1:inst|paralelo_serie_384b:inst1|shift_reg[192]~605"
    Warning (13310): Register "subsistema2esquematico:inst|Block1:inst|paralelo_serie_384b:inst1|shift_reg[189]" is converted into an equivalent circuit using register "subsistema2esquematico:inst|Block1:inst|paralelo_serie_384b:inst1|shift_reg[189]~_emulated" and latch "subsistema2esquematico:inst|Block1:inst|paralelo_serie_384b:inst1|shift_reg[189]~609"
    Warning (13310): Register "subsistema2esquematico:inst|Block1:inst|paralelo_serie_384b:inst1|shift_reg[188]" is converted into an equivalent circuit using register "subsistema2esquematico:inst|Block1:inst|paralelo_serie_384b:inst1|shift_reg[188]~_emulated" and latch "subsistema2esquematico:inst|Block1:inst|paralelo_serie_384b:inst1|shift_reg[188]~613"
    Warning (13310): Register "subsistema2esquematico:inst|Block1:inst|paralelo_serie_384b:inst1|shift_reg[187]" is converted into an equivalent circuit using register "subsistema2esquematico:inst|Block1:inst|paralelo_serie_384b:inst1|shift_reg[187]~_emulated" and latch "subsistema2esquematico:inst|Block1:inst|paralelo_serie_384b:inst1|shift_reg[187]~617"
    Warning (13310): Register "subsistema2esquematico:inst|Block1:inst|paralelo_serie_384b:inst1|shift_reg[186]" is converted into an equivalent circuit using register "subsistema2esquematico:inst|Block1:inst|paralelo_serie_384b:inst1|shift_reg[186]~_emulated" and latch "subsistema2esquematico:inst|Block1:inst|paralelo_serie_384b:inst1|shift_reg[186]~621"
    Warning (13310): Register "subsistema2esquematico:inst|Block1:inst|paralelo_serie_384b:inst1|shift_reg[185]" is converted into an equivalent circuit using register "subsistema2esquematico:inst|Block1:inst|paralelo_serie_384b:inst1|shift_reg[185]~_emulated" and latch "subsistema2esquematico:inst|Block1:inst|paralelo_serie_384b:inst1|shift_reg[185]~625"
    Warning (13310): Register "subsistema2esquematico:inst|Block1:inst|paralelo_serie_384b:inst1|shift_reg[184]" is converted into an equivalent circuit using register "subsistema2esquematico:inst|Block1:inst|paralelo_serie_384b:inst1|shift_reg[184]~_emulated" and latch "subsistema2esquematico:inst|Block1:inst|paralelo_serie_384b:inst1|shift_reg[184]~629"
    Warning (13310): Register "subsistema2esquematico:inst|Block1:inst|paralelo_serie_384b:inst1|shift_reg[183]" is converted into an equivalent circuit using register "subsistema2esquematico:inst|Block1:inst|paralelo_serie_384b:inst1|shift_reg[183]~_emulated" and latch "subsistema2esquematico:inst|Block1:inst|paralelo_serie_384b:inst1|shift_reg[183]~633"
    Warning (13310): Register "subsistema2esquematico:inst|Block1:inst|paralelo_serie_384b:inst1|shift_reg[182]" is converted into an equivalent circuit using register "subsistema2esquematico:inst|Block1:inst|paralelo_serie_384b:inst1|shift_reg[182]~_emulated" and latch "subsistema2esquematico:inst|Block1:inst|paralelo_serie_384b:inst1|shift_reg[182]~637"
    Warning (13310): Register "subsistema2esquematico:inst|Block1:inst|paralelo_serie_384b:inst1|shift_reg[181]" is converted into an equivalent circuit using register "subsistema2esquematico:inst|Block1:inst|paralelo_serie_384b:inst1|shift_reg[181]~_emulated" and latch "subsistema2esquematico:inst|Block1:inst|paralelo_serie_384b:inst1|shift_reg[181]~641"
    Warning (13310): Register "subsistema2esquematico:inst|Block1:inst|paralelo_serie_384b:inst1|shift_reg[180]" is converted into an equivalent circuit using register "subsistema2esquematico:inst|Block1:inst|paralelo_serie_384b:inst1|shift_reg[180]~_emulated" and latch "subsistema2esquematico:inst|Block1:inst|paralelo_serie_384b:inst1|shift_reg[180]~645"
    Warning (13310): Register "subsistema2esquematico:inst|Block1:inst|paralelo_serie_384b:inst1|shift_reg[179]" is converted into an equivalent circuit using register "subsistema2esquematico:inst|Block1:inst|paralelo_serie_384b:inst1|shift_reg[179]~_emulated" and latch "subsistema2esquematico:inst|Block1:inst|paralelo_serie_384b:inst1|shift_reg[179]~649"
    Warning (13310): Register "subsistema2esquematico:inst|Block1:inst|paralelo_serie_384b:inst1|shift_reg[178]" is converted into an equivalent circuit using register "subsistema2esquematico:inst|Block1:inst|paralelo_serie_384b:inst1|shift_reg[178]~_emulated" and latch "subsistema2esquematico:inst|Block1:inst|paralelo_serie_384b:inst1|shift_reg[178]~653"
    Warning (13310): Register "subsistema2esquematico:inst|Block1:inst|paralelo_serie_384b:inst1|shift_reg[177]" is converted into an equivalent circuit using register "subsistema2esquematico:inst|Block1:inst|paralelo_serie_384b:inst1|shift_reg[177]~_emulated" and latch "subsistema2esquematico:inst|Block1:inst|paralelo_serie_384b:inst1|shift_reg[177]~657"
    Warning (13310): Register "subsistema2esquematico:inst|Block1:inst|paralelo_serie_384b:inst1|shift_reg[176]" is converted into an equivalent circuit using register "subsistema2esquematico:inst|Block1:inst|paralelo_serie_384b:inst1|shift_reg[176]~_emulated" and latch "subsistema2esquematico:inst|Block1:inst|paralelo_serie_384b:inst1|shift_reg[176]~661"
    Warning (13310): Register "subsistema2esquematico:inst|Block1:inst|paralelo_serie_384b:inst1|shift_reg[172]" is converted into an equivalent circuit using register "subsistema2esquematico:inst|Block1:inst|paralelo_serie_384b:inst1|shift_reg[172]~_emulated" and latch "subsistema2esquematico:inst|Block1:inst|paralelo_serie_384b:inst1|shift_reg[172]~665"
    Warning (13310): Register "subsistema2esquematico:inst|Block1:inst|paralelo_serie_384b:inst1|shift_reg[171]" is converted into an equivalent circuit using register "subsistema2esquematico:inst|Block1:inst|paralelo_serie_384b:inst1|shift_reg[171]~_emulated" and latch "subsistema2esquematico:inst|Block1:inst|paralelo_serie_384b:inst1|shift_reg[171]~669"
    Warning (13310): Register "subsistema2esquematico:inst|Block1:inst|paralelo_serie_384b:inst1|shift_reg[170]" is converted into an equivalent circuit using register "subsistema2esquematico:inst|Block1:inst|paralelo_serie_384b:inst1|shift_reg[170]~_emulated" and latch "subsistema2esquematico:inst|Block1:inst|paralelo_serie_384b:inst1|shift_reg[170]~673"
    Warning (13310): Register "subsistema2esquematico:inst|Block1:inst|paralelo_serie_384b:inst1|shift_reg[169]" is converted into an equivalent circuit using register "subsistema2esquematico:inst|Block1:inst|paralelo_serie_384b:inst1|shift_reg[169]~_emulated" and latch "subsistema2esquematico:inst|Block1:inst|paralelo_serie_384b:inst1|shift_reg[169]~677"
    Warning (13310): Register "subsistema2esquematico:inst|Block1:inst|paralelo_serie_384b:inst1|shift_reg[168]" is converted into an equivalent circuit using register "subsistema2esquematico:inst|Block1:inst|paralelo_serie_384b:inst1|shift_reg[168]~_emulated" and latch "subsistema2esquematico:inst|Block1:inst|paralelo_serie_384b:inst1|shift_reg[168]~681"
    Warning (13310): Register "subsistema2esquematico:inst|Block1:inst|paralelo_serie_384b:inst1|shift_reg[165]" is converted into an equivalent circuit using register "subsistema2esquematico:inst|Block1:inst|paralelo_serie_384b:inst1|shift_reg[165]~_emulated" and latch "subsistema2esquematico:inst|Block1:inst|paralelo_serie_384b:inst1|shift_reg[165]~685"
    Warning (13310): Register "subsistema2esquematico:inst|Block1:inst|paralelo_serie_384b:inst1|shift_reg[164]" is converted into an equivalent circuit using register "subsistema2esquematico:inst|Block1:inst|paralelo_serie_384b:inst1|shift_reg[164]~_emulated" and latch "subsistema2esquematico:inst|Block1:inst|paralelo_serie_384b:inst1|shift_reg[164]~689"
    Warning (13310): Register "subsistema2esquematico:inst|Block1:inst|paralelo_serie_384b:inst1|shift_reg[163]" is converted into an equivalent circuit using register "subsistema2esquematico:inst|Block1:inst|paralelo_serie_384b:inst1|shift_reg[163]~_emulated" and latch "subsistema2esquematico:inst|Block1:inst|paralelo_serie_384b:inst1|shift_reg[163]~693"
    Warning (13310): Register "subsistema2esquematico:inst|Block1:inst|paralelo_serie_384b:inst1|shift_reg[162]" is converted into an equivalent circuit using register "subsistema2esquematico:inst|Block1:inst|paralelo_serie_384b:inst1|shift_reg[162]~_emulated" and latch "subsistema2esquematico:inst|Block1:inst|paralelo_serie_384b:inst1|shift_reg[162]~697"
    Warning (13310): Register "subsistema2esquematico:inst|Block1:inst|paralelo_serie_384b:inst1|shift_reg[161]" is converted into an equivalent circuit using register "subsistema2esquematico:inst|Block1:inst|paralelo_serie_384b:inst1|shift_reg[161]~_emulated" and latch "subsistema2esquematico:inst|Block1:inst|paralelo_serie_384b:inst1|shift_reg[161]~701"
    Warning (13310): Register "subsistema2esquematico:inst|Block1:inst|paralelo_serie_384b:inst1|shift_reg[160]" is converted into an equivalent circuit using register "subsistema2esquematico:inst|Block1:inst|paralelo_serie_384b:inst1|shift_reg[160]~_emulated" and latch "subsistema2esquematico:inst|Block1:inst|paralelo_serie_384b:inst1|shift_reg[160]~705"
    Warning (13310): Register "subsistema2esquematico:inst|Block1:inst|paralelo_serie_384b:inst1|shift_reg[159]" is converted into an equivalent circuit using register "subsistema2esquematico:inst|Block1:inst|paralelo_serie_384b:inst1|shift_reg[159]~_emulated" and latch "subsistema2esquematico:inst|Block1:inst|paralelo_serie_384b:inst1|shift_reg[159]~709"
    Warning (13310): Register "subsistema2esquematico:inst|Block1:inst|paralelo_serie_384b:inst1|shift_reg[158]" is converted into an equivalent circuit using register "subsistema2esquematico:inst|Block1:inst|paralelo_serie_384b:inst1|shift_reg[158]~_emulated" and latch "subsistema2esquematico:inst|Block1:inst|paralelo_serie_384b:inst1|shift_reg[158]~713"
    Warning (13310): Register "subsistema2esquematico:inst|Block1:inst|paralelo_serie_384b:inst1|shift_reg[157]" is converted into an equivalent circuit using register "subsistema2esquematico:inst|Block1:inst|paralelo_serie_384b:inst1|shift_reg[157]~_emulated" and latch "subsistema2esquematico:inst|Block1:inst|paralelo_serie_384b:inst1|shift_reg[157]~717"
    Warning (13310): Register "subsistema2esquematico:inst|Block1:inst|paralelo_serie_384b:inst1|shift_reg[156]" is converted into an equivalent circuit using register "subsistema2esquematico:inst|Block1:inst|paralelo_serie_384b:inst1|shift_reg[156]~_emulated" and latch "subsistema2esquematico:inst|Block1:inst|paralelo_serie_384b:inst1|shift_reg[156]~721"
    Warning (13310): Register "subsistema2esquematico:inst|Block1:inst|paralelo_serie_384b:inst1|shift_reg[155]" is converted into an equivalent circuit using register "subsistema2esquematico:inst|Block1:inst|paralelo_serie_384b:inst1|shift_reg[155]~_emulated" and latch "subsistema2esquematico:inst|Block1:inst|paralelo_serie_384b:inst1|shift_reg[155]~725"
    Warning (13310): Register "subsistema2esquematico:inst|Block1:inst|paralelo_serie_384b:inst1|shift_reg[154]" is converted into an equivalent circuit using register "subsistema2esquematico:inst|Block1:inst|paralelo_serie_384b:inst1|shift_reg[154]~_emulated" and latch "subsistema2esquematico:inst|Block1:inst|paralelo_serie_384b:inst1|shift_reg[154]~729"
    Warning (13310): Register "subsistema2esquematico:inst|Block1:inst|paralelo_serie_384b:inst1|shift_reg[153]" is converted into an equivalent circuit using register "subsistema2esquematico:inst|Block1:inst|paralelo_serie_384b:inst1|shift_reg[153]~_emulated" and latch "subsistema2esquematico:inst|Block1:inst|paralelo_serie_384b:inst1|shift_reg[153]~733"
    Warning (13310): Register "subsistema2esquematico:inst|Block1:inst|paralelo_serie_384b:inst1|shift_reg[152]" is converted into an equivalent circuit using register "subsistema2esquematico:inst|Block1:inst|paralelo_serie_384b:inst1|shift_reg[152]~_emulated" and latch "subsistema2esquematico:inst|Block1:inst|paralelo_serie_384b:inst1|shift_reg[152]~737"
    Warning (13310): Register "subsistema2esquematico:inst|Block1:inst|paralelo_serie_384b:inst1|shift_reg[148]" is converted into an equivalent circuit using register "subsistema2esquematico:inst|Block1:inst|paralelo_serie_384b:inst1|shift_reg[148]~_emulated" and latch "subsistema2esquematico:inst|Block1:inst|paralelo_serie_384b:inst1|shift_reg[148]~741"
    Warning (13310): Register "subsistema2esquematico:inst|Block1:inst|paralelo_serie_384b:inst1|shift_reg[147]" is converted into an equivalent circuit using register "subsistema2esquematico:inst|Block1:inst|paralelo_serie_384b:inst1|shift_reg[147]~_emulated" and latch "subsistema2esquematico:inst|Block1:inst|paralelo_serie_384b:inst1|shift_reg[147]~745"
    Warning (13310): Register "subsistema2esquematico:inst|Block1:inst|paralelo_serie_384b:inst1|shift_reg[146]" is converted into an equivalent circuit using register "subsistema2esquematico:inst|Block1:inst|paralelo_serie_384b:inst1|shift_reg[146]~_emulated" and latch "subsistema2esquematico:inst|Block1:inst|paralelo_serie_384b:inst1|shift_reg[146]~749"
    Warning (13310): Register "subsistema2esquematico:inst|Block1:inst|paralelo_serie_384b:inst1|shift_reg[145]" is converted into an equivalent circuit using register "subsistema2esquematico:inst|Block1:inst|paralelo_serie_384b:inst1|shift_reg[145]~_emulated" and latch "subsistema2esquematico:inst|Block1:inst|paralelo_serie_384b:inst1|shift_reg[145]~753"
    Warning (13310): Register "subsistema2esquematico:inst|Block1:inst|paralelo_serie_384b:inst1|shift_reg[144]" is converted into an equivalent circuit using register "subsistema2esquematico:inst|Block1:inst|paralelo_serie_384b:inst1|shift_reg[144]~_emulated" and latch "subsistema2esquematico:inst|Block1:inst|paralelo_serie_384b:inst1|shift_reg[144]~757"
    Warning (13310): Register "subsistema2esquematico:inst|Block1:inst|paralelo_serie_384b:inst1|shift_reg[141]" is converted into an equivalent circuit using register "subsistema2esquematico:inst|Block1:inst|paralelo_serie_384b:inst1|shift_reg[141]~_emulated" and latch "subsistema2esquematico:inst|Block1:inst|paralelo_serie_384b:inst1|shift_reg[141]~761"
    Warning (13310): Register "subsistema2esquematico:inst|Block1:inst|paralelo_serie_384b:inst1|shift_reg[140]" is converted into an equivalent circuit using register "subsistema2esquematico:inst|Block1:inst|paralelo_serie_384b:inst1|shift_reg[140]~_emulated" and latch "subsistema2esquematico:inst|Block1:inst|paralelo_serie_384b:inst1|shift_reg[140]~765"
    Warning (13310): Register "subsistema2esquematico:inst|Block1:inst|paralelo_serie_384b:inst1|shift_reg[139]" is converted into an equivalent circuit using register "subsistema2esquematico:inst|Block1:inst|paralelo_serie_384b:inst1|shift_reg[139]~_emulated" and latch "subsistema2esquematico:inst|Block1:inst|paralelo_serie_384b:inst1|shift_reg[139]~769"
    Warning (13310): Register "subsistema2esquematico:inst|Block1:inst|paralelo_serie_384b:inst1|shift_reg[138]" is converted into an equivalent circuit using register "subsistema2esquematico:inst|Block1:inst|paralelo_serie_384b:inst1|shift_reg[138]~_emulated" and latch "subsistema2esquematico:inst|Block1:inst|paralelo_serie_384b:inst1|shift_reg[138]~773"
    Warning (13310): Register "subsistema2esquematico:inst|Block1:inst|paralelo_serie_384b:inst1|shift_reg[137]" is converted into an equivalent circuit using register "subsistema2esquematico:inst|Block1:inst|paralelo_serie_384b:inst1|shift_reg[137]~_emulated" and latch "subsistema2esquematico:inst|Block1:inst|paralelo_serie_384b:inst1|shift_reg[137]~777"
    Warning (13310): Register "subsistema2esquematico:inst|Block1:inst|paralelo_serie_384b:inst1|shift_reg[136]" is converted into an equivalent circuit using register "subsistema2esquematico:inst|Block1:inst|paralelo_serie_384b:inst1|shift_reg[136]~_emulated" and latch "subsistema2esquematico:inst|Block1:inst|paralelo_serie_384b:inst1|shift_reg[136]~781"
    Warning (13310): Register "subsistema2esquematico:inst|Block1:inst|paralelo_serie_384b:inst1|shift_reg[135]" is converted into an equivalent circuit using register "subsistema2esquematico:inst|Block1:inst|paralelo_serie_384b:inst1|shift_reg[135]~_emulated" and latch "subsistema2esquematico:inst|Block1:inst|paralelo_serie_384b:inst1|shift_reg[135]~785"
    Warning (13310): Register "subsistema2esquematico:inst|Block1:inst|paralelo_serie_384b:inst1|shift_reg[134]" is converted into an equivalent circuit using register "subsistema2esquematico:inst|Block1:inst|paralelo_serie_384b:inst1|shift_reg[134]~_emulated" and latch "subsistema2esquematico:inst|Block1:inst|paralelo_serie_384b:inst1|shift_reg[134]~789"
    Warning (13310): Register "subsistema2esquematico:inst|Block1:inst|paralelo_serie_384b:inst1|shift_reg[133]" is converted into an equivalent circuit using register "subsistema2esquematico:inst|Block1:inst|paralelo_serie_384b:inst1|shift_reg[133]~_emulated" and latch "subsistema2esquematico:inst|Block1:inst|paralelo_serie_384b:inst1|shift_reg[133]~793"
    Warning (13310): Register "subsistema2esquematico:inst|Block1:inst|paralelo_serie_384b:inst1|shift_reg[132]" is converted into an equivalent circuit using register "subsistema2esquematico:inst|Block1:inst|paralelo_serie_384b:inst1|shift_reg[132]~_emulated" and latch "subsistema2esquematico:inst|Block1:inst|paralelo_serie_384b:inst1|shift_reg[132]~797"
    Warning (13310): Register "subsistema2esquematico:inst|Block1:inst|paralelo_serie_384b:inst1|shift_reg[131]" is converted into an equivalent circuit using register "subsistema2esquematico:inst|Block1:inst|paralelo_serie_384b:inst1|shift_reg[131]~_emulated" and latch "subsistema2esquematico:inst|Block1:inst|paralelo_serie_384b:inst1|shift_reg[131]~801"
    Warning (13310): Register "subsistema2esquematico:inst|Block1:inst|paralelo_serie_384b:inst1|shift_reg[130]" is converted into an equivalent circuit using register "subsistema2esquematico:inst|Block1:inst|paralelo_serie_384b:inst1|shift_reg[130]~_emulated" and latch "subsistema2esquematico:inst|Block1:inst|paralelo_serie_384b:inst1|shift_reg[130]~805"
    Warning (13310): Register "subsistema2esquematico:inst|Block1:inst|paralelo_serie_384b:inst1|shift_reg[129]" is converted into an equivalent circuit using register "subsistema2esquematico:inst|Block1:inst|paralelo_serie_384b:inst1|shift_reg[129]~_emulated" and latch "subsistema2esquematico:inst|Block1:inst|paralelo_serie_384b:inst1|shift_reg[129]~809"
    Warning (13310): Register "subsistema2esquematico:inst|Block1:inst|paralelo_serie_384b:inst1|shift_reg[128]" is converted into an equivalent circuit using register "subsistema2esquematico:inst|Block1:inst|paralelo_serie_384b:inst1|shift_reg[128]~_emulated" and latch "subsistema2esquematico:inst|Block1:inst|paralelo_serie_384b:inst1|shift_reg[128]~813"
    Warning (13310): Register "subsistema2esquematico:inst|Block1:inst|paralelo_serie_384b:inst1|shift_reg[124]" is converted into an equivalent circuit using register "subsistema2esquematico:inst|Block1:inst|paralelo_serie_384b:inst1|shift_reg[124]~_emulated" and latch "subsistema2esquematico:inst|Block1:inst|paralelo_serie_384b:inst1|shift_reg[124]~817"
    Warning (13310): Register "subsistema2esquematico:inst|Block1:inst|paralelo_serie_384b:inst1|shift_reg[123]" is converted into an equivalent circuit using register "subsistema2esquematico:inst|Block1:inst|paralelo_serie_384b:inst1|shift_reg[123]~_emulated" and latch "subsistema2esquematico:inst|Block1:inst|paralelo_serie_384b:inst1|shift_reg[123]~821"
    Warning (13310): Register "subsistema2esquematico:inst|Block1:inst|paralelo_serie_384b:inst1|shift_reg[122]" is converted into an equivalent circuit using register "subsistema2esquematico:inst|Block1:inst|paralelo_serie_384b:inst1|shift_reg[122]~_emulated" and latch "subsistema2esquematico:inst|Block1:inst|paralelo_serie_384b:inst1|shift_reg[122]~825"
    Warning (13310): Register "subsistema2esquematico:inst|Block1:inst|paralelo_serie_384b:inst1|shift_reg[121]" is converted into an equivalent circuit using register "subsistema2esquematico:inst|Block1:inst|paralelo_serie_384b:inst1|shift_reg[121]~_emulated" and latch "subsistema2esquematico:inst|Block1:inst|paralelo_serie_384b:inst1|shift_reg[121]~829"
    Warning (13310): Register "subsistema2esquematico:inst|Block1:inst|paralelo_serie_384b:inst1|shift_reg[120]" is converted into an equivalent circuit using register "subsistema2esquematico:inst|Block1:inst|paralelo_serie_384b:inst1|shift_reg[120]~_emulated" and latch "subsistema2esquematico:inst|Block1:inst|paralelo_serie_384b:inst1|shift_reg[120]~833"
    Warning (13310): Register "subsistema2esquematico:inst|Block1:inst|paralelo_serie_384b:inst1|shift_reg[117]" is converted into an equivalent circuit using register "subsistema2esquematico:inst|Block1:inst|paralelo_serie_384b:inst1|shift_reg[117]~_emulated" and latch "subsistema2esquematico:inst|Block1:inst|paralelo_serie_384b:inst1|shift_reg[117]~837"
    Warning (13310): Register "subsistema2esquematico:inst|Block1:inst|paralelo_serie_384b:inst1|shift_reg[116]" is converted into an equivalent circuit using register "subsistema2esquematico:inst|Block1:inst|paralelo_serie_384b:inst1|shift_reg[116]~_emulated" and latch "subsistema2esquematico:inst|Block1:inst|paralelo_serie_384b:inst1|shift_reg[116]~841"
    Warning (13310): Register "subsistema2esquematico:inst|Block1:inst|paralelo_serie_384b:inst1|shift_reg[115]" is converted into an equivalent circuit using register "subsistema2esquematico:inst|Block1:inst|paralelo_serie_384b:inst1|shift_reg[115]~_emulated" and latch "subsistema2esquematico:inst|Block1:inst|paralelo_serie_384b:inst1|shift_reg[115]~845"
    Warning (13310): Register "subsistema2esquematico:inst|Block1:inst|paralelo_serie_384b:inst1|shift_reg[114]" is converted into an equivalent circuit using register "subsistema2esquematico:inst|Block1:inst|paralelo_serie_384b:inst1|shift_reg[114]~_emulated" and latch "subsistema2esquematico:inst|Block1:inst|paralelo_serie_384b:inst1|shift_reg[114]~849"
    Warning (13310): Register "subsistema2esquematico:inst|Block1:inst|paralelo_serie_384b:inst1|shift_reg[113]" is converted into an equivalent circuit using register "subsistema2esquematico:inst|Block1:inst|paralelo_serie_384b:inst1|shift_reg[113]~_emulated" and latch "subsistema2esquematico:inst|Block1:inst|paralelo_serie_384b:inst1|shift_reg[113]~853"
    Warning (13310): Register "subsistema2esquematico:inst|Block1:inst|paralelo_serie_384b:inst1|shift_reg[112]" is converted into an equivalent circuit using register "subsistema2esquematico:inst|Block1:inst|paralelo_serie_384b:inst1|shift_reg[112]~_emulated" and latch "subsistema2esquematico:inst|Block1:inst|paralelo_serie_384b:inst1|shift_reg[112]~857"
    Warning (13310): Register "subsistema2esquematico:inst|Block1:inst|paralelo_serie_384b:inst1|shift_reg[111]" is converted into an equivalent circuit using register "subsistema2esquematico:inst|Block1:inst|paralelo_serie_384b:inst1|shift_reg[111]~_emulated" and latch "subsistema2esquematico:inst|Block1:inst|paralelo_serie_384b:inst1|shift_reg[111]~861"
    Warning (13310): Register "subsistema2esquematico:inst|Block1:inst|paralelo_serie_384b:inst1|shift_reg[110]" is converted into an equivalent circuit using register "subsistema2esquematico:inst|Block1:inst|paralelo_serie_384b:inst1|shift_reg[110]~_emulated" and latch "subsistema2esquematico:inst|Block1:inst|paralelo_serie_384b:inst1|shift_reg[110]~865"
    Warning (13310): Register "subsistema2esquematico:inst|Block1:inst|paralelo_serie_384b:inst1|shift_reg[109]" is converted into an equivalent circuit using register "subsistema2esquematico:inst|Block1:inst|paralelo_serie_384b:inst1|shift_reg[109]~_emulated" and latch "subsistema2esquematico:inst|Block1:inst|paralelo_serie_384b:inst1|shift_reg[109]~869"
    Warning (13310): Register "subsistema2esquematico:inst|Block1:inst|paralelo_serie_384b:inst1|shift_reg[108]" is converted into an equivalent circuit using register "subsistema2esquematico:inst|Block1:inst|paralelo_serie_384b:inst1|shift_reg[108]~_emulated" and latch "subsistema2esquematico:inst|Block1:inst|paralelo_serie_384b:inst1|shift_reg[108]~873"
    Warning (13310): Register "subsistema2esquematico:inst|Block1:inst|paralelo_serie_384b:inst1|shift_reg[107]" is converted into an equivalent circuit using register "subsistema2esquematico:inst|Block1:inst|paralelo_serie_384b:inst1|shift_reg[107]~_emulated" and latch "subsistema2esquematico:inst|Block1:inst|paralelo_serie_384b:inst1|shift_reg[107]~877"
    Warning (13310): Register "subsistema2esquematico:inst|Block1:inst|paralelo_serie_384b:inst1|shift_reg[106]" is converted into an equivalent circuit using register "subsistema2esquematico:inst|Block1:inst|paralelo_serie_384b:inst1|shift_reg[106]~_emulated" and latch "subsistema2esquematico:inst|Block1:inst|paralelo_serie_384b:inst1|shift_reg[106]~881"
    Warning (13310): Register "subsistema2esquematico:inst|Block1:inst|paralelo_serie_384b:inst1|shift_reg[105]" is converted into an equivalent circuit using register "subsistema2esquematico:inst|Block1:inst|paralelo_serie_384b:inst1|shift_reg[105]~_emulated" and latch "subsistema2esquematico:inst|Block1:inst|paralelo_serie_384b:inst1|shift_reg[105]~885"
    Warning (13310): Register "subsistema2esquematico:inst|Block1:inst|paralelo_serie_384b:inst1|shift_reg[104]" is converted into an equivalent circuit using register "subsistema2esquematico:inst|Block1:inst|paralelo_serie_384b:inst1|shift_reg[104]~_emulated" and latch "subsistema2esquematico:inst|Block1:inst|paralelo_serie_384b:inst1|shift_reg[104]~889"
    Warning (13310): Register "subsistema2esquematico:inst|Block1:inst|paralelo_serie_384b:inst1|shift_reg[100]" is converted into an equivalent circuit using register "subsistema2esquematico:inst|Block1:inst|paralelo_serie_384b:inst1|shift_reg[100]~_emulated" and latch "subsistema2esquematico:inst|Block1:inst|paralelo_serie_384b:inst1|shift_reg[100]~893"
    Warning (13310): Register "subsistema2esquematico:inst|Block1:inst|paralelo_serie_384b:inst1|shift_reg[99]" is converted into an equivalent circuit using register "subsistema2esquematico:inst|Block1:inst|paralelo_serie_384b:inst1|shift_reg[99]~_emulated" and latch "subsistema2esquematico:inst|Block1:inst|paralelo_serie_384b:inst1|shift_reg[99]~897"
    Warning (13310): Register "subsistema2esquematico:inst|Block1:inst|paralelo_serie_384b:inst1|shift_reg[98]" is converted into an equivalent circuit using register "subsistema2esquematico:inst|Block1:inst|paralelo_serie_384b:inst1|shift_reg[98]~_emulated" and latch "subsistema2esquematico:inst|Block1:inst|paralelo_serie_384b:inst1|shift_reg[98]~901"
    Warning (13310): Register "subsistema2esquematico:inst|Block1:inst|paralelo_serie_384b:inst1|shift_reg[97]" is converted into an equivalent circuit using register "subsistema2esquematico:inst|Block1:inst|paralelo_serie_384b:inst1|shift_reg[97]~_emulated" and latch "subsistema2esquematico:inst|Block1:inst|paralelo_serie_384b:inst1|shift_reg[97]~905"
    Warning (13310): Register "subsistema2esquematico:inst|Block1:inst|paralelo_serie_384b:inst1|shift_reg[96]" is converted into an equivalent circuit using register "subsistema2esquematico:inst|Block1:inst|paralelo_serie_384b:inst1|shift_reg[96]~_emulated" and latch "subsistema2esquematico:inst|Block1:inst|paralelo_serie_384b:inst1|shift_reg[96]~909"
    Warning (13310): Register "subsistema2esquematico:inst|Block1:inst|paralelo_serie_384b:inst1|shift_reg[94]" is converted into an equivalent circuit using register "subsistema2esquematico:inst|Block1:inst|paralelo_serie_384b:inst1|shift_reg[94]~_emulated" and latch "subsistema2esquematico:inst|Block1:inst|paralelo_serie_384b:inst1|shift_reg[94]~913"
    Warning (13310): Register "subsistema2esquematico:inst|Block1:inst|paralelo_serie_384b:inst1|shift_reg[93]" is converted into an equivalent circuit using register "subsistema2esquematico:inst|Block1:inst|paralelo_serie_384b:inst1|shift_reg[93]~_emulated" and latch "subsistema2esquematico:inst|Block1:inst|paralelo_serie_384b:inst1|shift_reg[93]~917"
    Warning (13310): Register "subsistema2esquematico:inst|Block1:inst|paralelo_serie_384b:inst1|shift_reg[92]" is converted into an equivalent circuit using register "subsistema2esquematico:inst|Block1:inst|paralelo_serie_384b:inst1|shift_reg[92]~_emulated" and latch "subsistema2esquematico:inst|Block1:inst|paralelo_serie_384b:inst1|shift_reg[92]~921"
    Warning (13310): Register "subsistema2esquematico:inst|Block1:inst|paralelo_serie_384b:inst1|shift_reg[90]" is converted into an equivalent circuit using register "subsistema2esquematico:inst|Block1:inst|paralelo_serie_384b:inst1|shift_reg[90]~_emulated" and latch "subsistema2esquematico:inst|Block1:inst|paralelo_serie_384b:inst1|shift_reg[90]~925"
    Warning (13310): Register "subsistema2esquematico:inst|Block1:inst|paralelo_serie_384b:inst1|shift_reg[89]" is converted into an equivalent circuit using register "subsistema2esquematico:inst|Block1:inst|paralelo_serie_384b:inst1|shift_reg[89]~_emulated" and latch "subsistema2esquematico:inst|Block1:inst|paralelo_serie_384b:inst1|shift_reg[89]~929"
    Warning (13310): Register "subsistema2esquematico:inst|Block1:inst|paralelo_serie_384b:inst1|shift_reg[88]" is converted into an equivalent circuit using register "subsistema2esquematico:inst|Block1:inst|paralelo_serie_384b:inst1|shift_reg[88]~_emulated" and latch "subsistema2esquematico:inst|Block1:inst|paralelo_serie_384b:inst1|shift_reg[88]~933"
    Warning (13310): Register "subsistema2esquematico:inst|Block1:inst|paralelo_serie_384b:inst1|shift_reg[87]" is converted into an equivalent circuit using register "subsistema2esquematico:inst|Block1:inst|paralelo_serie_384b:inst1|shift_reg[87]~_emulated" and latch "subsistema2esquematico:inst|Block1:inst|paralelo_serie_384b:inst1|shift_reg[87]~937"
    Warning (13310): Register "subsistema2esquematico:inst|Block1:inst|paralelo_serie_384b:inst1|shift_reg[86]" is converted into an equivalent circuit using register "subsistema2esquematico:inst|Block1:inst|paralelo_serie_384b:inst1|shift_reg[86]~_emulated" and latch "subsistema2esquematico:inst|Block1:inst|paralelo_serie_384b:inst1|shift_reg[86]~941"
    Warning (13310): Register "subsistema2esquematico:inst|Block1:inst|paralelo_serie_384b:inst1|shift_reg[85]" is converted into an equivalent circuit using register "subsistema2esquematico:inst|Block1:inst|paralelo_serie_384b:inst1|shift_reg[85]~_emulated" and latch "subsistema2esquematico:inst|Block1:inst|paralelo_serie_384b:inst1|shift_reg[85]~945"
    Warning (13310): Register "subsistema2esquematico:inst|Block1:inst|paralelo_serie_384b:inst1|shift_reg[84]" is converted into an equivalent circuit using register "subsistema2esquematico:inst|Block1:inst|paralelo_serie_384b:inst1|shift_reg[84]~_emulated" and latch "subsistema2esquematico:inst|Block1:inst|paralelo_serie_384b:inst1|shift_reg[84]~949"
    Warning (13310): Register "subsistema2esquematico:inst|Block1:inst|paralelo_serie_384b:inst1|shift_reg[83]" is converted into an equivalent circuit using register "subsistema2esquematico:inst|Block1:inst|paralelo_serie_384b:inst1|shift_reg[83]~_emulated" and latch "subsistema2esquematico:inst|Block1:inst|paralelo_serie_384b:inst1|shift_reg[83]~953"
    Warning (13310): Register "subsistema2esquematico:inst|Block1:inst|paralelo_serie_384b:inst1|shift_reg[82]" is converted into an equivalent circuit using register "subsistema2esquematico:inst|Block1:inst|paralelo_serie_384b:inst1|shift_reg[82]~_emulated" and latch "subsistema2esquematico:inst|Block1:inst|paralelo_serie_384b:inst1|shift_reg[82]~957"
    Warning (13310): Register "subsistema2esquematico:inst|Block1:inst|paralelo_serie_384b:inst1|shift_reg[81]" is converted into an equivalent circuit using register "subsistema2esquematico:inst|Block1:inst|paralelo_serie_384b:inst1|shift_reg[81]~_emulated" and latch "subsistema2esquematico:inst|Block1:inst|paralelo_serie_384b:inst1|shift_reg[81]~961"
    Warning (13310): Register "subsistema2esquematico:inst|Block1:inst|paralelo_serie_384b:inst1|shift_reg[80]" is converted into an equivalent circuit using register "subsistema2esquematico:inst|Block1:inst|paralelo_serie_384b:inst1|shift_reg[80]~_emulated" and latch "subsistema2esquematico:inst|Block1:inst|paralelo_serie_384b:inst1|shift_reg[80]~965"
    Warning (13310): Register "subsistema2esquematico:inst|Block1:inst|paralelo_serie_384b:inst1|shift_reg[79]" is converted into an equivalent circuit using register "subsistema2esquematico:inst|Block1:inst|paralelo_serie_384b:inst1|shift_reg[79]~_emulated" and latch "subsistema2esquematico:inst|Block1:inst|paralelo_serie_384b:inst1|shift_reg[79]~969"
    Warning (13310): Register "subsistema2esquematico:inst|Block1:inst|paralelo_serie_384b:inst1|shift_reg[78]" is converted into an equivalent circuit using register "subsistema2esquematico:inst|Block1:inst|paralelo_serie_384b:inst1|shift_reg[78]~_emulated" and latch "subsistema2esquematico:inst|Block1:inst|paralelo_serie_384b:inst1|shift_reg[78]~973"
    Warning (13310): Register "subsistema2esquematico:inst|Block1:inst|paralelo_serie_384b:inst1|shift_reg[77]" is converted into an equivalent circuit using register "subsistema2esquematico:inst|Block1:inst|paralelo_serie_384b:inst1|shift_reg[77]~_emulated" and latch "subsistema2esquematico:inst|Block1:inst|paralelo_serie_384b:inst1|shift_reg[77]~977"
    Warning (13310): Register "subsistema2esquematico:inst|Block1:inst|paralelo_serie_384b:inst1|shift_reg[76]" is converted into an equivalent circuit using register "subsistema2esquematico:inst|Block1:inst|paralelo_serie_384b:inst1|shift_reg[76]~_emulated" and latch "subsistema2esquematico:inst|Block1:inst|paralelo_serie_384b:inst1|shift_reg[76]~981"
    Warning (13310): Register "subsistema2esquematico:inst|Block1:inst|paralelo_serie_384b:inst1|shift_reg[75]" is converted into an equivalent circuit using register "subsistema2esquematico:inst|Block1:inst|paralelo_serie_384b:inst1|shift_reg[75]~_emulated" and latch "subsistema2esquematico:inst|Block1:inst|paralelo_serie_384b:inst1|shift_reg[75]~985"
    Warning (13310): Register "subsistema2esquematico:inst|Block1:inst|paralelo_serie_384b:inst1|shift_reg[74]" is converted into an equivalent circuit using register "subsistema2esquematico:inst|Block1:inst|paralelo_serie_384b:inst1|shift_reg[74]~_emulated" and latch "subsistema2esquematico:inst|Block1:inst|paralelo_serie_384b:inst1|shift_reg[74]~989"
    Warning (13310): Register "subsistema2esquematico:inst|Block1:inst|paralelo_serie_384b:inst1|shift_reg[73]" is converted into an equivalent circuit using register "subsistema2esquematico:inst|Block1:inst|paralelo_serie_384b:inst1|shift_reg[73]~_emulated" and latch "subsistema2esquematico:inst|Block1:inst|paralelo_serie_384b:inst1|shift_reg[73]~993"
    Warning (13310): Register "subsistema2esquematico:inst|Block1:inst|paralelo_serie_384b:inst1|shift_reg[72]" is converted into an equivalent circuit using register "subsistema2esquematico:inst|Block1:inst|paralelo_serie_384b:inst1|shift_reg[72]~_emulated" and latch "subsistema2esquematico:inst|Block1:inst|paralelo_serie_384b:inst1|shift_reg[72]~997"
    Warning (13310): Register "subsistema2esquematico:inst|Block1:inst|paralelo_serie_384b:inst1|shift_reg[70]" is converted into an equivalent circuit using register "subsistema2esquematico:inst|Block1:inst|paralelo_serie_384b:inst1|shift_reg[70]~_emulated" and latch "subsistema2esquematico:inst|Block1:inst|paralelo_serie_384b:inst1|shift_reg[94]~913"
    Warning (13310): Register "subsistema2esquematico:inst|Block1:inst|paralelo_serie_384b:inst1|shift_reg[69]" is converted into an equivalent circuit using register "subsistema2esquematico:inst|Block1:inst|paralelo_serie_384b:inst1|shift_reg[69]~_emulated" and latch "subsistema2esquematico:inst|Block1:inst|paralelo_serie_384b:inst1|shift_reg[93]~917"
    Warning (13310): Register "subsistema2esquematico:inst|Block1:inst|paralelo_serie_384b:inst1|shift_reg[68]" is converted into an equivalent circuit using register "subsistema2esquematico:inst|Block1:inst|paralelo_serie_384b:inst1|shift_reg[68]~_emulated" and latch "subsistema2esquematico:inst|Block1:inst|paralelo_serie_384b:inst1|shift_reg[92]~921"
    Warning (13310): Register "subsistema2esquematico:inst|Block1:inst|paralelo_serie_384b:inst1|shift_reg[66]" is converted into an equivalent circuit using register "subsistema2esquematico:inst|Block1:inst|paralelo_serie_384b:inst1|shift_reg[66]~_emulated" and latch "subsistema2esquematico:inst|Block1:inst|paralelo_serie_384b:inst1|shift_reg[90]~925"
    Warning (13310): Register "subsistema2esquematico:inst|Block1:inst|paralelo_serie_384b:inst1|shift_reg[65]" is converted into an equivalent circuit using register "subsistema2esquematico:inst|Block1:inst|paralelo_serie_384b:inst1|shift_reg[65]~_emulated" and latch "subsistema2esquematico:inst|Block1:inst|paralelo_serie_384b:inst1|shift_reg[89]~929"
    Warning (13310): Register "subsistema2esquematico:inst|Block1:inst|paralelo_serie_384b:inst1|shift_reg[64]" is converted into an equivalent circuit using register "subsistema2esquematico:inst|Block1:inst|paralelo_serie_384b:inst1|shift_reg[64]~_emulated" and latch "subsistema2esquematico:inst|Block1:inst|paralelo_serie_384b:inst1|shift_reg[64]~1011"
    Warning (13310): Register "subsistema2esquematico:inst|Block1:inst|paralelo_serie_384b:inst1|shift_reg[63]" is converted into an equivalent circuit using register "subsistema2esquematico:inst|Block1:inst|paralelo_serie_384b:inst1|shift_reg[63]~_emulated" and latch "subsistema2esquematico:inst|Block1:inst|paralelo_serie_384b:inst1|shift_reg[87]~937"
    Warning (13310): Register "subsistema2esquematico:inst|Block1:inst|paralelo_serie_384b:inst1|shift_reg[62]" is converted into an equivalent circuit using register "subsistema2esquematico:inst|Block1:inst|paralelo_serie_384b:inst1|shift_reg[62]~_emulated" and latch "subsistema2esquematico:inst|Block1:inst|paralelo_serie_384b:inst1|shift_reg[86]~941"
    Warning (13310): Register "subsistema2esquematico:inst|Block1:inst|paralelo_serie_384b:inst1|shift_reg[61]" is converted into an equivalent circuit using register "subsistema2esquematico:inst|Block1:inst|paralelo_serie_384b:inst1|shift_reg[61]~_emulated" and latch "subsistema2esquematico:inst|Block1:inst|paralelo_serie_384b:inst1|shift_reg[85]~945"
    Warning (13310): Register "subsistema2esquematico:inst|Block1:inst|paralelo_serie_384b:inst1|shift_reg[60]" is converted into an equivalent circuit using register "subsistema2esquematico:inst|Block1:inst|paralelo_serie_384b:inst1|shift_reg[60]~_emulated" and latch "subsistema2esquematico:inst|Block1:inst|paralelo_serie_384b:inst1|shift_reg[84]~949"
    Warning (13310): Register "subsistema2esquematico:inst|Block1:inst|paralelo_serie_384b:inst1|shift_reg[59]" is converted into an equivalent circuit using register "subsistema2esquematico:inst|Block1:inst|paralelo_serie_384b:inst1|shift_reg[59]~_emulated" and latch "subsistema2esquematico:inst|Block1:inst|paralelo_serie_384b:inst1|shift_reg[59]~1023"
    Warning (13310): Register "subsistema2esquematico:inst|Block1:inst|paralelo_serie_384b:inst1|shift_reg[58]" is converted into an equivalent circuit using register "subsistema2esquematico:inst|Block1:inst|paralelo_serie_384b:inst1|shift_reg[58]~_emulated" and latch "subsistema2esquematico:inst|Block1:inst|paralelo_serie_384b:inst1|shift_reg[82]~957"
    Warning (13310): Register "subsistema2esquematico:inst|Block1:inst|paralelo_serie_384b:inst1|shift_reg[57]" is converted into an equivalent circuit using register "subsistema2esquematico:inst|Block1:inst|paralelo_serie_384b:inst1|shift_reg[57]~_emulated" and latch "subsistema2esquematico:inst|Block1:inst|paralelo_serie_384b:inst1|shift_reg[81]~961"
    Warning (13310): Register "subsistema2esquematico:inst|Block1:inst|paralelo_serie_384b:inst1|shift_reg[56]" is converted into an equivalent circuit using register "subsistema2esquematico:inst|Block1:inst|paralelo_serie_384b:inst1|shift_reg[56]~_emulated" and latch "subsistema2esquematico:inst|Block1:inst|paralelo_serie_384b:inst1|shift_reg[56]~1031"
    Warning (13310): Register "subsistema2esquematico:inst|Block1:inst|paralelo_serie_384b:inst1|shift_reg[55]" is converted into an equivalent circuit using register "subsistema2esquematico:inst|Block1:inst|paralelo_serie_384b:inst1|shift_reg[55]~_emulated" and latch "subsistema2esquematico:inst|Block1:inst|paralelo_serie_384b:inst1|shift_reg[79]~969"
    Warning (13310): Register "subsistema2esquematico:inst|Block1:inst|paralelo_serie_384b:inst1|shift_reg[54]" is converted into an equivalent circuit using register "subsistema2esquematico:inst|Block1:inst|paralelo_serie_384b:inst1|shift_reg[54]~_emulated" and latch "subsistema2esquematico:inst|Block1:inst|paralelo_serie_384b:inst1|shift_reg[78]~973"
    Warning (13310): Register "subsistema2esquematico:inst|Block1:inst|paralelo_serie_384b:inst1|shift_reg[53]" is converted into an equivalent circuit using register "subsistema2esquematico:inst|Block1:inst|paralelo_serie_384b:inst1|shift_reg[53]~_emulated" and latch "subsistema2esquematico:inst|Block1:inst|paralelo_serie_384b:inst1|shift_reg[77]~977"
    Warning (13310): Register "subsistema2esquematico:inst|Block1:inst|paralelo_serie_384b:inst1|shift_reg[52]" is converted into an equivalent circuit using register "subsistema2esquematico:inst|Block1:inst|paralelo_serie_384b:inst1|shift_reg[52]~_emulated" and latch "subsistema2esquematico:inst|Block1:inst|paralelo_serie_384b:inst1|shift_reg[52]~1041"
    Warning (13310): Register "subsistema2esquematico:inst|Block1:inst|paralelo_serie_384b:inst1|shift_reg[51]" is converted into an equivalent circuit using register "subsistema2esquematico:inst|Block1:inst|paralelo_serie_384b:inst1|shift_reg[51]~_emulated" and latch "subsistema2esquematico:inst|Block1:inst|paralelo_serie_384b:inst1|shift_reg[51]~1045"
    Warning (13310): Register "subsistema2esquematico:inst|Block1:inst|paralelo_serie_384b:inst1|shift_reg[50]" is converted into an equivalent circuit using register "subsistema2esquematico:inst|Block1:inst|paralelo_serie_384b:inst1|shift_reg[50]~_emulated" and latch "subsistema2esquematico:inst|Block1:inst|paralelo_serie_384b:inst1|shift_reg[74]~989"
    Warning (13310): Register "subsistema2esquematico:inst|Block1:inst|paralelo_serie_384b:inst1|shift_reg[49]" is converted into an equivalent circuit using register "subsistema2esquematico:inst|Block1:inst|paralelo_serie_384b:inst1|shift_reg[49]~_emulated" and latch "subsistema2esquematico:inst|Block1:inst|paralelo_serie_384b:inst1|shift_reg[73]~993"
    Warning (13310): Register "subsistema2esquematico:inst|Block1:inst|paralelo_serie_384b:inst1|shift_reg[48]" is converted into an equivalent circuit using register "subsistema2esquematico:inst|Block1:inst|paralelo_serie_384b:inst1|shift_reg[48]~_emulated" and latch "subsistema2esquematico:inst|Block1:inst|paralelo_serie_384b:inst1|shift_reg[72]~997"
    Warning (13310): Register "subsistema2esquematico:inst|Block1:inst|paralelo_serie_384b:inst1|shift_reg[46]" is converted into an equivalent circuit using register "subsistema2esquematico:inst|Block1:inst|paralelo_serie_384b:inst1|shift_reg[46]~_emulated" and latch "subsistema2esquematico:inst|Block1:inst|paralelo_serie_384b:inst1|shift_reg[94]~913"
    Warning (13310): Register "subsistema2esquematico:inst|Block1:inst|paralelo_serie_384b:inst1|shift_reg[45]" is converted into an equivalent circuit using register "subsistema2esquematico:inst|Block1:inst|paralelo_serie_384b:inst1|shift_reg[45]~_emulated" and latch "subsistema2esquematico:inst|Block1:inst|paralelo_serie_384b:inst1|shift_reg[93]~917"
    Warning (13310): Register "subsistema2esquematico:inst|Block1:inst|paralelo_serie_384b:inst1|shift_reg[44]" is converted into an equivalent circuit using register "subsistema2esquematico:inst|Block1:inst|paralelo_serie_384b:inst1|shift_reg[44]~_emulated" and latch "subsistema2esquematico:inst|Block1:inst|paralelo_serie_384b:inst1|shift_reg[92]~921"
    Warning (13310): Register "subsistema2esquematico:inst|Block1:inst|paralelo_serie_384b:inst1|shift_reg[42]" is converted into an equivalent circuit using register "subsistema2esquematico:inst|Block1:inst|paralelo_serie_384b:inst1|shift_reg[42]~_emulated" and latch "subsistema2esquematico:inst|Block1:inst|paralelo_serie_384b:inst1|shift_reg[90]~925"
    Warning (13310): Register "subsistema2esquematico:inst|Block1:inst|paralelo_serie_384b:inst1|shift_reg[41]" is converted into an equivalent circuit using register "subsistema2esquematico:inst|Block1:inst|paralelo_serie_384b:inst1|shift_reg[41]~_emulated" and latch "subsistema2esquematico:inst|Block1:inst|paralelo_serie_384b:inst1|shift_reg[89]~929"
    Warning (13310): Register "subsistema2esquematico:inst|Block1:inst|paralelo_serie_384b:inst1|shift_reg[40]" is converted into an equivalent circuit using register "subsistema2esquematico:inst|Block1:inst|paralelo_serie_384b:inst1|shift_reg[40]~_emulated" and latch "subsistema2esquematico:inst|Block1:inst|paralelo_serie_384b:inst1|shift_reg[88]~933"
    Warning (13310): Register "subsistema2esquematico:inst|Block1:inst|paralelo_serie_384b:inst1|shift_reg[39]" is converted into an equivalent circuit using register "subsistema2esquematico:inst|Block1:inst|paralelo_serie_384b:inst1|shift_reg[39]~_emulated" and latch "subsistema2esquematico:inst|Block1:inst|paralelo_serie_384b:inst1|shift_reg[87]~937"
    Warning (13310): Register "subsistema2esquematico:inst|Block1:inst|paralelo_serie_384b:inst1|shift_reg[38]" is converted into an equivalent circuit using register "subsistema2esquematico:inst|Block1:inst|paralelo_serie_384b:inst1|shift_reg[38]~_emulated" and latch "subsistema2esquematico:inst|Block1:inst|paralelo_serie_384b:inst1|shift_reg[86]~941"
    Warning (13310): Register "subsistema2esquematico:inst|Block1:inst|paralelo_serie_384b:inst1|shift_reg[37]" is converted into an equivalent circuit using register "subsistema2esquematico:inst|Block1:inst|paralelo_serie_384b:inst1|shift_reg[37]~_emulated" and latch "subsistema2esquematico:inst|Block1:inst|paralelo_serie_384b:inst1|shift_reg[85]~945"
    Warning (13310): Register "subsistema2esquematico:inst|Block1:inst|paralelo_serie_384b:inst1|shift_reg[36]" is converted into an equivalent circuit using register "subsistema2esquematico:inst|Block1:inst|paralelo_serie_384b:inst1|shift_reg[36]~_emulated" and latch "subsistema2esquematico:inst|Block1:inst|paralelo_serie_384b:inst1|shift_reg[36]~1073"
    Warning (13310): Register "subsistema2esquematico:inst|Block1:inst|paralelo_serie_384b:inst1|shift_reg[35]" is converted into an equivalent circuit using register "subsistema2esquematico:inst|Block1:inst|paralelo_serie_384b:inst1|shift_reg[35]~_emulated" and latch "subsistema2esquematico:inst|Block1:inst|paralelo_serie_384b:inst1|shift_reg[83]~953"
    Warning (13310): Register "subsistema2esquematico:inst|Block1:inst|paralelo_serie_384b:inst1|shift_reg[34]" is converted into an equivalent circuit using register "subsistema2esquematico:inst|Block1:inst|paralelo_serie_384b:inst1|shift_reg[34]~_emulated" and latch "subsistema2esquematico:inst|Block1:inst|paralelo_serie_384b:inst1|shift_reg[82]~957"
    Warning (13310): Register "subsistema2esquematico:inst|Block1:inst|paralelo_serie_384b:inst1|shift_reg[33]" is converted into an equivalent circuit using register "subsistema2esquematico:inst|Block1:inst|paralelo_serie_384b:inst1|shift_reg[33]~_emulated" and latch "subsistema2esquematico:inst|Block1:inst|paralelo_serie_384b:inst1|shift_reg[81]~961"
    Warning (13310): Register "subsistema2esquematico:inst|Block1:inst|paralelo_serie_384b:inst1|shift_reg[32]" is converted into an equivalent circuit using register "subsistema2esquematico:inst|Block1:inst|paralelo_serie_384b:inst1|shift_reg[32]~_emulated" and latch "subsistema2esquematico:inst|Block1:inst|paralelo_serie_384b:inst1|shift_reg[80]~965"
    Warning (13310): Register "subsistema2esquematico:inst|Block1:inst|paralelo_serie_384b:inst1|shift_reg[31]" is converted into an equivalent circuit using register "subsistema2esquematico:inst|Block1:inst|paralelo_serie_384b:inst1|shift_reg[31]~_emulated" and latch "subsistema2esquematico:inst|Block1:inst|paralelo_serie_384b:inst1|shift_reg[79]~969"
    Warning (13310): Register "subsistema2esquematico:inst|Block1:inst|paralelo_serie_384b:inst1|shift_reg[30]" is converted into an equivalent circuit using register "subsistema2esquematico:inst|Block1:inst|paralelo_serie_384b:inst1|shift_reg[30]~_emulated" and latch "subsistema2esquematico:inst|Block1:inst|paralelo_serie_384b:inst1|shift_reg[78]~973"
    Warning (13310): Register "subsistema2esquematico:inst|Block1:inst|paralelo_serie_384b:inst1|shift_reg[29]" is converted into an equivalent circuit using register "subsistema2esquematico:inst|Block1:inst|paralelo_serie_384b:inst1|shift_reg[29]~_emulated" and latch "subsistema2esquematico:inst|Block1:inst|paralelo_serie_384b:inst1|shift_reg[77]~977"
    Warning (13310): Register "subsistema2esquematico:inst|Block1:inst|paralelo_serie_384b:inst1|shift_reg[28]" is converted into an equivalent circuit using register "subsistema2esquematico:inst|Block1:inst|paralelo_serie_384b:inst1|shift_reg[28]~_emulated" and latch "subsistema2esquematico:inst|Block1:inst|paralelo_serie_384b:inst1|shift_reg[52]~1041"
    Warning (13310): Register "subsistema2esquematico:inst|Block1:inst|paralelo_serie_384b:inst1|shift_reg[27]" is converted into an equivalent circuit using register "subsistema2esquematico:inst|Block1:inst|paralelo_serie_384b:inst1|shift_reg[27]~_emulated" and latch "subsistema2esquematico:inst|Block1:inst|paralelo_serie_384b:inst1|shift_reg[75]~985"
    Warning (13310): Register "subsistema2esquematico:inst|Block1:inst|paralelo_serie_384b:inst1|shift_reg[26]" is converted into an equivalent circuit using register "subsistema2esquematico:inst|Block1:inst|paralelo_serie_384b:inst1|shift_reg[26]~_emulated" and latch "subsistema2esquematico:inst|Block1:inst|paralelo_serie_384b:inst1|shift_reg[74]~989"
    Warning (13310): Register "subsistema2esquematico:inst|Block1:inst|paralelo_serie_384b:inst1|shift_reg[25]" is converted into an equivalent circuit using register "subsistema2esquematico:inst|Block1:inst|paralelo_serie_384b:inst1|shift_reg[25]~_emulated" and latch "subsistema2esquematico:inst|Block1:inst|paralelo_serie_384b:inst1|shift_reg[73]~993"
    Warning (13310): Register "subsistema2esquematico:inst|Block1:inst|paralelo_serie_384b:inst1|shift_reg[24]" is converted into an equivalent circuit using register "subsistema2esquematico:inst|Block1:inst|paralelo_serie_384b:inst1|shift_reg[24]~_emulated" and latch "subsistema2esquematico:inst|Block1:inst|paralelo_serie_384b:inst1|shift_reg[24]~1099"
    Warning (13310): Register "subsistema2esquematico:inst|Block1:inst|paralelo_serie_384b:inst1|shift_reg[21]" is converted into an equivalent circuit using register "subsistema2esquematico:inst|Block1:inst|paralelo_serie_384b:inst1|shift_reg[21]~_emulated" and latch "subsistema2esquematico:inst|Block1:inst|paralelo_serie_384b:inst1|shift_reg[21]~1103"
    Warning (13310): Register "subsistema2esquematico:inst|Block1:inst|paralelo_serie_384b:inst1|shift_reg[20]" is converted into an equivalent circuit using register "subsistema2esquematico:inst|Block1:inst|paralelo_serie_384b:inst1|shift_reg[20]~_emulated" and latch "subsistema2esquematico:inst|Block1:inst|paralelo_serie_384b:inst1|shift_reg[20]~1107"
    Warning (13310): Register "subsistema2esquematico:inst|Block1:inst|paralelo_serie_384b:inst1|shift_reg[19]" is converted into an equivalent circuit using register "subsistema2esquematico:inst|Block1:inst|paralelo_serie_384b:inst1|shift_reg[19]~_emulated" and latch "subsistema2esquematico:inst|Block1:inst|paralelo_serie_384b:inst1|shift_reg[19]~1111"
    Warning (13310): Register "subsistema2esquematico:inst|Block1:inst|paralelo_serie_384b:inst1|shift_reg[18]" is converted into an equivalent circuit using register "subsistema2esquematico:inst|Block1:inst|paralelo_serie_384b:inst1|shift_reg[18]~_emulated" and latch "subsistema2esquematico:inst|Block1:inst|paralelo_serie_384b:inst1|shift_reg[18]~1115"
    Warning (13310): Register "subsistema2esquematico:inst|Block1:inst|paralelo_serie_384b:inst1|shift_reg[17]" is converted into an equivalent circuit using register "subsistema2esquematico:inst|Block1:inst|paralelo_serie_384b:inst1|shift_reg[17]~_emulated" and latch "subsistema2esquematico:inst|Block1:inst|paralelo_serie_384b:inst1|shift_reg[17]~1119"
    Warning (13310): Register "subsistema2esquematico:inst|Block1:inst|paralelo_serie_384b:inst1|shift_reg[16]" is converted into an equivalent circuit using register "subsistema2esquematico:inst|Block1:inst|paralelo_serie_384b:inst1|shift_reg[16]~_emulated" and latch "subsistema2esquematico:inst|Block1:inst|paralelo_serie_384b:inst1|shift_reg[16]~1123"
    Warning (13310): Register "subsistema2esquematico:inst|Block1:inst|paralelo_serie_384b:inst1|shift_reg[15]" is converted into an equivalent circuit using register "subsistema2esquematico:inst|Block1:inst|paralelo_serie_384b:inst1|shift_reg[15]~_emulated" and latch "subsistema2esquematico:inst|Block1:inst|paralelo_serie_384b:inst1|shift_reg[15]~1127"
    Warning (13310): Register "subsistema2esquematico:inst|Block1:inst|paralelo_serie_384b:inst1|shift_reg[14]" is converted into an equivalent circuit using register "subsistema2esquematico:inst|Block1:inst|paralelo_serie_384b:inst1|shift_reg[14]~_emulated" and latch "subsistema2esquematico:inst|Block1:inst|paralelo_serie_384b:inst1|shift_reg[14]~1131"
    Warning (13310): Register "subsistema2esquematico:inst|Block1:inst|paralelo_serie_384b:inst1|shift_reg[13]" is converted into an equivalent circuit using register "subsistema2esquematico:inst|Block1:inst|paralelo_serie_384b:inst1|shift_reg[13]~_emulated" and latch "subsistema2esquematico:inst|Block1:inst|paralelo_serie_384b:inst1|shift_reg[13]~1135"
    Warning (13310): Register "subsistema2esquematico:inst|Block1:inst|paralelo_serie_384b:inst1|shift_reg[12]" is converted into an equivalent circuit using register "subsistema2esquematico:inst|Block1:inst|paralelo_serie_384b:inst1|shift_reg[12]~_emulated" and latch "subsistema2esquematico:inst|Block1:inst|paralelo_serie_384b:inst1|shift_reg[12]~1139"
    Warning (13310): Register "subsistema2esquematico:inst|Block1:inst|paralelo_serie_384b:inst1|shift_reg[11]" is converted into an equivalent circuit using register "subsistema2esquematico:inst|Block1:inst|paralelo_serie_384b:inst1|shift_reg[11]~_emulated" and latch "subsistema2esquematico:inst|Block1:inst|paralelo_serie_384b:inst1|shift_reg[11]~1143"
    Warning (13310): Register "subsistema2esquematico:inst|Block1:inst|paralelo_serie_384b:inst1|shift_reg[10]" is converted into an equivalent circuit using register "subsistema2esquematico:inst|Block1:inst|paralelo_serie_384b:inst1|shift_reg[10]~_emulated" and latch "subsistema2esquematico:inst|Block1:inst|paralelo_serie_384b:inst1|shift_reg[10]~1147"
    Warning (13310): Register "subsistema2esquematico:inst|Block1:inst|paralelo_serie_384b:inst1|shift_reg[9]" is converted into an equivalent circuit using register "subsistema2esquematico:inst|Block1:inst|paralelo_serie_384b:inst1|shift_reg[9]~_emulated" and latch "subsistema2esquematico:inst|Block1:inst|paralelo_serie_384b:inst1|shift_reg[9]~1151"
    Warning (13310): Register "subsistema2esquematico:inst|Block1:inst|paralelo_serie_384b:inst1|shift_reg[8]" is converted into an equivalent circuit using register "subsistema2esquematico:inst|Block1:inst|paralelo_serie_384b:inst1|shift_reg[8]~_emulated" and latch "subsistema2esquematico:inst|Block1:inst|paralelo_serie_384b:inst1|shift_reg[8]~1155"
    Warning (13310): Register "subsistema2esquematico:inst|Block1:inst|paralelo_serie_384b:inst1|shift_reg[4]" is converted into an equivalent circuit using register "subsistema2esquematico:inst|Block1:inst|paralelo_serie_384b:inst1|shift_reg[4]~_emulated" and latch "subsistema2esquematico:inst|Block1:inst|paralelo_serie_384b:inst1|shift_reg[4]~1159"
    Warning (13310): Register "subsistema2esquematico:inst|Block1:inst|paralelo_serie_384b:inst1|shift_reg[3]" is converted into an equivalent circuit using register "subsistema2esquematico:inst|Block1:inst|paralelo_serie_384b:inst1|shift_reg[3]~_emulated" and latch "subsistema2esquematico:inst|Block1:inst|paralelo_serie_384b:inst1|shift_reg[3]~1163"
    Warning (13310): Register "subsistema2esquematico:inst|Block1:inst|paralelo_serie_384b:inst1|shift_reg[2]" is converted into an equivalent circuit using register "subsistema2esquematico:inst|Block1:inst|paralelo_serie_384b:inst1|shift_reg[2]~_emulated" and latch "subsistema2esquematico:inst|Block1:inst|paralelo_serie_384b:inst1|shift_reg[2]~1167"
    Warning (13310): Register "subsistema2esquematico:inst|Block1:inst|paralelo_serie_384b:inst1|shift_reg[1]" is converted into an equivalent circuit using register "subsistema2esquematico:inst|Block1:inst|paralelo_serie_384b:inst1|shift_reg[1]~_emulated" and latch "subsistema2esquematico:inst|Block1:inst|paralelo_serie_384b:inst1|shift_reg[1]~1171"
    Warning (13310): Register "subsistema2esquematico:inst|Block1:inst|paralelo_serie_384b:inst1|shift_reg[0]" is converted into an equivalent circuit using register "subsistema2esquematico:inst|Block1:inst|paralelo_serie_384b:inst1|shift_reg[0]~_emulated" and latch "subsistema2esquematico:inst|Block1:inst|paralelo_serie_384b:inst1|shift_reg[0]~1175"
Info (286030): Timing-Driven Synthesis is running
Info (17049): 4 registers lost all their fanouts during netlist optimizations.
Info (16010): Generating hard_block partition "hard_block:auto_generated_inst"
    Info (16011): Adding 1 node(s), including 0 DDIO, 1 PLL, 0 transceiver and 0 LCELL
Warning (15899): PLL "subsistema2esquematico:inst|Block1:inst|altpll0:inst|altpll:altpll_component|altpll0_altpll1:auto_generated|pll1" has parameters clk3_multiply_by and clk3_divide_by specified but port CLK[3] is not connected
Info (21057): Implemented 1780 device resources after synthesis - the final resource count might be different
    Info (21058): Implemented 5 input pins
    Info (21059): Implemented 5 output pins
    Info (21061): Implemented 1769 logic cells
    Info (21065): Implemented 1 PLLs
Info: Quartus II 64-Bit Analysis & Synthesis was successful. 0 errors, 344 warnings
    Info: Peak virtual memory: 4642 megabytes
    Info: Processing ended: Fri Nov 28 20:31:13 2025
    Info: Elapsed time: 00:00:10
    Info: Total CPU time (on all processors): 00:00:08


