Fitter report for proyecto_final
Fri Nov 28 20:31:37 2025
Quartus II 64-Bit Version 13.0.1 Build 232 06/12/2013 Service Pack 1 SJ Web Edition


---------------------
; Table of Contents ;
---------------------
  1. Legal Notice
  2. Fitter Summary
  3. Fitter Settings
  4. Parallel Compilation
  5. I/O Assignment Warnings
  6. Ignored Assignments
  7. Incremental Compilation Preservation Summary
  8. Incremental Compilation Partition Settings
  9. Incremental Compilation Placement Preservation
 10. Pin-Out File
 11. Fitter Resource Usage Summary
 12. Fitter Partition Statistics
 13. Input Pins
 14. Output Pins
 15. Dual Purpose and Dedicated Pins
 16. I/O Bank Usage
 17. All Package Pins
 18. PLL Summary
 19. PLL Usage
 20. Fitter Resource Utilization by Entity
 21. Delay Chain Summary
 22. Pad To Core Delay Chain Fanout
 23. Control Signals
 24. Global & Other Fast Signals
 25. Non-Global High Fan-Out Signals
 26. Other Routing Usage Summary
 27. LAB Logic Elements
 28. LAB-wide Signals
 29. LAB Signals Sourced
 30. LAB Signals Sourced Out
 31. LAB Distinct Inputs
 32. I/O Rules Summary
 33. I/O Rules Details
 34. I/O Rules Matrix
 35. Fitter Device Options
 36. Operating Settings and Conditions
 37. Estimated Delay Added for Hold Timing Summary
 38. Estimated Delay Added for Hold Timing Details
 39. Fitter Messages
 40. Fitter Suppressed Messages



----------------
; Legal Notice ;
----------------
Copyright (C) 1991-2013 Altera Corporation
Your use of Altera Corporation's design tools, logic functions 
and other software and tools, and its AMPP partner logic 
functions, and any output files from any of the foregoing 
(including device programming or simulation files), and any 
associated documentation or information are expressly subject 
to the terms and conditions of the Altera Program License 
Subscription Agreement, Altera MegaCore Function License 
Agreement, or other applicable license agreement, including, 
without limitation, that your use is for the sole purpose of 
programming logic devices manufactured by Altera and sold by 
Altera or its authorized distributors.  Please refer to the 
applicable agreement for further details.



+--------------------------------------------------------------------------------------+
; Fitter Summary                                                                       ;
+------------------------------------+-------------------------------------------------+
; Fitter Status                      ; Successful - Fri Nov 28 20:31:37 2025           ;
; Quartus II 64-Bit Version          ; 13.0.1 Build 232 06/12/2013 SP 1 SJ Web Edition ;
; Revision Name                      ; proyecto_final                                  ;
; Top-level Entity Name              ; proyecto_final                                  ;
; Family                             ; Cyclone IV E                                    ;
; Device                             ; EP4CE22F17C6                                    ;
; Timing Models                      ; Final                                           ;
; Total logic elements               ; 1,571 / 22,320 ( 7 % )                          ;
;     Total combinational functions  ; 1,504 / 22,320 ( 7 % )                          ;
;     Dedicated logic registers      ; 790 / 22,320 ( 4 % )                            ;
; Total registers                    ; 790                                             ;
; Total pins                         ; 10 / 154 ( 6 % )                                ;
; Total virtual pins                 ; 0                                               ;
; Total memory bits                  ; 0 / 608,256 ( 0 % )                             ;
; Embedded Multiplier 9-bit elements ; 0 / 132 ( 0 % )                                 ;
; Total PLLs                         ; 1 / 4 ( 25 % )                                  ;
+------------------------------------+-------------------------------------------------+


+------------------------------------------------------------------------------------------------------------------------------------------------------------+
; Fitter Settings                                                                                                                                            ;
+----------------------------------------------------------------------------+---------------------------------------+---------------------------------------+
; Option                                                                     ; Setting                               ; Default Value                         ;
+----------------------------------------------------------------------------+---------------------------------------+---------------------------------------+
; Device                                                                     ; EP4CE22F17C6                          ;                                       ;
; Nominal Core Supply Voltage                                                ; 1.2V                                  ;                                       ;
; Minimum Core Junction Temperature                                          ; 0                                     ;                                       ;
; Maximum Core Junction Temperature                                          ; 85                                    ;                                       ;
; Fit Attempts to Skip                                                       ; 0                                     ; 0.0                                   ;
; Device I/O Standard                                                        ; 2.5 V                                 ;                                       ;
; Use smart compilation                                                      ; Off                                   ; Off                                   ;
; Enable parallel Assembler and TimeQuest Timing Analyzer during compilation ; On                                    ; On                                    ;
; Enable compact report table                                                ; Off                                   ; Off                                   ;
; Auto Merge PLLs                                                            ; On                                    ; On                                    ;
; Router Timing Optimization Level                                           ; Normal                                ; Normal                                ;
; Perform Clocking Topology Analysis During Routing                          ; Off                                   ; Off                                   ;
; Placement Effort Multiplier                                                ; 1.0                                   ; 1.0                                   ;
; Router Effort Multiplier                                                   ; 1.0                                   ; 1.0                                   ;
; Optimize Hold Timing                                                       ; All Paths                             ; All Paths                             ;
; Optimize Multi-Corner Timing                                               ; On                                    ; On                                    ;
; PowerPlay Power Optimization                                               ; Normal compilation                    ; Normal compilation                    ;
; SSN Optimization                                                           ; Off                                   ; Off                                   ;
; Optimize Timing                                                            ; Normal compilation                    ; Normal compilation                    ;
; Optimize Timing for ECOs                                                   ; Off                                   ; Off                                   ;
; Regenerate full fit report during ECO compiles                             ; Off                                   ; Off                                   ;
; Optimize IOC Register Placement for Timing                                 ; Normal                                ; Normal                                ;
; Limit to One Fitting Attempt                                               ; Off                                   ; Off                                   ;
; Final Placement Optimizations                                              ; Automatically                         ; Automatically                         ;
; Fitter Aggressive Routability Optimizations                                ; Automatically                         ; Automatically                         ;
; Fitter Initial Placement Seed                                              ; 1                                     ; 1                                     ;
; PCI I/O                                                                    ; Off                                   ; Off                                   ;
; Weak Pull-Up Resistor                                                      ; Off                                   ; Off                                   ;
; Enable Bus-Hold Circuitry                                                  ; Off                                   ; Off                                   ;
; Auto Packed Registers                                                      ; Auto                                  ; Auto                                  ;
; Auto Delay Chains                                                          ; On                                    ; On                                    ;
; Auto Delay Chains for High Fanout Input Pins                               ; Off                                   ; Off                                   ;
; Allow Single-ended Buffer for Differential-XSTL Input                      ; Off                                   ; Off                                   ;
; Treat Bidirectional Pin as Output Pin                                      ; Off                                   ; Off                                   ;
; Perform Physical Synthesis for Combinational Logic for Fitting             ; Off                                   ; Off                                   ;
; Perform Physical Synthesis for Combinational Logic for Performance         ; Off                                   ; Off                                   ;
; Perform Register Duplication for Performance                               ; Off                                   ; Off                                   ;
; Perform Logic to Memory Mapping for Fitting                                ; Off                                   ; Off                                   ;
; Perform Register Retiming for Performance                                  ; Off                                   ; Off                                   ;
; Perform Asynchronous Signal Pipelining                                     ; Off                                   ; Off                                   ;
; Fitter Effort                                                              ; Auto Fit                              ; Auto Fit                              ;
; Physical Synthesis Effort Level                                            ; Normal                                ; Normal                                ;
; Logic Cell Insertion - Logic Duplication                                   ; Auto                                  ; Auto                                  ;
; Auto Register Duplication                                                  ; Auto                                  ; Auto                                  ;
; Auto Global Clock                                                          ; On                                    ; On                                    ;
; Auto Global Register Control Signals                                       ; On                                    ; On                                    ;
; Reserve all unused pins                                                    ; As input tri-stated with weak pull-up ; As input tri-stated with weak pull-up ;
; Synchronizer Identification                                                ; Off                                   ; Off                                   ;
; Enable Beneficial Skew Optimization                                        ; On                                    ; On                                    ;
; Optimize Design for Metastability                                          ; On                                    ; On                                    ;
; Force Fitter to Avoid Periphery Placement Warnings                         ; Off                                   ; Off                                   ;
; Enable input tri-state on active configuration pins in user mode           ; Off                                   ; Off                                   ;
+----------------------------------------------------------------------------+---------------------------------------+---------------------------------------+


Parallel compilation was disabled, but you have multiple processors available. Enable parallel compilation to reduce compilation time.
+-------------------------------------+
; Parallel Compilation                ;
+----------------------------+--------+
; Processors                 ; Number ;
+----------------------------+--------+
; Number detected on machine ; 2      ;
; Maximum allowed            ; 1      ;
+----------------------------+--------+


+-------------------------------------------------+
; I/O Assignment Warnings                         ;
+----------+--------------------------------------+
; Pin Name ; Reason                               ;
+----------+--------------------------------------+
; Y        ; Missing drive strength and slew rate ;
; C1       ; Missing drive strength and slew rate ;
; C2       ; Missing drive strength and slew rate ;
; C3       ; Missing drive strength and slew rate ;
; C4       ; Missing drive strength and slew rate ;
+----------+--------------------------------------+


+----------------------------------------------------------------------------------------+
; Ignored Assignments                                                                    ;
+----------+----------------+--------------+------------+---------------+----------------+
; Name     ; Ignored Entity ; Ignored From ; Ignored To ; Ignored Value ; Ignored Source ;
+----------+----------------+--------------+------------+---------------+----------------+
; Location ;                ;              ; pin_name1  ; PIN_D1        ; QSF Assignment ;
+----------+----------------+--------------+------------+---------------+----------------+


+----------------------------------------------+
; Incremental Compilation Preservation Summary ;
+---------------------+------------------------+
; Type                ; Value                  ;
+---------------------+------------------------+
; Placement (by node) ;                        ;
;     -- Requested    ; 0 / 2330 ( 0.00 % )    ;
;     -- Achieved     ; 0 / 2330 ( 0.00 % )    ;
;                     ;                        ;
; Routing (by net)    ;                        ;
;     -- Requested    ; 0 / 0 ( 0.00 % )       ;
;     -- Achieved     ; 0 / 0 ( 0.00 % )       ;
+---------------------+------------------------+


+----------------------------------------------------------------------------------------------------------------------------------------------------------------------------------------+
; Incremental Compilation Partition Settings                                                                                                                                             ;
+--------------------------------+----------------+-------------------+-------------------------+------------------------+------------------------------+--------------------------------+
; Partition Name                 ; Partition Type ; Netlist Type Used ; Preservation Level Used ; Netlist Type Requested ; Preservation Level Requested ; Contents                       ;
+--------------------------------+----------------+-------------------+-------------------------+------------------------+------------------------------+--------------------------------+
; Top                            ; User-created   ; Source File       ; N/A                     ; Source File            ; N/A                          ;                                ;
; hard_block:auto_generated_inst ; Auto-generated ; Source File       ; N/A                     ; Source File            ; N/A                          ; hard_block:auto_generated_inst ;
+--------------------------------+----------------+-------------------+-------------------------+------------------------+------------------------------+--------------------------------+


+------------------------------------------------------------------------------------------------------------+
; Incremental Compilation Placement Preservation                                                             ;
+--------------------------------+---------+-------------------+-------------------------+-------------------+
; Partition Name                 ; # Nodes ; # Preserved Nodes ; Preservation Level Used ; Netlist Type Used ;
+--------------------------------+---------+-------------------+-------------------------+-------------------+
; Top                            ; 2316    ; 0                 ; N/A                     ; Source File       ;
; hard_block:auto_generated_inst ; 14      ; 0                 ; N/A                     ; Source File       ;
+--------------------------------+---------+-------------------+-------------------------+-------------------+


+--------------+
; Pin-Out File ;
+--------------+
The pin-out file can be found in C:/Users/iniak/Documents/facu/TYDD2/lab2/TATETI/tatetifinalboss/output_files/proyecto_final.pin.


+----------------------------------------------------------------------+
; Fitter Resource Usage Summary                                        ;
+---------------------------------------------+------------------------+
; Resource                                    ; Usage                  ;
+---------------------------------------------+------------------------+
; Total logic elements                        ; 1,571 / 22,320 ( 7 % ) ;
;     -- Combinational with no register       ; 781                    ;
;     -- Register only                        ; 67                     ;
;     -- Combinational with a register        ; 723                    ;
;                                             ;                        ;
; Logic element usage by number of LUT inputs ;                        ;
;     -- 4 input functions                    ; 604                    ;
;     -- 3 input functions                    ; 434                    ;
;     -- <=2 input functions                  ; 466                    ;
;     -- Register only                        ; 67                     ;
;                                             ;                        ;
; Logic elements by mode                      ;                        ;
;     -- normal mode                          ; 1486                   ;
;     -- arithmetic mode                      ; 18                     ;
;                                             ;                        ;
; Total registers*                            ; 790 / 23,018 ( 3 % )   ;
;     -- Dedicated logic registers            ; 790 / 22,320 ( 4 % )   ;
;     -- I/O registers                        ; 0 / 698 ( 0 % )        ;
;                                             ;                        ;
; Total LABs:  partially or completely used   ; 115 / 1,395 ( 8 % )    ;
; Virtual pins                                ; 0                      ;
; I/O pins                                    ; 10 / 154 ( 6 % )       ;
;     -- Clock pins                           ; 1 / 7 ( 14 % )         ;
;     -- Dedicated input pins                 ; 0 / 9 ( 0 % )          ;
;                                             ;                        ;
; Global signals                              ; 6                      ;
; M9Ks                                        ; 0 / 66 ( 0 % )         ;
; Total block memory bits                     ; 0 / 608,256 ( 0 % )    ;
; Total block memory implementation bits      ; 0 / 608,256 ( 0 % )    ;
; Embedded Multiplier 9-bit elements          ; 0 / 132 ( 0 % )        ;
; PLLs                                        ; 1 / 4 ( 25 % )         ;
; Global clocks                               ; 6 / 20 ( 30 % )        ;
; JTAGs                                       ; 0 / 1 ( 0 % )          ;
; CRC blocks                                  ; 0 / 1 ( 0 % )          ;
; ASMI blocks                                 ; 0 / 1 ( 0 % )          ;
; Impedance control blocks                    ; 0 / 4 ( 0 % )          ;
; Average interconnect usage (total/H/V)      ; 1% / 1% / 1%           ;
; Peak interconnect usage (total/H/V)         ; 17% / 16% / 18%        ;
; Maximum fan-out                             ; 687                    ;
; Highest non-global fan-out                  ; 316                    ;
; Total fan-out                               ; 7092                   ;
; Average fan-out                             ; 2.98                   ;
+---------------------------------------------+------------------------+
*  Register count does not include registers inside RAM blocks or DSP blocks.



+-----------------------------------------------------------------------------------------------------+
; Fitter Partition Statistics                                                                         ;
+---------------------------------------------+----------------------+--------------------------------+
; Statistic                                   ; Top                  ; hard_block:auto_generated_inst ;
+---------------------------------------------+----------------------+--------------------------------+
; Difficulty Clustering Region                ; Low                  ; Low                            ;
;                                             ;                      ;                                ;
; Total logic elements                        ; 1571 / 22320 ( 7 % ) ; 0 / 22320 ( 0 % )              ;
;     -- Combinational with no register       ; 781                  ; 0                              ;
;     -- Register only                        ; 67                   ; 0                              ;
;     -- Combinational with a register        ; 723                  ; 0                              ;
;                                             ;                      ;                                ;
; Logic element usage by number of LUT inputs ;                      ;                                ;
;     -- 4 input functions                    ; 604                  ; 0                              ;
;     -- 3 input functions                    ; 434                  ; 0                              ;
;     -- <=2 input functions                  ; 466                  ; 0                              ;
;     -- Register only                        ; 67                   ; 0                              ;
;                                             ;                      ;                                ;
; Logic elements by mode                      ;                      ;                                ;
;     -- normal mode                          ; 1486                 ; 0                              ;
;     -- arithmetic mode                      ; 18                   ; 0                              ;
;                                             ;                      ;                                ;
; Total registers                             ; 790                  ; 0                              ;
;     -- Dedicated logic registers            ; 790 / 22320 ( 4 % )  ; 0 / 22320 ( 0 % )              ;
;                                             ;                      ;                                ;
; Total LABs:  partially or completely used   ; 115 / 1395 ( 8 % )   ; 0 / 1395 ( 0 % )               ;
;                                             ;                      ;                                ;
; Virtual pins                                ; 0                    ; 0                              ;
; I/O pins                                    ; 10                   ; 0                              ;
; Embedded Multiplier 9-bit elements          ; 0 / 132 ( 0 % )      ; 0 / 132 ( 0 % )                ;
; Total memory bits                           ; 0                    ; 0                              ;
; Total RAM block bits                        ; 0                    ; 0                              ;
; PLL                                         ; 0 / 4 ( 0 % )        ; 1 / 4 ( 25 % )                 ;
; Clock control block                         ; 3 / 24 ( 12 % )      ; 3 / 24 ( 12 % )                ;
;                                             ;                      ;                                ;
; Connections                                 ;                      ;                                ;
;     -- Input Connections                    ; 691                  ; 1                              ;
;     -- Registered Input Connections         ; 686                  ; 0                              ;
;     -- Output Connections                   ; 1                    ; 691                            ;
;     -- Registered Output Connections        ; 0                    ; 0                              ;
;                                             ;                      ;                                ;
; Internal Connections                        ;                      ;                                ;
;     -- Total Connections                    ; 7083                 ; 701                            ;
;     -- Registered Connections               ; 2854                 ; 0                              ;
;                                             ;                      ;                                ;
; External Connections                        ;                      ;                                ;
;     -- Top                                  ; 0                    ; 692                            ;
;     -- hard_block:auto_generated_inst       ; 692                  ; 0                              ;
;                                             ;                      ;                                ;
; Partition Interface                         ;                      ;                                ;
;     -- Input Ports                          ; 5                    ; 1                              ;
;     -- Output Ports                         ; 5                    ; 4                              ;
;     -- Bidir Ports                          ; 0                    ; 0                              ;
;                                             ;                      ;                                ;
; Registered Ports                            ;                      ;                                ;
;     -- Registered Input Ports               ; 0                    ; 0                              ;
;     -- Registered Output Ports              ; 0                    ; 0                              ;
;                                             ;                      ;                                ;
; Port Connectivity                           ;                      ;                                ;
;     -- Input Ports driven by GND            ; 0                    ; 0                              ;
;     -- Output Ports driven by GND           ; 0                    ; 0                              ;
;     -- Input Ports driven by VCC            ; 0                    ; 0                              ;
;     -- Output Ports driven by VCC           ; 0                    ; 0                              ;
;     -- Input Ports with no Source           ; 0                    ; 0                              ;
;     -- Output Ports with no Source          ; 0                    ; 0                              ;
;     -- Input Ports with no Fanout           ; 0                    ; 0                              ;
;     -- Output Ports with no Fanout          ; 0                    ; 0                              ;
+---------------------------------------------+----------------------+--------------------------------+


+-----------------------------------------------------------------------------------------------------------------------------------------------------------------------------------------------------------------------------------------------------------------------------+
; Input Pins                                                                                                                                                                                                                                                                  ;
+--------+-------+----------+--------------+--------------+--------------+-----------------------+--------------------+--------+----------------+---------------+-----------------+----------+--------------+--------------+---------------------------+----------------------+
; Name   ; Pin # ; I/O Bank ; X coordinate ; Y coordinate ; Z coordinate ; Combinational Fan-Out ; Registered Fan-Out ; Global ; Input Register ; Power Up High ; PCI I/O Enabled ; Bus Hold ; Weak Pull Up ; I/O Standard ; Termination Control Block ; Location assigned by ;
+--------+-------+----------+--------------+--------------+--------------+-----------------------+--------------------+--------+----------------+---------------+-----------------+----------+--------------+--------------+---------------------------+----------------------+
; R1     ; C6    ; 8        ; 18           ; 34           ; 21           ; 27                    ; 0                  ; no     ; no             ; no            ; yes             ; no       ; Off          ; 2.5 V        ; --                        ; User                 ;
; R2     ; D6    ; 8        ; 9            ; 34           ; 7            ; 28                    ; 0                  ; no     ; no             ; no            ; yes             ; no       ; Off          ; 2.5 V        ; --                        ; User                 ;
; R3     ; A6    ; 8        ; 16           ; 34           ; 0            ; 26                    ; 0                  ; no     ; no             ; no            ; yes             ; no       ; Off          ; 2.5 V        ; --                        ; User                 ;
; R4     ; D5    ; 8        ; 5            ; 34           ; 14           ; 16                    ; 0                  ; no     ; no             ; no            ; yes             ; no       ; Off          ; 2.5 V        ; --                        ; User                 ;
; inclk0 ; R8    ; 3        ; 27           ; 0            ; 21           ; 97                    ; 0                  ; yes    ; no             ; no            ; yes             ; no       ; Off          ; 2.5 V        ; --                        ; User                 ;
+--------+-------+----------+--------------+--------------+--------------+-----------------------+--------------------+--------+----------------+---------------+-----------------+----------+--------------+--------------+---------------------------+----------------------+


+-------------------------------------------------------------------------------------------------------------------------------------------------------------------------------------------------------------------------------------------------------------------------------------------------------------------------------------------------------------------------------------------------------------------------------------------------------+
; Output Pins                                                                                                                                                                                                                                                                                                                                                                                                                                           ;
+------+-------+----------+--------------+--------------+--------------+-----------------+------------------------+---------------+-----------+-----------------+------------+---------------+----------+--------------+--------------+------------------+-----------------------------------+---------------------------+----------------------------+-----------------------------+----------------------+----------------------+---------------------+
; Name ; Pin # ; I/O Bank ; X coordinate ; Y coordinate ; Z coordinate ; Output Register ; Output Enable Register ; Power Up High ; Slew Rate ; PCI I/O Enabled ; Open Drain ; TRI Primitive ; Bus Hold ; Weak Pull Up ; I/O Standard ; Current Strength ; Termination                       ; Termination Control Block ; Output Buffer Pre-emphasis ; Voltage Output Differential ; Location assigned by ; Output Enable Source ; Output Enable Group ;
+------+-------+----------+--------------+--------------+--------------+-----------------+------------------------+---------------+-----------+-----------------+------------+---------------+----------+--------------+--------------+------------------+-----------------------------------+---------------------------+----------------------------+-----------------------------+----------------------+----------------------+---------------------+
; C1   ; E6    ; 8        ; 14           ; 34           ; 14           ; no              ; no                     ; no            ; 2         ; yes             ; no         ; yes           ; no       ; Off          ; 2.5 V        ; Default          ; Series 50 Ohm without Calibration ; --                        ; no                         ; no                          ; User                 ; -                    ; -                   ;
; C2   ; D8    ; 8        ; 23           ; 34           ; 21           ; no              ; no                     ; no            ; 2         ; yes             ; no         ; yes           ; no       ; Off          ; 2.5 V        ; Default          ; Series 50 Ohm without Calibration ; --                        ; no                         ; no                          ; User                 ; -                    ; -                   ;
; C3   ; F8    ; 8        ; 20           ; 34           ; 14           ; no              ; no                     ; no            ; 2         ; yes             ; no         ; yes           ; no       ; Off          ; 2.5 V        ; Default          ; Series 50 Ohm without Calibration ; --                        ; no                         ; no                          ; User                 ; -                    ; -                   ;
; C4   ; E9    ; 7        ; 29           ; 34           ; 14           ; no              ; no                     ; no            ; 2         ; yes             ; no         ; yes           ; no       ; Off          ; 2.5 V        ; Default          ; Series 50 Ohm without Calibration ; --                        ; no                         ; no                          ; User                 ; -                    ; -                   ;
; Y    ; D3    ; 8        ; 1            ; 34           ; 7            ; no              ; no                     ; no            ; 2         ; no              ; no         ; no            ; no       ; Off          ; 2.5 V        ; Default          ; Series 50 Ohm without Calibration ; --                        ; no                         ; no                          ; User                 ; -                    ; -                   ;
+------+-------+----------+--------------+--------------+--------------+-----------------+------------------------+---------------+-----------+-----------------+------------+---------------+----------+--------------+--------------+------------------+-----------------------------------+---------------------------+----------------------------+-----------------------------+----------------------+----------------------+---------------------+


+-------------------------------------------------------------------------------------------------------------------------------------+
; Dual Purpose and Dedicated Pins                                                                                                     ;
+----------+-----------------------------------------+--------------------------+-------------------------+---------------------------+
; Location ; Pin Name                                ; Reserved As              ; User Signal Name        ; Pin Type                  ;
+----------+-----------------------------------------+--------------------------+-------------------------+---------------------------+
; C1       ; DIFFIO_L3n, DATA1, ASDO                 ; As input tri-stated      ; ~ALTERA_ASDO_DATA1~     ; Dual Purpose Pin          ;
; D2       ; DIFFIO_L4p, FLASH_nCE, nCSO             ; As input tri-stated      ; ~ALTERA_FLASH_nCE_nCSO~ ; Dual Purpose Pin          ;
; F4       ; nSTATUS                                 ; -                        ; -                       ; Dedicated Programming Pin ;
; H1       ; DCLK                                    ; As output driving ground ; ~ALTERA_DCLK~           ; Dual Purpose Pin          ;
; H2       ; DATA0                                   ; As input tri-stated      ; ~ALTERA_DATA0~          ; Dual Purpose Pin          ;
; H5       ; nCONFIG                                 ; -                        ; -                       ; Dedicated Programming Pin ;
; J3       ; nCE                                     ; -                        ; -                       ; Dedicated Programming Pin ;
; H14      ; CONF_DONE                               ; -                        ; -                       ; Dedicated Programming Pin ;
; H13      ; MSEL0                                   ; -                        ; -                       ; Dedicated Programming Pin ;
; H12      ; MSEL1                                   ; -                        ; -                       ; Dedicated Programming Pin ;
; G12      ; MSEL2                                   ; -                        ; -                       ; Dedicated Programming Pin ;
; G12      ; MSEL3                                   ; -                        ; -                       ; Dedicated Programming Pin ;
; F16      ; DIFFIO_R4n, nCEO                        ; Use as programming pin   ; ~ALTERA_nCEO~           ; Dual Purpose Pin          ;
; E9       ; DIFFIO_T13p, PADD12, DQS4T/CQ5T,DPCLK9  ; Use as regular IO        ; C4                      ; Dual Purpose Pin          ;
; F8       ; DIFFIO_T10p, DATA3                      ; Use as regular IO        ; C3                      ; Dual Purpose Pin          ;
; A6       ; DIFFIO_T7n, DATA14, DQS3T/CQ3T#,DPCLK11 ; Use as regular IO        ; R3                      ; Dual Purpose Pin          ;
; E6       ; DIFFIO_T6p, DATA6                       ; Use as regular IO        ; C1                      ; Dual Purpose Pin          ;
; D6       ; DIFFIO_T4n, DATA9                       ; Use as regular IO        ; R2                      ; Dual Purpose Pin          ;
+----------+-----------------------------------------+--------------------------+-------------------------+---------------------------+


+-----------------------------------------------------------+
; I/O Bank Usage                                            ;
+----------+-----------------+---------------+--------------+
; I/O Bank ; Usage           ; VCCIO Voltage ; VREF Voltage ;
+----------+-----------------+---------------+--------------+
; 1        ; 4 / 14 ( 29 % ) ; 2.5V          ; --           ;
; 2        ; 0 / 16 ( 0 % )  ; 2.5V          ; --           ;
; 3        ; 1 / 25 ( 4 % )  ; 2.5V          ; --           ;
; 4        ; 0 / 20 ( 0 % )  ; 2.5V          ; --           ;
; 5        ; 0 / 18 ( 0 % )  ; 2.5V          ; --           ;
; 6        ; 1 / 13 ( 8 % )  ; 2.5V          ; --           ;
; 7        ; 1 / 24 ( 4 % )  ; 2.5V          ; --           ;
; 8        ; 8 / 24 ( 33 % ) ; 2.5V          ; --           ;
+----------+-----------------+---------------+--------------+


+-----------------------------------------------------------------------------------------------------------------------------------------------------------------------------------------+
; All Package Pins                                                                                                                                                                        ;
+----------+------------+----------+-----------------------------------------------------------+--------+--------------+---------+------------+-----------------+----------+--------------+
; Location ; Pad Number ; I/O Bank ; Pin Name/Usage                                            ; Dir.   ; I/O Standard ; Voltage ; I/O Type   ; User Assignment ; Bus Hold ; Weak Pull Up ;
+----------+------------+----------+-----------------------------------------------------------+--------+--------------+---------+------------+-----------------+----------+--------------+
; A1       ;            ; 8        ; VCCIO8                                                    ; power  ;              ; 2.5V    ; --         ;                 ; --       ; --           ;
; A2       ; 238        ; 8        ; RESERVED_INPUT_WITH_WEAK_PULLUP                           ;        ;              ;         ; Column I/O ;                 ; no       ; On           ;
; A3       ; 239        ; 8        ; RESERVED_INPUT_WITH_WEAK_PULLUP                           ;        ;              ;         ; Column I/O ;                 ; no       ; On           ;
; A4       ; 236        ; 8        ; RESERVED_INPUT_WITH_WEAK_PULLUP                           ;        ;              ;         ; Column I/O ;                 ; no       ; On           ;
; A5       ; 232        ; 8        ; RESERVED_INPUT_WITH_WEAK_PULLUP                           ;        ;              ;         ; Column I/O ;                 ; no       ; On           ;
; A6       ; 225        ; 8        ; R3                                                        ; input  ; 2.5 V        ;         ; Column I/O ; Y               ; no       ; Off          ;
; A7       ; 220        ; 8        ; RESERVED_INPUT_WITH_WEAK_PULLUP                           ;        ;              ;         ; Column I/O ;                 ; no       ; On           ;
; A8       ; 211        ; 8        ; GND+                                                      ;        ;              ;         ; Column I/O ;                 ; --       ; --           ;
; A9       ; 209        ; 7        ; GND+                                                      ;        ;              ;         ; Column I/O ;                 ; --       ; --           ;
; A10      ; 198        ; 7        ; RESERVED_INPUT_WITH_WEAK_PULLUP                           ;        ;              ;         ; Column I/O ;                 ; no       ; On           ;
; A11      ; 188        ; 7        ; RESERVED_INPUT_WITH_WEAK_PULLUP                           ;        ;              ;         ; Column I/O ;                 ; no       ; On           ;
; A12      ; 186        ; 7        ; RESERVED_INPUT_WITH_WEAK_PULLUP                           ;        ;              ;         ; Column I/O ;                 ; no       ; On           ;
; A13      ; 179        ; 7        ; RESERVED_INPUT_WITH_WEAK_PULLUP                           ;        ;              ;         ; Column I/O ;                 ; no       ; On           ;
; A14      ; 181        ; 7        ; RESERVED_INPUT_WITH_WEAK_PULLUP                           ;        ;              ;         ; Column I/O ;                 ; no       ; On           ;
; A15      ; 191        ; 7        ; RESERVED_INPUT_WITH_WEAK_PULLUP                           ;        ;              ;         ; Column I/O ;                 ; no       ; On           ;
; A16      ;            ; 7        ; VCCIO7                                                    ; power  ;              ; 2.5V    ; --         ;                 ; --       ; --           ;
; B1       ; 5          ; 1        ; RESERVED_INPUT_WITH_WEAK_PULLUP                           ;        ;              ;         ; Row I/O    ;                 ; no       ; On           ;
; B2       ;            ;          ; GND                                                       ; gnd    ;              ;         ; --         ;                 ; --       ; --           ;
; B3       ; 242        ; 8        ; RESERVED_INPUT_WITH_WEAK_PULLUP                           ;        ;              ;         ; Column I/O ;                 ; no       ; On           ;
; B4       ; 237        ; 8        ; RESERVED_INPUT_WITH_WEAK_PULLUP                           ;        ;              ;         ; Column I/O ;                 ; no       ; On           ;
; B5       ; 233        ; 8        ; RESERVED_INPUT_WITH_WEAK_PULLUP                           ;        ;              ;         ; Column I/O ;                 ; no       ; On           ;
; B6       ; 226        ; 8        ; RESERVED_INPUT_WITH_WEAK_PULLUP                           ;        ;              ;         ; Column I/O ;                 ; no       ; On           ;
; B7       ; 221        ; 8        ; RESERVED_INPUT_WITH_WEAK_PULLUP                           ;        ;              ;         ; Column I/O ;                 ; no       ; On           ;
; B8       ; 212        ; 8        ; GND+                                                      ;        ;              ;         ; Column I/O ;                 ; --       ; --           ;
; B9       ; 210        ; 7        ; GND+                                                      ;        ;              ;         ; Column I/O ;                 ; --       ; --           ;
; B10      ; 199        ; 7        ; RESERVED_INPUT_WITH_WEAK_PULLUP                           ;        ;              ;         ; Column I/O ;                 ; no       ; On           ;
; B11      ; 189        ; 7        ; RESERVED_INPUT_WITH_WEAK_PULLUP                           ;        ;              ;         ; Column I/O ;                 ; no       ; On           ;
; B12      ; 187        ; 7        ; RESERVED_INPUT_WITH_WEAK_PULLUP                           ;        ;              ;         ; Column I/O ;                 ; no       ; On           ;
; B13      ; 180        ; 7        ; RESERVED_INPUT_WITH_WEAK_PULLUP                           ;        ;              ;         ; Column I/O ;                 ; no       ; On           ;
; B14      ; 182        ; 7        ; RESERVED_INPUT_WITH_WEAK_PULLUP                           ;        ;              ;         ; Column I/O ;                 ; no       ; On           ;
; B15      ;            ;          ; GND                                                       ; gnd    ;              ;         ; --         ;                 ; --       ; --           ;
; B16      ; 164        ; 6        ; RESERVED_INPUT_WITH_WEAK_PULLUP                           ;        ;              ;         ; Row I/O    ;                 ; no       ; On           ;
; C1       ; 7          ; 1        ; ~ALTERA_ASDO_DATA1~ / RESERVED_INPUT_WITH_WEAK_PULLUP     ; input  ; 2.5 V        ;         ; Row I/O    ; N               ; no       ; On           ;
; C2       ; 6          ; 1        ; RESERVED_INPUT_WITH_WEAK_PULLUP                           ;        ;              ;         ; Row I/O    ;                 ; no       ; On           ;
; C3       ; 245        ; 8        ; RESERVED_INPUT_WITH_WEAK_PULLUP                           ;        ;              ;         ; Column I/O ;                 ; no       ; On           ;
; C4       ;            ; 8        ; VCCIO8                                                    ; power  ;              ; 2.5V    ; --         ;                 ; --       ; --           ;
; C5       ;            ;          ; GND                                                       ; gnd    ;              ;         ; --         ;                 ; --       ; --           ;
; C6       ; 224        ; 8        ; R1                                                        ; input  ; 2.5 V        ;         ; Column I/O ; Y               ; no       ; Off          ;
; C7       ;            ; 8        ; VCCIO8                                                    ; power  ;              ; 2.5V    ; --         ;                 ; --       ; --           ;
; C8       ; 215        ; 8        ; RESERVED_INPUT_WITH_WEAK_PULLUP                           ;        ;              ;         ; Column I/O ;                 ; no       ; On           ;
; C9       ; 200        ; 7        ; RESERVED_INPUT_WITH_WEAK_PULLUP                           ;        ;              ;         ; Column I/O ;                 ; no       ; On           ;
; C10      ;            ; 7        ; VCCIO7                                                    ; power  ;              ; 2.5V    ; --         ;                 ; --       ; --           ;
; C11      ; 190        ; 7        ; RESERVED_INPUT_WITH_WEAK_PULLUP                           ;        ;              ;         ; Column I/O ;                 ; --       ; --           ;
; C12      ;            ;          ; GND                                                       ; gnd    ;              ;         ; --         ;                 ; --       ; --           ;
; C13      ;            ; 7        ; VCCIO7                                                    ; power  ;              ; 2.5V    ; --         ;                 ; --       ; --           ;
; C14      ; 175        ; 7        ; RESERVED_INPUT_WITH_WEAK_PULLUP                           ;        ;              ;         ; Column I/O ;                 ; no       ; On           ;
; C15      ; 174        ; 6        ; RESERVED_INPUT_WITH_WEAK_PULLUP                           ;        ;              ;         ; Row I/O    ;                 ; no       ; On           ;
; C16      ; 173        ; 6        ; RESERVED_INPUT_WITH_WEAK_PULLUP                           ;        ;              ;         ; Row I/O    ;                 ; no       ; On           ;
; D1       ; 10         ; 1        ; RESERVED_INPUT_WITH_WEAK_PULLUP                           ;        ;              ;         ; Row I/O    ;                 ; no       ; On           ;
; D2       ; 9          ; 1        ; ~ALTERA_FLASH_nCE_nCSO~ / RESERVED_INPUT_WITH_WEAK_PULLUP ; input  ; 2.5 V        ;         ; Row I/O    ; N               ; no       ; On           ;
; D3       ; 246        ; 8        ; Y                                                         ; output ; 2.5 V        ;         ; Column I/O ; Y               ; no       ; Off          ;
; D4       ;            ;          ; VCCD_PLL3                                                 ; power  ;              ; 1.2V    ; --         ;                 ; --       ; --           ;
; D5       ; 241        ; 8        ; R4                                                        ; input  ; 2.5 V        ;         ; Column I/O ; Y               ; no       ; Off          ;
; D6       ; 234        ; 8        ; R2                                                        ; input  ; 2.5 V        ;         ; Column I/O ; Y               ; no       ; Off          ;
; D7       ;            ;          ; GND                                                       ; gnd    ;              ;         ; --         ;                 ; --       ; --           ;
; D8       ; 216        ; 8        ; C2                                                        ; output ; 2.5 V        ;         ; Column I/O ; Y               ; no       ; Off          ;
; D9       ; 201        ; 7        ; RESERVED_INPUT_WITH_WEAK_PULLUP                           ;        ;              ;         ; Column I/O ;                 ; no       ; On           ;
; D10      ;            ;          ; GND                                                       ; gnd    ;              ;         ; --         ;                 ; --       ; --           ;
; D11      ; 177        ; 7        ; RESERVED_INPUT_WITH_WEAK_PULLUP                           ;        ;              ;         ; Column I/O ;                 ; no       ; On           ;
; D12      ; 178        ; 7        ; RESERVED_INPUT_WITH_WEAK_PULLUP                           ;        ;              ;         ; Column I/O ;                 ; no       ; On           ;
; D13      ;            ;          ; VCCD_PLL2                                                 ; power  ;              ; 1.2V    ; --         ;                 ; --       ; --           ;
; D14      ; 176        ; 7        ; RESERVED_INPUT_WITH_WEAK_PULLUP                           ;        ;              ;         ; Column I/O ;                 ; no       ; On           ;
; D15      ; 170        ; 6        ; RESERVED_INPUT_WITH_WEAK_PULLUP                           ;        ;              ;         ; Row I/O    ;                 ; no       ; On           ;
; D16      ; 169        ; 6        ; RESERVED_INPUT_WITH_WEAK_PULLUP                           ;        ;              ;         ; Row I/O    ;                 ; no       ; On           ;
; E1       ; 26         ; 1        ; GND+                                                      ;        ;              ;         ; Row I/O    ;                 ; --       ; --           ;
; E2       ;            ;          ; GND                                                       ; gnd    ;              ;         ; --         ;                 ; --       ; --           ;
; E3       ;            ; 1        ; VCCIO1                                                    ; power  ;              ; 2.5V    ; --         ;                 ; --       ; --           ;
; E4       ;            ;          ; GND                                                       ; gnd    ;              ;         ; --         ;                 ; --       ; --           ;
; E5       ;            ;          ; GNDA3                                                     ; gnd    ;              ;         ; --         ;                 ; --       ; --           ;
; E6       ; 231        ; 8        ; C1                                                        ; output ; 2.5 V        ;         ; Column I/O ; Y               ; no       ; Off          ;
; E7       ; 227        ; 8        ; RESERVED_INPUT_WITH_WEAK_PULLUP                           ;        ;              ;         ; Column I/O ;                 ; no       ; On           ;
; E8       ; 218        ; 8        ; RESERVED_INPUT_WITH_WEAK_PULLUP                           ;        ;              ;         ; Column I/O ;                 ; no       ; On           ;
; E9       ; 205        ; 7        ; C4                                                        ; output ; 2.5 V        ;         ; Column I/O ; Y               ; no       ; Off          ;
; E10      ; 184        ; 7        ; RESERVED_INPUT_WITH_WEAK_PULLUP                           ;        ;              ;         ; Column I/O ;                 ; no       ; On           ;
; E11      ; 183        ; 7        ; RESERVED_INPUT_WITH_WEAK_PULLUP                           ;        ;              ;         ; Column I/O ;                 ; no       ; On           ;
; E12      ;            ;          ; GNDA2                                                     ; gnd    ;              ;         ; --         ;                 ; --       ; --           ;
; E13      ;            ;          ; GND                                                       ; gnd    ;              ;         ; --         ;                 ; --       ; --           ;
; E14      ;            ; 6        ; VCCIO6                                                    ; power  ;              ; 2.5V    ; --         ;                 ; --       ; --           ;
; E15      ; 151        ; 6        ; GND+                                                      ;        ;              ;         ; Row I/O    ;                 ; --       ; --           ;
; E16      ; 150        ; 6        ; GND+                                                      ;        ;              ;         ; Row I/O    ;                 ; --       ; --           ;
; F1       ; 14         ; 1        ; RESERVED_INPUT_WITH_WEAK_PULLUP                           ;        ;              ;         ; Row I/O    ;                 ; no       ; On           ;
; F2       ; 13         ; 1        ; RESERVED_INPUT_WITH_WEAK_PULLUP                           ;        ;              ;         ; Row I/O    ;                 ; no       ; On           ;
; F3       ; 8          ; 1        ; RESERVED_INPUT_WITH_WEAK_PULLUP                           ;        ;              ;         ; Row I/O    ;                 ; --       ; --           ;
; F4       ; 11         ; 1        ; ^nSTATUS                                                  ;        ;              ;         ; --         ;                 ; --       ; --           ;
; F5       ;            ; --       ; VCCA3                                                     ; power  ;              ; 2.5V    ; --         ;                 ; --       ; --           ;
; F6       ;            ;          ; GND                                                       ; gnd    ;              ;         ; --         ;                 ; --       ; --           ;
; F7       ;            ;          ; VCCINT                                                    ; power  ;              ; 1.2V    ; --         ;                 ; --       ; --           ;
; F8       ; 219        ; 8        ; C3                                                        ; output ; 2.5 V        ;         ; Column I/O ; Y               ; no       ; Off          ;
; F9       ; 197        ; 7        ; RESERVED_INPUT_WITH_WEAK_PULLUP                           ;        ;              ;         ; Column I/O ;                 ; no       ; On           ;
; F10      ;            ;          ; GND                                                       ; gnd    ;              ;         ; --         ;                 ; --       ; --           ;
; F11      ;            ;          ; VCCINT                                                    ; power  ;              ; 1.2V    ; --         ;                 ; --       ; --           ;
; F12      ;            ; --       ; VCCA2                                                     ; power  ;              ; 2.5V    ; --         ;                 ; --       ; --           ;
; F13      ; 161        ; 6        ; RESERVED_INPUT_WITH_WEAK_PULLUP                           ;        ;              ;         ; Row I/O    ;                 ; no       ; On           ;
; F14      ; 167        ; 6        ; RESERVED_INPUT_WITH_WEAK_PULLUP                           ;        ;              ;         ; Row I/O    ;                 ; --       ; --           ;
; F15      ; 163        ; 6        ; RESERVED_INPUT_WITH_WEAK_PULLUP                           ;        ;              ;         ; Row I/O    ;                 ; no       ; On           ;
; F16      ; 162        ; 6        ; ~ALTERA_nCEO~ / RESERVED_OUTPUT_OPEN_DRAIN                ; output ; 2.5 V        ;         ; Row I/O    ; N               ; no       ; Off          ;
; G1       ; 16         ; 1        ; RESERVED_INPUT_WITH_WEAK_PULLUP                           ;        ;              ;         ; Row I/O    ;                 ; no       ; On           ;
; G2       ; 15         ; 1        ; RESERVED_INPUT_WITH_WEAK_PULLUP                           ;        ;              ;         ; Row I/O    ;                 ; no       ; On           ;
; G3       ;            ; 1        ; VCCIO1                                                    ; power  ;              ; 2.5V    ; --         ;                 ; --       ; --           ;
; G4       ;            ;          ; GND                                                       ; gnd    ;              ;         ; --         ;                 ; --       ; --           ;
; G5       ; 12         ; 1        ; RESERVED_INPUT_WITH_WEAK_PULLUP                           ;        ;              ;         ; Row I/O    ;                 ; no       ; On           ;
; G6       ;            ;          ; VCCINT                                                    ; power  ;              ; 1.2V    ; --         ;                 ; --       ; --           ;
; G7       ;            ;          ; VCCINT                                                    ; power  ;              ; 1.2V    ; --         ;                 ; --       ; --           ;
; G8       ;            ;          ; VCCINT                                                    ; power  ;              ; 1.2V    ; --         ;                 ; --       ; --           ;
; G9       ;            ;          ; VCCINT                                                    ; power  ;              ; 1.2V    ; --         ;                 ; --       ; --           ;
; G10      ;            ;          ; VCCINT                                                    ; power  ;              ; 1.2V    ; --         ;                 ; --       ; --           ;
; G11      ;            ;          ; GND                                                       ; gnd    ;              ;         ; --         ;                 ; --       ; --           ;
; G12      ; 155        ; 6        ; ^MSEL2                                                    ;        ;              ;         ; --         ;                 ; --       ; --           ;
; G12      ; 156        ; 6        ; ^MSEL3                                                    ;        ;              ;         ; --         ;                 ; --       ; --           ;
; G13      ;            ;          ; GND                                                       ; gnd    ;              ;         ; --         ;                 ; --       ; --           ;
; G14      ;            ; 6        ; VCCIO6                                                    ; power  ;              ; 2.5V    ; --         ;                 ; --       ; --           ;
; G15      ; 160        ; 6        ; RESERVED_INPUT_WITH_WEAK_PULLUP                           ;        ;              ;         ; Row I/O    ;                 ; no       ; On           ;
; G16      ; 159        ; 6        ; RESERVED_INPUT_WITH_WEAK_PULLUP                           ;        ;              ;         ; Row I/O    ;                 ; no       ; On           ;
; H1       ; 17         ; 1        ; ~ALTERA_DCLK~                                             ; output ; 2.5 V        ;         ; Row I/O    ; N               ; no       ; On           ;
; H2       ; 18         ; 1        ; ~ALTERA_DATA0~ / RESERVED_INPUT_WITH_WEAK_PULLUP          ; input  ; 2.5 V        ;         ; Row I/O    ; N               ; no       ; On           ;
; H3       ; 21         ; 1        ; #TCK                                                      ; input  ;              ;         ; --         ;                 ; --       ; --           ;
; H4       ; 20         ; 1        ; #TDI                                                      ; input  ;              ;         ; --         ;                 ; --       ; --           ;
; H5       ; 19         ; 1        ; ^nCONFIG                                                  ;        ;              ;         ; --         ;                 ; --       ; --           ;
; H6       ;            ;          ; VCCINT                                                    ; power  ;              ; 1.2V    ; --         ;                 ; --       ; --           ;
; H7       ;            ;          ; GND                                                       ; gnd    ;              ;         ; --         ;                 ; --       ; --           ;
; H8       ;            ;          ; GND                                                       ; gnd    ;              ;         ; --         ;                 ; --       ; --           ;
; H9       ;            ;          ; GND                                                       ; gnd    ;              ;         ; --         ;                 ; --       ; --           ;
; H10      ;            ;          ; GND                                                       ; gnd    ;              ;         ; --         ;                 ; --       ; --           ;
; H11      ;            ;          ; VCCINT                                                    ; power  ;              ; 1.2V    ; --         ;                 ; --       ; --           ;
; H12      ; 154        ; 6        ; ^MSEL1                                                    ;        ;              ;         ; --         ;                 ; --       ; --           ;
; H13      ; 153        ; 6        ; ^MSEL0                                                    ;        ;              ;         ; --         ;                 ; --       ; --           ;
; H14      ; 152        ; 6        ; ^CONF_DONE                                                ;        ;              ;         ; --         ;                 ; --       ; --           ;
; H15      ;            ;          ; GND                                                       ; gnd    ;              ;         ; --         ;                 ; --       ; --           ;
; H16      ;            ;          ; GND                                                       ; gnd    ;              ;         ; --         ;                 ; --       ; --           ;
; J1       ; 30         ; 2        ; RESERVED_INPUT_WITH_WEAK_PULLUP                           ;        ;              ;         ; Row I/O    ;                 ; no       ; On           ;
; J2       ; 29         ; 2        ; RESERVED_INPUT_WITH_WEAK_PULLUP                           ;        ;              ;         ; Row I/O    ;                 ; no       ; On           ;
; J3       ; 24         ; 1        ; ^nCE                                                      ;        ;              ;         ; --         ;                 ; --       ; --           ;
; J4       ; 23         ; 1        ; #TDO                                                      ; output ;              ;         ; --         ;                 ; --       ; --           ;
; J5       ; 22         ; 1        ; #TMS                                                      ; input  ;              ;         ; --         ;                 ; --       ; --           ;
; J6       ;            ;          ; VCCINT                                                    ; power  ;              ; 1.2V    ; --         ;                 ; --       ; --           ;
; J7       ;            ;          ; GND                                                       ; gnd    ;              ;         ; --         ;                 ; --       ; --           ;
; J8       ;            ;          ; GND                                                       ; gnd    ;              ;         ; --         ;                 ; --       ; --           ;
; J9       ;            ;          ; GND                                                       ; gnd    ;              ;         ; --         ;                 ; --       ; --           ;
; J10      ;            ;          ; GND                                                       ; gnd    ;              ;         ; --         ;                 ; --       ; --           ;
; J11      ;            ;          ; GND                                                       ; gnd    ;              ;         ; --         ;                 ; --       ; --           ;
; J12      ;            ;          ; VCCINT                                                    ; power  ;              ; 1.2V    ; --         ;                 ; --       ; --           ;
; J13      ; 146        ; 5        ; RESERVED_INPUT_WITH_WEAK_PULLUP                           ;        ;              ;         ; Row I/O    ;                 ; no       ; On           ;
; J14      ; 144        ; 5        ; RESERVED_INPUT_WITH_WEAK_PULLUP                           ;        ;              ;         ; Row I/O    ;                 ; no       ; On           ;
; J15      ; 143        ; 5        ; RESERVED_INPUT_WITH_WEAK_PULLUP                           ;        ;              ;         ; Row I/O    ;                 ; no       ; On           ;
; J16      ; 142        ; 5        ; RESERVED_INPUT_WITH_WEAK_PULLUP                           ;        ;              ;         ; Row I/O    ;                 ; no       ; On           ;
; K1       ; 37         ; 2        ; RESERVED_INPUT_WITH_WEAK_PULLUP                           ;        ;              ;         ; Row I/O    ;                 ; no       ; On           ;
; K2       ; 36         ; 2        ; RESERVED_INPUT_WITH_WEAK_PULLUP                           ;        ;              ;         ; Row I/O    ;                 ; no       ; On           ;
; K3       ;            ; 2        ; VCCIO2                                                    ; power  ;              ; 2.5V    ; --         ;                 ; --       ; --           ;
; K4       ;            ;          ; GND                                                       ; gnd    ;              ;         ; --         ;                 ; --       ; --           ;
; K5       ; 45         ; 2        ; RESERVED_INPUT_WITH_WEAK_PULLUP                           ;        ;              ;         ; Row I/O    ;                 ; no       ; On           ;
; K6       ;            ;          ; GND                                                       ; gnd    ;              ;         ; --         ;                 ; --       ; --           ;
; K7       ;            ;          ; VCCINT                                                    ; power  ;              ; 1.2V    ; --         ;                 ; --       ; --           ;
; K8       ;            ;          ; GND                                                       ; gnd    ;              ;         ; --         ;                 ; --       ; --           ;
; K9       ;            ;          ; VCCINT                                                    ; power  ;              ; 1.2V    ; --         ;                 ; --       ; --           ;
; K10      ;            ;          ; VCCINT                                                    ; power  ;              ; 1.2V    ; --         ;                 ; --       ; --           ;
; K11      ;            ;          ; VCCINT                                                    ; power  ;              ; 1.2V    ; --         ;                 ; --       ; --           ;
; K12      ;            ;          ; GND                                                       ; gnd    ;              ;         ; --         ;                 ; --       ; --           ;
; K13      ;            ;          ; GND                                                       ; gnd    ;              ;         ; --         ;                 ; --       ; --           ;
; K14      ;            ; 5        ; VCCIO5                                                    ; power  ;              ; 2.5V    ; --         ;                 ; --       ; --           ;
; K15      ; 141        ; 5        ; RESERVED_INPUT_WITH_WEAK_PULLUP                           ;        ;              ;         ; Row I/O    ;                 ; no       ; On           ;
; K16      ; 140        ; 5        ; RESERVED_INPUT_WITH_WEAK_PULLUP                           ;        ;              ;         ; Row I/O    ;                 ; no       ; On           ;
; L1       ; 39         ; 2        ; RESERVED_INPUT_WITH_WEAK_PULLUP                           ;        ;              ;         ; Row I/O    ;                 ; no       ; On           ;
; L2       ; 38         ; 2        ; RESERVED_INPUT_WITH_WEAK_PULLUP                           ;        ;              ;         ; Row I/O    ;                 ; no       ; On           ;
; L3       ; 40         ; 2        ; RESERVED_INPUT_WITH_WEAK_PULLUP                           ;        ;              ;         ; Row I/O    ;                 ; --       ; --           ;
; L4       ; 46         ; 2        ; RESERVED_INPUT_WITH_WEAK_PULLUP                           ;        ;              ;         ; Row I/O    ;                 ; no       ; On           ;
; L5       ;            ; --       ; VCCA1                                                     ; power  ;              ; 2.5V    ; --         ;                 ; --       ; --           ;
; L6       ;            ;          ; VCCINT                                                    ; power  ;              ; 1.2V    ; --         ;                 ; --       ; --           ;
; L7       ; 75         ; 3        ; RESERVED_INPUT_WITH_WEAK_PULLUP                           ;        ;              ;         ; Column I/O ;                 ; no       ; On           ;
; L8       ; 79         ; 3        ; RESERVED_INPUT_WITH_WEAK_PULLUP                           ;        ;              ;         ; Column I/O ;                 ; no       ; On           ;
; L9       ;            ;          ; GND                                                       ; gnd    ;              ;         ; --         ;                 ; --       ; --           ;
; L10      ;            ;          ; GND                                                       ; gnd    ;              ;         ; --         ;                 ; --       ; --           ;
; L11      ;            ;          ; GND                                                       ; gnd    ;              ;         ; --         ;                 ; --       ; --           ;
; L12      ;            ; --       ; VCCA4                                                     ; power  ;              ; 2.5V    ; --         ;                 ; --       ; --           ;
; L13      ; 136        ; 5        ; RESERVED_INPUT_WITH_WEAK_PULLUP                           ;        ;              ;         ; Row I/O    ;                 ; no       ; On           ;
; L14      ; 134        ; 5        ; RESERVED_INPUT_WITH_WEAK_PULLUP                           ;        ;              ;         ; Row I/O    ;                 ; --       ; --           ;
; L15      ; 138        ; 5        ; RESERVED_INPUT_WITH_WEAK_PULLUP                           ;        ;              ;         ; Row I/O    ;                 ; no       ; On           ;
; L16      ; 137        ; 5        ; RESERVED_INPUT_WITH_WEAK_PULLUP                           ;        ;              ;         ; Row I/O    ;                 ; no       ; On           ;
; M1       ; 28         ; 2        ; GND+                                                      ;        ;              ;         ; Row I/O    ;                 ; --       ; --           ;
; M2       ; 27         ; 2        ; GND+                                                      ;        ;              ;         ; Row I/O    ;                 ; --       ; --           ;
; M3       ;            ; 2        ; VCCIO2                                                    ; power  ;              ; 2.5V    ; --         ;                 ; --       ; --           ;
; M4       ;            ;          ; GND                                                       ; gnd    ;              ;         ; --         ;                 ; --       ; --           ;
; M5       ;            ;          ; GNDA1                                                     ; gnd    ;              ;         ; --         ;                 ; --       ; --           ;
; M6       ; 64         ; 3        ; RESERVED_INPUT_WITH_WEAK_PULLUP                           ;        ;              ;         ; Column I/O ;                 ; no       ; On           ;
; M7       ; 68         ; 3        ; RESERVED_INPUT_WITH_WEAK_PULLUP                           ;        ;              ;         ; Column I/O ;                 ; no       ; On           ;
; M8       ; 81         ; 3        ; RESERVED_INPUT_WITH_WEAK_PULLUP                           ;        ;              ;         ; Column I/O ;                 ; no       ; On           ;
; M9       ;            ;          ; VCCINT                                                    ; power  ;              ; 1.2V    ; --         ;                 ; --       ; --           ;
; M10      ; 111        ; 4        ; RESERVED_INPUT_WITH_WEAK_PULLUP                           ;        ;              ;         ; Column I/O ;                 ; no       ; On           ;
; M11      ;            ;          ; VCCINT                                                    ; power  ;              ; 1.2V    ; --         ;                 ; --       ; --           ;
; M12      ;            ;          ; GNDA4                                                     ; gnd    ;              ;         ; --         ;                 ; --       ; --           ;
; M13      ;            ;          ; GND                                                       ; gnd    ;              ;         ; --         ;                 ; --       ; --           ;
; M14      ;            ; 5        ; VCCIO5                                                    ; power  ;              ; 2.5V    ; --         ;                 ; --       ; --           ;
; M15      ; 149        ; 5        ; GND+                                                      ;        ;              ;         ; Row I/O    ;                 ; --       ; --           ;
; M16      ; 148        ; 5        ; GND+                                                      ;        ;              ;         ; Row I/O    ;                 ; --       ; --           ;
; N1       ; 44         ; 2        ; RESERVED_INPUT_WITH_WEAK_PULLUP                           ;        ;              ;         ; Row I/O    ;                 ; no       ; On           ;
; N2       ; 43         ; 2        ; RESERVED_INPUT_WITH_WEAK_PULLUP                           ;        ;              ;         ; Row I/O    ;                 ; no       ; On           ;
; N3       ; 52         ; 3        ; RESERVED_INPUT_WITH_WEAK_PULLUP                           ;        ;              ;         ; Column I/O ;                 ; no       ; On           ;
; N4       ;            ;          ; VCCD_PLL1                                                 ; power  ;              ; 1.2V    ; --         ;                 ; --       ; --           ;
; N5       ; 62         ; 3        ; RESERVED_INPUT_WITH_WEAK_PULLUP                           ;        ;              ;         ; Column I/O ;                 ; no       ; On           ;
; N6       ; 63         ; 3        ; RESERVED_INPUT_WITH_WEAK_PULLUP                           ;        ;              ;         ; Column I/O ;                 ; no       ; On           ;
; N7       ;            ;          ; GND                                                       ; gnd    ;              ;         ; --         ;                 ; --       ; --           ;
; N8       ; 82         ; 3        ; RESERVED_INPUT_WITH_WEAK_PULLUP                           ;        ;              ;         ; Column I/O ;                 ; no       ; On           ;
; N9       ; 93         ; 4        ; RESERVED_INPUT_WITH_WEAK_PULLUP                           ;        ;              ;         ; Column I/O ;                 ; no       ; On           ;
; N10      ;            ;          ; GND                                                       ; gnd    ;              ;         ; --         ;                 ; --       ; --           ;
; N11      ; 112        ; 4        ; RESERVED_INPUT_WITH_WEAK_PULLUP                           ;        ;              ;         ; Column I/O ;                 ; no       ; On           ;
; N12      ; 117        ; 4        ; RESERVED_INPUT_WITH_WEAK_PULLUP                           ;        ;              ;         ; Column I/O ;                 ; no       ; On           ;
; N13      ;            ;          ; VCCD_PLL4                                                 ; power  ;              ; 1.2V    ; --         ;                 ; --       ; --           ;
; N14      ; 126        ; 5        ; RESERVED_INPUT_WITH_WEAK_PULLUP                           ;        ;              ;         ; Row I/O    ;                 ; no       ; On           ;
; N15      ; 133        ; 5        ; RESERVED_INPUT_WITH_WEAK_PULLUP                           ;        ;              ;         ; Row I/O    ;                 ; no       ; On           ;
; N16      ; 132        ; 5        ; RESERVED_INPUT_WITH_WEAK_PULLUP                           ;        ;              ;         ; Row I/O    ;                 ; no       ; On           ;
; P1       ; 51         ; 2        ; RESERVED_INPUT_WITH_WEAK_PULLUP                           ;        ;              ;         ; Row I/O    ;                 ; no       ; On           ;
; P2       ; 50         ; 2        ; RESERVED_INPUT_WITH_WEAK_PULLUP                           ;        ;              ;         ; Row I/O    ;                 ; no       ; On           ;
; P3       ; 53         ; 3        ; RESERVED_INPUT_WITH_WEAK_PULLUP                           ;        ;              ;         ; Column I/O ;                 ; no       ; On           ;
; P4       ;            ; 3        ; VCCIO3                                                    ; power  ;              ; 2.5V    ; --         ;                 ; --       ; --           ;
; P5       ;            ;          ; GND                                                       ; gnd    ;              ;         ; --         ;                 ; --       ; --           ;
; P6       ; 67         ; 3        ; RESERVED_INPUT_WITH_WEAK_PULLUP                           ;        ;              ;         ; Column I/O ;                 ; --       ; --           ;
; P7       ;            ; 3        ; VCCIO3                                                    ; power  ;              ; 2.5V    ; --         ;                 ; --       ; --           ;
; P8       ; 85         ; 3        ; RESERVED_INPUT_WITH_WEAK_PULLUP                           ;        ;              ;         ; Column I/O ;                 ; no       ; On           ;
; P9       ; 105        ; 4        ; RESERVED_INPUT_WITH_WEAK_PULLUP                           ;        ;              ;         ; Column I/O ;                 ; no       ; On           ;
; P10      ;            ; 4        ; VCCIO4                                                    ; power  ;              ; 2.5V    ; --         ;                 ; --       ; --           ;
; P11      ; 106        ; 4        ; RESERVED_INPUT_WITH_WEAK_PULLUP                           ;        ;              ;         ; Column I/O ;                 ; --       ; --           ;
; P12      ;            ;          ; GND                                                       ; gnd    ;              ;         ; --         ;                 ; --       ; --           ;
; P13      ;            ; 4        ; VCCIO4                                                    ; power  ;              ; 2.5V    ; --         ;                 ; --       ; --           ;
; P14      ; 119        ; 4        ; RESERVED_INPUT_WITH_WEAK_PULLUP                           ;        ;              ;         ; Column I/O ;                 ; no       ; On           ;
; P15      ; 127        ; 5        ; RESERVED_INPUT_WITH_WEAK_PULLUP                           ;        ;              ;         ; Row I/O    ;                 ; no       ; On           ;
; P16      ; 128        ; 5        ; RESERVED_INPUT_WITH_WEAK_PULLUP                           ;        ;              ;         ; Row I/O    ;                 ; no       ; On           ;
; R1       ; 49         ; 2        ; RESERVED_INPUT_WITH_WEAK_PULLUP                           ;        ;              ;         ; Row I/O    ;                 ; no       ; On           ;
; R2       ;            ;          ; GND                                                       ; gnd    ;              ;         ; --         ;                 ; --       ; --           ;
; R3       ; 54         ; 3        ; RESERVED_INPUT_WITH_WEAK_PULLUP                           ;        ;              ;         ; Column I/O ;                 ; no       ; On           ;
; R4       ; 60         ; 3        ; RESERVED_INPUT_WITH_WEAK_PULLUP                           ;        ;              ;         ; Column I/O ;                 ; no       ; On           ;
; R5       ; 71         ; 3        ; RESERVED_INPUT_WITH_WEAK_PULLUP                           ;        ;              ;         ; Column I/O ;                 ; no       ; On           ;
; R6       ; 73         ; 3        ; RESERVED_INPUT_WITH_WEAK_PULLUP                           ;        ;              ;         ; Column I/O ;                 ; no       ; On           ;
; R7       ; 76         ; 3        ; RESERVED_INPUT_WITH_WEAK_PULLUP                           ;        ;              ;         ; Column I/O ;                 ; no       ; On           ;
; R8       ; 86         ; 3        ; inclk0                                                    ; input  ; 2.5 V        ;         ; Column I/O ; Y               ; no       ; Off          ;
; R9       ; 88         ; 4        ; GND+                                                      ;        ;              ;         ; Column I/O ;                 ; --       ; --           ;
; R10      ; 96         ; 4        ; RESERVED_INPUT_WITH_WEAK_PULLUP                           ;        ;              ;         ; Column I/O ;                 ; no       ; On           ;
; R11      ; 98         ; 4        ; RESERVED_INPUT_WITH_WEAK_PULLUP                           ;        ;              ;         ; Column I/O ;                 ; no       ; On           ;
; R12      ; 100        ; 4        ; RESERVED_INPUT_WITH_WEAK_PULLUP                           ;        ;              ;         ; Column I/O ;                 ; no       ; On           ;
; R13      ; 107        ; 4        ; RESERVED_INPUT_WITH_WEAK_PULLUP                           ;        ;              ;         ; Column I/O ;                 ; no       ; On           ;
; R14      ; 120        ; 4        ; RESERVED_INPUT_WITH_WEAK_PULLUP                           ;        ;              ;         ; Column I/O ;                 ; no       ; On           ;
; R15      ;            ;          ; GND                                                       ; gnd    ;              ;         ; --         ;                 ; --       ; --           ;
; R16      ; 129        ; 5        ; RESERVED_INPUT_WITH_WEAK_PULLUP                           ;        ;              ;         ; Row I/O    ;                 ; no       ; On           ;
; T1       ;            ; 3        ; VCCIO3                                                    ; power  ;              ; 2.5V    ; --         ;                 ; --       ; --           ;
; T2       ; 59         ; 3        ; RESERVED_INPUT_WITH_WEAK_PULLUP                           ;        ;              ;         ; Column I/O ;                 ; no       ; On           ;
; T3       ; 55         ; 3        ; RESERVED_INPUT_WITH_WEAK_PULLUP                           ;        ;              ;         ; Column I/O ;                 ; no       ; On           ;
; T4       ; 61         ; 3        ; RESERVED_INPUT_WITH_WEAK_PULLUP                           ;        ;              ;         ; Column I/O ;                 ; no       ; On           ;
; T5       ; 72         ; 3        ; RESERVED_INPUT_WITH_WEAK_PULLUP                           ;        ;              ;         ; Column I/O ;                 ; no       ; On           ;
; T6       ; 74         ; 3        ; RESERVED_INPUT_WITH_WEAK_PULLUP                           ;        ;              ;         ; Column I/O ;                 ; no       ; On           ;
; T7       ; 77         ; 3        ; RESERVED_INPUT_WITH_WEAK_PULLUP                           ;        ;              ;         ; Column I/O ;                 ; no       ; On           ;
; T8       ; 87         ; 3        ; GND+                                                      ;        ;              ;         ; Column I/O ;                 ; --       ; --           ;
; T9       ; 89         ; 4        ; GND+                                                      ;        ;              ;         ; Column I/O ;                 ; --       ; --           ;
; T10      ; 97         ; 4        ; RESERVED_INPUT_WITH_WEAK_PULLUP                           ;        ;              ;         ; Column I/O ;                 ; no       ; On           ;
; T11      ; 99         ; 4        ; RESERVED_INPUT_WITH_WEAK_PULLUP                           ;        ;              ;         ; Column I/O ;                 ; no       ; On           ;
; T12      ; 101        ; 4        ; RESERVED_INPUT_WITH_WEAK_PULLUP                           ;        ;              ;         ; Column I/O ;                 ; no       ; On           ;
; T13      ; 108        ; 4        ; RESERVED_INPUT_WITH_WEAK_PULLUP                           ;        ;              ;         ; Column I/O ;                 ; no       ; On           ;
; T14      ; 115        ; 4        ; RESERVED_INPUT_WITH_WEAK_PULLUP                           ;        ;              ;         ; Column I/O ;                 ; no       ; On           ;
; T15      ; 116        ; 4        ; RESERVED_INPUT_WITH_WEAK_PULLUP                           ;        ;              ;         ; Column I/O ;                 ; no       ; On           ;
; T16      ;            ; 4        ; VCCIO4                                                    ; power  ;              ; 2.5V    ; --         ;                 ; --       ; --           ;
+----------+------------+----------+-----------------------------------------------------------+--------+--------------+---------+------------+-----------------+----------+--------------+
Note: Pin directions (input, output or bidir) are based on device operating in user mode.


+--------------------------------------------------------------------------------------------------------------------------------------------------+
; PLL Summary                                                                                                                                      ;
+-------------------------------+------------------------------------------------------------------------------------------------------------------+
; Name                          ; subsistema2esquematico:inst|Block1:inst|altpll0:inst|altpll:altpll_component|altpll0_altpll1:auto_generated|pll1 ;
+-------------------------------+------------------------------------------------------------------------------------------------------------------+
; SDC pin name                  ; inst|inst|inst|altpll_component|auto_generated|pll1                                                              ;
; PLL mode                      ; Normal                                                                                                           ;
; Compensate clock              ; clock0                                                                                                           ;
; Compensated input/output pins ; --                                                                                                               ;
; Switchover type               ; --                                                                                                               ;
; Input frequency 0             ; 50.0 MHz                                                                                                         ;
; Input frequency 1             ; --                                                                                                               ;
; Nominal PFD frequency         ; 50.0 MHz                                                                                                         ;
; Nominal VCO frequency         ; 300.0 MHz                                                                                                        ;
; VCO post scale K counter      ; 2                                                                                                                ;
; VCO frequency control         ; Auto                                                                                                             ;
; VCO phase shift step          ; 416 ps                                                                                                           ;
; VCO multiply                  ; --                                                                                                               ;
; VCO divide                    ; --                                                                                                               ;
; Freq min lock                 ; 50.01 MHz                                                                                                        ;
; Freq max lock                 ; 108.37 MHz                                                                                                       ;
; M VCO Tap                     ; 0                                                                                                                ;
; M Initial                     ; 1                                                                                                                ;
; M value                       ; 6                                                                                                                ;
; N value                       ; 1                                                                                                                ;
; Charge pump current           ; setting 1                                                                                                        ;
; Loop filter resistance        ; setting 27                                                                                                       ;
; Loop filter capacitance       ; setting 0                                                                                                        ;
; Bandwidth                     ; 1.03 MHz to 1.97 MHz                                                                                             ;
; Bandwidth type                ; Medium                                                                                                           ;
; Real time reconfigurable      ; Off                                                                                                              ;
; Scan chain MIF file           ; --                                                                                                               ;
; Preserve PLL counter order    ; Off                                                                                                              ;
; PLL location                  ; PLL_4                                                                                                            ;
; Inclk0 signal                 ; inclk0                                                                                                           ;
; Inclk1 signal                 ; --                                                                                                               ;
; Inclk0 signal type            ; Dedicated Pin                                                                                                    ;
; Inclk1 signal type            ; --                                                                                                               ;
+-------------------------------+------------------------------------------------------------------------------------------------------------------+


+----------------------------------------------------------------------------------------------------------------------------------------------------------------------------------------------------------------------------------------------------------------------------------------------------------------------------------------------------------------------------------+
; PLL Usage                                                                                                                                                                                                                                                                                                                                                                        ;
+-----------------------------------------------------------------------------------------------------------------------------------------+--------------+------+-------+------------------+-------------+------------------+------------+---------+---------------+--------------+---------------+---------+---------+------------------------------------------------------------+
; Name                                                                                                                                    ; Output Clock ; Mult ; Div   ; Output Frequency ; Phase Shift ; Phase Shift Step ; Duty Cycle ; Counter ; Counter Value ; High / Low   ; Cascade Input ; Initial ; VCO Tap ; SDC Pin Name                                               ;
+-----------------------------------------------------------------------------------------------------------------------------------------+--------------+------+-------+------------------+-------------+------------------+------------+---------+---------------+--------------+---------------+---------+---------+------------------------------------------------------------+
; subsistema2esquematico:inst|Block1:inst|altpll0:inst|altpll:altpll_component|altpll0_altpll1:auto_generated|wire_pll1_clk[0]            ; clock0       ; 2    ; 125   ; 0.8 MHz          ; 0 (0 ps)    ; 0.12 (416 ps)    ; 32/68      ; C0      ; 375           ; 120/255 Even ; --            ; 1       ; 0       ; inst|inst|inst|altpll_component|auto_generated|pll1|clk[0] ;
; subsistema2esquematico:inst|Block1:inst|altpll0:inst|altpll:altpll_component|altpll0_altpll1:auto_generated|wire_pll1_clk[1]            ; clock1       ; 2    ; 125   ; 0.8 MHz          ; 0 (0 ps)    ; 0.12 (416 ps)    ; 64/36      ; C1      ; 375           ; 240/135 Even ; --            ; 1       ; 0       ; inst|inst|inst|altpll_component|auto_generated|pll1|clk[1] ;
; subsistema2esquematico:inst|Block1:inst|altpll0:inst|altpll:altpll_component|altpll0_altpll1:auto_generated|wire_pll1_clk[2]            ; clock2       ; 1    ; 25000 ; 0.0 MHz          ; 0 (0 ps)    ; 0.09 (416 ps)    ; 50/50      ; C3      ; 500           ; 250/250 Even ; C2            ; 1       ; 0       ; inst|inst|inst|altpll_component|auto_generated|pll1|clk[2] ;
; subsistema2esquematico:inst|Block1:inst|altpll0:inst|altpll:altpll_component|altpll0_altpll1:auto_generated|wire_pll1_clk[2]~cascade_in ; --           ; --   ; --    ; --               ; --          ; --               ; --         ; C2      ; 300           ; 150/150 Even ; --            ; 1       ; 0       ;                                                            ;
+-----------------------------------------------------------------------------------------------------------------------------------------+--------------+------+-------+------------------+-------------+------------------+------------+---------+---------------+--------------+---------------+---------+---------+------------------------------------------------------------+


+----------------------------------------------------------------------------------------------------------------------------------------------------------------------------------------------------------------------------------------------------------------------------------------------------------------------------------------------------------------------------------------------+
; Fitter Resource Utilization by Entity                                                                                                                                                                                                                                                                                                                                                        ;
+-------------------------------------------------+-------------+---------------------------+---------------+-------------+------+--------------+---------+-----------+------+--------------+--------------+-------------------+------------------+-----------------------------------------------------------------------------------------------------------------------------+--------------+
; Compilation Hierarchy Node                      ; Logic Cells ; Dedicated Logic Registers ; I/O Registers ; Memory Bits ; M9Ks ; DSP Elements ; DSP 9x9 ; DSP 18x18 ; Pins ; Virtual Pins ; LUT-Only LCs ; Register-Only LCs ; LUT/Register LCs ; Full Hierarchy Name                                                                                                         ; Library Name ;
+-------------------------------------------------+-------------+---------------------------+---------------+-------------+------+--------------+---------+-----------+------+--------------+--------------+-------------------+------------------+-----------------------------------------------------------------------------------------------------------------------------+--------------+
; |proyecto_final                                 ; 1571 (1)    ; 790 (0)                   ; 0 (0)         ; 0           ; 0    ; 0            ; 0       ; 0         ; 10   ; 0            ; 781 (1)      ; 67 (0)            ; 723 (0)          ; |proyecto_final                                                                                                             ; work         ;
;    |Detector_Victoria:inst3|                    ; 6 (6)       ; 0 (0)                     ; 0 (0)         ; 0           ; 0    ; 0            ; 0       ; 0         ; 0    ; 0            ; 6 (6)        ; 0 (0)             ; 0 (0)            ; |proyecto_final|Detector_Victoria:inst3                                                                                     ; work         ;
;    |Memoria_tablero:inst4|                      ; 22 (22)     ; 9 (9)                     ; 0 (0)         ; 0           ; 0    ; 0            ; 0       ; 0         ; 0    ; 0            ; 11 (11)      ; 0 (0)             ; 11 (11)          ; |proyecto_final|Memoria_tablero:inst4                                                                                       ; work         ;
;    |Subsistema_4:inst2|                         ; 16 (16)     ; 4 (4)                     ; 0 (0)         ; 0           ; 0    ; 0            ; 0       ; 0         ; 0    ; 0            ; 12 (12)      ; 0 (0)             ; 4 (4)            ; |proyecto_final|Subsistema_4:inst2                                                                                          ; work         ;
;    |pruebat:inst6|                              ; 29 (29)     ; 14 (14)                   ; 0 (0)         ; 0           ; 0    ; 0            ; 0       ; 0         ; 0    ; 0            ; 15 (15)      ; 1 (1)             ; 13 (13)          ; |proyecto_final|pruebat:inst6                                                                                               ; work         ;
;    |subsistema2esquematico:inst|                ; 1162 (0)    ; 676 (0)                   ; 0 (0)         ; 0           ; 0    ; 0            ; 0       ; 0         ; 0    ; 0            ; 486 (0)      ; 64 (0)            ; 612 (0)          ; |proyecto_final|subsistema2esquematico:inst                                                                                 ; work         ;
;       |Block1:inst|                             ; 946 (3)     ; 397 (2)                   ; 0 (0)         ; 0           ; 0    ; 0            ; 0       ; 0         ; 0    ; 0            ; 400 (1)      ; 28 (0)            ; 518 (2)          ; |proyecto_final|subsistema2esquematico:inst|Block1:inst                                                                     ; work         ;
;          |altpll0:inst|                         ; 0 (0)       ; 0 (0)                     ; 0 (0)         ; 0           ; 0    ; 0            ; 0       ; 0         ; 0    ; 0            ; 0 (0)        ; 0 (0)             ; 0 (0)            ; |proyecto_final|subsistema2esquematico:inst|Block1:inst|altpll0:inst                                                        ; work         ;
;             |altpll:altpll_component|           ; 0 (0)       ; 0 (0)                     ; 0 (0)         ; 0           ; 0    ; 0            ; 0       ; 0         ; 0    ; 0            ; 0 (0)        ; 0 (0)             ; 0 (0)            ; |proyecto_final|subsistema2esquematico:inst|Block1:inst|altpll0:inst|altpll:altpll_component                                ; work         ;
;                |altpll0_altpll1:auto_generated| ; 0 (0)       ; 0 (0)                     ; 0 (0)         ; 0           ; 0    ; 0            ; 0       ; 0         ; 0    ; 0            ; 0 (0)        ; 0 (0)             ; 0 (0)            ; |proyecto_final|subsistema2esquematico:inst|Block1:inst|altpll0:inst|altpll:altpll_component|altpll0_altpll1:auto_generated ; work         ;
;          |paralelo_serie_384b:inst1|            ; 931 (931)   ; 384 (384)                 ; 0 (0)         ; 0           ; 0    ; 0            ; 0       ; 0         ; 0    ; 0            ; 398 (398)    ; 28 (28)           ; 505 (505)        ; |proyecto_final|subsistema2esquematico:inst|Block1:inst|paralelo_serie_384b:inst1                                           ; work         ;
;          |pulso_384:inst12|                     ; 12 (12)     ; 11 (11)                   ; 0 (0)         ; 0           ; 0    ; 0            ; 0       ; 0         ; 0    ; 0            ; 1 (1)        ; 0 (0)             ; 11 (11)          ; |proyecto_final|subsistema2esquematico:inst|Block1:inst|pulso_384:inst12                                                    ; work         ;
;       |coloress2:inst1|                         ; 367 (367)   ; 279 (279)                 ; 0 (0)         ; 0           ; 0    ; 0            ; 0       ; 0         ; 0    ; 0            ; 86 (86)      ; 36 (36)           ; 245 (245)        ; |proyecto_final|subsistema2esquematico:inst|coloress2:inst1                                                                 ; work         ;
;    |teclado:inst1|                              ; 337 (337)   ; 87 (87)                   ; 0 (0)         ; 0           ; 0    ; 0            ; 0       ; 0         ; 0    ; 0            ; 250 (250)    ; 2 (2)             ; 85 (85)          ; |proyecto_final|teclado:inst1                                                                                               ; work         ;
+-------------------------------------------------+-------------+---------------------------+---------------+-------------+------+--------------+---------+-----------+------+--------------+--------------+-------------------+------------------+-----------------------------------------------------------------------------------------------------------------------------+--------------+
Note: For table entries with two numbers listed, the numbers in parentheses indicate the number of resources of the given type used by the specific entity alone. The numbers listed outside of parentheses indicate the total resources of the given type used by the specific entity and all of its sub-entities in the hierarchy.


+----------------------------------------------------------------------------------------+
; Delay Chain Summary                                                                    ;
+--------+----------+---------------+---------------+-----------------------+-----+------+
; Name   ; Pin Type ; Pad to Core 0 ; Pad to Core 1 ; Pad to Input Register ; TCO ; TCOE ;
+--------+----------+---------------+---------------+-----------------------+-----+------+
; Y      ; Output   ; --            ; --            ; --                    ; --  ; --   ;
; C1     ; Output   ; --            ; --            ; --                    ; --  ; --   ;
; C2     ; Output   ; --            ; --            ; --                    ; --  ; --   ;
; C3     ; Output   ; --            ; --            ; --                    ; --  ; --   ;
; C4     ; Output   ; --            ; --            ; --                    ; --  ; --   ;
; inclk0 ; Input    ; (0) 0 ps      ; --            ; --                    ; --  ; --   ;
; R1     ; Input    ; --            ; (6) 1314 ps   ; --                    ; --  ; --   ;
; R2     ; Input    ; (6) 1314 ps   ; --            ; --                    ; --  ; --   ;
; R3     ; Input    ; (6) 1314 ps   ; --            ; --                    ; --  ; --   ;
; R4     ; Input    ; (6) 1314 ps   ; --            ; --                    ; --  ; --   ;
+--------+----------+---------------+---------------+-----------------------+-----+------+


+------------------------------------------------------------------+
; Pad To Core Delay Chain Fanout                                   ;
+------------------------------------+-------------------+---------+
; Source Pin / Fanout                ; Pad To Core Index ; Setting ;
+------------------------------------+-------------------+---------+
; inclk0                             ;                   ;         ;
; R1                                 ;                   ;         ;
;      - teclado:inst1|process_0~0   ; 1                 ; 6       ;
;      - teclado:inst1|sal[0]~8      ; 1                 ; 6       ;
;      - teclado:inst1|sal[1]~14     ; 1                 ; 6       ;
;      - teclado:inst1|sal[3]~23     ; 1                 ; 6       ;
;      - teclado:inst1|process_0~9   ; 1                 ; 6       ;
;      - teclado:inst1|process_0~13  ; 1                 ; 6       ;
;      - teclado:inst1|process_0~22  ; 1                 ; 6       ;
;      - teclado:inst1|C[2]~19       ; 1                 ; 6       ;
;      - teclado:inst1|t_juego~10    ; 1                 ; 6       ;
;      - teclado:inst1|C~21          ; 1                 ; 6       ;
;      - teclado:inst1|process_0~23  ; 1                 ; 6       ;
;      - teclado:inst1|C~26          ; 1                 ; 6       ;
;      - teclado:inst1|detecta~12    ; 1                 ; 6       ;
;      - teclado:inst1|detecta~14    ; 1                 ; 6       ;
;      - teclado:inst1|detecta~26    ; 1                 ; 6       ;
;      - teclado:inst1|detecta~30    ; 1                 ; 6       ;
;      - teclado:inst1|D[1][3]~29    ; 1                 ; 6       ;
;      - teclado:inst1|D[13][3]~79   ; 1                 ; 6       ;
;      - teclado:inst1|t_juego~15    ; 1                 ; 6       ;
;      - teclado:inst1|t_juego~18    ; 1                 ; 6       ;
;      - teclado:inst1|t_juego~26    ; 1                 ; 6       ;
;      - teclado:inst1|t_juego[1]~36 ; 1                 ; 6       ;
;      - teclado:inst1|t_juego~45    ; 1                 ; 6       ;
;      - teclado:inst1|COUNT_1[0]~5  ; 1                 ; 6       ;
;      - teclado:inst1|COUNT_1[0]~7  ; 1                 ; 6       ;
;      - teclado:inst1|COUNT_2~14    ; 1                 ; 6       ;
;      - teclado:inst1|sal[2]~25     ; 1                 ; 6       ;
; R2                                 ;                   ;         ;
;      - teclado:inst1|process_0~0   ; 0                 ; 6       ;
;      - teclado:inst1|sal[0]~5      ; 0                 ; 6       ;
;      - teclado:inst1|sal[1]~9      ; 0                 ; 6       ;
;      - teclado:inst1|sal[3]~18     ; 0                 ; 6       ;
;      - teclado:inst1|process_0~8   ; 0                 ; 6       ;
;      - teclado:inst1|process_0~12  ; 0                 ; 6       ;
;      - teclado:inst1|process_0~21  ; 0                 ; 6       ;
;      - teclado:inst1|t_juego~10    ; 0                 ; 6       ;
;      - teclado:inst1|C~21          ; 0                 ; 6       ;
;      - teclado:inst1|detecta~13    ; 0                 ; 6       ;
;      - teclado:inst1|detecta~19    ; 0                 ; 6       ;
;      - teclado:inst1|detecta~27    ; 0                 ; 6       ;
;      - teclado:inst1|detecta~29    ; 0                 ; 6       ;
;      - teclado:inst1|D[2][3]~23    ; 0                 ; 6       ;
;      - teclado:inst1|t_juego~13    ; 0                 ; 6       ;
;      - teclado:inst1|t_juego[1]~25 ; 0                 ; 6       ;
;      - teclado:inst1|t_juego~32    ; 0                 ; 6       ;
;      - teclado:inst1|t_juego~33    ; 0                 ; 6       ;
;      - teclado:inst1|t_juego[1]~40 ; 0                 ; 6       ;
;      - teclado:inst1|t_juego~46    ; 0                 ; 6       ;
;      - teclado:inst1|COUNT_1[0]~6  ; 0                 ; 6       ;
;      - teclado:inst1|detecta~34    ; 0                 ; 6       ;
;      - teclado:inst1|C~39          ; 0                 ; 6       ;
;      - teclado:inst1|detecta~36    ; 0                 ; 6       ;
;      - teclado:inst1|D[6][0]~100   ; 0                 ; 6       ;
;      - teclado:inst1|D[11][3]~102  ; 0                 ; 6       ;
;      - teclado:inst1|t_juego~52    ; 0                 ; 6       ;
;      - teclado:inst1|sal[2]~24     ; 0                 ; 6       ;
; R3                                 ;                   ;         ;
;      - teclado:inst1|process_0~0   ; 0                 ; 6       ;
;      - teclado:inst1|process_0~2   ; 0                 ; 6       ;
;      - teclado:inst1|sal[0]~4      ; 0                 ; 6       ;
;      - teclado:inst1|process_0~3   ; 0                 ; 6       ;
;      - teclado:inst1|sal[1]~11     ; 0                 ; 6       ;
;      - teclado:inst1|sal[2]~16     ; 0                 ; 6       ;
;      - teclado:inst1|process_0~6   ; 0                 ; 6       ;
;      - teclado:inst1|sal[3]~20     ; 0                 ; 6       ;
;      - teclado:inst1|C[2]~16       ; 0                 ; 6       ;
;      - teclado:inst1|C~29          ; 0                 ; 6       ;
;      - teclado:inst1|D[12][3]~16   ; 0                 ; 6       ;
;      - teclado:inst1|detecta~15    ; 0                 ; 6       ;
;      - teclado:inst1|detecta~20    ; 0                 ; 6       ;
;      - teclado:inst1|detecta~25    ; 0                 ; 6       ;
;      - teclado:inst1|t_juego~12    ; 0                 ; 6       ;
;      - teclado:inst1|process_0~24  ; 0                 ; 6       ;
;      - teclado:inst1|t_juego~13    ; 0                 ; 6       ;
;      - teclado:inst1|t_juego~17    ; 0                 ; 6       ;
;      - teclado:inst1|t_juego~29    ; 0                 ; 6       ;
;      - teclado:inst1|t_j1_vs_j2~1  ; 0                 ; 6       ;
;      - teclado:inst1|detecta~36    ; 0                 ; 6       ;
;      - teclado:inst1|D[4][3]~98    ; 0                 ; 6       ;
;      - teclado:inst1|D[3][3]~99    ; 0                 ; 6       ;
;      - teclado:inst1|D[11][3]~103  ; 0                 ; 6       ;
;      - teclado:inst1|t_juego~51    ; 0                 ; 6       ;
;      - teclado:inst1|COUNT_2[0]~15 ; 0                 ; 6       ;
; R4                                 ;                   ;         ;
;      - teclado:inst1|process_0~0   ; 0                 ; 6       ;
;      - teclado:inst1|sal[0]~3      ; 0                 ; 6       ;
;      - teclado:inst1|sal[1]~10     ; 0                 ; 6       ;
;      - teclado:inst1|sal[2]~15     ; 0                 ; 6       ;
;      - teclado:inst1|sal[3]~19     ; 0                 ; 6       ;
;      - teclado:inst1|process_0~10  ; 0                 ; 6       ;
;      - teclado:inst1|process_0~14  ; 0                 ; 6       ;
;      - teclado:inst1|D[12][3]~16   ; 0                 ; 6       ;
;      - teclado:inst1|C~31          ; 0                 ; 6       ;
;      - teclado:inst1|detecta~16    ; 0                 ; 6       ;
;      - teclado:inst1|detecta~20    ; 0                 ; 6       ;
;      - teclado:inst1|detecta~24    ; 0                 ; 6       ;
;      - teclado:inst1|detecta~31    ; 0                 ; 6       ;
;      - teclado:inst1|t_reset~0     ; 0                 ; 6       ;
;      - teclado:inst1|D[4][3]~18    ; 0                 ; 6       ;
;      - teclado:inst1|COUNT_2[0]~11 ; 0                 ; 6       ;
+------------------------------------+-------------------+---------+


+--------------------------------------------------------------------------------------------------------------------------------------------------------------------------------------------------------------------------------------------------------------------------------+
; Control Signals                                                                                                                                                                                                                                                                ;
+------------------------------------------------------------------------------------------------------------------------------+--------------------+---------+-----------------------------------+--------+----------------------+------------------+---------------------------+
; Name                                                                                                                         ; Location           ; Fan-Out ; Usage                             ; Global ; Global Resource Used ; Global Line Name ; Enable Signal Source Name ;
+------------------------------------------------------------------------------------------------------------------------------+--------------------+---------+-----------------------------------+--------+----------------------+------------------+---------------------------+
; Detector_Victoria:inst3|victoria_j1~5                                                                                        ; LCCOMB_X25_Y27_N24 ; 8       ; Clock enable                      ; no     ; --                   ; --               ; --                        ;
; Subsistema_4:inst2|Selector1~3                                                                                               ; LCCOMB_X24_Y27_N14 ; 2       ; Clock enable                      ; no     ; --                   ; --               ; --                        ;
; inclk0                                                                                                                       ; PIN_R8             ; 2       ; Clock                             ; no     ; --                   ; --               ; --                        ;
; inclk0                                                                                                                       ; PIN_R8             ; 96      ; Clock                             ; yes    ; Global Clock         ; GCLK15           ; --                        ;
; pruebat:inst6|J1vJ2                                                                                                          ; LCCOMB_X28_Y27_N26 ; 75      ; Clock enable                      ; no     ; --                   ; --               ; --                        ;
; pruebat:inst6|J1vJ2                                                                                                          ; LCCOMB_X28_Y27_N26 ; 36      ; Latch enable                      ; yes    ; Global Clock         ; GCLK10           ; --                        ;
; pruebat:inst6|Mux8~0                                                                                                         ; LCCOMB_X21_Y24_N10 ; 2       ; Latch enable                      ; no     ; --                   ; --               ; --                        ;
; subsistema2esquematico:inst|Block1:inst|altpll0:inst|altpll:altpll_component|altpll0_altpll1:auto_generated|wire_pll1_clk[0] ; PLL_4              ; 386     ; Clock                             ; yes    ; Global Clock         ; GCLK18           ; --                        ;
; subsistema2esquematico:inst|Block1:inst|altpll0:inst|altpll:altpll_component|altpll0_altpll1:auto_generated|wire_pll1_clk[1] ; PLL_4              ; 12      ; Clock                             ; yes    ; Global Clock         ; GCLK19           ; --                        ;
; subsistema2esquematico:inst|Block1:inst|altpll0:inst|altpll:altpll_component|altpll0_altpll1:auto_generated|wire_pll1_clk[2] ; PLL_4              ; 280     ; Clock                             ; yes    ; Global Clock         ; GCLK16           ; --                        ;
; subsistema2esquematico:inst|Block1:inst|altpll0:inst|altpll:altpll_component|altpll0_altpll1:auto_generated|wire_pll1_locked ; PLL_4              ; 13      ; Async. clear, Clock enable        ; no     ; --                   ; --               ; --                        ;
; subsistema2esquematico:inst|Block1:inst|inst4                                                                                ; FF_X25_Y33_N13     ; 317     ; Clock                             ; no     ; --                   ; --               ; --                        ;
; subsistema2esquematico:inst|Block1:inst|inst4                                                                                ; FF_X25_Y33_N13     ; 687     ; Async. clear, Clock, Latch enable ; yes    ; Global Clock         ; GCLK13           ; --                        ;
; subsistema2esquematico:inst|Block1:inst|pulso_384:inst12|process_0~0                                                         ; LCCOMB_X27_Y24_N2  ; 10      ; Sync. clear                       ; no     ; --                   ; --               ; --                        ;
; subsistema2esquematico:inst|coloress2:inst1|D10[4]~0                                                                         ; LCCOMB_X30_Y27_N26 ; 19      ; Clock enable                      ; no     ; --                   ; --               ; --                        ;
; subsistema2esquematico:inst|coloress2:inst1|D11[14]~0                                                                        ; LCCOMB_X29_Y30_N8  ; 19      ; Clock enable                      ; no     ; --                   ; --               ; --                        ;
; subsistema2esquematico:inst|coloress2:inst1|D12[18]~0                                                                        ; LCCOMB_X31_Y28_N16 ; 19      ; Clock enable                      ; no     ; --                   ; --               ; --                        ;
; subsistema2esquematico:inst|coloress2:inst1|D13[2]~4                                                                         ; LCCOMB_X28_Y27_N16 ; 19      ; Clock enable                      ; no     ; --                   ; --               ; --                        ;
; subsistema2esquematico:inst|coloress2:inst1|D14[9]~1                                                                         ; LCCOMB_X29_Y25_N30 ; 19      ; Clock enable                      ; no     ; --                   ; --               ; --                        ;
; subsistema2esquematico:inst|coloress2:inst1|D15[4]~1                                                                         ; LCCOMB_X28_Y27_N12 ; 19      ; Clock enable                      ; no     ; --                   ; --               ; --                        ;
; subsistema2esquematico:inst|coloress2:inst1|D16[13]~2                                                                        ; LCCOMB_X31_Y28_N4  ; 19      ; Clock enable                      ; no     ; --                   ; --               ; --                        ;
; subsistema2esquematico:inst|coloress2:inst1|D2[10]~0                                                                         ; LCCOMB_X28_Y27_N24 ; 30      ; Clock enable                      ; no     ; --                   ; --               ; --                        ;
; subsistema2esquematico:inst|coloress2:inst1|D5[0]~4                                                                          ; LCCOMB_X28_Y27_N4  ; 19      ; Clock enable                      ; no     ; --                   ; --               ; --                        ;
; subsistema2esquematico:inst|coloress2:inst1|D6[21]~0                                                                         ; LCCOMB_X28_Y26_N16 ; 19      ; Clock enable                      ; no     ; --                   ; --               ; --                        ;
; subsistema2esquematico:inst|coloress2:inst1|D7[10]~0                                                                         ; LCCOMB_X29_Y27_N0  ; 19      ; Clock enable                      ; no     ; --                   ; --               ; --                        ;
; subsistema2esquematico:inst|coloress2:inst1|D8[11]~0                                                                         ; LCCOMB_X30_Y27_N20 ; 19      ; Clock enable                      ; no     ; --                   ; --               ; --                        ;
; subsistema2esquematico:inst|coloress2:inst1|D9[4]~3                                                                          ; LCCOMB_X28_Y27_N0  ; 19      ; Clock enable                      ; no     ; --                   ; --               ; --                        ;
; teclado:inst1|detecta                                                                                                        ; FF_X20_Y29_N29     ; 28      ; Sync. load                        ; no     ; --                   ; --               ; --                        ;
; teclado:inst1|sal[0]~en                                                                                                      ; FF_X18_Y28_N9      ; 1       ; Output enable                     ; no     ; --                   ; --               ; --                        ;
; teclado:inst1|sal[1]~en                                                                                                      ; FF_X20_Y31_N7      ; 1       ; Output enable                     ; no     ; --                   ; --               ; --                        ;
; teclado:inst1|sal[2]~en                                                                                                      ; FF_X20_Y31_N17     ; 1       ; Output enable                     ; no     ; --                   ; --               ; --                        ;
; teclado:inst1|sal[3]~2                                                                                                       ; LCCOMB_X19_Y30_N26 ; 6       ; Clock enable                      ; no     ; --                   ; --               ; --                        ;
; teclado:inst1|sal[3]~en                                                                                                      ; FF_X21_Y29_N9      ; 1       ; Output enable                     ; no     ; --                   ; --               ; --                        ;
; teclado:inst1|t_juego[1]~11                                                                                                  ; LCCOMB_X19_Y30_N30 ; 2       ; Clock enable                      ; no     ; --                   ; --               ; --                        ;
; teclado:inst1|t_reset                                                                                                        ; FF_X23_Y27_N15     ; 84      ; Async. clear                      ; no     ; --                   ; --               ; --                        ;
+------------------------------------------------------------------------------------------------------------------------------+--------------------+---------+-----------------------------------+--------+----------------------+------------------+---------------------------+


+--------------------------------------------------------------------------------------------------------------------------------------------------------------------------------------------------------------------------------------------------------------------------+
; Global & Other Fast Signals                                                                                                                                                                                                                                              ;
+------------------------------------------------------------------------------------------------------------------------------+--------------------+---------+--------------------------------------+----------------------+------------------+---------------------------+
; Name                                                                                                                         ; Location           ; Fan-Out ; Fan-Out Using Intentional Clock Skew ; Global Resource Used ; Global Line Name ; Enable Signal Source Name ;
+------------------------------------------------------------------------------------------------------------------------------+--------------------+---------+--------------------------------------+----------------------+------------------+---------------------------+
; inclk0                                                                                                                       ; PIN_R8             ; 96      ; 0                                    ; Global Clock         ; GCLK15           ; --                        ;
; pruebat:inst6|J1vJ2                                                                                                          ; LCCOMB_X28_Y27_N26 ; 36      ; 0                                    ; Global Clock         ; GCLK10           ; --                        ;
; subsistema2esquematico:inst|Block1:inst|altpll0:inst|altpll:altpll_component|altpll0_altpll1:auto_generated|wire_pll1_clk[0] ; PLL_4              ; 386     ; 308                                  ; Global Clock         ; GCLK18           ; --                        ;
; subsistema2esquematico:inst|Block1:inst|altpll0:inst|altpll:altpll_component|altpll0_altpll1:auto_generated|wire_pll1_clk[1] ; PLL_4              ; 12      ; 9                                    ; Global Clock         ; GCLK19           ; --                        ;
; subsistema2esquematico:inst|Block1:inst|altpll0:inst|altpll:altpll_component|altpll0_altpll1:auto_generated|wire_pll1_clk[2] ; PLL_4              ; 280     ; 89                                   ; Global Clock         ; GCLK16           ; --                        ;
; subsistema2esquematico:inst|Block1:inst|inst4                                                                                ; FF_X25_Y33_N13     ; 687     ; 0                                    ; Global Clock         ; GCLK13           ; --                        ;
+------------------------------------------------------------------------------------------------------------------------------+--------------------+---------+--------------------------------------+----------------------+------------------+---------------------------+


+----------------------------------------------------------------------------------------------------------------------------------------+
; Non-Global High Fan-Out Signals                                                                                                        ;
+------------------------------------------------------------------------------------------------------------------------------+---------+
; Name                                                                                                                         ; Fan-Out ;
+------------------------------------------------------------------------------------------------------------------------------+---------+
; subsistema2esquematico:inst|Block1:inst|inst4                                                                                ; 316     ;
; teclado:inst1|t_reset                                                                                                        ; 84      ;
; pruebat:inst6|J1vJ2                                                                                                          ; 74      ;
; subsistema2esquematico:inst|coloress2:inst1|D2[10]~0                                                                         ; 30      ;
; R2~input                                                                                                                     ; 28      ;
; teclado:inst1|detecta                                                                                                        ; 28      ;
; R1~input                                                                                                                     ; 27      ;
; R3~input                                                                                                                     ; 26      ;
; teclado:inst1|COUNT_2[0]                                                                                                     ; 22      ;
; teclado:inst1|COUNT_2[1]                                                                                                     ; 21      ;
; teclado:inst1|COUNT_1[0]                                                                                                     ; 21      ;
; teclado:inst1|COUNT_2[2]                                                                                                     ; 19      ;
; subsistema2esquematico:inst|coloress2:inst1|D5[0]~4                                                                          ; 19      ;
; subsistema2esquematico:inst|coloress2:inst1|D6[21]~0                                                                         ; 19      ;
; subsistema2esquematico:inst|coloress2:inst1|D7[10]~0                                                                         ; 19      ;
; subsistema2esquematico:inst|coloress2:inst1|D8[11]~0                                                                         ; 19      ;
; subsistema2esquematico:inst|coloress2:inst1|D9[4]~3                                                                          ; 19      ;
; subsistema2esquematico:inst|coloress2:inst1|D10[4]~0                                                                         ; 19      ;
; subsistema2esquematico:inst|coloress2:inst1|D11[14]~0                                                                        ; 19      ;
; subsistema2esquematico:inst|coloress2:inst1|D12[18]~0                                                                        ; 19      ;
; subsistema2esquematico:inst|coloress2:inst1|D13[2]~4                                                                         ; 19      ;
; subsistema2esquematico:inst|coloress2:inst1|D14[9]~1                                                                         ; 19      ;
; subsistema2esquematico:inst|coloress2:inst1|D15[4]~1                                                                         ; 19      ;
; subsistema2esquematico:inst|coloress2:inst1|D16[13]~2                                                                        ; 19      ;
; teclado:inst1|t_juego[0]                                                                                                     ; 19      ;
; teclado:inst1|C[1]                                                                                                           ; 19      ;
; subsistema2esquematico:inst|coloress2:inst1|D16~3                                                                            ; 18      ;
; teclado:inst1|COUNT_1[1]                                                                                                     ; 18      ;
; subsistema2esquematico:inst|coloress2:inst1|D16~0                                                                            ; 18      ;
; subsistema2esquematico:inst|coloress2:inst1|D5[0]~21                                                                         ; 17      ;
; subsistema2esquematico:inst|coloress2:inst1|D9[4]~20                                                                         ; 17      ;
; subsistema2esquematico:inst|coloress2:inst1|D13[2]~21                                                                        ; 17      ;
; teclado:inst1|COUNT_1[2]                                                                                                     ; 17      ;
; R4~input                                                                                                                     ; 16      ;
; teclado:inst1|Equal0~0                                                                                                       ; 16      ;
; teclado:inst1|C[2]                                                                                                           ; 16      ;
; teclado:inst1|C[0]                                                                                                           ; 16      ;
; teclado:inst1|t_juego[2]                                                                                                     ; 16      ;
; teclado:inst1|t_juego[3]                                                                                                     ; 15      ;
; subsistema2esquematico:inst|Block1:inst|altpll0:inst|altpll:altpll_component|altpll0_altpll1:auto_generated|wire_pll1_locked ; 13      ;
; Subsistema_4:inst2|fstate.IN_P                                                                                               ; 12      ;
; teclado:inst1|t_juego[1]                                                                                                     ; 12      ;
; teclado:inst1|process_0~22                                                                                                   ; 12      ;
; teclado:inst1|D[6][3]                                                                                                        ; 12      ;
; teclado:inst1|process_0~0                                                                                                    ; 11      ;
; Subsistema_4:inst2|fstate.INICIO                                                                                             ; 10      ;
; teclado:inst1|t_j1_vs_j2                                                                                                     ; 10      ;
; teclado:inst1|process_0~9                                                                                                    ; 10      ;
; teclado:inst1|D[14][3]                                                                                                       ; 10      ;
; teclado:inst1|D[9][3]                                                                                                        ; 10      ;
; teclado:inst1|t_juego~9                                                                                                      ; 10      ;
; teclado:inst1|D[2][3]                                                                                                        ; 10      ;
; subsistema2esquematico:inst|Block1:inst|pulso_384:inst12|process_0~0                                                         ; 10      ;
; subsistema2esquematico:inst|coloress2:inst1|D16~18                                                                           ; 9       ;
; subsistema2esquematico:inst|coloress2:inst1|D16~17                                                                           ; 9       ;
; subsistema2esquematico:inst|coloress2:inst1|D16~16                                                                           ; 9       ;
; subsistema2esquematico:inst|coloress2:inst1|D16~15                                                                           ; 9       ;
; subsistema2esquematico:inst|coloress2:inst1|D16~14                                                                           ; 9       ;
; subsistema2esquematico:inst|coloress2:inst1|D16~13                                                                           ; 9       ;
; subsistema2esquematico:inst|coloress2:inst1|D16~12                                                                           ; 9       ;
; subsistema2esquematico:inst|coloress2:inst1|D16~11                                                                           ; 9       ;
; subsistema2esquematico:inst|coloress2:inst1|D16~10                                                                           ; 9       ;
; subsistema2esquematico:inst|coloress2:inst1|D16~9                                                                            ; 9       ;
; subsistema2esquematico:inst|coloress2:inst1|D16~8                                                                            ; 9       ;
; subsistema2esquematico:inst|coloress2:inst1|D16~7                                                                            ; 9       ;
; subsistema2esquematico:inst|coloress2:inst1|D16~6                                                                            ; 9       ;
; subsistema2esquematico:inst|coloress2:inst1|D16~5                                                                            ; 9       ;
; subsistema2esquematico:inst|coloress2:inst1|D16~4                                                                            ; 9       ;
; pruebat:inst6|Equal0~2                                                                                                       ; 9       ;
; pruebat:inst6|Equal0~1                                                                                                       ; 9       ;
; pruebat:inst6|Equal0~0                                                                                                       ; 9       ;
; teclado:inst1|process_0~13                                                                                                   ; 9       ;
; teclado:inst1|LessThan29~0                                                                                                   ; 9       ;
; teclado:inst1|detecta~11                                                                                                     ; 9       ;
; teclado:inst1|detecta~10                                                                                                     ; 9       ;
; teclado:inst1|LessThan11~0                                                                                                   ; 9       ;
; teclado:inst1|D[1][3]                                                                                                        ; 9       ;
; teclado:inst1|t_juego~7                                                                                                      ; 9       ;
; teclado:inst1|detecta~8                                                                                                      ; 9       ;
; subsistema2esquematico:inst|coloress2:inst1|puntos2[0]                                                                       ; 8       ;
; Detector_Victoria:inst3|victoria_j1~5                                                                                        ; 8       ;
; teclado:inst1|Equal2~0                                                                                                       ; 8       ;
; teclado:inst1|LessThan19~0                                                                                                   ; 8       ;
; teclado:inst1|LessThan25~0                                                                                                   ; 8       ;
; teclado:inst1|D[13][3]                                                                                                       ; 8       ;
; teclado:inst1|process_0~5                                                                                                    ; 8       ;
; teclado:inst1|D[5][3]                                                                                                        ; 8       ;
; teclado:inst1|t_juego~8                                                                                                      ; 8       ;
; teclado:inst1|detecta~9                                                                                                      ; 8       ;
; teclado:inst1|D[1][0]                                                                                                        ; 8       ;
; teclado:inst1|D[1][3]~14                                                                                                     ; 8       ;
; subsistema2esquematico:inst|Block1:inst|paralelo_serie_384b:inst1|shift_reg[73]~993                                          ; 7       ;
; subsistema2esquematico:inst|Block1:inst|paralelo_serie_384b:inst1|shift_reg[74]~989                                          ; 7       ;
; subsistema2esquematico:inst|Block1:inst|paralelo_serie_384b:inst1|shift_reg[77]~977                                          ; 7       ;
; subsistema2esquematico:inst|Block1:inst|paralelo_serie_384b:inst1|shift_reg[78]~973                                          ; 7       ;
; subsistema2esquematico:inst|Block1:inst|paralelo_serie_384b:inst1|shift_reg[79]~969                                          ; 7       ;
; subsistema2esquematico:inst|Block1:inst|paralelo_serie_384b:inst1|shift_reg[81]~961                                          ; 7       ;
; subsistema2esquematico:inst|Block1:inst|paralelo_serie_384b:inst1|shift_reg[82]~957                                          ; 7       ;
; subsistema2esquematico:inst|Block1:inst|paralelo_serie_384b:inst1|shift_reg[85]~945                                          ; 7       ;
; subsistema2esquematico:inst|Block1:inst|paralelo_serie_384b:inst1|shift_reg[86]~941                                          ; 7       ;
; subsistema2esquematico:inst|Block1:inst|paralelo_serie_384b:inst1|shift_reg[87]~937                                          ; 7       ;
; subsistema2esquematico:inst|Block1:inst|paralelo_serie_384b:inst1|shift_reg[89]~929                                          ; 7       ;
; subsistema2esquematico:inst|Block1:inst|paralelo_serie_384b:inst1|shift_reg[90]~925                                          ; 7       ;
; subsistema2esquematico:inst|Block1:inst|paralelo_serie_384b:inst1|shift_reg[92]~921                                          ; 7       ;
; subsistema2esquematico:inst|Block1:inst|paralelo_serie_384b:inst1|shift_reg[93]~917                                          ; 7       ;
; subsistema2esquematico:inst|Block1:inst|paralelo_serie_384b:inst1|shift_reg[94]~913                                          ; 7       ;
; subsistema2esquematico:inst|coloress2:inst1|CJ2[20]                                                                          ; 7       ;
; subsistema2esquematico:inst|coloress2:inst1|CJ2[21]                                                                          ; 7       ;
; subsistema2esquematico:inst|coloress2:inst1|puntos2[1]                                                                       ; 7       ;
; teclado:inst1|process_0~23                                                                                                   ; 7       ;
; teclado:inst1|t_juego~10                                                                                                     ; 7       ;
; teclado:inst1|LessThan27~0                                                                                                   ; 7       ;
; teclado:inst1|LessThan9~1                                                                                                    ; 7       ;
; teclado:inst1|D[15][3]                                                                                                       ; 7       ;
; teclado:inst1|D[13][0]                                                                                                       ; 7       ;
; teclado:inst1|D[10][0]                                                                                                       ; 7       ;
; teclado:inst1|LessThan16~0                                                                                                   ; 7       ;
; teclado:inst1|D[9][0]                                                                                                        ; 7       ;
; teclado:inst1|D[5][0]                                                                                                        ; 7       ;
; teclado:inst1|Equal1~0                                                                                                       ; 7       ;
; teclado:inst1|D[2][0]                                                                                                        ; 7       ;
; teclado:inst1|D[1][1]                                                                                                        ; 7       ;
; teclado:inst1|D[1][2]                                                                                                        ; 7       ;
; subsistema2esquematico:inst|coloress2:inst1|CJ2[0]                                                                           ; 6       ;
; subsistema2esquematico:inst|coloress2:inst1|CJ2[1]                                                                           ; 6       ;
; subsistema2esquematico:inst|coloress2:inst1|CJ2[3]                                                                           ; 6       ;
; subsistema2esquematico:inst|coloress2:inst1|CJ2[4]                                                                           ; 6       ;
; subsistema2esquematico:inst|coloress2:inst1|CJ2[8]                                                                           ; 6       ;
; subsistema2esquematico:inst|coloress2:inst1|CJ2[9]                                                                           ; 6       ;
; subsistema2esquematico:inst|coloress2:inst1|CJ2[10]                                                                          ; 6       ;
; subsistema2esquematico:inst|coloress2:inst1|CJ2[11]                                                                          ; 6       ;
; subsistema2esquematico:inst|coloress2:inst1|CJ2[12]                                                                          ; 6       ;
; subsistema2esquematico:inst|coloress2:inst1|CJ2[14]                                                                          ; 6       ;
; subsistema2esquematico:inst|coloress2:inst1|CJ2[15]                                                                          ; 6       ;
; subsistema2esquematico:inst|coloress2:inst1|CJ2[16]                                                                          ; 6       ;
; subsistema2esquematico:inst|coloress2:inst1|CJ2[17]                                                                          ; 6       ;
; subsistema2esquematico:inst|coloress2:inst1|CJ2[18]                                                                          ; 6       ;
; subsistema2esquematico:inst|coloress2:inst1|CJ2[19]                                                                          ; 6       ;
; teclado:inst1|D[16][0]~59                                                                                                    ; 6       ;
; teclado:inst1|D[16][0]~57                                                                                                    ; 6       ;
; teclado:inst1|detecta~23                                                                                                     ; 6       ;
; teclado:inst1|LessThan3~1                                                                                                    ; 6       ;
; teclado:inst1|process_0~21                                                                                                   ; 6       ;
; teclado:inst1|process_0~16                                                                                                   ; 6       ;
; teclado:inst1|process_0~8                                                                                                    ; 6       ;
; teclado:inst1|D[15][0]                                                                                                       ; 6       ;
; teclado:inst1|D[16][0]                                                                                                       ; 6       ;
; teclado:inst1|D[14][0]                                                                                                       ; 6       ;
; teclado:inst1|D[13][1]                                                                                                       ; 6       ;
; teclado:inst1|D[13][2]                                                                                                       ; 6       ;
; teclado:inst1|D[12][0]                                                                                                       ; 6       ;
; teclado:inst1|D[11][0]                                                                                                       ; 6       ;
; teclado:inst1|D[10][1]                                                                                                       ; 6       ;
; teclado:inst1|D[10][2]                                                                                                       ; 6       ;
; teclado:inst1|D[9][1]                                                                                                        ; 6       ;
; teclado:inst1|D[9][2]                                                                                                        ; 6       ;
; teclado:inst1|process_0~4                                                                                                    ; 6       ;
; teclado:inst1|D[7][0]                                                                                                        ; 6       ;
; teclado:inst1|D[8][0]                                                                                                        ; 6       ;
; teclado:inst1|D[5][1]                                                                                                        ; 6       ;
; teclado:inst1|D[5][2]                                                                                                        ; 6       ;
; teclado:inst1|D[2][1]                                                                                                        ; 6       ;
; teclado:inst1|D[2][2]                                                                                                        ; 6       ;
; teclado:inst1|process_0~1                                                                                                    ; 6       ;
; teclado:inst1|D[3][0]                                                                                                        ; 6       ;
; teclado:inst1|D[4][0]                                                                                                        ; 6       ;
; teclado:inst1|sal[3]~2                                                                                                       ; 6       ;
; subsistema2esquematico:inst|Block1:inst|paralelo_serie_384b:inst1|shift_reg[52]~1041                                         ; 5       ;
; subsistema2esquematico:inst|Block1:inst|paralelo_serie_384b:inst1|shift_reg[72]~997                                          ; 5       ;
; subsistema2esquematico:inst|Block1:inst|paralelo_serie_384b:inst1|shift_reg[75]~985                                          ; 5       ;
; subsistema2esquematico:inst|Block1:inst|paralelo_serie_384b:inst1|shift_reg[80]~965                                          ; 5       ;
; subsistema2esquematico:inst|Block1:inst|paralelo_serie_384b:inst1|shift_reg[83]~953                                          ; 5       ;
; subsistema2esquematico:inst|Block1:inst|paralelo_serie_384b:inst1|shift_reg[84]~949                                          ; 5       ;
; subsistema2esquematico:inst|Block1:inst|paralelo_serie_384b:inst1|shift_reg[88]~933                                          ; 5       ;
; Memoria_tablero:inst4|s_estado_tablero[4]                                                                                    ; 5       ;
; Memoria_tablero:inst4|s_estado_tablero[12]                                                                                   ; 5       ;
; teclado:inst1|LessThan1~1                                                                                                    ; 5       ;
; teclado:inst1|process_0~18                                                                                                   ; 5       ;
; teclado:inst1|process_0~15                                                                                                   ; 5       ;
; teclado:inst1|D[15][1]                                                                                                       ; 5       ;
; teclado:inst1|D[15][2]                                                                                                       ; 5       ;
; teclado:inst1|D[16][1]                                                                                                       ; 5       ;
; teclado:inst1|D[16][2]                                                                                                       ; 5       ;
; teclado:inst1|D[16][3]                                                                                                       ; 5       ;
; teclado:inst1|D[14][1]                                                                                                       ; 5       ;
; teclado:inst1|D[14][2]                                                                                                       ; 5       ;
; teclado:inst1|D[12][1]                                                                                                       ; 5       ;
; teclado:inst1|D[12][2]                                                                                                       ; 5       ;
; teclado:inst1|D[11][1]                                                                                                       ; 5       ;
; teclado:inst1|D[11][2]                                                                                                       ; 5       ;
; teclado:inst1|D[10][3]                                                                                                       ; 5       ;
; teclado:inst1|D[7][1]                                                                                                        ; 5       ;
; teclado:inst1|D[7][2]                                                                                                        ; 5       ;
; teclado:inst1|D[7][3]                                                                                                        ; 5       ;
; teclado:inst1|D[8][1]                                                                                                        ; 5       ;
; teclado:inst1|D[8][2]                                                                                                        ; 5       ;
; teclado:inst1|D[6][0]                                                                                                        ; 5       ;
; teclado:inst1|D[3][1]                                                                                                        ; 5       ;
; teclado:inst1|D[3][2]                                                                                                        ; 5       ;
; teclado:inst1|D[4][1]                                                                                                        ; 5       ;
; teclado:inst1|D[4][2]                                                                                                        ; 5       ;
; teclado:inst1|D[15][3]~104                                                                                                   ; 4       ;
; teclado:inst1|D[11][3]~103                                                                                                   ; 4       ;
; teclado:inst1|D[11][3]~102                                                                                                   ; 4       ;
; teclado:inst1|D[7][3]~101                                                                                                    ; 4       ;
; teclado:inst1|D[3][3]~99                                                                                                     ; 4       ;
; teclado:inst1|D[4][3]~98                                                                                                     ; 4       ;
; teclado:inst1|detecta~34                                                                                                     ; 4       ;
; subsistema2esquematico:inst|coloress2:inst1|D2[1]                                                                            ; 4       ;
; subsistema2esquematico:inst|coloress2:inst1|D2[2]                                                                            ; 4       ;
; subsistema2esquematico:inst|coloress2:inst1|D2[5]                                                                            ; 4       ;
; subsistema2esquematico:inst|coloress2:inst1|D2[6]                                                                            ; 4       ;
; subsistema2esquematico:inst|coloress2:inst1|D2[7]                                                                            ; 4       ;
; subsistema2esquematico:inst|coloress2:inst1|D2[9]                                                                            ; 4       ;
; subsistema2esquematico:inst|coloress2:inst1|D2[10]                                                                           ; 4       ;
; subsistema2esquematico:inst|coloress2:inst1|D2[13]                                                                           ; 4       ;
; subsistema2esquematico:inst|coloress2:inst1|D2[14]                                                                           ; 4       ;
; subsistema2esquematico:inst|coloress2:inst1|D2[15]                                                                           ; 4       ;
; subsistema2esquematico:inst|coloress2:inst1|D2[17]                                                                           ; 4       ;
; subsistema2esquematico:inst|coloress2:inst1|D2[18]                                                                           ; 4       ;
; subsistema2esquematico:inst|coloress2:inst1|D2[20]                                                                           ; 4       ;
; subsistema2esquematico:inst|coloress2:inst1|D2[21]                                                                           ; 4       ;
; subsistema2esquematico:inst|coloress2:inst1|D2[22]                                                                           ; 4       ;
; Memoria_tablero:inst4|s_estado_tablero[2]                                                                                    ; 4       ;
; Memoria_tablero:inst4|s_estado_tablero[6]                                                                                    ; 4       ;
; Memoria_tablero:inst4|s_estado_tablero[14]                                                                                   ; 4       ;
; Memoria_tablero:inst4|s_estado_tablero[10]                                                                                   ; 4       ;
; Memoria_tablero:inst4|s_estado_tablero[16]                                                                                   ; 4       ;
; Memoria_tablero:inst4|s_estado_tablero[0]                                                                                    ; 4       ;
; pruebat:inst6|cambio_entrada[0]                                                                                              ; 4       ;
; pruebat:inst6|cambio_entrada[2]                                                                                              ; 4       ;
; subsistema2esquematico:inst|coloress2:inst1|D16[13]~1                                                                        ; 4       ;
; teclado:inst1|D[16][3]~88                                                                                                    ; 4       ;
; teclado:inst1|D[14][3]~83                                                                                                    ; 4       ;
; teclado:inst1|D[13][3]~79                                                                                                    ; 4       ;
; teclado:inst1|D[12][3]~73                                                                                                    ; 4       ;
; teclado:inst1|D[10][3]~64                                                                                                    ; 4       ;
; teclado:inst1|D[9][3]~60                                                                                                     ; 4       ;
; teclado:inst1|D[8][3]~47                                                                                                     ; 4       ;
; teclado:inst1|D[5][3]~43                                                                                                     ; 4       ;
; teclado:inst1|D[6][3]~37                                                                                                     ; 4       ;
; teclado:inst1|D[1][3]~29                                                                                                     ; 4       ;
; teclado:inst1|t_reset~0                                                                                                      ; 4       ;
; teclado:inst1|D[15][3]~17                                                                                                    ; 4       ;
; teclado:inst1|process_0~7                                                                                                    ; 4       ;
; teclado:inst1|process_0~6                                                                                                    ; 4       ;
; teclado:inst1|LessThan26~0                                                                                                   ; 4       ;
; teclado:inst1|LessThan24~0                                                                                                   ; 4       ;
; teclado:inst1|D[12][3]                                                                                                       ; 4       ;
; teclado:inst1|D[11][3]                                                                                                       ; 4       ;
; teclado:inst1|D[8][3]                                                                                                        ; 4       ;
; teclado:inst1|LessThan9~0                                                                                                    ; 4       ;
; teclado:inst1|D[6][1]                                                                                                        ; 4       ;
; teclado:inst1|D[6][2]                                                                                                        ; 4       ;
; teclado:inst1|D[5][3]~15                                                                                                     ; 4       ;
; teclado:inst1|LessThan3~0                                                                                                    ; 4       ;
; teclado:inst1|LessThan1~0                                                                                                    ; 4       ;
; teclado:inst1|process_0~2                                                                                                    ; 4       ;
; teclado:inst1|D[3][3]                                                                                                        ; 4       ;
; teclado:inst1|D[4][3]                                                                                                        ; 4       ;
; subsistema2esquematico:inst|Block1:inst|paralelo_serie_384b:inst1|shift_reg[0]~1175                                          ; 3       ;
; subsistema2esquematico:inst|Block1:inst|paralelo_serie_384b:inst1|shift_reg[1]~1171                                          ; 3       ;
; subsistema2esquematico:inst|Block1:inst|paralelo_serie_384b:inst1|shift_reg[2]~1167                                          ; 3       ;
; subsistema2esquematico:inst|Block1:inst|paralelo_serie_384b:inst1|shift_reg[3]~1163                                          ; 3       ;
; subsistema2esquematico:inst|Block1:inst|paralelo_serie_384b:inst1|shift_reg[4]~1159                                          ; 3       ;
; subsistema2esquematico:inst|Block1:inst|paralelo_serie_384b:inst1|shift_reg[8]~1155                                          ; 3       ;
; subsistema2esquematico:inst|Block1:inst|paralelo_serie_384b:inst1|shift_reg[9]~1151                                          ; 3       ;
; subsistema2esquematico:inst|Block1:inst|paralelo_serie_384b:inst1|shift_reg[10]~1147                                         ; 3       ;
; subsistema2esquematico:inst|Block1:inst|paralelo_serie_384b:inst1|shift_reg[11]~1143                                         ; 3       ;
; subsistema2esquematico:inst|Block1:inst|paralelo_serie_384b:inst1|shift_reg[12]~1139                                         ; 3       ;
; subsistema2esquematico:inst|Block1:inst|paralelo_serie_384b:inst1|shift_reg[13]~1135                                         ; 3       ;
; subsistema2esquematico:inst|Block1:inst|paralelo_serie_384b:inst1|shift_reg[14]~1131                                         ; 3       ;
; subsistema2esquematico:inst|Block1:inst|paralelo_serie_384b:inst1|shift_reg[15]~1127                                         ; 3       ;
; subsistema2esquematico:inst|Block1:inst|paralelo_serie_384b:inst1|shift_reg[16]~1123                                         ; 3       ;
; subsistema2esquematico:inst|Block1:inst|paralelo_serie_384b:inst1|shift_reg[17]~1119                                         ; 3       ;
; subsistema2esquematico:inst|Block1:inst|paralelo_serie_384b:inst1|shift_reg[18]~1115                                         ; 3       ;
; subsistema2esquematico:inst|Block1:inst|paralelo_serie_384b:inst1|shift_reg[19]~1111                                         ; 3       ;
; subsistema2esquematico:inst|Block1:inst|paralelo_serie_384b:inst1|shift_reg[20]~1107                                         ; 3       ;
; subsistema2esquematico:inst|Block1:inst|paralelo_serie_384b:inst1|shift_reg[21]~1103                                         ; 3       ;
; subsistema2esquematico:inst|Block1:inst|paralelo_serie_384b:inst1|shift_reg[24]~1099                                         ; 3       ;
; subsistema2esquematico:inst|Block1:inst|paralelo_serie_384b:inst1|shift_reg[36]~1073                                         ; 3       ;
; subsistema2esquematico:inst|Block1:inst|paralelo_serie_384b:inst1|shift_reg[51]~1045                                         ; 3       ;
; subsistema2esquematico:inst|Block1:inst|paralelo_serie_384b:inst1|shift_reg[56]~1031                                         ; 3       ;
; subsistema2esquematico:inst|Block1:inst|paralelo_serie_384b:inst1|shift_reg[59]~1023                                         ; 3       ;
; subsistema2esquematico:inst|Block1:inst|paralelo_serie_384b:inst1|shift_reg[64]~1011                                         ; 3       ;
; subsistema2esquematico:inst|Block1:inst|paralelo_serie_384b:inst1|shift_reg[76]~981                                          ; 3       ;
; subsistema2esquematico:inst|Block1:inst|paralelo_serie_384b:inst1|shift_reg[96]~909                                          ; 3       ;
; subsistema2esquematico:inst|Block1:inst|paralelo_serie_384b:inst1|shift_reg[97]~905                                          ; 3       ;
; subsistema2esquematico:inst|Block1:inst|paralelo_serie_384b:inst1|shift_reg[98]~901                                          ; 3       ;
; subsistema2esquematico:inst|Block1:inst|paralelo_serie_384b:inst1|shift_reg[99]~897                                          ; 3       ;
; subsistema2esquematico:inst|Block1:inst|paralelo_serie_384b:inst1|shift_reg[100]~893                                         ; 3       ;
; subsistema2esquematico:inst|Block1:inst|paralelo_serie_384b:inst1|shift_reg[104]~889                                         ; 3       ;
; subsistema2esquematico:inst|Block1:inst|paralelo_serie_384b:inst1|shift_reg[105]~885                                         ; 3       ;
; subsistema2esquematico:inst|Block1:inst|paralelo_serie_384b:inst1|shift_reg[106]~881                                         ; 3       ;
; subsistema2esquematico:inst|Block1:inst|paralelo_serie_384b:inst1|shift_reg[107]~877                                         ; 3       ;
; subsistema2esquematico:inst|Block1:inst|paralelo_serie_384b:inst1|shift_reg[108]~873                                         ; 3       ;
; subsistema2esquematico:inst|Block1:inst|paralelo_serie_384b:inst1|shift_reg[109]~869                                         ; 3       ;
; subsistema2esquematico:inst|Block1:inst|paralelo_serie_384b:inst1|shift_reg[110]~865                                         ; 3       ;
; subsistema2esquematico:inst|Block1:inst|paralelo_serie_384b:inst1|shift_reg[111]~861                                         ; 3       ;
; subsistema2esquematico:inst|Block1:inst|paralelo_serie_384b:inst1|shift_reg[112]~857                                         ; 3       ;
; subsistema2esquematico:inst|Block1:inst|paralelo_serie_384b:inst1|shift_reg[113]~853                                         ; 3       ;
; subsistema2esquematico:inst|Block1:inst|paralelo_serie_384b:inst1|shift_reg[114]~849                                         ; 3       ;
; subsistema2esquematico:inst|Block1:inst|paralelo_serie_384b:inst1|shift_reg[115]~845                                         ; 3       ;
; subsistema2esquematico:inst|Block1:inst|paralelo_serie_384b:inst1|shift_reg[116]~841                                         ; 3       ;
; subsistema2esquematico:inst|Block1:inst|paralelo_serie_384b:inst1|shift_reg[117]~837                                         ; 3       ;
; subsistema2esquematico:inst|Block1:inst|paralelo_serie_384b:inst1|shift_reg[120]~833                                         ; 3       ;
; subsistema2esquematico:inst|Block1:inst|paralelo_serie_384b:inst1|shift_reg[121]~829                                         ; 3       ;
; subsistema2esquematico:inst|Block1:inst|paralelo_serie_384b:inst1|shift_reg[122]~825                                         ; 3       ;
; subsistema2esquematico:inst|Block1:inst|paralelo_serie_384b:inst1|shift_reg[123]~821                                         ; 3       ;
; subsistema2esquematico:inst|Block1:inst|paralelo_serie_384b:inst1|shift_reg[124]~817                                         ; 3       ;
; subsistema2esquematico:inst|Block1:inst|paralelo_serie_384b:inst1|shift_reg[128]~813                                         ; 3       ;
; subsistema2esquematico:inst|Block1:inst|paralelo_serie_384b:inst1|shift_reg[129]~809                                         ; 3       ;
; subsistema2esquematico:inst|Block1:inst|paralelo_serie_384b:inst1|shift_reg[130]~805                                         ; 3       ;
; subsistema2esquematico:inst|Block1:inst|paralelo_serie_384b:inst1|shift_reg[131]~801                                         ; 3       ;
; subsistema2esquematico:inst|Block1:inst|paralelo_serie_384b:inst1|shift_reg[132]~797                                         ; 3       ;
; subsistema2esquematico:inst|Block1:inst|paralelo_serie_384b:inst1|shift_reg[133]~793                                         ; 3       ;
; subsistema2esquematico:inst|Block1:inst|paralelo_serie_384b:inst1|shift_reg[134]~789                                         ; 3       ;
; subsistema2esquematico:inst|Block1:inst|paralelo_serie_384b:inst1|shift_reg[135]~785                                         ; 3       ;
; subsistema2esquematico:inst|Block1:inst|paralelo_serie_384b:inst1|shift_reg[136]~781                                         ; 3       ;
; subsistema2esquematico:inst|Block1:inst|paralelo_serie_384b:inst1|shift_reg[137]~777                                         ; 3       ;
; subsistema2esquematico:inst|Block1:inst|paralelo_serie_384b:inst1|shift_reg[138]~773                                         ; 3       ;
; subsistema2esquematico:inst|Block1:inst|paralelo_serie_384b:inst1|shift_reg[139]~769                                         ; 3       ;
; subsistema2esquematico:inst|Block1:inst|paralelo_serie_384b:inst1|shift_reg[140]~765                                         ; 3       ;
; subsistema2esquematico:inst|Block1:inst|paralelo_serie_384b:inst1|shift_reg[141]~761                                         ; 3       ;
; subsistema2esquematico:inst|Block1:inst|paralelo_serie_384b:inst1|shift_reg[144]~757                                         ; 3       ;
; subsistema2esquematico:inst|Block1:inst|paralelo_serie_384b:inst1|shift_reg[145]~753                                         ; 3       ;
; subsistema2esquematico:inst|Block1:inst|paralelo_serie_384b:inst1|shift_reg[146]~749                                         ; 3       ;
; subsistema2esquematico:inst|Block1:inst|paralelo_serie_384b:inst1|shift_reg[147]~745                                         ; 3       ;
; subsistema2esquematico:inst|Block1:inst|paralelo_serie_384b:inst1|shift_reg[148]~741                                         ; 3       ;
; subsistema2esquematico:inst|Block1:inst|paralelo_serie_384b:inst1|shift_reg[152]~737                                         ; 3       ;
; subsistema2esquematico:inst|Block1:inst|paralelo_serie_384b:inst1|shift_reg[153]~733                                         ; 3       ;
; subsistema2esquematico:inst|Block1:inst|paralelo_serie_384b:inst1|shift_reg[154]~729                                         ; 3       ;
; subsistema2esquematico:inst|Block1:inst|paralelo_serie_384b:inst1|shift_reg[155]~725                                         ; 3       ;
; subsistema2esquematico:inst|Block1:inst|paralelo_serie_384b:inst1|shift_reg[156]~721                                         ; 3       ;
; subsistema2esquematico:inst|Block1:inst|paralelo_serie_384b:inst1|shift_reg[157]~717                                         ; 3       ;
; subsistema2esquematico:inst|Block1:inst|paralelo_serie_384b:inst1|shift_reg[158]~713                                         ; 3       ;
; subsistema2esquematico:inst|Block1:inst|paralelo_serie_384b:inst1|shift_reg[159]~709                                         ; 3       ;
; subsistema2esquematico:inst|Block1:inst|paralelo_serie_384b:inst1|shift_reg[160]~705                                         ; 3       ;
; subsistema2esquematico:inst|Block1:inst|paralelo_serie_384b:inst1|shift_reg[161]~701                                         ; 3       ;
; subsistema2esquematico:inst|Block1:inst|paralelo_serie_384b:inst1|shift_reg[162]~697                                         ; 3       ;
; subsistema2esquematico:inst|Block1:inst|paralelo_serie_384b:inst1|shift_reg[163]~693                                         ; 3       ;
; subsistema2esquematico:inst|Block1:inst|paralelo_serie_384b:inst1|shift_reg[164]~689                                         ; 3       ;
; subsistema2esquematico:inst|Block1:inst|paralelo_serie_384b:inst1|shift_reg[165]~685                                         ; 3       ;
; subsistema2esquematico:inst|Block1:inst|paralelo_serie_384b:inst1|shift_reg[168]~681                                         ; 3       ;
; subsistema2esquematico:inst|Block1:inst|paralelo_serie_384b:inst1|shift_reg[169]~677                                         ; 3       ;
; subsistema2esquematico:inst|Block1:inst|paralelo_serie_384b:inst1|shift_reg[170]~673                                         ; 3       ;
; subsistema2esquematico:inst|Block1:inst|paralelo_serie_384b:inst1|shift_reg[171]~669                                         ; 3       ;
; subsistema2esquematico:inst|Block1:inst|paralelo_serie_384b:inst1|shift_reg[172]~665                                         ; 3       ;
; subsistema2esquematico:inst|Block1:inst|paralelo_serie_384b:inst1|shift_reg[176]~661                                         ; 3       ;
; subsistema2esquematico:inst|Block1:inst|paralelo_serie_384b:inst1|shift_reg[177]~657                                         ; 3       ;
; subsistema2esquematico:inst|Block1:inst|paralelo_serie_384b:inst1|shift_reg[178]~653                                         ; 3       ;
; subsistema2esquematico:inst|Block1:inst|paralelo_serie_384b:inst1|shift_reg[179]~649                                         ; 3       ;
; subsistema2esquematico:inst|Block1:inst|paralelo_serie_384b:inst1|shift_reg[180]~645                                         ; 3       ;
; subsistema2esquematico:inst|Block1:inst|paralelo_serie_384b:inst1|shift_reg[181]~641                                         ; 3       ;
; subsistema2esquematico:inst|Block1:inst|paralelo_serie_384b:inst1|shift_reg[182]~637                                         ; 3       ;
; subsistema2esquematico:inst|Block1:inst|paralelo_serie_384b:inst1|shift_reg[183]~633                                         ; 3       ;
; subsistema2esquematico:inst|Block1:inst|paralelo_serie_384b:inst1|shift_reg[184]~629                                         ; 3       ;
; subsistema2esquematico:inst|Block1:inst|paralelo_serie_384b:inst1|shift_reg[185]~625                                         ; 3       ;
; subsistema2esquematico:inst|Block1:inst|paralelo_serie_384b:inst1|shift_reg[186]~621                                         ; 3       ;
; subsistema2esquematico:inst|Block1:inst|paralelo_serie_384b:inst1|shift_reg[187]~617                                         ; 3       ;
; subsistema2esquematico:inst|Block1:inst|paralelo_serie_384b:inst1|shift_reg[188]~613                                         ; 3       ;
; subsistema2esquematico:inst|Block1:inst|paralelo_serie_384b:inst1|shift_reg[189]~609                                         ; 3       ;
; subsistema2esquematico:inst|Block1:inst|paralelo_serie_384b:inst1|shift_reg[192]~605                                         ; 3       ;
; subsistema2esquematico:inst|Block1:inst|paralelo_serie_384b:inst1|shift_reg[193]~601                                         ; 3       ;
; subsistema2esquematico:inst|Block1:inst|paralelo_serie_384b:inst1|shift_reg[194]~597                                         ; 3       ;
; subsistema2esquematico:inst|Block1:inst|paralelo_serie_384b:inst1|shift_reg[195]~593                                         ; 3       ;
; subsistema2esquematico:inst|Block1:inst|paralelo_serie_384b:inst1|shift_reg[196]~589                                         ; 3       ;
; subsistema2esquematico:inst|Block1:inst|paralelo_serie_384b:inst1|shift_reg[200]~585                                         ; 3       ;
; subsistema2esquematico:inst|Block1:inst|paralelo_serie_384b:inst1|shift_reg[201]~581                                         ; 3       ;
; subsistema2esquematico:inst|Block1:inst|paralelo_serie_384b:inst1|shift_reg[202]~577                                         ; 3       ;
; subsistema2esquematico:inst|Block1:inst|paralelo_serie_384b:inst1|shift_reg[203]~573                                         ; 3       ;
; subsistema2esquematico:inst|Block1:inst|paralelo_serie_384b:inst1|shift_reg[204]~569                                         ; 3       ;
; subsistema2esquematico:inst|Block1:inst|paralelo_serie_384b:inst1|shift_reg[205]~565                                         ; 3       ;
; subsistema2esquematico:inst|Block1:inst|paralelo_serie_384b:inst1|shift_reg[206]~561                                         ; 3       ;
; subsistema2esquematico:inst|Block1:inst|paralelo_serie_384b:inst1|shift_reg[207]~557                                         ; 3       ;
; subsistema2esquematico:inst|Block1:inst|paralelo_serie_384b:inst1|shift_reg[208]~553                                         ; 3       ;
; subsistema2esquematico:inst|Block1:inst|paralelo_serie_384b:inst1|shift_reg[209]~549                                         ; 3       ;
; subsistema2esquematico:inst|Block1:inst|paralelo_serie_384b:inst1|shift_reg[210]~545                                         ; 3       ;
; subsistema2esquematico:inst|Block1:inst|paralelo_serie_384b:inst1|shift_reg[211]~541                                         ; 3       ;
; subsistema2esquematico:inst|Block1:inst|paralelo_serie_384b:inst1|shift_reg[212]~537                                         ; 3       ;
; subsistema2esquematico:inst|Block1:inst|paralelo_serie_384b:inst1|shift_reg[213]~533                                         ; 3       ;
; subsistema2esquematico:inst|Block1:inst|paralelo_serie_384b:inst1|shift_reg[216]~529                                         ; 3       ;
; subsistema2esquematico:inst|Block1:inst|paralelo_serie_384b:inst1|shift_reg[217]~525                                         ; 3       ;
; subsistema2esquematico:inst|Block1:inst|paralelo_serie_384b:inst1|shift_reg[218]~521                                         ; 3       ;
; subsistema2esquematico:inst|Block1:inst|paralelo_serie_384b:inst1|shift_reg[219]~517                                         ; 3       ;
; subsistema2esquematico:inst|Block1:inst|paralelo_serie_384b:inst1|shift_reg[220]~513                                         ; 3       ;
; subsistema2esquematico:inst|Block1:inst|paralelo_serie_384b:inst1|shift_reg[224]~509                                         ; 3       ;
; subsistema2esquematico:inst|Block1:inst|paralelo_serie_384b:inst1|shift_reg[225]~505                                         ; 3       ;
; subsistema2esquematico:inst|Block1:inst|paralelo_serie_384b:inst1|shift_reg[226]~501                                         ; 3       ;
; subsistema2esquematico:inst|Block1:inst|paralelo_serie_384b:inst1|shift_reg[227]~497                                         ; 3       ;
; subsistema2esquematico:inst|Block1:inst|paralelo_serie_384b:inst1|shift_reg[228]~493                                         ; 3       ;
; subsistema2esquematico:inst|Block1:inst|paralelo_serie_384b:inst1|shift_reg[229]~489                                         ; 3       ;
; subsistema2esquematico:inst|Block1:inst|paralelo_serie_384b:inst1|shift_reg[230]~485                                         ; 3       ;
; subsistema2esquematico:inst|Block1:inst|paralelo_serie_384b:inst1|shift_reg[231]~481                                         ; 3       ;
; subsistema2esquematico:inst|Block1:inst|paralelo_serie_384b:inst1|shift_reg[232]~477                                         ; 3       ;
; subsistema2esquematico:inst|Block1:inst|paralelo_serie_384b:inst1|shift_reg[233]~473                                         ; 3       ;
; subsistema2esquematico:inst|Block1:inst|paralelo_serie_384b:inst1|shift_reg[234]~469                                         ; 3       ;
; subsistema2esquematico:inst|Block1:inst|paralelo_serie_384b:inst1|shift_reg[235]~465                                         ; 3       ;
; subsistema2esquematico:inst|Block1:inst|paralelo_serie_384b:inst1|shift_reg[236]~461                                         ; 3       ;
; subsistema2esquematico:inst|Block1:inst|paralelo_serie_384b:inst1|shift_reg[237]~457                                         ; 3       ;
; subsistema2esquematico:inst|Block1:inst|paralelo_serie_384b:inst1|shift_reg[240]~453                                         ; 3       ;
; subsistema2esquematico:inst|Block1:inst|paralelo_serie_384b:inst1|shift_reg[241]~449                                         ; 3       ;
; subsistema2esquematico:inst|Block1:inst|paralelo_serie_384b:inst1|shift_reg[242]~445                                         ; 3       ;
; subsistema2esquematico:inst|Block1:inst|paralelo_serie_384b:inst1|shift_reg[243]~441                                         ; 3       ;
; subsistema2esquematico:inst|Block1:inst|paralelo_serie_384b:inst1|shift_reg[244]~437                                         ; 3       ;
; subsistema2esquematico:inst|Block1:inst|paralelo_serie_384b:inst1|shift_reg[248]~433                                         ; 3       ;
; subsistema2esquematico:inst|Block1:inst|paralelo_serie_384b:inst1|shift_reg[249]~429                                         ; 3       ;
; subsistema2esquematico:inst|Block1:inst|paralelo_serie_384b:inst1|shift_reg[250]~425                                         ; 3       ;
; subsistema2esquematico:inst|Block1:inst|paralelo_serie_384b:inst1|shift_reg[251]~421                                         ; 3       ;
; subsistema2esquematico:inst|Block1:inst|paralelo_serie_384b:inst1|shift_reg[252]~417                                         ; 3       ;
; subsistema2esquematico:inst|Block1:inst|paralelo_serie_384b:inst1|shift_reg[253]~413                                         ; 3       ;
; subsistema2esquematico:inst|Block1:inst|paralelo_serie_384b:inst1|shift_reg[254]~409                                         ; 3       ;
; subsistema2esquematico:inst|Block1:inst|paralelo_serie_384b:inst1|shift_reg[255]~405                                         ; 3       ;
; subsistema2esquematico:inst|Block1:inst|paralelo_serie_384b:inst1|shift_reg[256]~401                                         ; 3       ;
; subsistema2esquematico:inst|Block1:inst|paralelo_serie_384b:inst1|shift_reg[257]~397                                         ; 3       ;
; subsistema2esquematico:inst|Block1:inst|paralelo_serie_384b:inst1|shift_reg[258]~393                                         ; 3       ;
; subsistema2esquematico:inst|Block1:inst|paralelo_serie_384b:inst1|shift_reg[259]~389                                         ; 3       ;
; subsistema2esquematico:inst|Block1:inst|paralelo_serie_384b:inst1|shift_reg[260]~385                                         ; 3       ;
; subsistema2esquematico:inst|Block1:inst|paralelo_serie_384b:inst1|shift_reg[261]~381                                         ; 3       ;
; subsistema2esquematico:inst|Block1:inst|paralelo_serie_384b:inst1|shift_reg[264]~377                                         ; 3       ;
; subsistema2esquematico:inst|Block1:inst|paralelo_serie_384b:inst1|shift_reg[265]~373                                         ; 3       ;
; subsistema2esquematico:inst|Block1:inst|paralelo_serie_384b:inst1|shift_reg[266]~369                                         ; 3       ;
; subsistema2esquematico:inst|Block1:inst|paralelo_serie_384b:inst1|shift_reg[267]~365                                         ; 3       ;
; subsistema2esquematico:inst|Block1:inst|paralelo_serie_384b:inst1|shift_reg[268]~361                                         ; 3       ;
; subsistema2esquematico:inst|Block1:inst|paralelo_serie_384b:inst1|shift_reg[272]~357                                         ; 3       ;
; subsistema2esquematico:inst|Block1:inst|paralelo_serie_384b:inst1|shift_reg[273]~353                                         ; 3       ;
; subsistema2esquematico:inst|Block1:inst|paralelo_serie_384b:inst1|shift_reg[274]~349                                         ; 3       ;
; subsistema2esquematico:inst|Block1:inst|paralelo_serie_384b:inst1|shift_reg[275]~345                                         ; 3       ;
; subsistema2esquematico:inst|Block1:inst|paralelo_serie_384b:inst1|shift_reg[276]~341                                         ; 3       ;
; subsistema2esquematico:inst|Block1:inst|paralelo_serie_384b:inst1|shift_reg[277]~337                                         ; 3       ;
; subsistema2esquematico:inst|Block1:inst|paralelo_serie_384b:inst1|shift_reg[278]~333                                         ; 3       ;
; subsistema2esquematico:inst|Block1:inst|paralelo_serie_384b:inst1|shift_reg[279]~329                                         ; 3       ;
; subsistema2esquematico:inst|Block1:inst|paralelo_serie_384b:inst1|shift_reg[280]~325                                         ; 3       ;
; subsistema2esquematico:inst|Block1:inst|paralelo_serie_384b:inst1|shift_reg[281]~321                                         ; 3       ;
; subsistema2esquematico:inst|Block1:inst|paralelo_serie_384b:inst1|shift_reg[282]~317                                         ; 3       ;
; subsistema2esquematico:inst|Block1:inst|paralelo_serie_384b:inst1|shift_reg[283]~313                                         ; 3       ;
; subsistema2esquematico:inst|Block1:inst|paralelo_serie_384b:inst1|shift_reg[284]~309                                         ; 3       ;
; subsistema2esquematico:inst|Block1:inst|paralelo_serie_384b:inst1|shift_reg[285]~305                                         ; 3       ;
; subsistema2esquematico:inst|Block1:inst|paralelo_serie_384b:inst1|shift_reg[288]~301                                         ; 3       ;
; subsistema2esquematico:inst|Block1:inst|paralelo_serie_384b:inst1|shift_reg[289]~297                                         ; 3       ;
; subsistema2esquematico:inst|Block1:inst|paralelo_serie_384b:inst1|shift_reg[290]~293                                         ; 3       ;
; subsistema2esquematico:inst|Block1:inst|paralelo_serie_384b:inst1|shift_reg[291]~289                                         ; 3       ;
; subsistema2esquematico:inst|Block1:inst|paralelo_serie_384b:inst1|shift_reg[292]~285                                         ; 3       ;
; subsistema2esquematico:inst|Block1:inst|paralelo_serie_384b:inst1|shift_reg[296]~281                                         ; 3       ;
; subsistema2esquematico:inst|Block1:inst|paralelo_serie_384b:inst1|shift_reg[297]~277                                         ; 3       ;
; subsistema2esquematico:inst|Block1:inst|paralelo_serie_384b:inst1|shift_reg[298]~273                                         ; 3       ;
; subsistema2esquematico:inst|Block1:inst|paralelo_serie_384b:inst1|shift_reg[299]~269                                         ; 3       ;
; subsistema2esquematico:inst|Block1:inst|paralelo_serie_384b:inst1|shift_reg[300]~265                                         ; 3       ;
; subsistema2esquematico:inst|Block1:inst|paralelo_serie_384b:inst1|shift_reg[301]~261                                         ; 3       ;
; subsistema2esquematico:inst|Block1:inst|paralelo_serie_384b:inst1|shift_reg[302]~257                                         ; 3       ;
; subsistema2esquematico:inst|Block1:inst|paralelo_serie_384b:inst1|shift_reg[303]~253                                         ; 3       ;
; subsistema2esquematico:inst|Block1:inst|paralelo_serie_384b:inst1|shift_reg[304]~249                                         ; 3       ;
; subsistema2esquematico:inst|Block1:inst|paralelo_serie_384b:inst1|shift_reg[305]~245                                         ; 3       ;
; subsistema2esquematico:inst|Block1:inst|paralelo_serie_384b:inst1|shift_reg[306]~241                                         ; 3       ;
; subsistema2esquematico:inst|Block1:inst|paralelo_serie_384b:inst1|shift_reg[307]~237                                         ; 3       ;
; subsistema2esquematico:inst|Block1:inst|paralelo_serie_384b:inst1|shift_reg[308]~233                                         ; 3       ;
; subsistema2esquematico:inst|Block1:inst|paralelo_serie_384b:inst1|shift_reg[309]~229                                         ; 3       ;
; subsistema2esquematico:inst|Block1:inst|paralelo_serie_384b:inst1|shift_reg[312]~225                                         ; 3       ;
; subsistema2esquematico:inst|Block1:inst|paralelo_serie_384b:inst1|shift_reg[313]~221                                         ; 3       ;
; subsistema2esquematico:inst|Block1:inst|paralelo_serie_384b:inst1|shift_reg[314]~217                                         ; 3       ;
; subsistema2esquematico:inst|Block1:inst|paralelo_serie_384b:inst1|shift_reg[315]~213                                         ; 3       ;
; subsistema2esquematico:inst|Block1:inst|paralelo_serie_384b:inst1|shift_reg[316]~209                                         ; 3       ;
; subsistema2esquematico:inst|Block1:inst|paralelo_serie_384b:inst1|shift_reg[320]~205                                         ; 3       ;
; subsistema2esquematico:inst|Block1:inst|paralelo_serie_384b:inst1|shift_reg[321]~201                                         ; 3       ;
; subsistema2esquematico:inst|Block1:inst|paralelo_serie_384b:inst1|shift_reg[322]~197                                         ; 3       ;
; subsistema2esquematico:inst|Block1:inst|paralelo_serie_384b:inst1|shift_reg[323]~193                                         ; 3       ;
; subsistema2esquematico:inst|Block1:inst|paralelo_serie_384b:inst1|shift_reg[324]~189                                         ; 3       ;
; subsistema2esquematico:inst|Block1:inst|paralelo_serie_384b:inst1|shift_reg[325]~185                                         ; 3       ;
; subsistema2esquematico:inst|Block1:inst|paralelo_serie_384b:inst1|shift_reg[326]~181                                         ; 3       ;
; subsistema2esquematico:inst|Block1:inst|paralelo_serie_384b:inst1|shift_reg[327]~177                                         ; 3       ;
; subsistema2esquematico:inst|Block1:inst|paralelo_serie_384b:inst1|shift_reg[328]~173                                         ; 3       ;
; subsistema2esquematico:inst|Block1:inst|paralelo_serie_384b:inst1|shift_reg[329]~169                                         ; 3       ;
; subsistema2esquematico:inst|Block1:inst|paralelo_serie_384b:inst1|shift_reg[330]~165                                         ; 3       ;
; subsistema2esquematico:inst|Block1:inst|paralelo_serie_384b:inst1|shift_reg[331]~161                                         ; 3       ;
; subsistema2esquematico:inst|Block1:inst|paralelo_serie_384b:inst1|shift_reg[332]~157                                         ; 3       ;
; subsistema2esquematico:inst|Block1:inst|paralelo_serie_384b:inst1|shift_reg[333]~153                                         ; 3       ;
; subsistema2esquematico:inst|Block1:inst|paralelo_serie_384b:inst1|shift_reg[336]~149                                         ; 3       ;
; subsistema2esquematico:inst|Block1:inst|paralelo_serie_384b:inst1|shift_reg[337]~145                                         ; 3       ;
; subsistema2esquematico:inst|Block1:inst|paralelo_serie_384b:inst1|shift_reg[338]~141                                         ; 3       ;
; subsistema2esquematico:inst|Block1:inst|paralelo_serie_384b:inst1|shift_reg[339]~137                                         ; 3       ;
; subsistema2esquematico:inst|Block1:inst|paralelo_serie_384b:inst1|shift_reg[340]~133                                         ; 3       ;
; subsistema2esquematico:inst|Block1:inst|paralelo_serie_384b:inst1|shift_reg[344]~129                                         ; 3       ;
; subsistema2esquematico:inst|Block1:inst|paralelo_serie_384b:inst1|shift_reg[345]~125                                         ; 3       ;
; subsistema2esquematico:inst|Block1:inst|paralelo_serie_384b:inst1|shift_reg[346]~121                                         ; 3       ;
; subsistema2esquematico:inst|Block1:inst|paralelo_serie_384b:inst1|shift_reg[347]~117                                         ; 3       ;
; subsistema2esquematico:inst|Block1:inst|paralelo_serie_384b:inst1|shift_reg[348]~113                                         ; 3       ;
; subsistema2esquematico:inst|Block1:inst|paralelo_serie_384b:inst1|shift_reg[349]~109                                         ; 3       ;
; subsistema2esquematico:inst|Block1:inst|paralelo_serie_384b:inst1|shift_reg[350]~105                                         ; 3       ;
; subsistema2esquematico:inst|Block1:inst|paralelo_serie_384b:inst1|shift_reg[351]~101                                         ; 3       ;
; subsistema2esquematico:inst|Block1:inst|paralelo_serie_384b:inst1|shift_reg[352]~97                                          ; 3       ;
; subsistema2esquematico:inst|Block1:inst|paralelo_serie_384b:inst1|shift_reg[353]~93                                          ; 3       ;
; subsistema2esquematico:inst|Block1:inst|paralelo_serie_384b:inst1|shift_reg[354]~89                                          ; 3       ;
; subsistema2esquematico:inst|Block1:inst|paralelo_serie_384b:inst1|shift_reg[355]~85                                          ; 3       ;
; subsistema2esquematico:inst|Block1:inst|paralelo_serie_384b:inst1|shift_reg[356]~81                                          ; 3       ;
; subsistema2esquematico:inst|Block1:inst|paralelo_serie_384b:inst1|shift_reg[357]~77                                          ; 3       ;
; subsistema2esquematico:inst|Block1:inst|paralelo_serie_384b:inst1|shift_reg[360]~73                                          ; 3       ;
; subsistema2esquematico:inst|Block1:inst|paralelo_serie_384b:inst1|shift_reg[361]~69                                          ; 3       ;
; subsistema2esquematico:inst|Block1:inst|paralelo_serie_384b:inst1|shift_reg[362]~65                                          ; 3       ;
; subsistema2esquematico:inst|Block1:inst|paralelo_serie_384b:inst1|shift_reg[363]~61                                          ; 3       ;
; subsistema2esquematico:inst|Block1:inst|paralelo_serie_384b:inst1|shift_reg[364]~57                                          ; 3       ;
; subsistema2esquematico:inst|Block1:inst|paralelo_serie_384b:inst1|shift_reg[368]~53                                          ; 3       ;
; subsistema2esquematico:inst|Block1:inst|paralelo_serie_384b:inst1|shift_reg[369]~49                                          ; 3       ;
; subsistema2esquematico:inst|Block1:inst|paralelo_serie_384b:inst1|shift_reg[370]~45                                          ; 3       ;
; subsistema2esquematico:inst|Block1:inst|paralelo_serie_384b:inst1|shift_reg[371]~41                                          ; 3       ;
; subsistema2esquematico:inst|Block1:inst|paralelo_serie_384b:inst1|shift_reg[372]~37                                          ; 3       ;
; subsistema2esquematico:inst|Block1:inst|paralelo_serie_384b:inst1|shift_reg[373]~33                                          ; 3       ;
; subsistema2esquematico:inst|Block1:inst|paralelo_serie_384b:inst1|shift_reg[374]~29                                          ; 3       ;
; subsistema2esquematico:inst|Block1:inst|paralelo_serie_384b:inst1|shift_reg[375]~25                                          ; 3       ;
; subsistema2esquematico:inst|Block1:inst|paralelo_serie_384b:inst1|shift_reg[376]~21                                          ; 3       ;
; subsistema2esquematico:inst|Block1:inst|paralelo_serie_384b:inst1|shift_reg[377]~17                                          ; 3       ;
; subsistema2esquematico:inst|Block1:inst|paralelo_serie_384b:inst1|shift_reg[378]~13                                          ; 3       ;
; subsistema2esquematico:inst|Block1:inst|paralelo_serie_384b:inst1|shift_reg[379]~9                                           ; 3       ;
; subsistema2esquematico:inst|Block1:inst|paralelo_serie_384b:inst1|shift_reg[380]~5                                           ; 3       ;
; subsistema2esquematico:inst|Block1:inst|paralelo_serie_384b:inst1|shift_reg[381]~1                                           ; 3       ;
; teclado:inst1|COUNT_2~14                                                                                                     ; 3       ;
; subsistema2esquematico:inst|coloress2:inst1|D2[4]                                                                            ; 3       ;
; subsistema2esquematico:inst|coloress2:inst1|D3[0]                                                                            ; 3       ;
; subsistema2esquematico:inst|coloress2:inst1|D2[3]                                                                            ; 3       ;
; subsistema2esquematico:inst|coloress2:inst1|D2[8]                                                                            ; 3       ;
; subsistema2esquematico:inst|coloress2:inst1|D2[11]                                                                           ; 3       ;
; subsistema2esquematico:inst|coloress2:inst1|D3~0                                                                             ; 3       ;
; subsistema2esquematico:inst|coloress2:inst1|D3[12]                                                                           ; 3       ;
; subsistema2esquematico:inst|coloress2:inst1|D2[16]                                                                           ; 3       ;
; teclado:inst1|t_j_vs_mq                                                                                                      ; 3       ;
; Subsistema_4:inst2|fstate.SEL_MOD                                                                                            ; 3       ;
; Memoria_tablero:inst4|s_estado_tablero~5                                                                                     ; 3       ;
; subsistema2esquematico:inst|coloress2:inst1|bloqueo                                                                          ; 3       ;
; Memoria_tablero:inst4|s_estado_tablero[8]                                                                                    ; 3       ;
; teclado:inst1|t_juego~29                                                                                                     ; 3       ;
; teclado:inst1|t_juego~15                                                                                                     ; 3       ;
; pruebat:inst6|cambio_entrada[1]                                                                                              ; 3       ;
; teclado:inst1|D[8][3]~39                                                                                                     ; 3       ;
; teclado:inst1|D[2][3]~23                                                                                                     ; 3       ;
; teclado:inst1|t_juego~12                                                                                                     ; 3       ;
; teclado:inst1|detecta~30                                                                                                     ; 3       ;
; teclado:inst1|detecta~27                                                                                                     ; 3       ;
; teclado:inst1|detecta~15                                                                                                     ; 3       ;
; teclado:inst1|Equal3~0                                                                                                       ; 3       ;
; teclado:inst1|C~21                                                                                                           ; 3       ;
; teclado:inst1|LessThan17~0                                                                                                   ; 3       ;
; teclado:inst1|process_0~17                                                                                                   ; 3       ;
; teclado:inst1|C[2]~8                                                                                                         ; 3       ;
; teclado:inst1|process_0~12                                                                                                   ; 3       ;
; teclado:inst1|sal[2]~17                                                                                                      ; 3       ;
; subsistema2esquematico:inst|Block1:inst|pulso_384:inst12|count[8]                                                            ; 3       ;
; subsistema2esquematico:inst|Block1:inst|pulso_384:inst12|count[7]                                                            ; 3       ;
; subsistema2esquematico:inst|coloress2:inst1|CJ1[0]                                                                           ; 2       ;
; subsistema2esquematico:inst|coloress2:inst1|CJ1[1]                                                                           ; 2       ;
; subsistema2esquematico:inst|coloress2:inst1|CJ1[3]                                                                           ; 2       ;
; subsistema2esquematico:inst|coloress2:inst1|CJ1[4]                                                                           ; 2       ;
; subsistema2esquematico:inst|coloress2:inst1|CJ1[5]                                                                           ; 2       ;
; subsistema2esquematico:inst|coloress2:inst1|CJ1[6]                                                                           ; 2       ;
; subsistema2esquematico:inst|coloress2:inst1|CJ1[7]                                                                           ; 2       ;
; subsistema2esquematico:inst|coloress2:inst1|CJ1[8]                                                                           ; 2       ;
; subsistema2esquematico:inst|coloress2:inst1|CJ1[9]                                                                           ; 2       ;
; subsistema2esquematico:inst|coloress2:inst1|CJ1[10]                                                                          ; 2       ;
; subsistema2esquematico:inst|coloress2:inst1|CJ1[11]                                                                          ; 2       ;
; subsistema2esquematico:inst|coloress2:inst1|CJ1[12]                                                                          ; 2       ;
; subsistema2esquematico:inst|coloress2:inst1|CJ1[15]                                                                          ; 2       ;
; subsistema2esquematico:inst|coloress2:inst1|CJ1[16]                                                                          ; 2       ;
; subsistema2esquematico:inst|coloress2:inst1|CJ1[17]                                                                          ; 2       ;
; subsistema2esquematico:inst|coloress2:inst1|CJ1[18]                                                                          ; 2       ;
; subsistema2esquematico:inst|coloress2:inst1|CJ1[20]                                                                          ; 2       ;
; subsistema2esquematico:inst|coloress2:inst1|CJ1[21]                                                                          ; 2       ;
; subsistema2esquematico:inst|coloress2:inst1|CJ1[22]                                                                          ; 2       ;
; teclado:inst1|COUNT_2[0]~15                                                                                                  ; 2       ;
; teclado:inst1|t_juego~52                                                                                                     ; 2       ;
; teclado:inst1|D[6][0]~100                                                                                                    ; 2       ;
; subsistema2esquematico:inst|coloress2:inst1|D1[0]                                                                            ; 2       ;
; subsistema2esquematico:inst|coloress2:inst1|D1[1]                                                                            ; 2       ;
; subsistema2esquematico:inst|coloress2:inst1|D1[2]                                                                            ; 2       ;
; subsistema2esquematico:inst|coloress2:inst1|D1[3]                                                                            ; 2       ;
; subsistema2esquematico:inst|coloress2:inst1|D1[4]                                                                            ; 2       ;
; subsistema2esquematico:inst|coloress2:inst1|D1[8]                                                                            ; 2       ;
; subsistema2esquematico:inst|coloress2:inst1|D1[9]                                                                            ; 2       ;
; subsistema2esquematico:inst|coloress2:inst1|D1[10]                                                                           ; 2       ;
; subsistema2esquematico:inst|coloress2:inst1|D1[11]                                                                           ; 2       ;
; subsistema2esquematico:inst|coloress2:inst1|D1[12]                                                                           ; 2       ;
; subsistema2esquematico:inst|coloress2:inst1|D1[13]                                                                           ; 2       ;
; subsistema2esquematico:inst|coloress2:inst1|D1[14]                                                                           ; 2       ;
; subsistema2esquematico:inst|coloress2:inst1|D1[15]                                                                           ; 2       ;
; subsistema2esquematico:inst|coloress2:inst1|D1[16]                                                                           ; 2       ;
; subsistema2esquematico:inst|coloress2:inst1|D1[17]                                                                           ; 2       ;
; subsistema2esquematico:inst|coloress2:inst1|D1[18]                                                                           ; 2       ;
; subsistema2esquematico:inst|coloress2:inst1|D1[19]                                                                           ; 2       ;
; subsistema2esquematico:inst|coloress2:inst1|D1[20]                                                                           ; 2       ;
; subsistema2esquematico:inst|coloress2:inst1|D1[21]                                                                           ; 2       ;
; subsistema2esquematico:inst|coloress2:inst1|D2[0]                                                                            ; 2       ;
; subsistema2esquematico:inst|coloress2:inst1|D2[12]                                                                           ; 2       ;
; subsistema2esquematico:inst|coloress2:inst1|D3[3]                                                                            ; 2       ;
; subsistema2esquematico:inst|coloress2:inst1|D3[8]                                                                            ; 2       ;
; subsistema2esquematico:inst|coloress2:inst1|D3[11]                                                                           ; 2       ;
; subsistema2esquematico:inst|coloress2:inst1|D3[16]                                                                           ; 2       ;
; subsistema2esquematico:inst|coloress2:inst1|D3~1                                                                             ; 2       ;
; subsistema2esquematico:inst|coloress2:inst1|D2~15                                                                            ; 2       ;
; subsistema2esquematico:inst|coloress2:inst1|D4~0                                                                             ; 2       ;
; subsistema2esquematico:inst|coloress2:inst1|D4[4]                                                                            ; 2       ;
; subsistema2esquematico:inst|coloress2:inst1|D2~11                                                                            ; 2       ;
; subsistema2esquematico:inst|coloress2:inst1|D2~8                                                                             ; 2       ;
; subsistema2esquematico:inst|coloress2:inst1|D2~6                                                                             ; 2       ;
; teclado:inst1|COUNT_2[2]~7                                                                                                   ; 2       ;
; teclado:inst1|COUNT_2~6                                                                                                      ; 2       ;
; subsistema2esquematico:inst|coloress2:inst1|D2~2                                                                             ; 2       ;
; subsistema2esquematico:inst|coloress2:inst1|D2~1                                                                             ; 2       ;
; subsistema2esquematico:inst|coloress2:inst1|D5[0]                                                                            ; 2       ;
; subsistema2esquematico:inst|coloress2:inst1|D5[1]                                                                            ; 2       ;
; subsistema2esquematico:inst|coloress2:inst1|D5[2]                                                                            ; 2       ;
; subsistema2esquematico:inst|coloress2:inst1|D5[3]                                                                            ; 2       ;
; subsistema2esquematico:inst|coloress2:inst1|D5[4]                                                                            ; 2       ;
; subsistema2esquematico:inst|coloress2:inst1|D5[8]                                                                            ; 2       ;
; subsistema2esquematico:inst|coloress2:inst1|D5[9]                                                                            ; 2       ;
; subsistema2esquematico:inst|coloress2:inst1|D5[10]                                                                           ; 2       ;
; subsistema2esquematico:inst|coloress2:inst1|D5[11]                                                                           ; 2       ;
; subsistema2esquematico:inst|coloress2:inst1|D5[12]                                                                           ; 2       ;
; subsistema2esquematico:inst|coloress2:inst1|D5[13]                                                                           ; 2       ;
; subsistema2esquematico:inst|coloress2:inst1|D5[14]                                                                           ; 2       ;
; subsistema2esquematico:inst|coloress2:inst1|D5[15]                                                                           ; 2       ;
; subsistema2esquematico:inst|coloress2:inst1|D5[16]                                                                           ; 2       ;
; subsistema2esquematico:inst|coloress2:inst1|D5[17]                                                                           ; 2       ;
; subsistema2esquematico:inst|coloress2:inst1|D5[18]                                                                           ; 2       ;
; subsistema2esquematico:inst|coloress2:inst1|D5[19]                                                                           ; 2       ;
; subsistema2esquematico:inst|coloress2:inst1|D5~5                                                                             ; 2       ;
; subsistema2esquematico:inst|coloress2:inst1|D5[20]                                                                           ; 2       ;
; subsistema2esquematico:inst|coloress2:inst1|D5~2                                                                             ; 2       ;
; subsistema2esquematico:inst|coloress2:inst1|D5[21]                                                                           ; 2       ;
; subsistema2esquematico:inst|coloress2:inst1|D6[0]                                                                            ; 2       ;
; subsistema2esquematico:inst|coloress2:inst1|D6[1]                                                                            ; 2       ;
; subsistema2esquematico:inst|coloress2:inst1|D6[2]                                                                            ; 2       ;
; subsistema2esquematico:inst|coloress2:inst1|D6[3]                                                                            ; 2       ;
; subsistema2esquematico:inst|coloress2:inst1|D6[4]                                                                            ; 2       ;
; subsistema2esquematico:inst|coloress2:inst1|D6[8]                                                                            ; 2       ;
; subsistema2esquematico:inst|coloress2:inst1|D6[9]                                                                            ; 2       ;
; subsistema2esquematico:inst|coloress2:inst1|D6[10]                                                                           ; 2       ;
; subsistema2esquematico:inst|coloress2:inst1|D6[11]                                                                           ; 2       ;
; subsistema2esquematico:inst|coloress2:inst1|D6[12]                                                                           ; 2       ;
; subsistema2esquematico:inst|coloress2:inst1|D6[13]                                                                           ; 2       ;
; subsistema2esquematico:inst|coloress2:inst1|D6[14]                                                                           ; 2       ;
; subsistema2esquematico:inst|coloress2:inst1|D6[15]                                                                           ; 2       ;
; subsistema2esquematico:inst|coloress2:inst1|D6[16]                                                                           ; 2       ;
; subsistema2esquematico:inst|coloress2:inst1|D6[17]                                                                           ; 2       ;
; subsistema2esquematico:inst|coloress2:inst1|D6[18]                                                                           ; 2       ;
; subsistema2esquematico:inst|coloress2:inst1|D6[19]                                                                           ; 2       ;
; subsistema2esquematico:inst|coloress2:inst1|D6[20]                                                                           ; 2       ;
; subsistema2esquematico:inst|coloress2:inst1|D6[21]                                                                           ; 2       ;
; subsistema2esquematico:inst|coloress2:inst1|D7[0]                                                                            ; 2       ;
; subsistema2esquematico:inst|coloress2:inst1|D7[1]                                                                            ; 2       ;
; subsistema2esquematico:inst|coloress2:inst1|D7[2]                                                                            ; 2       ;
; subsistema2esquematico:inst|coloress2:inst1|D7[3]                                                                            ; 2       ;
; subsistema2esquematico:inst|coloress2:inst1|D7[4]                                                                            ; 2       ;
; subsistema2esquematico:inst|coloress2:inst1|D7[8]                                                                            ; 2       ;
; subsistema2esquematico:inst|coloress2:inst1|D7[9]                                                                            ; 2       ;
; subsistema2esquematico:inst|coloress2:inst1|D7[10]                                                                           ; 2       ;
; subsistema2esquematico:inst|coloress2:inst1|D7[11]                                                                           ; 2       ;
; subsistema2esquematico:inst|coloress2:inst1|D7[12]                                                                           ; 2       ;
; subsistema2esquematico:inst|coloress2:inst1|D7[13]                                                                           ; 2       ;
; subsistema2esquematico:inst|coloress2:inst1|D7[14]                                                                           ; 2       ;
; subsistema2esquematico:inst|coloress2:inst1|D7[15]                                                                           ; 2       ;
; subsistema2esquematico:inst|coloress2:inst1|D7[16]                                                                           ; 2       ;
; subsistema2esquematico:inst|coloress2:inst1|D7[17]                                                                           ; 2       ;
; subsistema2esquematico:inst|coloress2:inst1|D7[18]                                                                           ; 2       ;
; subsistema2esquematico:inst|coloress2:inst1|D7[19]                                                                           ; 2       ;
; subsistema2esquematico:inst|coloress2:inst1|D7[20]                                                                           ; 2       ;
; subsistema2esquematico:inst|coloress2:inst1|D7[21]                                                                           ; 2       ;
; subsistema2esquematico:inst|coloress2:inst1|D8[0]                                                                            ; 2       ;
; subsistema2esquematico:inst|coloress2:inst1|D8[1]                                                                            ; 2       ;
; subsistema2esquematico:inst|coloress2:inst1|D8[2]                                                                            ; 2       ;
; subsistema2esquematico:inst|coloress2:inst1|D8[3]                                                                            ; 2       ;
; subsistema2esquematico:inst|coloress2:inst1|D8[4]                                                                            ; 2       ;
; subsistema2esquematico:inst|coloress2:inst1|D8[8]                                                                            ; 2       ;
; subsistema2esquematico:inst|coloress2:inst1|D8[9]                                                                            ; 2       ;
; subsistema2esquematico:inst|coloress2:inst1|D8[10]                                                                           ; 2       ;
; subsistema2esquematico:inst|coloress2:inst1|D8[11]                                                                           ; 2       ;
; subsistema2esquematico:inst|coloress2:inst1|D8[12]                                                                           ; 2       ;
; subsistema2esquematico:inst|coloress2:inst1|D8[13]                                                                           ; 2       ;
; subsistema2esquematico:inst|coloress2:inst1|D8[14]                                                                           ; 2       ;
; subsistema2esquematico:inst|coloress2:inst1|D8[15]                                                                           ; 2       ;
; subsistema2esquematico:inst|coloress2:inst1|D8[16]                                                                           ; 2       ;
; subsistema2esquematico:inst|coloress2:inst1|D8[17]                                                                           ; 2       ;
; subsistema2esquematico:inst|coloress2:inst1|D8[18]                                                                           ; 2       ;
; subsistema2esquematico:inst|coloress2:inst1|D8[19]                                                                           ; 2       ;
; subsistema2esquematico:inst|coloress2:inst1|D8[20]                                                                           ; 2       ;
; subsistema2esquematico:inst|coloress2:inst1|D8[21]                                                                           ; 2       ;
; subsistema2esquematico:inst|coloress2:inst1|D9[0]                                                                            ; 2       ;
; subsistema2esquematico:inst|coloress2:inst1|D9[1]                                                                            ; 2       ;
; subsistema2esquematico:inst|coloress2:inst1|D9[2]                                                                            ; 2       ;
; subsistema2esquematico:inst|coloress2:inst1|D9[3]                                                                            ; 2       ;
; subsistema2esquematico:inst|coloress2:inst1|D9[4]                                                                            ; 2       ;
; subsistema2esquematico:inst|coloress2:inst1|D9[8]                                                                            ; 2       ;
; subsistema2esquematico:inst|coloress2:inst1|D9[9]                                                                            ; 2       ;
; subsistema2esquematico:inst|coloress2:inst1|D9[10]                                                                           ; 2       ;
; subsistema2esquematico:inst|coloress2:inst1|D9[11]                                                                           ; 2       ;
; subsistema2esquematico:inst|coloress2:inst1|D9[12]                                                                           ; 2       ;
; subsistema2esquematico:inst|coloress2:inst1|D9[13]                                                                           ; 2       ;
; subsistema2esquematico:inst|coloress2:inst1|D9[14]                                                                           ; 2       ;
; subsistema2esquematico:inst|coloress2:inst1|D9[15]                                                                           ; 2       ;
; subsistema2esquematico:inst|coloress2:inst1|D9[16]                                                                           ; 2       ;
; subsistema2esquematico:inst|coloress2:inst1|D9[17]                                                                           ; 2       ;
; subsistema2esquematico:inst|coloress2:inst1|D9[18]                                                                           ; 2       ;
; subsistema2esquematico:inst|coloress2:inst1|D9[19]                                                                           ; 2       ;
; subsistema2esquematico:inst|coloress2:inst1|D9~4                                                                             ; 2       ;
; subsistema2esquematico:inst|coloress2:inst1|D9[20]                                                                           ; 2       ;
; subsistema2esquematico:inst|coloress2:inst1|D9~2                                                                             ; 2       ;
; subsistema2esquematico:inst|coloress2:inst1|D9[21]                                                                           ; 2       ;
; subsistema2esquematico:inst|coloress2:inst1|D10[0]                                                                           ; 2       ;
; subsistema2esquematico:inst|coloress2:inst1|D10[1]                                                                           ; 2       ;
; subsistema2esquematico:inst|coloress2:inst1|D10[2]                                                                           ; 2       ;
; subsistema2esquematico:inst|coloress2:inst1|D10[3]                                                                           ; 2       ;
; subsistema2esquematico:inst|coloress2:inst1|D10[4]                                                                           ; 2       ;
; subsistema2esquematico:inst|coloress2:inst1|D10[8]                                                                           ; 2       ;
; subsistema2esquematico:inst|coloress2:inst1|D10[9]                                                                           ; 2       ;
; subsistema2esquematico:inst|coloress2:inst1|D10[10]                                                                          ; 2       ;
; subsistema2esquematico:inst|coloress2:inst1|D10[11]                                                                          ; 2       ;
; subsistema2esquematico:inst|coloress2:inst1|D10[12]                                                                          ; 2       ;
; subsistema2esquematico:inst|coloress2:inst1|D10[13]                                                                          ; 2       ;
; subsistema2esquematico:inst|coloress2:inst1|D10[14]                                                                          ; 2       ;
; subsistema2esquematico:inst|coloress2:inst1|D10[15]                                                                          ; 2       ;
; subsistema2esquematico:inst|coloress2:inst1|D10[16]                                                                          ; 2       ;
; subsistema2esquematico:inst|coloress2:inst1|D10[17]                                                                          ; 2       ;
; subsistema2esquematico:inst|coloress2:inst1|D10[18]                                                                          ; 2       ;
; subsistema2esquematico:inst|coloress2:inst1|D10[19]                                                                          ; 2       ;
; subsistema2esquematico:inst|coloress2:inst1|D10[20]                                                                          ; 2       ;
; subsistema2esquematico:inst|coloress2:inst1|D10[21]                                                                          ; 2       ;
; subsistema2esquematico:inst|coloress2:inst1|D11[0]                                                                           ; 2       ;
; subsistema2esquematico:inst|coloress2:inst1|D11[1]                                                                           ; 2       ;
; subsistema2esquematico:inst|coloress2:inst1|D11[2]                                                                           ; 2       ;
; subsistema2esquematico:inst|coloress2:inst1|D11[3]                                                                           ; 2       ;
; subsistema2esquematico:inst|coloress2:inst1|D11[4]                                                                           ; 2       ;
; subsistema2esquematico:inst|coloress2:inst1|D11[8]                                                                           ; 2       ;
; subsistema2esquematico:inst|coloress2:inst1|D11[9]                                                                           ; 2       ;
; subsistema2esquematico:inst|coloress2:inst1|D11[10]                                                                          ; 2       ;
; subsistema2esquematico:inst|coloress2:inst1|D11[11]                                                                          ; 2       ;
; subsistema2esquematico:inst|coloress2:inst1|D11[12]                                                                          ; 2       ;
; subsistema2esquematico:inst|coloress2:inst1|D11[13]                                                                          ; 2       ;
; subsistema2esquematico:inst|coloress2:inst1|D11[14]                                                                          ; 2       ;
; subsistema2esquematico:inst|coloress2:inst1|D11[15]                                                                          ; 2       ;
; subsistema2esquematico:inst|coloress2:inst1|D11[16]                                                                          ; 2       ;
; subsistema2esquematico:inst|coloress2:inst1|D11[17]                                                                          ; 2       ;
; subsistema2esquematico:inst|coloress2:inst1|D11[18]                                                                          ; 2       ;
; subsistema2esquematico:inst|coloress2:inst1|D11[19]                                                                          ; 2       ;
; subsistema2esquematico:inst|coloress2:inst1|D11[20]                                                                          ; 2       ;
; subsistema2esquematico:inst|coloress2:inst1|D11[21]                                                                          ; 2       ;
; subsistema2esquematico:inst|coloress2:inst1|D12[0]                                                                           ; 2       ;
; subsistema2esquematico:inst|coloress2:inst1|D12[1]                                                                           ; 2       ;
; subsistema2esquematico:inst|coloress2:inst1|D12[2]                                                                           ; 2       ;
; subsistema2esquematico:inst|coloress2:inst1|D12[3]                                                                           ; 2       ;
; subsistema2esquematico:inst|coloress2:inst1|D12[4]                                                                           ; 2       ;
; subsistema2esquematico:inst|coloress2:inst1|D12[8]                                                                           ; 2       ;
; subsistema2esquematico:inst|coloress2:inst1|D12[9]                                                                           ; 2       ;
; subsistema2esquematico:inst|coloress2:inst1|D12[10]                                                                          ; 2       ;
; subsistema2esquematico:inst|coloress2:inst1|D12[11]                                                                          ; 2       ;
; subsistema2esquematico:inst|coloress2:inst1|D12[12]                                                                          ; 2       ;
; subsistema2esquematico:inst|coloress2:inst1|D12[13]                                                                          ; 2       ;
; subsistema2esquematico:inst|coloress2:inst1|D12[14]                                                                          ; 2       ;
; subsistema2esquematico:inst|coloress2:inst1|D12[15]                                                                          ; 2       ;
; subsistema2esquematico:inst|coloress2:inst1|D12[16]                                                                          ; 2       ;
; subsistema2esquematico:inst|coloress2:inst1|D12[17]                                                                          ; 2       ;
; subsistema2esquematico:inst|coloress2:inst1|D12[18]                                                                          ; 2       ;
; subsistema2esquematico:inst|coloress2:inst1|D12[19]                                                                          ; 2       ;
; subsistema2esquematico:inst|coloress2:inst1|D12[20]                                                                          ; 2       ;
; subsistema2esquematico:inst|coloress2:inst1|D12[21]                                                                          ; 2       ;
; subsistema2esquematico:inst|coloress2:inst1|D13[0]                                                                           ; 2       ;
; subsistema2esquematico:inst|coloress2:inst1|D13[1]                                                                           ; 2       ;
; subsistema2esquematico:inst|coloress2:inst1|D13[2]                                                                           ; 2       ;
; subsistema2esquematico:inst|coloress2:inst1|D13[3]                                                                           ; 2       ;
; subsistema2esquematico:inst|coloress2:inst1|D13[4]                                                                           ; 2       ;
; subsistema2esquematico:inst|coloress2:inst1|D13[8]                                                                           ; 2       ;
; subsistema2esquematico:inst|coloress2:inst1|D13[9]                                                                           ; 2       ;
; subsistema2esquematico:inst|coloress2:inst1|D13[10]                                                                          ; 2       ;
; subsistema2esquematico:inst|coloress2:inst1|D13[11]                                                                          ; 2       ;
; subsistema2esquematico:inst|coloress2:inst1|D13[12]                                                                          ; 2       ;
; subsistema2esquematico:inst|coloress2:inst1|D13[13]                                                                          ; 2       ;
; subsistema2esquematico:inst|coloress2:inst1|D13[14]                                                                          ; 2       ;
; subsistema2esquematico:inst|coloress2:inst1|D13[15]                                                                          ; 2       ;
; subsistema2esquematico:inst|coloress2:inst1|D13[16]                                                                          ; 2       ;
; subsistema2esquematico:inst|coloress2:inst1|D13[17]                                                                          ; 2       ;
; subsistema2esquematico:inst|coloress2:inst1|D13[18]                                                                          ; 2       ;
; subsistema2esquematico:inst|coloress2:inst1|D13[19]                                                                          ; 2       ;
; Subsistema_4:inst2|Selector1~3                                                                                               ; 2       ;
; Subsistema_4:inst2|process_1~6                                                                                               ; 2       ;
; Subsistema_4:inst2|process_1~2                                                                                               ; 2       ;
; Subsistema_4:inst2|fstate.ESP_J                                                                                              ; 2       ;
; Subsistema_4:inst2|Selector2~1                                                                                               ; 2       ;
; Subsistema_4:inst2|Selector1~0                                                                                               ; 2       ;
; subsistema2esquematico:inst|coloress2:inst1|D13~5                                                                            ; 2       ;
; Memoria_tablero:inst4|s_estado_tablero~19                                                                                    ; 2       ;
; Memoria_tablero:inst4|s_estado_tablero~13                                                                                    ; 2       ;
; Memoria_tablero:inst4|s_estado_tablero~8                                                                                     ; 2       ;
; Memoria_tablero:inst4|s_estado_tablero~2                                                                                     ; 2       ;
; subsistema2esquematico:inst|coloress2:inst1|D13[20]                                                                          ; 2       ;
; subsistema2esquematico:inst|coloress2:inst1|D13~2                                                                            ; 2       ;
; subsistema2esquematico:inst|coloress2:inst1|D13[21]                                                                          ; 2       ;
; subsistema2esquematico:inst|coloress2:inst1|D14[0]                                                                           ; 2       ;
; subsistema2esquematico:inst|coloress2:inst1|D14[1]                                                                           ; 2       ;
; subsistema2esquematico:inst|coloress2:inst1|D14[2]                                                                           ; 2       ;
; subsistema2esquematico:inst|coloress2:inst1|D14[3]                                                                           ; 2       ;
; subsistema2esquematico:inst|coloress2:inst1|D14[4]                                                                           ; 2       ;
; subsistema2esquematico:inst|coloress2:inst1|D14[8]                                                                           ; 2       ;
; subsistema2esquematico:inst|coloress2:inst1|D14[9]                                                                           ; 2       ;
; subsistema2esquematico:inst|coloress2:inst1|D14[10]                                                                          ; 2       ;
; subsistema2esquematico:inst|coloress2:inst1|D14[11]                                                                          ; 2       ;
; subsistema2esquematico:inst|coloress2:inst1|D14[12]                                                                          ; 2       ;
; subsistema2esquematico:inst|coloress2:inst1|D14[13]                                                                          ; 2       ;
; subsistema2esquematico:inst|coloress2:inst1|D14[14]                                                                          ; 2       ;
; subsistema2esquematico:inst|coloress2:inst1|D14[15]                                                                          ; 2       ;
; subsistema2esquematico:inst|coloress2:inst1|D14[16]                                                                          ; 2       ;
; subsistema2esquematico:inst|coloress2:inst1|D14[17]                                                                          ; 2       ;
; subsistema2esquematico:inst|coloress2:inst1|D14[18]                                                                          ; 2       ;
; subsistema2esquematico:inst|coloress2:inst1|D14[19]                                                                          ; 2       ;
; subsistema2esquematico:inst|coloress2:inst1|D14[20]                                                                          ; 2       ;
; subsistema2esquematico:inst|coloress2:inst1|D14[9]~0                                                                         ; 2       ;
; subsistema2esquematico:inst|coloress2:inst1|D14[21]                                                                          ; 2       ;
; subsistema2esquematico:inst|coloress2:inst1|D15[0]                                                                           ; 2       ;
; subsistema2esquematico:inst|coloress2:inst1|D15[1]                                                                           ; 2       ;
; subsistema2esquematico:inst|coloress2:inst1|D15[2]                                                                           ; 2       ;
; subsistema2esquematico:inst|coloress2:inst1|D15[3]                                                                           ; 2       ;
; subsistema2esquematico:inst|coloress2:inst1|D15[4]                                                                           ; 2       ;
; subsistema2esquematico:inst|coloress2:inst1|D15[8]                                                                           ; 2       ;
; subsistema2esquematico:inst|coloress2:inst1|D15[9]                                                                           ; 2       ;
; subsistema2esquematico:inst|coloress2:inst1|D15[10]                                                                          ; 2       ;
; subsistema2esquematico:inst|coloress2:inst1|D15[11]                                                                          ; 2       ;
; subsistema2esquematico:inst|coloress2:inst1|D15[12]                                                                          ; 2       ;
; subsistema2esquematico:inst|coloress2:inst1|D15[13]                                                                          ; 2       ;
; subsistema2esquematico:inst|coloress2:inst1|D15[14]                                                                          ; 2       ;
; subsistema2esquematico:inst|coloress2:inst1|D15[15]                                                                          ; 2       ;
; subsistema2esquematico:inst|coloress2:inst1|D15[16]                                                                          ; 2       ;
; subsistema2esquematico:inst|coloress2:inst1|D15[17]                                                                          ; 2       ;
; subsistema2esquematico:inst|coloress2:inst1|D15[18]                                                                          ; 2       ;
; subsistema2esquematico:inst|coloress2:inst1|D15[19]                                                                          ; 2       ;
; subsistema2esquematico:inst|coloress2:inst1|D15[20]                                                                          ; 2       ;
; subsistema2esquematico:inst|coloress2:inst1|D15[4]~0                                                                         ; 2       ;
; subsistema2esquematico:inst|coloress2:inst1|D15[21]                                                                          ; 2       ;
; subsistema2esquematico:inst|coloress2:inst1|D16[0]                                                                           ; 2       ;
; subsistema2esquematico:inst|coloress2:inst1|D16[1]                                                                           ; 2       ;
; subsistema2esquematico:inst|coloress2:inst1|D16[2]                                                                           ; 2       ;
; subsistema2esquematico:inst|coloress2:inst1|D16[3]                                                                           ; 2       ;
; subsistema2esquematico:inst|coloress2:inst1|D16[4]                                                                           ; 2       ;
; subsistema2esquematico:inst|coloress2:inst1|D16[8]                                                                           ; 2       ;
; subsistema2esquematico:inst|coloress2:inst1|D16[9]                                                                           ; 2       ;
; subsistema2esquematico:inst|coloress2:inst1|D16[10]                                                                          ; 2       ;
; subsistema2esquematico:inst|coloress2:inst1|D16[11]                                                                          ; 2       ;
; subsistema2esquematico:inst|coloress2:inst1|D16[12]                                                                          ; 2       ;
; subsistema2esquematico:inst|coloress2:inst1|D16[13]                                                                          ; 2       ;
; subsistema2esquematico:inst|coloress2:inst1|D16[14]                                                                          ; 2       ;
; subsistema2esquematico:inst|coloress2:inst1|D16[15]                                                                          ; 2       ;
; subsistema2esquematico:inst|coloress2:inst1|D16[16]                                                                          ; 2       ;
; subsistema2esquematico:inst|coloress2:inst1|D16[17]                                                                          ; 2       ;
; subsistema2esquematico:inst|coloress2:inst1|D16[18]                                                                          ; 2       ;
; subsistema2esquematico:inst|coloress2:inst1|D16[19]                                                                          ; 2       ;
; pruebat:inst6|contador_2s[10]                                                                                                ; 2       ;
; pruebat:inst6|contador_2s[9]                                                                                                 ; 2       ;
; pruebat:inst6|contador_2s[8]                                                                                                 ; 2       ;
; pruebat:inst6|contador_2s[5]                                                                                                 ; 2       ;
; pruebat:inst6|contador_2s[4]                                                                                                 ; 2       ;
; pruebat:inst6|contador_2s[7]                                                                                                 ; 2       ;
; pruebat:inst6|contador_2s[6]                                                                                                 ; 2       ;
; pruebat:inst6|contador_2s[3]                                                                                                 ; 2       ;
; pruebat:inst6|contador_2s[2]                                                                                                 ; 2       ;
; pruebat:inst6|contador_2s[1]                                                                                                 ; 2       ;
; pruebat:inst6|contador_2s[0]                                                                                                 ; 2       ;
; teclado:inst1|t_juego[1]~36                                                                                                  ; 2       ;
; teclado:inst1|t_juego~34                                                                                                     ; 2       ;
; teclado:inst1|t_juego[1]~25                                                                                                  ; 2       ;
; teclado:inst1|t_juego~18                                                                                                     ; 2       ;
; pruebat:inst6|Mux8~0                                                                                                         ; 2       ;
; subsistema2esquematico:inst|coloress2:inst1|D16[20]                                                                          ; 2       ;
; teclado:inst1|D[9][0]~58                                                                                                     ; 2       ;
; teclado:inst1|detecta~29                                                                                                     ; 2       ;
; teclado:inst1|detecta~19                                                                                                     ; 2       ;
; teclado:inst1|detecta~13                                                                                                     ; 2       ;
; teclado:inst1|D[12][3]~16                                                                                                    ; 2       ;
; teclado:inst1|t_juego[1]~11                                                                                                  ; 2       ;
; teclado:inst1|C[2]~23                                                                                                        ; 2       ;
; teclado:inst1|process_0~19                                                                                                   ; 2       ;
; teclado:inst1|C[2]~9                                                                                                         ; 2       ;
; teclado:inst1|process_0~14                                                                                                   ; 2       ;
; teclado:inst1|C[2]~7                                                                                                         ; 2       ;
; teclado:inst1|process_0~11                                                                                                   ; 2       ;
; subsistema2esquematico:inst|coloress2:inst1|D16[21]                                                                          ; 2       ;
; teclado:inst1|t_j1_vs_j2~0                                                                                                   ; 2       ;
; teclado:inst1|process_0~3                                                                                                    ; 2       ;
; subsistema2esquematico:inst|Block1:inst|pulso_384:inst12|strt                                                                ; 2       ;
; subsistema2esquematico:inst|Block1:inst|pulso_384:inst12|pulso                                                               ; 2       ;
; Subsistema_4:inst2|fstate.INICIO~feeder                                                                                      ; 1       ;
; subsistema2esquematico:inst|coloress2:inst1|bloqueo~feeder                                                                   ; 1       ;
; inclk0~input                                                                                                                 ; 1       ;
; subsistema2esquematico:inst|coloress2:inst1|puntos2[0]~0                                                                     ; 1       ;
; subsistema2esquematico:inst|Block1:inst|inst4~0                                                                              ; 1       ;
; teclado:inst1|sal[2]~25                                                                                                      ; 1       ;
; teclado:inst1|sal[2]~24                                                                                                      ; 1       ;
; teclado:inst1|C~41                                                                                                           ; 1       ;
; teclado:inst1|C~40                                                                                                           ; 1       ;
; pruebat:inst6|cambio_entrada[2]~7                                                                                            ; 1       ;
; teclado:inst1|t_juego[1]~53                                                                                                  ; 1       ;
; teclado:inst1|t_juego~51                                                                                                     ; 1       ;
; teclado:inst1|detecta~36                                                                                                     ; 1       ;
; teclado:inst1|detecta~35                                                                                                     ; 1       ;
; teclado:inst1|C~39                                                                                                           ; 1       ;
; teclado:inst1|C[2]~38                                                                                                        ; 1       ;
; subsistema2esquematico:inst|Block1:inst|paralelo_serie_384b:inst1|shift_reg[0]~1176                                          ; 1       ;
; subsistema2esquematico:inst|Block1:inst|paralelo_serie_384b:inst1|shift_reg[0]~_emulated                                     ; 1       ;
; subsistema2esquematico:inst|Block1:inst|paralelo_serie_384b:inst1|shift_reg[1]~1173                                          ; 1       ;
; subsistema2esquematico:inst|Block1:inst|paralelo_serie_384b:inst1|shift_reg[1]~1172                                          ; 1       ;
; subsistema2esquematico:inst|Block1:inst|paralelo_serie_384b:inst1|shift_reg[1]~_emulated                                     ; 1       ;
; subsistema2esquematico:inst|Block1:inst|paralelo_serie_384b:inst1|shift_reg[2]~1169                                          ; 1       ;
; subsistema2esquematico:inst|Block1:inst|paralelo_serie_384b:inst1|shift_reg[2]~1168                                          ; 1       ;
; subsistema2esquematico:inst|Block1:inst|paralelo_serie_384b:inst1|shift_reg[2]~_emulated                                     ; 1       ;
; subsistema2esquematico:inst|Block1:inst|paralelo_serie_384b:inst1|shift_reg[3]~1165                                          ; 1       ;
; subsistema2esquematico:inst|Block1:inst|paralelo_serie_384b:inst1|shift_reg[3]~1164                                          ; 1       ;
; subsistema2esquematico:inst|Block1:inst|paralelo_serie_384b:inst1|shift_reg[3]~_emulated                                     ; 1       ;
; subsistema2esquematico:inst|Block1:inst|paralelo_serie_384b:inst1|shift_reg[4]~1161                                          ; 1       ;
; subsistema2esquematico:inst|Block1:inst|paralelo_serie_384b:inst1|shift_reg[4]~1160                                          ; 1       ;
; subsistema2esquematico:inst|Block1:inst|paralelo_serie_384b:inst1|shift_reg[4]~_emulated                                     ; 1       ;
; subsistema2esquematico:inst|Block1:inst|paralelo_serie_384b:inst1|shift_reg[5]                                               ; 1       ;
; subsistema2esquematico:inst|Block1:inst|paralelo_serie_384b:inst1|shift_reg[6]                                               ; 1       ;
; subsistema2esquematico:inst|Block1:inst|paralelo_serie_384b:inst1|shift_reg[8]~1157                                          ; 1       ;
; subsistema2esquematico:inst|Block1:inst|paralelo_serie_384b:inst1|shift_reg[7]                                               ; 1       ;
; subsistema2esquematico:inst|Block1:inst|paralelo_serie_384b:inst1|shift_reg[8]~1156                                          ; 1       ;
; subsistema2esquematico:inst|Block1:inst|paralelo_serie_384b:inst1|shift_reg[8]~_emulated                                     ; 1       ;
; subsistema2esquematico:inst|Block1:inst|paralelo_serie_384b:inst1|shift_reg[9]~1153                                          ; 1       ;
; subsistema2esquematico:inst|Block1:inst|paralelo_serie_384b:inst1|shift_reg[9]~1152                                          ; 1       ;
; subsistema2esquematico:inst|Block1:inst|paralelo_serie_384b:inst1|shift_reg[9]~_emulated                                     ; 1       ;
; subsistema2esquematico:inst|Block1:inst|paralelo_serie_384b:inst1|shift_reg[10]~1149                                         ; 1       ;
; subsistema2esquematico:inst|Block1:inst|paralelo_serie_384b:inst1|shift_reg[10]~1148                                         ; 1       ;
; subsistema2esquematico:inst|Block1:inst|paralelo_serie_384b:inst1|shift_reg[10]~_emulated                                    ; 1       ;
; subsistema2esquematico:inst|Block1:inst|paralelo_serie_384b:inst1|shift_reg[11]~1145                                         ; 1       ;
; subsistema2esquematico:inst|Block1:inst|paralelo_serie_384b:inst1|shift_reg[11]~1144                                         ; 1       ;
; subsistema2esquematico:inst|Block1:inst|paralelo_serie_384b:inst1|shift_reg[11]~_emulated                                    ; 1       ;
; subsistema2esquematico:inst|Block1:inst|paralelo_serie_384b:inst1|shift_reg[12]~1141                                         ; 1       ;
; subsistema2esquematico:inst|Block1:inst|paralelo_serie_384b:inst1|shift_reg[12]~1140                                         ; 1       ;
; subsistema2esquematico:inst|Block1:inst|paralelo_serie_384b:inst1|shift_reg[12]~_emulated                                    ; 1       ;
; subsistema2esquematico:inst|Block1:inst|paralelo_serie_384b:inst1|shift_reg[13]~1137                                         ; 1       ;
; subsistema2esquematico:inst|Block1:inst|paralelo_serie_384b:inst1|shift_reg[13]~1136                                         ; 1       ;
; subsistema2esquematico:inst|Block1:inst|paralelo_serie_384b:inst1|shift_reg[13]~_emulated                                    ; 1       ;
; subsistema2esquematico:inst|Block1:inst|paralelo_serie_384b:inst1|shift_reg[14]~1133                                         ; 1       ;
; subsistema2esquematico:inst|Block1:inst|paralelo_serie_384b:inst1|shift_reg[14]~1132                                         ; 1       ;
; subsistema2esquematico:inst|Block1:inst|paralelo_serie_384b:inst1|shift_reg[14]~_emulated                                    ; 1       ;
; subsistema2esquematico:inst|Block1:inst|paralelo_serie_384b:inst1|shift_reg[15]~1129                                         ; 1       ;
; subsistema2esquematico:inst|Block1:inst|paralelo_serie_384b:inst1|shift_reg[15]~1128                                         ; 1       ;
; subsistema2esquematico:inst|Block1:inst|paralelo_serie_384b:inst1|shift_reg[15]~_emulated                                    ; 1       ;
; subsistema2esquematico:inst|Block1:inst|paralelo_serie_384b:inst1|shift_reg[16]~1125                                         ; 1       ;
; subsistema2esquematico:inst|Block1:inst|paralelo_serie_384b:inst1|shift_reg[16]~1124                                         ; 1       ;
; subsistema2esquematico:inst|Block1:inst|paralelo_serie_384b:inst1|shift_reg[16]~_emulated                                    ; 1       ;
; subsistema2esquematico:inst|Block1:inst|paralelo_serie_384b:inst1|shift_reg[17]~1121                                         ; 1       ;
; subsistema2esquematico:inst|Block1:inst|paralelo_serie_384b:inst1|shift_reg[17]~1120                                         ; 1       ;
; subsistema2esquematico:inst|Block1:inst|paralelo_serie_384b:inst1|shift_reg[17]~_emulated                                    ; 1       ;
; subsistema2esquematico:inst|Block1:inst|paralelo_serie_384b:inst1|shift_reg[18]~1117                                         ; 1       ;
; subsistema2esquematico:inst|Block1:inst|paralelo_serie_384b:inst1|shift_reg[18]~1116                                         ; 1       ;
; subsistema2esquematico:inst|Block1:inst|paralelo_serie_384b:inst1|shift_reg[18]~_emulated                                    ; 1       ;
; subsistema2esquematico:inst|Block1:inst|paralelo_serie_384b:inst1|shift_reg[19]~1113                                         ; 1       ;
; subsistema2esquematico:inst|Block1:inst|paralelo_serie_384b:inst1|shift_reg[19]~1112                                         ; 1       ;
; subsistema2esquematico:inst|Block1:inst|paralelo_serie_384b:inst1|shift_reg[19]~_emulated                                    ; 1       ;
; subsistema2esquematico:inst|Block1:inst|paralelo_serie_384b:inst1|shift_reg[20]~1109                                         ; 1       ;
; subsistema2esquematico:inst|Block1:inst|paralelo_serie_384b:inst1|shift_reg[20]~1108                                         ; 1       ;
; subsistema2esquematico:inst|Block1:inst|paralelo_serie_384b:inst1|shift_reg[20]~_emulated                                    ; 1       ;
; subsistema2esquematico:inst|Block1:inst|paralelo_serie_384b:inst1|shift_reg[21]~1105                                         ; 1       ;
; subsistema2esquematico:inst|Block1:inst|paralelo_serie_384b:inst1|shift_reg[21]~1104                                         ; 1       ;
; subsistema2esquematico:inst|Block1:inst|paralelo_serie_384b:inst1|shift_reg[21]~_emulated                                    ; 1       ;
; subsistema2esquematico:inst|Block1:inst|paralelo_serie_384b:inst1|shift_reg[22]                                              ; 1       ;
; subsistema2esquematico:inst|Block1:inst|paralelo_serie_384b:inst1|shift_reg[24]~1101                                         ; 1       ;
; subsistema2esquematico:inst|Block1:inst|paralelo_serie_384b:inst1|shift_reg[23]                                              ; 1       ;
; subsistema2esquematico:inst|Block1:inst|paralelo_serie_384b:inst1|shift_reg[24]~1100                                         ; 1       ;
; subsistema2esquematico:inst|Block1:inst|paralelo_serie_384b:inst1|shift_reg[24]~_emulated                                    ; 1       ;
; subsistema2esquematico:inst|Block1:inst|paralelo_serie_384b:inst1|shift_reg[25]~1097                                         ; 1       ;
; subsistema2esquematico:inst|Block1:inst|paralelo_serie_384b:inst1|shift_reg[25]~1096                                         ; 1       ;
; subsistema2esquematico:inst|Block1:inst|paralelo_serie_384b:inst1|shift_reg[25]~_emulated                                    ; 1       ;
; subsistema2esquematico:inst|Block1:inst|paralelo_serie_384b:inst1|shift_reg[26]~1095                                         ; 1       ;
; subsistema2esquematico:inst|Block1:inst|paralelo_serie_384b:inst1|shift_reg[26]~1094                                         ; 1       ;
; subsistema2esquematico:inst|Block1:inst|paralelo_serie_384b:inst1|shift_reg[26]~_emulated                                    ; 1       ;
; subsistema2esquematico:inst|Block1:inst|paralelo_serie_384b:inst1|shift_reg[27]~1093                                         ; 1       ;
; subsistema2esquematico:inst|Block1:inst|paralelo_serie_384b:inst1|shift_reg[27]~1092                                         ; 1       ;
; subsistema2esquematico:inst|Block1:inst|paralelo_serie_384b:inst1|shift_reg[27]~_emulated                                    ; 1       ;
; subsistema2esquematico:inst|Block1:inst|paralelo_serie_384b:inst1|shift_reg[28]~1091                                         ; 1       ;
; subsistema2esquematico:inst|Block1:inst|paralelo_serie_384b:inst1|shift_reg[28]~1090                                         ; 1       ;
; subsistema2esquematico:inst|Block1:inst|paralelo_serie_384b:inst1|shift_reg[28]~_emulated                                    ; 1       ;
; subsistema2esquematico:inst|Block1:inst|paralelo_serie_384b:inst1|shift_reg[29]~1089                                         ; 1       ;
; subsistema2esquematico:inst|Block1:inst|paralelo_serie_384b:inst1|shift_reg[29]~1088                                         ; 1       ;
; subsistema2esquematico:inst|Block1:inst|paralelo_serie_384b:inst1|shift_reg[29]~_emulated                                    ; 1       ;
; subsistema2esquematico:inst|Block1:inst|paralelo_serie_384b:inst1|shift_reg[30]~1087                                         ; 1       ;
; subsistema2esquematico:inst|Block1:inst|paralelo_serie_384b:inst1|shift_reg[30]~1086                                         ; 1       ;
; subsistema2esquematico:inst|Block1:inst|paralelo_serie_384b:inst1|shift_reg[30]~_emulated                                    ; 1       ;
; subsistema2esquematico:inst|Block1:inst|paralelo_serie_384b:inst1|shift_reg[31]~1085                                         ; 1       ;
; subsistema2esquematico:inst|Block1:inst|paralelo_serie_384b:inst1|shift_reg[31]~1084                                         ; 1       ;
; subsistema2esquematico:inst|Block1:inst|paralelo_serie_384b:inst1|shift_reg[31]~_emulated                                    ; 1       ;
; subsistema2esquematico:inst|Block1:inst|paralelo_serie_384b:inst1|shift_reg[32]~1083                                         ; 1       ;
; subsistema2esquematico:inst|Block1:inst|paralelo_serie_384b:inst1|shift_reg[32]~1082                                         ; 1       ;
; subsistema2esquematico:inst|Block1:inst|paralelo_serie_384b:inst1|shift_reg[32]~_emulated                                    ; 1       ;
; subsistema2esquematico:inst|Block1:inst|paralelo_serie_384b:inst1|shift_reg[33]~1081                                         ; 1       ;
; subsistema2esquematico:inst|Block1:inst|paralelo_serie_384b:inst1|shift_reg[33]~1080                                         ; 1       ;
; subsistema2esquematico:inst|Block1:inst|paralelo_serie_384b:inst1|shift_reg[33]~_emulated                                    ; 1       ;
; subsistema2esquematico:inst|Block1:inst|paralelo_serie_384b:inst1|shift_reg[34]~1079                                         ; 1       ;
; subsistema2esquematico:inst|Block1:inst|paralelo_serie_384b:inst1|shift_reg[34]~1078                                         ; 1       ;
; subsistema2esquematico:inst|Block1:inst|paralelo_serie_384b:inst1|shift_reg[34]~_emulated                                    ; 1       ;
; subsistema2esquematico:inst|Block1:inst|paralelo_serie_384b:inst1|shift_reg[35]~1077                                         ; 1       ;
; subsistema2esquematico:inst|Block1:inst|paralelo_serie_384b:inst1|shift_reg[35]~1076                                         ; 1       ;
; subsistema2esquematico:inst|Block1:inst|paralelo_serie_384b:inst1|shift_reg[35]~_emulated                                    ; 1       ;
; subsistema2esquematico:inst|Block1:inst|paralelo_serie_384b:inst1|shift_reg[36]~1075                                         ; 1       ;
; subsistema2esquematico:inst|Block1:inst|paralelo_serie_384b:inst1|shift_reg[36]~1074                                         ; 1       ;
; subsistema2esquematico:inst|Block1:inst|paralelo_serie_384b:inst1|shift_reg[36]~_emulated                                    ; 1       ;
; subsistema2esquematico:inst|Block1:inst|paralelo_serie_384b:inst1|shift_reg[37]~1071                                         ; 1       ;
; subsistema2esquematico:inst|Block1:inst|paralelo_serie_384b:inst1|shift_reg[37]~1070                                         ; 1       ;
+------------------------------------------------------------------------------------------------------------------------------+---------+


+------------------------------------------------------+
; Other Routing Usage Summary                          ;
+-----------------------------+------------------------+
; Other Routing Resource Type ; Usage                  ;
+-----------------------------+------------------------+
; Block interconnects         ; 1,850 / 71,559 ( 3 % ) ;
; C16 interconnects           ; 13 / 2,597 ( < 1 % )   ;
; C4 interconnects            ; 855 / 46,848 ( 2 % )   ;
; Direct links                ; 306 / 71,559 ( < 1 % ) ;
; Global clocks               ; 6 / 20 ( 30 % )        ;
; Local interconnects         ; 1,095 / 24,624 ( 4 % ) ;
; R24 interconnects           ; 5 / 2,496 ( < 1 % )    ;
; R4 interconnects            ; 990 / 62,424 ( 2 % )   ;
+-----------------------------+------------------------+


+-----------------------------------------------------------------------------+
; LAB Logic Elements                                                          ;
+---------------------------------------------+-------------------------------+
; Number of Logic Elements  (Average = 13.66) ; Number of LABs  (Total = 115) ;
+---------------------------------------------+-------------------------------+
; 1                                           ; 5                             ;
; 2                                           ; 1                             ;
; 3                                           ; 1                             ;
; 4                                           ; 0                             ;
; 5                                           ; 0                             ;
; 6                                           ; 2                             ;
; 7                                           ; 0                             ;
; 8                                           ; 3                             ;
; 9                                           ; 3                             ;
; 10                                          ; 1                             ;
; 11                                          ; 6                             ;
; 12                                          ; 6                             ;
; 13                                          ; 6                             ;
; 14                                          ; 6                             ;
; 15                                          ; 12                            ;
; 16                                          ; 63                            ;
+---------------------------------------------+-------------------------------+


+--------------------------------------------------------------------+
; LAB-wide Signals                                                   ;
+------------------------------------+-------------------------------+
; LAB-wide Signals  (Average = 2.18) ; Number of LABs  (Total = 115) ;
+------------------------------------+-------------------------------+
; 1 Async. clear                     ; 72                            ;
; 1 Clock                            ; 41                            ;
; 1 Clock enable                     ; 66                            ;
; 2 Clock enables                    ; 6                             ;
; 2 Clocks                           ; 66                            ;
+------------------------------------+-------------------------------+


+------------------------------------------------------------------------------+
; LAB Signals Sourced                                                          ;
+----------------------------------------------+-------------------------------+
; Number of Signals Sourced  (Average = 20.40) ; Number of LABs  (Total = 115) ;
+----------------------------------------------+-------------------------------+
; 0                                            ; 0                             ;
; 1                                            ; 4                             ;
; 2                                            ; 2                             ;
; 3                                            ; 0                             ;
; 4                                            ; 0                             ;
; 5                                            ; 1                             ;
; 6                                            ; 0                             ;
; 7                                            ; 0                             ;
; 8                                            ; 1                             ;
; 9                                            ; 1                             ;
; 10                                           ; 0                             ;
; 11                                           ; 0                             ;
; 12                                           ; 0                             ;
; 13                                           ; 5                             ;
; 14                                           ; 2                             ;
; 15                                           ; 1                             ;
; 16                                           ; 8                             ;
; 17                                           ; 3                             ;
; 18                                           ; 7                             ;
; 19                                           ; 9                             ;
; 20                                           ; 7                             ;
; 21                                           ; 4                             ;
; 22                                           ; 3                             ;
; 23                                           ; 9                             ;
; 24                                           ; 13                            ;
; 25                                           ; 10                            ;
; 26                                           ; 11                            ;
; 27                                           ; 8                             ;
; 28                                           ; 4                             ;
; 29                                           ; 1                             ;
; 30                                           ; 1                             ;
+----------------------------------------------+-------------------------------+


+---------------------------------------------------------------------------------+
; LAB Signals Sourced Out                                                         ;
+-------------------------------------------------+-------------------------------+
; Number of Signals Sourced Out  (Average = 5.69) ; Number of LABs  (Total = 115) ;
+-------------------------------------------------+-------------------------------+
; 0                                               ; 0                             ;
; 1                                               ; 21                            ;
; 2                                               ; 13                            ;
; 3                                               ; 14                            ;
; 4                                               ; 9                             ;
; 5                                               ; 6                             ;
; 6                                               ; 11                            ;
; 7                                               ; 7                             ;
; 8                                               ; 5                             ;
; 9                                               ; 3                             ;
; 10                                              ; 7                             ;
; 11                                              ; 6                             ;
; 12                                              ; 7                             ;
; 13                                              ; 1                             ;
; 14                                              ; 1                             ;
; 15                                              ; 0                             ;
; 16                                              ; 2                             ;
; 17                                              ; 0                             ;
; 18                                              ; 1                             ;
; 19                                              ; 0                             ;
; 20                                              ; 1                             ;
+-------------------------------------------------+-------------------------------+


+------------------------------------------------------------------------------+
; LAB Distinct Inputs                                                          ;
+----------------------------------------------+-------------------------------+
; Number of Distinct Inputs  (Average = 12.89) ; Number of LABs  (Total = 115) ;
+----------------------------------------------+-------------------------------+
; 0                                            ; 0                             ;
; 1                                            ; 0                             ;
; 2                                            ; 2                             ;
; 3                                            ; 3                             ;
; 4                                            ; 2                             ;
; 5                                            ; 3                             ;
; 6                                            ; 2                             ;
; 7                                            ; 1                             ;
; 8                                            ; 2                             ;
; 9                                            ; 3                             ;
; 10                                           ; 3                             ;
; 11                                           ; 16                            ;
; 12                                           ; 17                            ;
; 13                                           ; 13                            ;
; 14                                           ; 10                            ;
; 15                                           ; 14                            ;
; 16                                           ; 6                             ;
; 17                                           ; 7                             ;
; 18                                           ; 3                             ;
; 19                                           ; 3                             ;
; 20                                           ; 1                             ;
; 21                                           ; 1                             ;
; 22                                           ; 0                             ;
; 23                                           ; 0                             ;
; 24                                           ; 0                             ;
; 25                                           ; 0                             ;
; 26                                           ; 1                             ;
; 27                                           ; 0                             ;
; 28                                           ; 0                             ;
; 29                                           ; 0                             ;
; 30                                           ; 0                             ;
; 31                                           ; 2                             ;
+----------------------------------------------+-------------------------------+


+------------------------------------------+
; I/O Rules Summary                        ;
+----------------------------------+-------+
; I/O Rules Statistic              ; Total ;
+----------------------------------+-------+
; Total I/O Rules                  ; 30    ;
; Number of I/O Rules Passed       ; 12    ;
; Number of I/O Rules Failed       ; 0     ;
; Number of I/O Rules Unchecked    ; 0     ;
; Number of I/O Rules Inapplicable ; 18    ;
+----------------------------------+-------+


+-----------------------------------------------------------------------------------------------------------------------------------------------------------------------------------------------------------------------------------------------------------------------------------------------------+
; I/O Rules Details                                                                                                                                                                                                                                                                                   ;
+--------------+-----------+-----------------------------------+------------------------------------------------------------------------------------------------------+----------+--------------------------------------------------------------------------+---------------------+-------------------+
; Status       ; ID        ; Category                          ; Rule Description                                                                                     ; Severity ; Information                                                              ; Area                ; Extra Information ;
+--------------+-----------+-----------------------------------+------------------------------------------------------------------------------------------------------+----------+--------------------------------------------------------------------------+---------------------+-------------------+
; Pass         ; IO_000001 ; Capacity Checks                   ; Number of pins in an I/O bank should not exceed the number of locations available.                   ; Critical ; 0 such failures found.                                                   ; I/O                 ;                   ;
; Inapplicable ; IO_000002 ; Capacity Checks                   ; Number of clocks in an I/O bank should not exceed the number of clocks available.                    ; Critical ; No Global Signal assignments found.                                      ; I/O                 ;                   ;
; Pass         ; IO_000003 ; Capacity Checks                   ; Number of pins in a Vrefgroup should not exceed the number of locations available.                   ; Critical ; 0 such failures found.                                                   ; I/O                 ;                   ;
; Inapplicable ; IO_000004 ; Voltage Compatibility Checks      ; The I/O bank should support the requested VCCIO.                                                     ; Critical ; No IOBANK_VCCIO assignments found.                                       ; I/O                 ;                   ;
; Inapplicable ; IO_000005 ; Voltage Compatibility Checks      ; The I/O bank should not have competing VREF values.                                                  ; Critical ; No VREF I/O Standard assignments found.                                  ; I/O                 ;                   ;
; Pass         ; IO_000006 ; Voltage Compatibility Checks      ; The I/O bank should not have competing VCCIO values.                                                 ; Critical ; 0 such failures found.                                                   ; I/O                 ;                   ;
; Pass         ; IO_000007 ; Valid Location Checks             ; Checks for unavailable locations.                                                                    ; Critical ; 0 such failures found.                                                   ; I/O                 ;                   ;
; Inapplicable ; IO_000008 ; Valid Location Checks             ; Checks for reserved locations.                                                                       ; Critical ; No reserved LogicLock region found.                                      ; I/O                 ;                   ;
; Pass         ; IO_000009 ; I/O Properties Checks for One I/O ; The location should support the requested I/O standard.                                              ; Critical ; 0 such failures found.                                                   ; I/O                 ;                   ;
; Pass         ; IO_000010 ; I/O Properties Checks for One I/O ; The location should support the requested I/O direction.                                             ; Critical ; 0 such failures found.                                                   ; I/O                 ;                   ;
; Inapplicable ; IO_000011 ; I/O Properties Checks for One I/O ; The location should support the requested Current Strength.                                          ; Critical ; No Current Strength assignments found.                                   ; I/O                 ;                   ;
; Pass         ; IO_000012 ; I/O Properties Checks for One I/O ; The location should support the requested On Chip Termination value.                                 ; Critical ; 0 such failures found.                                                   ; I/O                 ;                   ;
; Inapplicable ; IO_000013 ; I/O Properties Checks for One I/O ; The location should support the requested Bus Hold value.                                            ; Critical ; No Enable Bus-Hold Circuitry assignments found.                          ; I/O                 ;                   ;
; Inapplicable ; IO_000014 ; I/O Properties Checks for One I/O ; The location should support the requested Weak Pull Up value.                                        ; Critical ; No Weak Pull-Up Resistor assignments found.                              ; I/O                 ;                   ;
; Pass         ; IO_000015 ; I/O Properties Checks for One I/O ; The location should support the requested PCI Clamp Diode.                                           ; Critical ; 0 such failures found.                                                   ; I/O                 ;                   ;
; Inapplicable ; IO_000018 ; I/O Properties Checks for One I/O ; The I/O standard should support the requested Current Strength.                                      ; Critical ; No Current Strength assignments found.                                   ; I/O                 ;                   ;
; Pass         ; IO_000019 ; I/O Properties Checks for One I/O ; The I/O standard should support the requested On Chip Termination value.                             ; Critical ; 0 such failures found.                                                   ; I/O                 ;                   ;
; Pass         ; IO_000020 ; I/O Properties Checks for One I/O ; The I/O standard should support the requested PCI Clamp Diode.                                       ; Critical ; 0 such failures found.                                                   ; I/O                 ;                   ;
; Inapplicable ; IO_000021 ; I/O Properties Checks for One I/O ; The I/O standard should support the requested Weak Pull Up value.                                    ; Critical ; No Weak Pull-Up Resistor assignments found.                              ; I/O                 ;                   ;
; Inapplicable ; IO_000022 ; I/O Properties Checks for One I/O ; The I/O standard should support the requested Bus Hold value.                                        ; Critical ; No Enable Bus-Hold Circuitry assignments found.                          ; I/O                 ;                   ;
; Inapplicable ; IO_000023 ; I/O Properties Checks for One I/O ; The I/O standard should support the Open Drain value.                                                ; Critical ; No open drain assignments found.                                         ; I/O                 ;                   ;
; Pass         ; IO_000024 ; I/O Properties Checks for One I/O ; The I/O direction should support the On Chip Termination value.                                      ; Critical ; 0 such failures found.                                                   ; I/O                 ;                   ;
; Inapplicable ; IO_000026 ; I/O Properties Checks for One I/O ; On Chip Termination and Current Strength should not be used at the same time.                        ; Critical ; No Current Strength assignments found.                                   ; I/O                 ;                   ;
; Inapplicable ; IO_000027 ; I/O Properties Checks for One I/O ; Weak Pull Up and Bus Hold should not be used at the same time.                                       ; Critical ; No Enable Bus-Hold Circuitry or Weak Pull-Up Resistor assignments found. ; I/O                 ;                   ;
; Inapplicable ; IO_000045 ; I/O Properties Checks for One I/O ; The I/O standard should support the requested Slew Rate value.                                       ; Critical ; No Slew Rate assignments found.                                          ; I/O                 ;                   ;
; Inapplicable ; IO_000046 ; I/O Properties Checks for One I/O ; The location should support the requested Slew Rate value.                                           ; Critical ; No Slew Rate assignments found.                                          ; I/O                 ;                   ;
; Inapplicable ; IO_000047 ; I/O Properties Checks for One I/O ; On Chip Termination and Slew Rate should not be used at the same time.                               ; Critical ; No Slew Rate assignments found.                                          ; I/O                 ;                   ;
; Pass         ; IO_000033 ; Electromigration Checks           ; Current density for consecutive I/Os should not exceed 240mA for row I/Os and 240mA for column I/Os. ; Critical ; 0 such failures found.                                                   ; I/O                 ;                   ;
; Inapplicable ; IO_000034 ; SI Related Distance Checks        ; Single-ended outputs should be 5 LAB row(s) away from a differential I/O.                            ; High     ; No Differential I/O Standard assignments found.                          ; I/O                 ;                   ;
; Inapplicable ; IO_000042 ; SI Related SSO Limit Checks       ; No more than 20 outputs are allowed in a VREF group when VREF is being read from.                    ; High     ; No VREF I/O Standard assignments found.                                  ; I/O                 ;                   ;
; ----         ; ----      ; Disclaimer                        ; OCT rules are checked but not reported.                                                              ; None     ; ----                                                                     ; On Chip Termination ;                   ;
+--------------+-----------+-----------------------------------+------------------------------------------------------------------------------------------------------+----------+--------------------------------------------------------------------------+---------------------+-------------------+


+-----------------------------------------------------------------------------------------------------------------------------------------------------------------------------------------------------------------------------------------------------------------------------------------------------------------------------------------------------------------------------------------------------------------------------------------------------------------+
; I/O Rules Matrix                                                                                                                                                                                                                                                                                                                                                                                                                                                ;
+--------------------+-----------+--------------+-----------+--------------+--------------+-----------+-----------+--------------+-----------+-----------+--------------+--------------+--------------+--------------+--------------+--------------+--------------+--------------+--------------+--------------+--------------+--------------+--------------+--------------+--------------+--------------+--------------+-----------+--------------+--------------+
; Pin/Rules          ; IO_000001 ; IO_000002    ; IO_000003 ; IO_000004    ; IO_000005    ; IO_000006 ; IO_000007 ; IO_000008    ; IO_000009 ; IO_000010 ; IO_000011    ; IO_000012    ; IO_000013    ; IO_000014    ; IO_000015    ; IO_000018    ; IO_000019    ; IO_000020    ; IO_000021    ; IO_000022    ; IO_000023    ; IO_000024    ; IO_000026    ; IO_000027    ; IO_000045    ; IO_000046    ; IO_000047    ; IO_000033 ; IO_000034    ; IO_000042    ;
+--------------------+-----------+--------------+-----------+--------------+--------------+-----------+-----------+--------------+-----------+-----------+--------------+--------------+--------------+--------------+--------------+--------------+--------------+--------------+--------------+--------------+--------------+--------------+--------------+--------------+--------------+--------------+--------------+-----------+--------------+--------------+
; Total Pass         ; 10        ; 0            ; 10        ; 0            ; 0            ; 10        ; 10        ; 0            ; 10        ; 10        ; 0            ; 5            ; 0            ; 0            ; 9            ; 0            ; 5            ; 9            ; 0            ; 0            ; 0            ; 5            ; 0            ; 0            ; 0            ; 0            ; 0            ; 10        ; 0            ; 0            ;
; Total Unchecked    ; 0         ; 0            ; 0         ; 0            ; 0            ; 0         ; 0         ; 0            ; 0         ; 0         ; 0            ; 0            ; 0            ; 0            ; 0            ; 0            ; 0            ; 0            ; 0            ; 0            ; 0            ; 0            ; 0            ; 0            ; 0            ; 0            ; 0            ; 0         ; 0            ; 0            ;
; Total Inapplicable ; 0         ; 10           ; 0         ; 10           ; 10           ; 0         ; 0         ; 10           ; 0         ; 0         ; 10           ; 5            ; 10           ; 10           ; 1            ; 10           ; 5            ; 1            ; 10           ; 10           ; 10           ; 5            ; 10           ; 10           ; 10           ; 10           ; 10           ; 0         ; 10           ; 10           ;
; Total Fail         ; 0         ; 0            ; 0         ; 0            ; 0            ; 0         ; 0         ; 0            ; 0         ; 0         ; 0            ; 0            ; 0            ; 0            ; 0            ; 0            ; 0            ; 0            ; 0            ; 0            ; 0            ; 0            ; 0            ; 0            ; 0            ; 0            ; 0            ; 0         ; 0            ; 0            ;
; Y                  ; Pass      ; Inapplicable ; Pass      ; Inapplicable ; Inapplicable ; Pass      ; Pass      ; Inapplicable ; Pass      ; Pass      ; Inapplicable ; Pass         ; Inapplicable ; Inapplicable ; Inapplicable ; Inapplicable ; Pass         ; Inapplicable ; Inapplicable ; Inapplicable ; Inapplicable ; Pass         ; Inapplicable ; Inapplicable ; Inapplicable ; Inapplicable ; Inapplicable ; Pass      ; Inapplicable ; Inapplicable ;
; C1                 ; Pass      ; Inapplicable ; Pass      ; Inapplicable ; Inapplicable ; Pass      ; Pass      ; Inapplicable ; Pass      ; Pass      ; Inapplicable ; Pass         ; Inapplicable ; Inapplicable ; Pass         ; Inapplicable ; Pass         ; Pass         ; Inapplicable ; Inapplicable ; Inapplicable ; Pass         ; Inapplicable ; Inapplicable ; Inapplicable ; Inapplicable ; Inapplicable ; Pass      ; Inapplicable ; Inapplicable ;
; C2                 ; Pass      ; Inapplicable ; Pass      ; Inapplicable ; Inapplicable ; Pass      ; Pass      ; Inapplicable ; Pass      ; Pass      ; Inapplicable ; Pass         ; Inapplicable ; Inapplicable ; Pass         ; Inapplicable ; Pass         ; Pass         ; Inapplicable ; Inapplicable ; Inapplicable ; Pass         ; Inapplicable ; Inapplicable ; Inapplicable ; Inapplicable ; Inapplicable ; Pass      ; Inapplicable ; Inapplicable ;
; C3                 ; Pass      ; Inapplicable ; Pass      ; Inapplicable ; Inapplicable ; Pass      ; Pass      ; Inapplicable ; Pass      ; Pass      ; Inapplicable ; Pass         ; Inapplicable ; Inapplicable ; Pass         ; Inapplicable ; Pass         ; Pass         ; Inapplicable ; Inapplicable ; Inapplicable ; Pass         ; Inapplicable ; Inapplicable ; Inapplicable ; Inapplicable ; Inapplicable ; Pass      ; Inapplicable ; Inapplicable ;
; C4                 ; Pass      ; Inapplicable ; Pass      ; Inapplicable ; Inapplicable ; Pass      ; Pass      ; Inapplicable ; Pass      ; Pass      ; Inapplicable ; Pass         ; Inapplicable ; Inapplicable ; Pass         ; Inapplicable ; Pass         ; Pass         ; Inapplicable ; Inapplicable ; Inapplicable ; Pass         ; Inapplicable ; Inapplicable ; Inapplicable ; Inapplicable ; Inapplicable ; Pass      ; Inapplicable ; Inapplicable ;
; inclk0             ; Pass      ; Inapplicable ; Pass      ; Inapplicable ; Inapplicable ; Pass      ; Pass      ; Inapplicable ; Pass      ; Pass      ; Inapplicable ; Inapplicable ; Inapplicable ; Inapplicable ; Pass         ; Inapplicable ; Inapplicable ; Pass         ; Inapplicable ; Inapplicable ; Inapplicable ; Inapplicable ; Inapplicable ; Inapplicable ; Inapplicable ; Inapplicable ; Inapplicable ; Pass      ; Inapplicable ; Inapplicable ;
; R1                 ; Pass      ; Inapplicable ; Pass      ; Inapplicable ; Inapplicable ; Pass      ; Pass      ; Inapplicable ; Pass      ; Pass      ; Inapplicable ; Inapplicable ; Inapplicable ; Inapplicable ; Pass         ; Inapplicable ; Inapplicable ; Pass         ; Inapplicable ; Inapplicable ; Inapplicable ; Inapplicable ; Inapplicable ; Inapplicable ; Inapplicable ; Inapplicable ; Inapplicable ; Pass      ; Inapplicable ; Inapplicable ;
; R2                 ; Pass      ; Inapplicable ; Pass      ; Inapplicable ; Inapplicable ; Pass      ; Pass      ; Inapplicable ; Pass      ; Pass      ; Inapplicable ; Inapplicable ; Inapplicable ; Inapplicable ; Pass         ; Inapplicable ; Inapplicable ; Pass         ; Inapplicable ; Inapplicable ; Inapplicable ; Inapplicable ; Inapplicable ; Inapplicable ; Inapplicable ; Inapplicable ; Inapplicable ; Pass      ; Inapplicable ; Inapplicable ;
; R3                 ; Pass      ; Inapplicable ; Pass      ; Inapplicable ; Inapplicable ; Pass      ; Pass      ; Inapplicable ; Pass      ; Pass      ; Inapplicable ; Inapplicable ; Inapplicable ; Inapplicable ; Pass         ; Inapplicable ; Inapplicable ; Pass         ; Inapplicable ; Inapplicable ; Inapplicable ; Inapplicable ; Inapplicable ; Inapplicable ; Inapplicable ; Inapplicable ; Inapplicable ; Pass      ; Inapplicable ; Inapplicable ;
; R4                 ; Pass      ; Inapplicable ; Pass      ; Inapplicable ; Inapplicable ; Pass      ; Pass      ; Inapplicable ; Pass      ; Pass      ; Inapplicable ; Inapplicable ; Inapplicable ; Inapplicable ; Pass         ; Inapplicable ; Inapplicable ; Pass         ; Inapplicable ; Inapplicable ; Inapplicable ; Inapplicable ; Inapplicable ; Inapplicable ; Inapplicable ; Inapplicable ; Inapplicable ; Pass      ; Inapplicable ; Inapplicable ;
+--------------------+-----------+--------------+-----------+--------------+--------------+-----------+-----------+--------------+-----------+-----------+--------------+--------------+--------------+--------------+--------------+--------------+--------------+--------------+--------------+--------------+--------------+--------------+--------------+--------------+--------------+--------------+--------------+-----------+--------------+--------------+


+---------------------------------------------------------------------------------------------+
; Fitter Device Options                                                                       ;
+------------------------------------------------------------------+--------------------------+
; Option                                                           ; Setting                  ;
+------------------------------------------------------------------+--------------------------+
; Enable user-supplied start-up clock (CLKUSR)                     ; Off                      ;
; Enable device-wide reset (DEV_CLRn)                              ; Off                      ;
; Enable device-wide output enable (DEV_OE)                        ; Off                      ;
; Enable INIT_DONE output                                          ; Off                      ;
; Configuration scheme                                             ; Active Serial            ;
; Error detection CRC                                              ; Off                      ;
; Enable open drain on CRC_ERROR pin                               ; Off                      ;
; Enable input tri-state on active configuration pins in user mode ; Off                      ;
; Configuration Voltage Level                                      ; Auto                     ;
; Force Configuration Voltage Level                                ; Off                      ;
; nCEO                                                             ; As output driving ground ;
; Data[0]                                                          ; As input tri-stated      ;
; Data[1]/ASDO                                                     ; As input tri-stated      ;
; Data[7..2]                                                       ; Unreserved               ;
; FLASH_nCE/nCSO                                                   ; As input tri-stated      ;
; Other Active Parallel pins                                       ; Unreserved               ;
; DCLK                                                             ; As output driving ground ;
; Base pin-out file on sameframe device                            ; Off                      ;
+------------------------------------------------------------------+--------------------------+


+------------------------------------+
; Operating Settings and Conditions  ;
+---------------------------+--------+
; Setting                   ; Value  ;
+---------------------------+--------+
; Nominal Core Voltage      ; 1.20 V ;
; Low Junction Temperature  ; 0 °C   ;
; High Junction Temperature ; 85 °C  ;
+---------------------------+--------+


+---------------------------------------------------------------------------------------------------------------------------------------------+
; Estimated Delay Added for Hold Timing Summary                                                                                               ;
+------------------------------------------------------------+------------------------------------------------------------+-------------------+
; Source Clock(s)                                            ; Destination Clock(s)                                       ; Delay Added in ns ;
+------------------------------------------------------------+------------------------------------------------------------+-------------------+
; inst|inst|inst|altpll_component|auto_generated|pll1|clk[2] ; subsistema2esquematico:inst|Block1:inst|inst4              ; 100.9             ;
; subsistema2esquematico:inst|Block1:inst|inst4              ; subsistema2esquematico:inst|Block1:inst|inst4              ; 5.2               ;
; inclk0                                                     ; pruebat:inst6|J1vJ2                                        ; 4.4               ;
; pruebat:inst6|cambio_entrada[0]                            ; inst|inst|inst|altpll_component|auto_generated|pll1|clk[2] ; 2.5               ;
+------------------------------------------------------------+------------------------------------------------------------+-------------------+
Note: For more information on problematic transfers, consider running the Fitter again with the Optimize hold timing option (Settings Menu) turned off.
This will disable optimization of problematic paths and expose them for further analysis using either the TimeQuest Timing Analyzer or the Classic Timing Analyzer.


+----------------------------------------------------------------------------------------------------------------------------------------------------------------------+
; Estimated Delay Added for Hold Timing Details                                                                                                                        ;
+-----------------------------------------------------+--------------------------------------------------------------------------------------------+-------------------+
; Source Register                                     ; Destination Register                                                                       ; Delay Added in ns ;
+-----------------------------------------------------+--------------------------------------------------------------------------------------------+-------------------+
; pruebat:inst6|cambio_entrada[0]                     ; pruebat:inst6|cambio_entrada[1]                                                            ; 1.852             ;
; pruebat:inst6|J1vJ2                                 ; Subsistema_4:inst2|fstate.IN_P                                                             ; 1.079             ;
; subsistema2esquematico:inst|coloress2:inst1|D2[0]   ; subsistema2esquematico:inst|Block1:inst|paralelo_serie_384b:inst1|shift_reg[24]~_emulated  ; 0.965             ;
; subsistema2esquematico:inst|coloress2:inst1|D4[4]   ; subsistema2esquematico:inst|Block1:inst|paralelo_serie_384b:inst1|shift_reg[76]~_emulated  ; 0.965             ;
; subsistema2esquematico:inst|coloress2:inst1|D5[0]   ; subsistema2esquematico:inst|Block1:inst|paralelo_serie_384b:inst1|shift_reg[96]~_emulated  ; 0.965             ;
; subsistema2esquematico:inst|coloress2:inst1|D5[1]   ; subsistema2esquematico:inst|Block1:inst|paralelo_serie_384b:inst1|shift_reg[97]~_emulated  ; 0.965             ;
; subsistema2esquematico:inst|coloress2:inst1|D5[3]   ; subsistema2esquematico:inst|Block1:inst|paralelo_serie_384b:inst1|shift_reg[99]~_emulated  ; 0.965             ;
; subsistema2esquematico:inst|coloress2:inst1|D5[4]   ; subsistema2esquematico:inst|Block1:inst|paralelo_serie_384b:inst1|shift_reg[100]~_emulated ; 0.965             ;
; subsistema2esquematico:inst|coloress2:inst1|D5[14]  ; subsistema2esquematico:inst|Block1:inst|paralelo_serie_384b:inst1|shift_reg[110]~_emulated ; 0.965             ;
; subsistema2esquematico:inst|coloress2:inst1|D5[15]  ; subsistema2esquematico:inst|Block1:inst|paralelo_serie_384b:inst1|shift_reg[111]~_emulated ; 0.965             ;
; subsistema2esquematico:inst|coloress2:inst1|D5[16]  ; subsistema2esquematico:inst|Block1:inst|paralelo_serie_384b:inst1|shift_reg[112]~_emulated ; 0.965             ;
; subsistema2esquematico:inst|coloress2:inst1|D5[17]  ; subsistema2esquematico:inst|Block1:inst|paralelo_serie_384b:inst1|shift_reg[113]~_emulated ; 0.965             ;
; subsistema2esquematico:inst|coloress2:inst1|D5[18]  ; subsistema2esquematico:inst|Block1:inst|paralelo_serie_384b:inst1|shift_reg[114]~_emulated ; 0.965             ;
; subsistema2esquematico:inst|coloress2:inst1|D5[19]  ; subsistema2esquematico:inst|Block1:inst|paralelo_serie_384b:inst1|shift_reg[115]~_emulated ; 0.965             ;
; subsistema2esquematico:inst|coloress2:inst1|D5[20]  ; subsistema2esquematico:inst|Block1:inst|paralelo_serie_384b:inst1|shift_reg[116]~_emulated ; 0.965             ;
; subsistema2esquematico:inst|coloress2:inst1|D5[21]  ; subsistema2esquematico:inst|Block1:inst|paralelo_serie_384b:inst1|shift_reg[117]~_emulated ; 0.965             ;
; subsistema2esquematico:inst|coloress2:inst1|D7[14]  ; subsistema2esquematico:inst|Block1:inst|paralelo_serie_384b:inst1|shift_reg[158]~_emulated ; 0.965             ;
; subsistema2esquematico:inst|coloress2:inst1|D9[9]   ; subsistema2esquematico:inst|Block1:inst|paralelo_serie_384b:inst1|shift_reg[201]~_emulated ; 0.965             ;
; subsistema2esquematico:inst|coloress2:inst1|D9[10]  ; subsistema2esquematico:inst|Block1:inst|paralelo_serie_384b:inst1|shift_reg[202]~_emulated ; 0.965             ;
; subsistema2esquematico:inst|coloress2:inst1|D9[19]  ; subsistema2esquematico:inst|Block1:inst|paralelo_serie_384b:inst1|shift_reg[211]~_emulated ; 0.965             ;
; subsistema2esquematico:inst|coloress2:inst1|D12[1]  ; subsistema2esquematico:inst|Block1:inst|paralelo_serie_384b:inst1|shift_reg[265]~_emulated ; 0.965             ;
; subsistema2esquematico:inst|coloress2:inst1|D12[3]  ; subsistema2esquematico:inst|Block1:inst|paralelo_serie_384b:inst1|shift_reg[267]~_emulated ; 0.965             ;
; subsistema2esquematico:inst|coloress2:inst1|D13[4]  ; subsistema2esquematico:inst|Block1:inst|paralelo_serie_384b:inst1|shift_reg[292]~_emulated ; 0.965             ;
; subsistema2esquematico:inst|coloress2:inst1|D13[8]  ; subsistema2esquematico:inst|Block1:inst|paralelo_serie_384b:inst1|shift_reg[296]~_emulated ; 0.965             ;
; subsistema2esquematico:inst|coloress2:inst1|D13[11] ; subsistema2esquematico:inst|Block1:inst|paralelo_serie_384b:inst1|shift_reg[299]~_emulated ; 0.965             ;
; subsistema2esquematico:inst|coloress2:inst1|D13[12] ; subsistema2esquematico:inst|Block1:inst|paralelo_serie_384b:inst1|shift_reg[300]~_emulated ; 0.965             ;
; subsistema2esquematico:inst|coloress2:inst1|D13[14] ; subsistema2esquematico:inst|Block1:inst|paralelo_serie_384b:inst1|shift_reg[302]~_emulated ; 0.965             ;
; subsistema2esquematico:inst|coloress2:inst1|D13[15] ; subsistema2esquematico:inst|Block1:inst|paralelo_serie_384b:inst1|shift_reg[303]~_emulated ; 0.965             ;
; subsistema2esquematico:inst|coloress2:inst1|D13[16] ; subsistema2esquematico:inst|Block1:inst|paralelo_serie_384b:inst1|shift_reg[304]~_emulated ; 0.965             ;
; subsistema2esquematico:inst|coloress2:inst1|D13[17] ; subsistema2esquematico:inst|Block1:inst|paralelo_serie_384b:inst1|shift_reg[305]~_emulated ; 0.965             ;
; subsistema2esquematico:inst|coloress2:inst1|D13[18] ; subsistema2esquematico:inst|Block1:inst|paralelo_serie_384b:inst1|shift_reg[306]~_emulated ; 0.965             ;
; subsistema2esquematico:inst|coloress2:inst1|D14[10] ; subsistema2esquematico:inst|Block1:inst|paralelo_serie_384b:inst1|shift_reg[322]~_emulated ; 0.965             ;
; subsistema2esquematico:inst|coloress2:inst1|D1[0]   ; subsistema2esquematico:inst|Block1:inst|paralelo_serie_384b:inst1|shift_reg[0]~_emulated   ; 0.964             ;
; subsistema2esquematico:inst|coloress2:inst1|D1[1]   ; subsistema2esquematico:inst|Block1:inst|paralelo_serie_384b:inst1|shift_reg[1]~_emulated   ; 0.964             ;
; subsistema2esquematico:inst|coloress2:inst1|D1[11]  ; subsistema2esquematico:inst|Block1:inst|paralelo_serie_384b:inst1|shift_reg[11]~_emulated  ; 0.964             ;
; subsistema2esquematico:inst|coloress2:inst1|D1[12]  ; subsistema2esquematico:inst|Block1:inst|paralelo_serie_384b:inst1|shift_reg[12]~_emulated  ; 0.964             ;
; subsistema2esquematico:inst|coloress2:inst1|D1[15]  ; subsistema2esquematico:inst|Block1:inst|paralelo_serie_384b:inst1|shift_reg[15]~_emulated  ; 0.964             ;
; subsistema2esquematico:inst|coloress2:inst1|D1[16]  ; subsistema2esquematico:inst|Block1:inst|paralelo_serie_384b:inst1|shift_reg[16]~_emulated  ; 0.964             ;
; subsistema2esquematico:inst|coloress2:inst1|D1[17]  ; subsistema2esquematico:inst|Block1:inst|paralelo_serie_384b:inst1|shift_reg[17]~_emulated  ; 0.964             ;
; subsistema2esquematico:inst|coloress2:inst1|D3[8]   ; subsistema2esquematico:inst|Block1:inst|paralelo_serie_384b:inst1|shift_reg[56]~_emulated  ; 0.964             ;
; subsistema2esquematico:inst|coloress2:inst1|D8[11]  ; subsistema2esquematico:inst|Block1:inst|paralelo_serie_384b:inst1|shift_reg[179]~_emulated ; 0.964             ;
; subsistema2esquematico:inst|coloress2:inst1|D8[17]  ; subsistema2esquematico:inst|Block1:inst|paralelo_serie_384b:inst1|shift_reg[185]~_emulated ; 0.964             ;
; subsistema2esquematico:inst|coloress2:inst1|D9[15]  ; subsistema2esquematico:inst|Block1:inst|paralelo_serie_384b:inst1|shift_reg[207]~_emulated ; 0.964             ;
; subsistema2esquematico:inst|coloress2:inst1|D9[16]  ; subsistema2esquematico:inst|Block1:inst|paralelo_serie_384b:inst1|shift_reg[208]~_emulated ; 0.964             ;
; subsistema2esquematico:inst|coloress2:inst1|D9[17]  ; subsistema2esquematico:inst|Block1:inst|paralelo_serie_384b:inst1|shift_reg[209]~_emulated ; 0.964             ;
; subsistema2esquematico:inst|coloress2:inst1|D9[18]  ; subsistema2esquematico:inst|Block1:inst|paralelo_serie_384b:inst1|shift_reg[210]~_emulated ; 0.964             ;
; subsistema2esquematico:inst|coloress2:inst1|D14[0]  ; subsistema2esquematico:inst|Block1:inst|paralelo_serie_384b:inst1|shift_reg[312]~_emulated ; 0.964             ;
; subsistema2esquematico:inst|coloress2:inst1|D14[18] ; subsistema2esquematico:inst|Block1:inst|paralelo_serie_384b:inst1|shift_reg[330]~_emulated ; 0.964             ;
; subsistema2esquematico:inst|coloress2:inst1|D14[20] ; subsistema2esquematico:inst|Block1:inst|paralelo_serie_384b:inst1|shift_reg[332]~_emulated ; 0.964             ;
; subsistema2esquematico:inst|coloress2:inst1|D15[1]  ; subsistema2esquematico:inst|Block1:inst|paralelo_serie_384b:inst1|shift_reg[337]~_emulated ; 0.964             ;
; subsistema2esquematico:inst|coloress2:inst1|D1[20]  ; subsistema2esquematico:inst|Block1:inst|paralelo_serie_384b:inst1|shift_reg[20]~_emulated  ; 0.948             ;
; subsistema2esquematico:inst|coloress2:inst1|D1[21]  ; subsistema2esquematico:inst|Block1:inst|paralelo_serie_384b:inst1|shift_reg[21]~_emulated  ; 0.948             ;
; subsistema2esquematico:inst|coloress2:inst1|D1[9]   ; subsistema2esquematico:inst|Block1:inst|paralelo_serie_384b:inst1|shift_reg[9]~_emulated   ; 0.940             ;
; subsistema2esquematico:inst|coloress2:inst1|D10[2]  ; subsistema2esquematico:inst|Block1:inst|paralelo_serie_384b:inst1|shift_reg[218]~_emulated ; 0.940             ;
; subsistema2esquematico:inst|coloress2:inst1|D3[3]   ; subsistema2esquematico:inst|Block1:inst|paralelo_serie_384b:inst1|shift_reg[51]~_emulated  ; 0.909             ;
; subsistema2esquematico:inst|coloress2:inst1|D3[0]   ; subsistema2esquematico:inst|Block1:inst|paralelo_serie_384b:inst1|shift_reg[48]~_emulated  ; 0.909             ;
; subsistema2esquematico:inst|coloress2:inst1|D9[2]   ; subsistema2esquematico:inst|Block1:inst|paralelo_serie_384b:inst1|shift_reg[194]~_emulated ; 0.909             ;
; subsistema2esquematico:inst|coloress2:inst1|D9[3]   ; subsistema2esquematico:inst|Block1:inst|paralelo_serie_384b:inst1|shift_reg[195]~_emulated ; 0.909             ;
; subsistema2esquematico:inst|coloress2:inst1|D9[12]  ; subsistema2esquematico:inst|Block1:inst|paralelo_serie_384b:inst1|shift_reg[204]~_emulated ; 0.909             ;
; subsistema2esquematico:inst|coloress2:inst1|D13[1]  ; subsistema2esquematico:inst|Block1:inst|paralelo_serie_384b:inst1|shift_reg[289]~_emulated ; 0.909             ;
; subsistema2esquematico:inst|coloress2:inst1|D13[10] ; subsistema2esquematico:inst|Block1:inst|paralelo_serie_384b:inst1|shift_reg[298]~_emulated ; 0.909             ;
; subsistema2esquematico:inst|coloress2:inst1|D13[19] ; subsistema2esquematico:inst|Block1:inst|paralelo_serie_384b:inst1|shift_reg[307]~_emulated ; 0.909             ;
; subsistema2esquematico:inst|coloress2:inst1|D13[20] ; subsistema2esquematico:inst|Block1:inst|paralelo_serie_384b:inst1|shift_reg[308]~_emulated ; 0.909             ;
; subsistema2esquematico:inst|coloress2:inst1|D13[21] ; subsistema2esquematico:inst|Block1:inst|paralelo_serie_384b:inst1|shift_reg[309]~_emulated ; 0.909             ;
; subsistema2esquematico:inst|coloress2:inst1|D2[4]   ; subsistema2esquematico:inst|Block1:inst|paralelo_serie_384b:inst1|shift_reg[28]~_emulated  ; 0.853             ;
; subsistema2esquematico:inst|coloress2:inst1|D2[3]   ; subsistema2esquematico:inst|Block1:inst|paralelo_serie_384b:inst1|shift_reg[27]~_emulated  ; 0.853             ;
; subsistema2esquematico:inst|coloress2:inst1|D2[5]   ; subsistema2esquematico:inst|Block1:inst|paralelo_serie_384b:inst1|shift_reg[29]~_emulated  ; 0.853             ;
; subsistema2esquematico:inst|coloress2:inst1|D2[6]   ; subsistema2esquematico:inst|Block1:inst|paralelo_serie_384b:inst1|shift_reg[30]~_emulated  ; 0.853             ;
; subsistema2esquematico:inst|coloress2:inst1|D2[7]   ; subsistema2esquematico:inst|Block1:inst|paralelo_serie_384b:inst1|shift_reg[31]~_emulated  ; 0.853             ;
; subsistema2esquematico:inst|coloress2:inst1|D2[15]  ; subsistema2esquematico:inst|Block1:inst|paralelo_serie_384b:inst1|shift_reg[39]~_emulated  ; 0.853             ;
; subsistema2esquematico:inst|coloress2:inst1|D2[20]  ; subsistema2esquematico:inst|Block1:inst|paralelo_serie_384b:inst1|shift_reg[44]~_emulated  ; 0.853             ;
; subsistema2esquematico:inst|coloress2:inst1|D2[9]   ; subsistema2esquematico:inst|Block1:inst|paralelo_serie_384b:inst1|shift_reg[33]~_emulated  ; 0.852             ;
; subsistema2esquematico:inst|coloress2:inst1|D2[10]  ; subsistema2esquematico:inst|Block1:inst|paralelo_serie_384b:inst1|shift_reg[34]~_emulated  ; 0.852             ;
; subsistema2esquematico:inst|coloress2:inst1|D2[17]  ; subsistema2esquematico:inst|Block1:inst|paralelo_serie_384b:inst1|shift_reg[41]~_emulated  ; 0.852             ;
; subsistema2esquematico:inst|coloress2:inst1|D2[18]  ; subsistema2esquematico:inst|Block1:inst|paralelo_serie_384b:inst1|shift_reg[42]~_emulated  ; 0.852             ;
; subsistema2esquematico:inst|coloress2:inst1|D2[21]  ; subsistema2esquematico:inst|Block1:inst|paralelo_serie_384b:inst1|shift_reg[45]~_emulated  ; 0.852             ;
; subsistema2esquematico:inst|coloress2:inst1|D2[1]   ; subsistema2esquematico:inst|Block1:inst|paralelo_serie_384b:inst1|shift_reg[25]~_emulated  ; 0.797             ;
; subsistema2esquematico:inst|coloress2:inst1|D2[2]   ; subsistema2esquematico:inst|Block1:inst|paralelo_serie_384b:inst1|shift_reg[26]~_emulated  ; 0.797             ;
; subsistema2esquematico:inst|coloress2:inst1|D2[14]  ; subsistema2esquematico:inst|Block1:inst|paralelo_serie_384b:inst1|shift_reg[38]~_emulated  ; 0.797             ;
; subsistema2esquematico:inst|coloress2:inst1|D16[3]  ; subsistema2esquematico:inst|Block1:inst|paralelo_serie_384b:inst1|shift_reg[363]~_emulated ; 0.792             ;
; subsistema2esquematico:inst|coloress2:inst1|D1[13]  ; subsistema2esquematico:inst|Block1:inst|paralelo_serie_384b:inst1|shift_reg[13]~_emulated  ; 0.762             ;
; subsistema2esquematico:inst|coloress2:inst1|D3[11]  ; subsistema2esquematico:inst|Block1:inst|paralelo_serie_384b:inst1|shift_reg[59]~_emulated  ; 0.762             ;
; subsistema2esquematico:inst|coloress2:inst1|D16[1]  ; subsistema2esquematico:inst|Block1:inst|paralelo_serie_384b:inst1|shift_reg[361]~_emulated ; 0.762             ;
; subsistema2esquematico:inst|coloress2:inst1|D16[2]  ; subsistema2esquematico:inst|Block1:inst|paralelo_serie_384b:inst1|shift_reg[362]~_emulated ; 0.762             ;
; subsistema2esquematico:inst|coloress2:inst1|D16[4]  ; subsistema2esquematico:inst|Block1:inst|paralelo_serie_384b:inst1|shift_reg[364]~_emulated ; 0.762             ;
; subsistema2esquematico:inst|coloress2:inst1|D5[8]   ; subsistema2esquematico:inst|Block1:inst|paralelo_serie_384b:inst1|shift_reg[104]~_emulated ; 0.755             ;
; subsistema2esquematico:inst|coloress2:inst1|D5[9]   ; subsistema2esquematico:inst|Block1:inst|paralelo_serie_384b:inst1|shift_reg[105]~_emulated ; 0.755             ;
; subsistema2esquematico:inst|coloress2:inst1|D5[10]  ; subsistema2esquematico:inst|Block1:inst|paralelo_serie_384b:inst1|shift_reg[106]~_emulated ; 0.755             ;
; subsistema2esquematico:inst|coloress2:inst1|D5[11]  ; subsistema2esquematico:inst|Block1:inst|paralelo_serie_384b:inst1|shift_reg[107]~_emulated ; 0.755             ;
; subsistema2esquematico:inst|coloress2:inst1|D5[12]  ; subsistema2esquematico:inst|Block1:inst|paralelo_serie_384b:inst1|shift_reg[108]~_emulated ; 0.755             ;
; subsistema2esquematico:inst|coloress2:inst1|D9[1]   ; subsistema2esquematico:inst|Block1:inst|paralelo_serie_384b:inst1|shift_reg[193]~_emulated ; 0.755             ;
; subsistema2esquematico:inst|coloress2:inst1|D13[0]  ; subsistema2esquematico:inst|Block1:inst|paralelo_serie_384b:inst1|shift_reg[288]~_emulated ; 0.755             ;
; subsistema2esquematico:inst|coloress2:inst1|D3[16]  ; subsistema2esquematico:inst|Block1:inst|paralelo_serie_384b:inst1|shift_reg[64]~_emulated  ; 0.754             ;
; subsistema2esquematico:inst|coloress2:inst1|D14[19] ; subsistema2esquematico:inst|Block1:inst|paralelo_serie_384b:inst1|shift_reg[331]~_emulated ; 0.754             ;
; subsistema2esquematico:inst|coloress2:inst1|D9[4]   ; subsistema2esquematico:inst|Block1:inst|paralelo_serie_384b:inst1|shift_reg[196]~_emulated ; 0.738             ;
; subsistema2esquematico:inst|coloress2:inst1|D13[3]  ; subsistema2esquematico:inst|Block1:inst|paralelo_serie_384b:inst1|shift_reg[291]~_emulated ; 0.738             ;
; subsistema2esquematico:inst|coloress2:inst1|D10[20] ; subsistema2esquematico:inst|Block1:inst|paralelo_serie_384b:inst1|shift_reg[236]~_emulated ; 0.738             ;
; Memoria_tablero:inst4|s_estado_tablero[14]          ; Subsistema_4:inst2|fstate.ESP_J                                                            ; 0.714             ;
; Memoria_tablero:inst4|s_estado_tablero[12]          ; Subsistema_4:inst2|fstate.ESP_J                                                            ; 0.714             ;
; Memoria_tablero:inst4|s_estado_tablero[2]           ; Subsistema_4:inst2|fstate.ESP_J                                                            ; 0.714             ;
+-----------------------------------------------------+--------------------------------------------------------------------------------------------+-------------------+
Note: This table only shows the top 100 path(s) that have the largest delay added for hold.


+-----------------+
; Fitter Messages ;
+-----------------+
Warning (20028): Parallel compilation is not licensed and has been disabled
Info (119006): Selected device EP4CE22F17C6 for design "proyecto_final"
Info (21077): Core supply voltage is 1.2V
Info (21077): Low junction temperature is 0 degrees C
Info (21077): High junction temperature is 85 degrees C
Info (15535): Implemented PLL "subsistema2esquematico:inst|Block1:inst|altpll0:inst|altpll:altpll_component|altpll0_altpll1:auto_generated|pll1" as Cyclone IV E PLL type
    Info (15099): Implementing clock multiplication of 2, clock division of 125, and phase shift of 0 degrees (0 ps) for subsistema2esquematico:inst|Block1:inst|altpll0:inst|altpll:altpll_component|altpll0_altpll1:auto_generated|wire_pll1_clk[0] port
    Info (15099): Implementing clock multiplication of 2, clock division of 125, and phase shift of 0 degrees (0 ps) for subsistema2esquematico:inst|Block1:inst|altpll0:inst|altpll:altpll_component|altpll0_altpll1:auto_generated|wire_pll1_clk[1] port
    Info (15099): Implementing clock multiplication of 1, clock division of 25000, and phase shift of 0 degrees (0 ps) for subsistema2esquematico:inst|Block1:inst|altpll0:inst|altpll:altpll_component|altpll0_altpll1:auto_generated|wire_pll1_clk[2] port
Info (171003): Fitter is performing an Auto Fit compilation, which may decrease Fitter effort to reduce compilation time
Warning (292013): Feature LogicLock is only available with a valid subscription license. You can purchase a software subscription to gain full access to this feature.
Info (176444): Device migration not selected. If you intend to use device migration later, you may need to change the pin assignments as they may be incompatible with other devices
    Info (176445): Device EP4CE10F17C6 is compatible
    Info (176445): Device EP4CE6F17C6 is compatible
    Info (176445): Device EP4CE15F17C6 is compatible
Info (169124): Fitter converted 5 user pins into dedicated programming pins
    Info (169125): Pin ~ALTERA_ASDO_DATA1~ is reserved at location C1
    Info (169125): Pin ~ALTERA_FLASH_nCE_nCSO~ is reserved at location D2
    Info (169125): Pin ~ALTERA_DCLK~ is reserved at location H1
    Info (169125): Pin ~ALTERA_DATA0~ is reserved at location H2
    Info (169125): Pin ~ALTERA_nCEO~ is reserved at location F16
Warning (15714): Some pins have incomplete I/O assignments. Refer to the I/O Assignment Warnings report for details
Warning (335093): TimeQuest Timing Analyzer is analyzing 313 combinational loops as latches.
Critical Warning (332012): Synopsys Design Constraints File file not found: 'proyecto_final.sdc'. A Synopsys Design Constraints File is required by the TimeQuest Timing Analyzer to get proper timing constraints. Without it, the Compiler will not properly optimize the design.
Info (332144): No user constrained generated clocks found in the design
Info (332144): No user constrained base clocks found in the design
Info (332143): No user constrained clock uncertainty found in the design. Calling "derive_clock_uncertainty"
Info (332123): Deriving Clock Uncertainty. Please refer to report_sdc in TimeQuest to see clock uncertainties.
Info (332130): Timing requirements not specified -- quality metrics such as performance may be sacrificed to reduce compilation time.
Info (176353): Automatically promoted node inclk0~input (placed in PIN R8 (CLK15, DIFFCLK_6p))
    Info (176355): Automatically promoted destinations to use location or clock signal Global Clock CLKCTRL_G15
Info (176353): Automatically promoted node subsistema2esquematico:inst|Block1:inst|altpll0:inst|altpll:altpll_component|altpll0_altpll1:auto_generated|wire_pll1_clk[0] (placed in counter C0 of PLL_4)
    Info (176355): Automatically promoted destinations to use location or clock signal Global Clock CLKCTRL_G18
Info (176353): Automatically promoted node subsistema2esquematico:inst|Block1:inst|altpll0:inst|altpll:altpll_component|altpll0_altpll1:auto_generated|wire_pll1_clk[1] (placed in counter C1 of PLL_4)
    Info (176355): Automatically promoted destinations to use location or clock signal Global Clock CLKCTRL_G19
Info (176353): Automatically promoted node subsistema2esquematico:inst|Block1:inst|altpll0:inst|altpll:altpll_component|altpll0_altpll1:auto_generated|wire_pll1_clk[2] (placed in counter C3 of PLL_4)
    Info (176355): Automatically promoted destinations to use location or clock signal Global Clock CLKCTRL_G16
Info (176353): Automatically promoted node subsistema2esquematico:inst|Block1:inst|inst4 
    Info (176355): Automatically promoted destinations to use location or clock signal Global Clock
    Info (176356): Following destination nodes may be non-global or may not use global or regional clocks
        Info (176357): Destination node subsistema2esquematico:inst|Block1:inst|paralelo_serie_384b:inst1|shift_reg[381]~2
        Info (176357): Destination node subsistema2esquematico:inst|Block1:inst|paralelo_serie_384b:inst1|shift_reg[380]~6
        Info (176357): Destination node pruebat:inst6|cambio_entrada[2]
        Info (176357): Destination node pruebat:inst6|cambio_entrada[1]
        Info (176357): Destination node subsistema2esquematico:inst|Block1:inst|paralelo_serie_384b:inst1|shift_reg[379]~10
        Info (176357): Destination node subsistema2esquematico:inst|Block1:inst|paralelo_serie_384b:inst1|shift_reg[378]~14
        Info (176357): Destination node subsistema2esquematico:inst|Block1:inst|paralelo_serie_384b:inst1|shift_reg[377]~18
        Info (176357): Destination node subsistema2esquematico:inst|Block1:inst|paralelo_serie_384b:inst1|shift_reg[376]~22
        Info (176357): Destination node subsistema2esquematico:inst|Block1:inst|paralelo_serie_384b:inst1|shift_reg[375]~26
        Info (176357): Destination node subsistema2esquematico:inst|Block1:inst|paralelo_serie_384b:inst1|shift_reg[374]~30
        Info (176358): Non-global destination nodes limited to 10 nodes
Info (176353): Automatically promoted node pruebat:inst6|J1vJ2 
    Info (176355): Automatically promoted destinations to use location or clock signal Global Clock
    Info (176356): Following destination nodes may be non-global or may not use global or regional clocks
        Info (176357): Destination node subsistema2esquematico:inst|coloress2:inst1|D1[0]
        Info (176357): Destination node subsistema2esquematico:inst|coloress2:inst1|D1[1]
        Info (176357): Destination node subsistema2esquematico:inst|coloress2:inst1|D1[2]
        Info (176357): Destination node subsistema2esquematico:inst|coloress2:inst1|D1[3]
        Info (176357): Destination node subsistema2esquematico:inst|coloress2:inst1|D1[4]
        Info (176357): Destination node subsistema2esquematico:inst|coloress2:inst1|D1[8]
        Info (176357): Destination node subsistema2esquematico:inst|coloress2:inst1|D1[9]
        Info (176357): Destination node subsistema2esquematico:inst|coloress2:inst1|D1[10]
        Info (176357): Destination node subsistema2esquematico:inst|coloress2:inst1|D1[11]
        Info (176357): Destination node subsistema2esquematico:inst|coloress2:inst1|D1[12]
        Info (176358): Non-global destination nodes limited to 10 nodes
Info (176233): Starting register packing
Info (176235): Finished register packing
    Extra Info (176219): No registers were packed into other blocks
Warning (15705): Ignored locations or region assignments to the following nodes
    Warning (15706): Node "pin_name1" is assigned to location or region, but does not exist in design
Info (171121): Fitter preparation operations ending: elapsed time is 00:00:03
Info (170189): Fitter placement preparation operations beginning
Info (170190): Fitter placement preparation operations ending: elapsed time is 00:00:01
Info (170191): Fitter placement operations beginning
Info (170137): Fitter placement was successful
Info (170192): Fitter placement operations ending: elapsed time is 00:00:03
Info (170193): Fitter routing operations beginning
Info (170195): Router estimated average interconnect usage is 1% of the available device resources
    Info (170196): Router estimated peak interconnect usage is 12% of the available device resources in the region that extends from location X21_Y23 to location X31_Y34
Info (170194): Fitter routing operations ending: elapsed time is 00:00:07
Info (170199): The Fitter performed an Auto Fit compilation.  Optimizations were skipped to reduce compilation time.
    Info (170201): Optimizations that may affect the design's routability were skipped
Info (11888): Total time spent on timing analysis during the Fitter is 3.05 seconds.
Info (334003): Started post-fitting delay annotation
Info (334004): Delay annotation completed successfully
Info (334003): Started post-fitting delay annotation
Info (334004): Delay annotation completed successfully
Info (11218): Fitter post-fit operations ending: elapsed time is 00:00:02
Warning (171167): Found invalid Fitter assignments. See the Ignored Assignments panel in the Fitter Compilation Report for more information.
Info (144001): Generated suppressed messages file C:/Users/iniak/Documents/facu/TYDD2/lab2/TATETI/tatetifinalboss/output_files/proyecto_final.fit.smsg
Info: Quartus II 64-Bit Fitter was successful. 0 errors, 8 warnings
    Info: Peak virtual memory: 4927 megabytes
    Info: Processing ended: Fri Nov 28 20:31:38 2025
    Info: Elapsed time: 00:00:24
    Info: Total CPU time (on all processors): 00:00:23


+----------------------------+
; Fitter Suppressed Messages ;
+----------------------------+
The suppressed messages can be found in C:/Users/iniak/Documents/facu/TYDD2/lab2/TATETI/tatetifinalboss/output_files/proyecto_final.fit.smsg.


